Source,Destination,Item name,Extension,Item size,Content type,Status,Result category,Message,Error code,Source item ID,Destination item ID,Package number,Migration job ID,Incremental round,Task ID,Device name
\\DEMO-SRV01\FileServer\01_Clients\CL1000_Boulangeries_Ravel\01_Contrats\Contrat_cadre_CL1000_2022.docx,https://m365x71797824.sharepoint.com/sites/MigrationFileServer/Clients/CL1000_Boulangeries_Ravel/01_Contrats/Contrat_cadre_CL1000_2022.docx,Contrat_cadre_CL1000_2022.docx,docx,36784,Document,Migrated,MIGRATED,,,SRC-69296466,93bd04cf-0fd6-30f1-f29d-0da9953f48f1,1,a09f76b5-a170-b338-3926-3059f28c105d,1,6513270e-269e-0d37-f2a7-4de452e6b438,DEMO-SRV01
\\DEMO-SRV01\FileServer\01_Clients\CL1000_Boulangeries_Ravel\01_Contrats\Contrat_cadre_CL1000_2022_signe.pdf,https://m365x71797824.sharepoint.com/sites/MigrationFileServer/Clients/CL1000_Boulangeries_Ravel/01_Contrats/Contrat_cadre_CL1000_2022_signe.pdf,Contrat_cadre_CL1000_2022_signe.pdf,pdf,1660,Document,Migrated,MIGRATED,,,SRC-94658155,f9ebdacc-0cb1-e29c-658c-da1495e60af5,1,a09f76b5-a170-b338-3926-3059f28c105d,1,6513270e-269e-0d37-f2a7-4de452e6b438,DEMO-SRV01
\\DEMO-SRV01\FileServer\01_Clients\CL1000_Boulangeries_Ravel\01_Contrats\~$ntrat_cadre_CL1000.docx,https://m365x71797824.sharepoint.com/sites/MigrationFileServer/Clients/CL1000_Boulangeries_Ravel/01_Contrats/~$ntrat_cadre_CL1000.docx,~$ntrat_cadre_CL1000.docx,docx,4,Document,Failed,SCAN FILE FAILURE,The item name contains characters or a pattern that is not allowed in SharePoint Online,SIMUL-NOM,SRC-79414883,,1,a09f76b5-a170-b338-3926-3059f28c105d,1,6513270e-269e-0d37-f2a7-4de452e6b438,DEMO-SRV01
\\DEMO-SRV01\FileServer\01_Clients\CL1000_Boulangeries_Ravel\02_Devis\Devis_CL1000_2023-02.docx,https://m365x71797824.sharepoint.com/sites/MigrationFileServer/Clients/CL1000_Boulangeries_Ravel/02_Devis/Devis_CL1000_2023-02.docx,Devis_CL1000_2023-02.docx,docx,36749,Document,Migrated,MIGRATED,,,SRC-50864145,dbc496cb-8e81-973e-0bec-d7b03898d190,1,a09f76b5-a170-b338-3926-3059f28c105d,1,6513270e-269e-0d37-f2a7-4de452e6b438,DEMO-SRV01
\\DEMO-SRV01\FileServer\01_Clients\CL1000_Boulangeries_Ravel\02_Devis\Devis_CL1000_2026-01.docx,https://m365x71797824.sharepoint.com/sites/MigrationFileServer/Clients/CL1000_Boulangeries_Ravel/02_Devis/Devis_CL1000_2026-01.docx,Devis_CL1000_2026-01.docx,docx,36746,Document,Migrated,MIGRATED,,,SRC-95573479,24ede6a4-6b4c-b242-4a23-d5962217bead,1,a09f76b5-a170-b338-3926-3059f28c105d,1,6513270e-269e-0d37-f2a7-4de452e6b438,DEMO-SRV01
\\DEMO-SRV01\FileServer\01_Clients\CL1000_Boulangeries_Ravel\03_Factures\2024\Facture_CL1000_202402.pdf,https://m365x71797824.sharepoint.com/sites/MigrationFileServer/Clients/CL1000_Boulangeries_Ravel/03_Factures/2024/Facture_CL1000_202402.pdf,Facture_CL1000_202402.pdf,pdf,1705,Document,Migrated,MIGRATED,,,SRC-12306391,4ef8aa38-9227-6658-1e27-a1c08a6a63ec,1,a09f76b5-a170-b338-3926-3059f28c105d,1,6513270e-269e-0d37-f2a7-4de452e6b438,DEMO-SRV01
\\DEMO-SRV01\FileServer\01_Clients\CL1000_Boulangeries_Ravel\03_Factures\2024\Facture_CL1000_202404.pdf,https://m365x71797824.sharepoint.com/sites/MigrationFileServer/Clients/CL1000_Boulangeries_Ravel/03_Factures/2024/Facture_CL1000_202404.pdf,Facture_CL1000_202404.pdf,pdf,1703,Document,Migrated,MIGRATED,,,SRC-80206074,2e44158b-ae97-ba94-d0ed-a82f8f6d0558,1,a09f76b5-a170-b338-3926-3059f28c105d,1,6513270e-269e-0d37-f2a7-4de452e6b438,DEMO-SRV01
\\DEMO-SRV01\FileServer\01_Clients\CL1000_Boulangeries_Ravel\03_Factures\2024\Facture_CL1000_202405.pdf,https://m365x71797824.sharepoint.com/sites/MigrationFileServer/Clients/CL1000_Boulangeries_Ravel/03_Factures/2024/Facture_CL1000_202405.pdf,Facture_CL1000_202405.pdf,pdf,1705,Document,Migrated,MIGRATED,,,SRC-9628457,a38fd547-923a-7369-94e3-bf911a61dbe2,1,a09f76b5-a170-b338-3926-3059f28c105d,1,6513270e-269e-0d37-f2a7-4de452e6b438,DEMO-SRV01
\\DEMO-SRV01\FileServer\01_Clients\CL1000_Boulangeries_Ravel\03_Factures\2024\Facture_CL1000_202409.pdf,https://m365x71797824.sharepoint.com/sites/MigrationFileServer/Clients/CL1000_Boulangeries_Ravel/03_Factures/2024/Facture_CL1000_202409.pdf,Facture_CL1000_202409.pdf,pdf,1704,Document,Migrated,MIGRATED,,,SRC-68648578,8c38fb29-18f1-35d2-5f55-7203301850c5,1,a09f76b5-a170-b338-3926-3059f28c105d,1,6513270e-269e-0d37-f2a7-4de452e6b438,DEMO-SRV01
\\DEMO-SRV01\FileServer\01_Clients\CL1000_Boulangeries_Ravel\03_Factures\2025\Facture_CL1000_202503.pdf,https://m365x71797824.sharepoint.com/sites/MigrationFileServer/Clients/CL1000_Boulangeries_Ravel/03_Factures/2025/Facture_CL1000_202503.pdf,Facture_CL1000_202503.pdf,pdf,1704,Document,Migrated,MIGRATED,,,SRC-33150374,0f4205b4-907a-70c3-1012-f037b64ce422,1,a09f76b5-a170-b338-3926-3059f28c105d,1,6513270e-269e-0d37-f2a7-4de452e6b438,DEMO-SRV01
\\DEMO-SRV01\FileServer\01_Clients\CL1000_Boulangeries_Ravel\03_Factures\2025\Facture_CL1000_202505.pdf,https://m365x71797824.sharepoint.com/sites/MigrationFileServer/Clients/CL1000_Boulangeries_Ravel/03_Factures/2025/Facture_CL1000_202505.pdf,Facture_CL1000_202505.pdf,pdf,1704,Document,Migrated,MIGRATED,,,SRC-97717032,ae2eb154-7f15-0524-34b9-b5df9e7769b1,1,a09f76b5-a170-b338-3926-3059f28c105d,1,6513270e-269e-0d37-f2a7-4de452e6b438,DEMO-SRV01
\\DEMO-SRV01\FileServer\01_Clients\CL1000_Boulangeries_Ravel\03_Factures\2025\Facture_CL1000_202506.pdf,https://m365x71797824.sharepoint.com/sites/MigrationFileServer/Clients/CL1000_Boulangeries_Ravel/03_Factures/2025/Facture_CL1000_202506.pdf,Facture_CL1000_202506.pdf,pdf,1705,Document,Migrated,MIGRATED,,,SRC-11136618,506bf2ef-c6f8-7718-6d76-b07e881ed162,1,a09f76b5-a170-b338-3926-3059f28c105d,1,6513270e-269e-0d37-f2a7-4de452e6b438,DEMO-SRV01
\\DEMO-SRV01\FileServer\01_Clients\CL1000_Boulangeries_Ravel\03_Factures\2025\Facture_CL1000_202507.pdf,https://m365x71797824.sharepoint.com/sites/MigrationFileServer/Clients/CL1000_Boulangeries_Ravel/03_Factures/2025/Facture_CL1000_202507.pdf,Facture_CL1000_202507.pdf,pdf,1704,Document,Migrated,MIGRATED,,,SRC-10956299,7403e430-ec66-a787-95e7-61d17731af10,1,a09f76b5-a170-b338-3926-3059f28c105d,1,6513270e-269e-0d37-f2a7-4de452e6b438,DEMO-SRV01
\\DEMO-SRV01\FileServer\01_Clients\CL1000_Boulangeries_Ravel\03_Factures\2025\Facture_CL1000_202508.pdf,https://m365x71797824.sharepoint.com/sites/MigrationFileServer/Clients/CL1000_Boulangeries_Ravel/03_Factures/2025/Facture_CL1000_202508.pdf,Facture_CL1000_202508.pdf,pdf,1703,Document,Migrated,MIGRATED,,,SRC-47153007,cb5c7427-3f98-e277-4cbd-87ad5c90a958,1,a09f76b5-a170-b338-3926-3059f28c105d,1,6513270e-269e-0d37-f2a7-4de452e6b438,DEMO-SRV01
\\DEMO-SRV01\FileServer\01_Clients\CL1000_Boulangeries_Ravel\03_Factures\2025\Facture_CL1000_202512.pdf,https://m365x71797824.sharepoint.com/sites/MigrationFileServer/Clients/CL1000_Boulangeries_Ravel/03_Factures/2025/Facture_CL1000_202512.pdf,Facture_CL1000_202512.pdf,pdf,1704,Document,Migrated,MIGRATED,,,SRC-51530209,3e7d1bfb-c7a2-ea20-b2f1-4c942e05319a,1,a09f76b5-a170-b338-3926-3059f28c105d,1,6513270e-269e-0d37-f2a7-4de452e6b438,DEMO-SRV01
\\DEMO-SRV01\FileServer\01_Clients\CL1000_Boulangeries_Ravel\03_Factures\2026\Facture_CL1000_202601.pdf,https://m365x71797824.sharepoint.com/sites/MigrationFileServer/Clients/CL1000_Boulangeries_Ravel/03_Factures/2026/Facture_CL1000_202601.pdf,Facture_CL1000_202601.pdf,pdf,1705,Document,Migrated,MIGRATED,,,SRC-77446148,86734721-4cdd-2055-930d-6eaf14f4733f,1,a09f76b5-a170-b338-3926-3059f28c105d,1,6513270e-269e-0d37-f2a7-4de452e6b438,DEMO-SRV01
\\DEMO-SRV01\FileServer\01_Clients\CL1000_Boulangeries_Ravel\03_Factures\2026\Facture_CL1000_202602.pdf,https://m365x71797824.sharepoint.com/sites/MigrationFileServer/Clients/CL1000_Boulangeries_Ravel/03_Factures/2026/Facture_CL1000_202602.pdf,Facture_CL1000_202602.pdf,pdf,1705,Document,Migrated,MIGRATED,,,SRC-50693378,babced20-57ee-05cd-e009-02c77ebff206,1,a09f76b5-a170-b338-3926-3059f28c105d,1,6513270e-269e-0d37-f2a7-4de452e6b438,DEMO-SRV01
\\DEMO-SRV01\FileServer\01_Clients\CL1000_Boulangeries_Ravel\03_Factures\2026\Facture_CL1000_202603.pdf,https://m365x71797824.sharepoint.com/sites/MigrationFileServer/Clients/CL1000_Boulangeries_Ravel/03_Factures/2026/Facture_CL1000_202603.pdf,Facture_CL1000_202603.pdf,pdf,1703,Document,Migrated,MIGRATED,,,SRC-46688693,faecbd38-9be4-bcfc-49b6-4a0872e6cc3a,1,a09f76b5-a170-b338-3926-3059f28c105d,1,6513270e-269e-0d37-f2a7-4de452e6b438,DEMO-SRV01
\\DEMO-SRV01\FileServer\01_Clients\CL1000_Boulangeries_Ravel\03_Factures\2026\Facture_CL1000_202604.pdf,https://m365x71797824.sharepoint.com/sites/MigrationFileServer/Clients/CL1000_Boulangeries_Ravel/03_Factures/2026/Facture_CL1000_202604.pdf,Facture_CL1000_202604.pdf,pdf,1704,Document,Migrated,MIGRATED,,,SRC-81660590,6b0a18e8-830e-07bc-1e39-8f1012bd4ace,1,a09f76b5-a170-b338-3926-3059f28c105d,1,6513270e-269e-0d37-f2a7-4de452e6b438,DEMO-SRV01
\\DEMO-SRV01\FileServer\01_Clients\CL1000_Boulangeries_Ravel\03_Factures\2026\Facture_CL1000_202605.pdf,https://m365x71797824.sharepoint.com/sites/MigrationFileServer/Clients/CL1000_Boulangeries_Ravel/03_Factures/2026/Facture_CL1000_202605.pdf,Facture_CL1000_202605.pdf,pdf,1704,Document,Migrated,MIGRATED,,,SRC-1645956,26e87555-5790-f82e-c1d3-fcff2a3af4d4,1,a09f76b5-a170-b338-3926-3059f28c105d,1,6513270e-269e-0d37-f2a7-4de452e6b438,DEMO-SRV01
\\DEMO-SRV01\FileServer\01_Clients\CL1000_Boulangeries_Ravel\03_Factures\2026\Facture_CL1000_202608.pdf,https://m365x71797824.sharepoint.com/sites/MigrationFileServer/Clients/CL1000_Boulangeries_Ravel/03_Factures/2026/Facture_CL1000_202608.pdf,Facture_CL1000_202608.pdf,pdf,1704,Document,Migrated,MIGRATED,,,SRC-72984473,0a097c97-6bf4-6c69-7d2c-af82eeeacbe2,1,a09f76b5-a170-b338-3926-3059f28c105d,1,6513270e-269e-0d37-f2a7-4de452e6b438,DEMO-SRV01
\\DEMO-SRV01\FileServer\01_Clients\CL1000_Boulangeries_Ravel\04_Correspondance\Echange_01.eml.txt,https://m365x71797824.sharepoint.com/sites/MigrationFileServer/Clients/CL1000_Boulangeries_Ravel/04_Correspondance/Echange_01.eml.txt,Echange_01.eml.txt,txt,106,Document,Migrated,MIGRATED,,,SRC-44106866,c3baea9e-13de-ef86-ab10-31d0f646e1f4,1,a09f76b5-a170-b338-3926-3059f28c105d,1,6513270e-269e-0d37-f2a7-4de452e6b438,DEMO-SRV01
\\DEMO-SRV01\FileServer\01_Clients\CL1000_Boulangeries_Ravel\04_Correspondance\Echange_02.eml.txt,https://m365x71797824.sharepoint.com/sites/MigrationFileServer/Clients/CL1000_Boulangeries_Ravel/04_Correspondance/Echange_02.eml.txt,Echange_02.eml.txt,txt,106,Document,Migrated,MIGRATED,,,SRC-10606380,e01f5057-ca02-135e-92b1-d3f28ede0d7a,1,a09f76b5-a170-b338-3926-3059f28c105d,1,6513270e-269e-0d37-f2a7-4de452e6b438,DEMO-SRV01
\\DEMO-SRV01\FileServer\01_Clients\CL1000_Boulangeries_Ravel\04_Correspondance\Echange_03.eml.txt,https://m365x71797824.sharepoint.com/sites/MigrationFileServer/Clients/CL1000_Boulangeries_Ravel/04_Correspondance/Echange_03.eml.txt,Echange_03.eml.txt,txt,106,Document,Migrated,MIGRATED,,,SRC-26324168,b1fee08f-5712-4242-5051-c1ccd17f9aca,1,a09f76b5-a170-b338-3926-3059f28c105d,1,6513270e-269e-0d37-f2a7-4de452e6b438,DEMO-SRV01
\\DEMO-SRV01\FileServer\01_Clients\CL1000_Boulangeries_Ravel\05_Projets\Audit_securite\Compte_rendu_COPIL.docx,https://m365x71797824.sharepoint.com/sites/MigrationFileServer/Clients/CL1000_Boulangeries_Ravel/05_Projets/Audit_securite/Compte_rendu_COPIL.docx,Compte_rendu_COPIL.docx,docx,36733,Document,Migrated,MIGRATED,,,SRC-42184904,9474031b-7f26-144b-9828-9fcd59a54a7b,1,a09f76b5-a170-b338-3926-3059f28c105d,1,6513270e-269e-0d37-f2a7-4de452e6b438,DEMO-SRV01
\\DEMO-SRV01\FileServer\01_Clients\CL1000_Boulangeries_Ravel\05_Projets\Audit_securite\Planning_Audit_securite.xlsx,https://m365x71797824.sharepoint.com/sites/MigrationFileServer/Clients/CL1000_Boulangeries_Ravel/05_Projets/Audit_securite/Planning_Audit_securite.xlsx,Planning_Audit_securite.xlsx,xlsx,5132,Document,Migrated,MIGRATED,,,SRC-13466715,d70820fe-119a-72d1-74c9-df6acc011cdd,1,a09f76b5-a170-b338-3926-3059f28c105d,1,6513270e-269e-0d37-f2a7-4de452e6b438,DEMO-SRV01
\\DEMO-SRV01\FileServer\01_Clients\CL1000_Boulangeries_Ravel\05_Projets\Audit_securite\Presentation_lancement_Audit_securite.pptx,https://m365x71797824.sharepoint.com/sites/MigrationFileServer/Clients/CL1000_Boulangeries_Ravel/05_Projets/Audit_securite/Presentation_lancement_Audit_securite.pptx,Presentation_lancement_Audit_securite.pptx,pptx,29175,Document,Migrated,MIGRATED,,,SRC-39159234,795e8229-451a-bd81-f1d6-9ed617f5e837,1,a09f76b5-a170-b338-3926-3059f28c105d,1,6513270e-269e-0d37-f2a7-4de452e6b438,DEMO-SRV01
\\DEMO-SRV01\FileServer\01_Clients\CL1000_Boulangeries_Ravel\05_Projets\Refonte_site_web\Compte_rendu_COPIL.docx,https://m365x71797824.sharepoint.com/sites/MigrationFileServer/Clients/CL1000_Boulangeries_Ravel/05_Projets/Refonte_site_web/Compte_rendu_COPIL.docx,Compte_rendu_COPIL.docx,docx,36732,Document,Migrated,MIGRATED,,,SRC-75468257,0f88080b-10a3-d6b2-aa05-e11ab2715945,1,a09f76b5-a170-b338-3926-3059f28c105d,1,6513270e-269e-0d37-f2a7-4de452e6b438,DEMO-SRV01
\\DEMO-SRV01\FileServer\01_Clients\CL1000_Boulangeries_Ravel\05_Projets\Refonte_site_web\Planning_Refonte_site_web.xlsx,https://m365x71797824.sharepoint.com/sites/MigrationFileServer/Clients/CL1000_Boulangeries_Ravel/05_Projets/Refonte_site_web/Planning_Refonte_site_web.xlsx,Planning_Refonte_site_web.xlsx,xlsx,5134,Document,Migrated,MIGRATED,,,SRC-2768425,a5aa3c81-4f42-6dcb-b394-fb36bb2d420f,1,a09f76b5-a170-b338-3926-3059f28c105d,1,6513270e-269e-0d37-f2a7-4de452e6b438,DEMO-SRV01
\\DEMO-SRV01\FileServer\01_Clients\CL1000_Boulangeries_Ravel\05_Projets\Refonte_site_web\Presentation_lancement_Refonte_site_web.pptx,https://m365x71797824.sharepoint.com/sites/MigrationFileServer/Clients/CL1000_Boulangeries_Ravel/05_Projets/Refonte_site_web/Presentation_lancement_Refonte_site_web.pptx,Presentation_lancement_Refonte_site_web.pptx,pptx,29176,Document,Migrated,MIGRATED,,,SRC-2658812,d269a9a5-ae65-8f33-fe3b-890b93f448b3,1,a09f76b5-a170-b338-3926-3059f28c105d,1,6513270e-269e-0d37-f2a7-4de452e6b438,DEMO-SRV01
\\DEMO-SRV01\FileServer\01_Clients\CL1001_Transports_Lemarchand\01_Contrats\Contrat_cadre_CL1001_2018.docx,https://m365x71797824.sharepoint.com/sites/MigrationFileServer/Clients/CL1001_Transports_Lemarchand/01_Contrats/Contrat_cadre_CL1001_2018.docx,Contrat_cadre_CL1001_2018.docx,docx,36786,Document,Migrated,MIGRATED,,,SRC-95138649,62c33a4f-b774-eb52-48db-40af72158370,1,a09f76b5-a170-b338-3926-3059f28c105d,1,6513270e-269e-0d37-f2a7-4de452e6b438,DEMO-SRV01
\\DEMO-SRV01\FileServer\01_Clients\CL1001_Transports_Lemarchand\01_Contrats\Contrat_cadre_CL1001_2018_signe.pdf,https://m365x71797824.sharepoint.com/sites/MigrationFileServer/Clients/CL1001_Transports_Lemarchand/01_Contrats/Contrat_cadre_CL1001_2018_signe.pdf,Contrat_cadre_CL1001_2018_signe.pdf,pdf,1665,Document,Migrated,MIGRATED,,,SRC-72226505,05c6af07-58d5-563d-ab2c-d31ee3151288,1,a09f76b5-a170-b338-3926-3059f28c105d,1,6513270e-269e-0d37-f2a7-4de452e6b438,DEMO-SRV01
\\DEMO-SRV01\FileServer\01_Clients\CL1001_Transports_Lemarchand\02_Devis\Devis_CL1001_2022-02.docx,https://m365x71797824.sharepoint.com/sites/MigrationFileServer/Clients/CL1001_Transports_Lemarchand/02_Devis/Devis_CL1001_2022-02.docx,Devis_CL1001_2022-02.docx,docx,36747,Document,Migrated,MIGRATED,,,SRC-82255226,2b0537e6-5aff-b229-7631-a992f0ce5835,1,a09f76b5-a170-b338-3926-3059f28c105d,1,6513270e-269e-0d37-f2a7-4de452e6b438,DEMO-SRV01
\\DEMO-SRV01\FileServer\01_Clients\CL1001_Transports_Lemarchand\02_Devis\Devis_CL1001_2026-01.docx,https://m365x71797824.sharepoint.com/sites/MigrationFileServer/Clients/CL1001_Transports_Lemarchand/02_Devis/Devis_CL1001_2026-01.docx,Devis_CL1001_2026-01.docx,docx,36747,Document,Migrated,MIGRATED,,,SRC-88467209,0f17a300-7e62-aa0a-1df9-fd789c653938,1,a09f76b5-a170-b338-3926-3059f28c105d,1,6513270e-269e-0d37-f2a7-4de452e6b438,DEMO-SRV01
\\DEMO-SRV01\FileServer\01_Clients\CL1001_Transports_Lemarchand\03_Factures\2024\Facture_CL1001_202404.pdf,https://m365x71797824.sharepoint.com/sites/MigrationFileServer/Clients/CL1001_Transports_Lemarchand/03_Factures/2024/Facture_CL1001_202404.pdf,Facture_CL1001_202404.pdf,pdf,1705,Document,Migrated,MIGRATED,,,SRC-7874058,211c70cf-4995-2399-c4aa-eac137dc76fb,1,a09f76b5-a170-b338-3926-3059f28c105d,1,6513270e-269e-0d37-f2a7-4de452e6b438,DEMO-SRV01
\\DEMO-SRV01\FileServer\01_Clients\CL1001_Transports_Lemarchand\03_Factures\2024\Facture_CL1001_202405.pdf,https://m365x71797824.sharepoint.com/sites/MigrationFileServer/Clients/CL1001_Transports_Lemarchand/03_Factures/2024/Facture_CL1001_202405.pdf,Facture_CL1001_202405.pdf,pdf,1705,Document,Migrated,MIGRATED,,,SRC-81975180,6415479c-65dc-9f50-3f63-af83bd0561e6,1,a09f76b5-a170-b338-3926-3059f28c105d,1,6513270e-269e-0d37-f2a7-4de452e6b438,DEMO-SRV01
\\DEMO-SRV01\FileServer\01_Clients\CL1001_Transports_Lemarchand\03_Factures\2024\Facture_CL1001_202408.pdf,https://m365x71797824.sharepoint.com/sites/MigrationFileServer/Clients/CL1001_Transports_Lemarchand/03_Factures/2024/Facture_CL1001_202408.pdf,Facture_CL1001_202408.pdf,pdf,1707,Document,Migrated,MIGRATED,,,SRC-17789041,14a0f9e7-7f1b-103c-df15-82b0eab477d2,1,a09f76b5-a170-b338-3926-3059f28c105d,1,6513270e-269e-0d37-f2a7-4de452e6b438,DEMO-SRV01
\\DEMO-SRV01\FileServer\01_Clients\CL1001_Transports_Lemarchand\03_Factures\2024\Facture_CL1001_202410.pdf,https://m365x71797824.sharepoint.com/sites/MigrationFileServer/Clients/CL1001_Transports_Lemarchand/03_Factures/2024/Facture_CL1001_202410.pdf,Facture_CL1001_202410.pdf,pdf,1702,Document,Migrated,MIGRATED,,,SRC-15932480,8ca81811-66d2-2876-72fd-f2022a96fb1a,1,a09f76b5-a170-b338-3926-3059f28c105d,1,6513270e-269e-0d37-f2a7-4de452e6b438,DEMO-SRV01
\\DEMO-SRV01\FileServer\01_Clients\CL1001_Transports_Lemarchand\03_Factures\2024\Facture_CL1001_202411.pdf,https://m365x71797824.sharepoint.com/sites/MigrationFileServer/Clients/CL1001_Transports_Lemarchand/03_Factures/2024/Facture_CL1001_202411.pdf,Facture_CL1001_202411.pdf,pdf,1705,Document,Migrated,MIGRATED,,,SRC-75976383,d1bc52d9-230d-977e-e225-71594720771f,1,a09f76b5-a170-b338-3926-3059f28c105d,1,6513270e-269e-0d37-f2a7-4de452e6b438,DEMO-SRV01
\\DEMO-SRV01\FileServer\01_Clients\CL1001_Transports_Lemarchand\03_Factures\2025\Facture_CL1001_202502.pdf,https://m365x71797824.sharepoint.com/sites/MigrationFileServer/Clients/CL1001_Transports_Lemarchand/03_Factures/2025/Facture_CL1001_202502.pdf,Facture_CL1001_202502.pdf,pdf,1708,Document,Migrated,MIGRATED,,,SRC-29290139,47469a4d-8cdb-305f-dd2e-16096e36aab0,1,a09f76b5-a170-b338-3926-3059f28c105d,1,6513270e-269e-0d37-f2a7-4de452e6b438,DEMO-SRV01
\\DEMO-SRV01\FileServer\01_Clients\CL1001_Transports_Lemarchand\03_Factures\2025\Facture_CL1001_202503.pdf,https://m365x71797824.sharepoint.com/sites/MigrationFileServer/Clients/CL1001_Transports_Lemarchand/03_Factures/2025/Facture_CL1001_202503.pdf,Facture_CL1001_202503.pdf,pdf,1707,Document,Migrated,MIGRATED,,,SRC-28891610,5bd86d40-fc89-1b4a-6a50-df4db4d66a3a,1,a09f76b5-a170-b338-3926-3059f28c105d,1,6513270e-269e-0d37-f2a7-4de452e6b438,DEMO-SRV01
\\DEMO-SRV01\FileServer\01_Clients\CL1001_Transports_Lemarchand\03_Factures\2025\Facture_CL1001_202504.pdf,https://m365x71797824.sharepoint.com/sites/MigrationFileServer/Clients/CL1001_Transports_Lemarchand/03_Factures/2025/Facture_CL1001_202504.pdf,Facture_CL1001_202504.pdf,pdf,1707,Document,Migrated,MIGRATED,,,SRC-83534232,f52ddf5d-6164-99c9-e25a-7605aec6f024,1,a09f76b5-a170-b338-3926-3059f28c105d,1,6513270e-269e-0d37-f2a7-4de452e6b438,DEMO-SRV01
\\DEMO-SRV01\FileServer\01_Clients\CL1001_Transports_Lemarchand\03_Factures\2025\Facture_CL1001_202505.pdf,https://m365x71797824.sharepoint.com/sites/MigrationFileServer/Clients/CL1001_Transports_Lemarchand/03_Factures/2025/Facture_CL1001_202505.pdf,Facture_CL1001_202505.pdf,pdf,1705,Document,Migrated,MIGRATED,,,SRC-36593477,2d1c9af0-153e-7c2a-26a2-c0bd3b1287ff,1,a09f76b5-a170-b338-3926-3059f28c105d,1,6513270e-269e-0d37-f2a7-4de452e6b438,DEMO-SRV01
\\DEMO-SRV01\FileServer\01_Clients\CL1001_Transports_Lemarchand\03_Factures\2025\Facture_CL1001_202506.pdf,https://m365x71797824.sharepoint.com/sites/MigrationFileServer/Clients/CL1001_Transports_Lemarchand/03_Factures/2025/Facture_CL1001_202506.pdf,Facture_CL1001_202506.pdf,pdf,1705,Document,Migrated,MIGRATED,,,SRC-79266089,3bbbe9ea-a894-8c89-3b61-867626bb7dbd,1,a09f76b5-a170-b338-3926-3059f28c105d,1,6513270e-269e-0d37-f2a7-4de452e6b438,DEMO-SRV01
\\DEMO-SRV01\FileServer\01_Clients\CL1001_Transports_Lemarchand\03_Factures\2025\Facture_CL1001_202507.pdf,https://m365x71797824.sharepoint.com/sites/MigrationFileServer/Clients/CL1001_Transports_Lemarchand/03_Factures/2025/Facture_CL1001_202507.pdf,Facture_CL1001_202507.pdf,pdf,1705,Document,Migrated,MIGRATED,,,SRC-32367308,96d0cc5f-d4c2-8c2e-7c26-847f0316909e,1,a09f76b5-a170-b338-3926-3059f28c105d,1,6513270e-269e-0d37-f2a7-4de452e6b438,DEMO-SRV01
\\DEMO-SRV01\FileServer\01_Clients\CL1001_Transports_Lemarchand\03_Factures\2025\Facture_CL1001_202510.pdf,https://m365x71797824.sharepoint.com/sites/MigrationFileServer/Clients/CL1001_Transports_Lemarchand/03_Factures/2025/Facture_CL1001_202510.pdf,Facture_CL1001_202510.pdf,pdf,1707,Document,Migrated,MIGRATED,,,SRC-96355485,010c4759-482c-9cbc-4343-5cc52eae05cf,1,a09f76b5-a170-b338-3926-3059f28c105d,1,6513270e-269e-0d37-f2a7-4de452e6b438,DEMO-SRV01
\\DEMO-SRV01\FileServer\01_Clients\CL1001_Transports_Lemarchand\03_Factures\2025\Facture_CL1001_202511.pdf,https://m365x71797824.sharepoint.com/sites/MigrationFileServer/Clients/CL1001_Transports_Lemarchand/03_Factures/2025/Facture_CL1001_202511.pdf,Facture_CL1001_202511.pdf,pdf,1705,Document,Migrated,MIGRATED,,,SRC-16897051,5e8766ed-88da-f401-6b40-13ef254b0c4e,1,a09f76b5-a170-b338-3926-3059f28c105d,1,6513270e-269e-0d37-f2a7-4de452e6b438,DEMO-SRV01
\\DEMO-SRV01\FileServer\01_Clients\CL1001_Transports_Lemarchand\03_Factures\2025\Facture_CL1001_202512.pdf,https://m365x71797824.sharepoint.com/sites/MigrationFileServer/Clients/CL1001_Transports_Lemarchand/03_Factures/2025/Facture_CL1001_202512.pdf,Facture_CL1001_202512.pdf,pdf,1705,Document,Migrated,MIGRATED,,,SRC-39474674,f3fe39c0-5190-88f5-90fb-bd119c1caaf7,1,a09f76b5-a170-b338-3926-3059f28c105d,1,6513270e-269e-0d37-f2a7-4de452e6b438,DEMO-SRV01
\\DEMO-SRV01\FileServer\01_Clients\CL1001_Transports_Lemarchand\03_Factures\2026\Facture_CL1001_202602.pdf,https://m365x71797824.sharepoint.com/sites/MigrationFileServer/Clients/CL1001_Transports_Lemarchand/03_Factures/2026/Facture_CL1001_202602.pdf,Facture_CL1001_202602.pdf,pdf,1705,Document,Migrated,MIGRATED,,,SRC-84252401,83f73f16-dbf4-a8b2-b0c4-312d20203626,1,a09f76b5-a170-b338-3926-3059f28c105d,1,6513270e-269e-0d37-f2a7-4de452e6b438,DEMO-SRV01
\\DEMO-SRV01\FileServer\01_Clients\CL1001_Transports_Lemarchand\03_Factures\2026\Facture_CL1001_202604.pdf,https://m365x71797824.sharepoint.com/sites/MigrationFileServer/Clients/CL1001_Transports_Lemarchand/03_Factures/2026/Facture_CL1001_202604.pdf,Facture_CL1001_202604.pdf,pdf,1708,Document,Migrated,MIGRATED,,,SRC-50184286,ad1b72db-a7ab-e1c2-9e1a-8ef4f341e07a,1,a09f76b5-a170-b338-3926-3059f28c105d,1,6513270e-269e-0d37-f2a7-4de452e6b438,DEMO-SRV01
\\DEMO-SRV01\FileServer\01_Clients\CL1001_Transports_Lemarchand\03_Factures\2026\Facture_CL1001_202606.pdf,https://m365x71797824.sharepoint.com/sites/MigrationFileServer/Clients/CL1001_Transports_Lemarchand/03_Factures/2026/Facture_CL1001_202606.pdf,Facture_CL1001_202606.pdf,pdf,1705,Document,Migrated,MIGRATED,,,SRC-80186512,e647cb8f-74e6-9a5d-0dd2-7a65bd628881,2,a09f76b5-a170-b338-3926-3059f28c105d,1,6513270e-269e-0d37-f2a7-4de452e6b438,DEMO-SRV01
\\DEMO-SRV01\FileServer\01_Clients\CL1001_Transports_Lemarchand\03_Factures\2026\Facture_CL1001_202607.pdf,https://m365x71797824.sharepoint.com/sites/MigrationFileServer/Clients/CL1001_Transports_Lemarchand/03_Factures/2026/Facture_CL1001_202607.pdf,Facture_CL1001_202607.pdf,pdf,1704,Document,Migrated,MIGRATED,,,SRC-61605695,dfe01893-f3ae-d0b6-c7ac-1491def88334,2,a09f76b5-a170-b338-3926-3059f28c105d,1,6513270e-269e-0d37-f2a7-4de452e6b438,DEMO-SRV01
\\DEMO-SRV01\FileServer\01_Clients\CL1001_Transports_Lemarchand\04_Correspondance\Echange_01.eml.txt,https://m365x71797824.sharepoint.com/sites/MigrationFileServer/Clients/CL1001_Transports_Lemarchand/04_Correspondance/Echange_01.eml.txt,Echange_01.eml.txt,txt,106,Document,Migrated,MIGRATED,,,SRC-49732635,6472f1a3-8f2c-6ec8-cc41-69a3ae3a2b7f,2,a09f76b5-a170-b338-3926-3059f28c105d,1,6513270e-269e-0d37-f2a7-4de452e6b438,DEMO-SRV01
\\DEMO-SRV01\FileServer\01_Clients\CL1001_Transports_Lemarchand\04_Correspondance\Echange_02.eml.txt,https://m365x71797824.sharepoint.com/sites/MigrationFileServer/Clients/CL1001_Transports_Lemarchand/04_Correspondance/Echange_02.eml.txt,Echange_02.eml.txt,txt,106,Document,Migrated,MIGRATED,,,SRC-39744413,1a81682c-64e5-0cad-6623-7a0465e7e423,2,a09f76b5-a170-b338-3926-3059f28c105d,1,6513270e-269e-0d37-f2a7-4de452e6b438,DEMO-SRV01
\\DEMO-SRV01\FileServer\01_Clients\CL1001_Transports_Lemarchand\05_Projets\Audit_securite\Compte_rendu_COPIL.docx,https://m365x71797824.sharepoint.com/sites/MigrationFileServer/Clients/CL1001_Transports_Lemarchand/05_Projets/Audit_securite/Compte_rendu_COPIL.docx,Compte_rendu_COPIL.docx,docx,36732,Document,Migrated,MIGRATED,,,SRC-88096791,0fef7928-6683-6886-a260-cd0b7b45145c,2,a09f76b5-a170-b338-3926-3059f28c105d,1,6513270e-269e-0d37-f2a7-4de452e6b438,DEMO-SRV01
\\DEMO-SRV01\FileServer\01_Clients\CL1001_Transports_Lemarchand\05_Projets\Audit_securite\Planning_Audit_securite.xlsx,https://m365x71797824.sharepoint.com/sites/MigrationFileServer/Clients/CL1001_Transports_Lemarchand/05_Projets/Audit_securite/Planning_Audit_securite.xlsx,Planning_Audit_securite.xlsx,xlsx,5134,Document,Migrated,MIGRATED,,,SRC-88876346,3571810a-fc13-2d0d-113d-b17d30cbc97d,2,a09f76b5-a170-b338-3926-3059f28c105d,1,6513270e-269e-0d37-f2a7-4de452e6b438,DEMO-SRV01
\\DEMO-SRV01\FileServer\01_Clients\CL1001_Transports_Lemarchand\05_Projets\Audit_securite\Presentation_lancement_Audit_securite.pptx,https://m365x71797824.sharepoint.com/sites/MigrationFileServer/Clients/CL1001_Transports_Lemarchand/05_Projets/Audit_securite/Presentation_lancement_Audit_securite.pptx,Presentation_lancement_Audit_securite.pptx,pptx,29174,Document,Migrated,MIGRATED,,,SRC-44804965,570dc195-1c24-42f9-298c-b3a570ccec31,2,a09f76b5-a170-b338-3926-3059f28c105d,1,6513270e-269e-0d37-f2a7-4de452e6b438,DEMO-SRV01
\\DEMO-SRV01\FileServer\01_Clients\CL1001_Transports_Lemarchand\05_Projets\Tableau_de_bord\Compte_rendu_COPIL.docx,https://m365x71797824.sharepoint.com/sites/MigrationFileServer/Clients/CL1001_Transports_Lemarchand/05_Projets/Tableau_de_bord/Compte_rendu_COPIL.docx,Compte_rendu_COPIL.docx,docx,36730,Document,Migrated,MIGRATED,,,SRC-9003061,000f49c8-1a35-8ca0-0d75-985d99c94309,2,a09f76b5-a170-b338-3926-3059f28c105d,1,6513270e-269e-0d37-f2a7-4de452e6b438,DEMO-SRV01
\\DEMO-SRV01\FileServer\01_Clients\CL1001_Transports_Lemarchand\05_Projets\Tableau_de_bord\Planning_Tableau_de_bord.xlsx,https://m365x71797824.sharepoint.com/sites/MigrationFileServer/Clients/CL1001_Transports_Lemarchand/05_Projets/Tableau_de_bord/Planning_Tableau_de_bord.xlsx,Planning_Tableau_de_bord.xlsx,xlsx,5140,Document,Migrated,MIGRATED,,,SRC-61705053,19f9919c-895f-d7b3-26b9-4c7f9118bb16,2,a09f76b5-a170-b338-3926-3059f28c105d,1,6513270e-269e-0d37-f2a7-4de452e6b438,DEMO-SRV01
\\DEMO-SRV01\FileServer\01_Clients\CL1001_Transports_Lemarchand\05_Projets\Tableau_de_bord\Presentation_lancement_Tableau_de_bord.pptx,https://m365x71797824.sharepoint.com/sites/MigrationFileServer/Clients/CL1001_Transports_Lemarchand/05_Projets/Tableau_de_bord/Presentation_lancement_Tableau_de_bord.pptx,Presentation_lancement_Tableau_de_bord.pptx,pptx,29177,Document,Migrated,MIGRATED,,,SRC-37192184,068739fa-9d1d-e2a0-5d15-8a2ff2ee4e45,2,a09f76b5-a170-b338-3926-3059f28c105d,1,6513270e-269e-0d37-f2a7-4de452e6b438,DEMO-SRV01
\\DEMO-SRV01\FileServer\01_Clients\CL1002_Clinique_Saint-Aubin\01_Contrats\Contrat_cadre_CL1002_2022.docx,https://m365x71797824.sharepoint.com/sites/MigrationFileServer/Clients/CL1002_Clinique_Saint-Aubin/01_Contrats/Contrat_cadre_CL1002_2022.docx,Contrat_cadre_CL1002_2022.docx,docx,36786,Document,Migrated,MIGRATED,,,SRC-25637590,9d33a01c-353c-631c-dfd4-3f371200339d,2,a09f76b5-a170-b338-3926-3059f28c105d,1,6513270e-269e-0d37-f2a7-4de452e6b438,DEMO-SRV01
\\DEMO-SRV01\FileServer\01_Clients\CL1002_Clinique_Saint-Aubin\01_Contrats\Contrat_cadre_CL1002_2022_signe.pdf,https://m365x71797824.sharepoint.com/sites/MigrationFileServer/Clients/CL1002_Clinique_Saint-Aubin/01_Contrats/Contrat_cadre_CL1002_2022_signe.pdf,Contrat_cadre_CL1002_2022_signe.pdf,pdf,1658,Document,Failed,UPLOAD FAILURE,Failed to upload the package to Azure storage: the operation has timed out,SIMUL-UPLOAD,SRC-67504519,,2,a09f76b5-a170-b338-3926-3059f28c105d,1,6513270e-269e-0d37-f2a7-4de452e6b438,DEMO-SRV01
\\DEMO-SRV01\FileServer\01_Clients\CL1002_Clinique_Saint-Aubin\02_Devis\Devis_CL1002_2022-01.docx,https://m365x71797824.sharepoint.com/sites/MigrationFileServer/Clients/CL1002_Clinique_Saint-Aubin/02_Devis/Devis_CL1002_2022-01.docx,Devis_CL1002_2022-01.docx,docx,36749,Document,Migrated,MIGRATED,,,SRC-20649229,4093f6de-a268-aa87-2607-679d6050914a,2,a09f76b5-a170-b338-3926-3059f28c105d,1,6513270e-269e-0d37-f2a7-4de452e6b438,DEMO-SRV01
\\DEMO-SRV01\FileServer\01_Clients\CL1002_Clinique_Saint-Aubin\02_Devis\Devis_CL1002_2023-02.docx,https://m365x71797824.sharepoint.com/sites/MigrationFileServer/Clients/CL1002_Clinique_Saint-Aubin/02_Devis/Devis_CL1002_2023-02.docx,Devis_CL1002_2023-02.docx,docx,36751,Document,Migrated,MIGRATED,,,SRC-84405784,5d39d0a8-9a2e-f80f-58ee-8571f4998d7c,2,a09f76b5-a170-b338-3926-3059f28c105d,1,6513270e-269e-0d37-f2a7-4de452e6b438,DEMO-SRV01
\\DEMO-SRV01\FileServer\01_Clients\CL1002_Clinique_Saint-Aubin\02_Devis\Devis_CL1002_2024-03.docx,https://m365x71797824.sharepoint.com/sites/MigrationFileServer/Clients/CL1002_Clinique_Saint-Aubin/02_Devis/Devis_CL1002_2024-03.docx,Devis_CL1002_2024-03.docx,docx,36748,Document,Migrated,MIGRATED,,,SRC-56921171,d953ee26-1d87-cec3-1f72-96ab7961fd92,2,a09f76b5-a170-b338-3926-3059f28c105d,1,6513270e-269e-0d37-f2a7-4de452e6b438,DEMO-SRV01
\\DEMO-SRV01\FileServer\01_Clients\CL1002_Clinique_Saint-Aubin\03_Factures\2024\Facture_CL1002_202401.pdf,https://m365x71797824.sharepoint.com/sites/MigrationFileServer/Clients/CL1002_Clinique_Saint-Aubin/03_Factures/2024/Facture_CL1002_202401.pdf,Facture_CL1002_202401.pdf,pdf,1704,Document,Migrated,MIGRATED,,,SRC-7488041,774b15d7-fa52-9ba3-fe3b-fada7cf20724,2,a09f76b5-a170-b338-3926-3059f28c105d,1,6513270e-269e-0d37-f2a7-4de452e6b438,DEMO-SRV01
\\DEMO-SRV01\FileServer\01_Clients\CL1002_Clinique_Saint-Aubin\03_Factures\2024\Facture_CL1002_202404.pdf,https://m365x71797824.sharepoint.com/sites/MigrationFileServer/Clients/CL1002_Clinique_Saint-Aubin/03_Factures/2024/Facture_CL1002_202404.pdf,Facture_CL1002_202404.pdf,pdf,1705,Document,Migrated,MIGRATED,,,SRC-35744776,15fc899e-4fd5-8dbe-7bdc-968b7afb2c68,2,a09f76b5-a170-b338-3926-3059f28c105d,1,6513270e-269e-0d37-f2a7-4de452e6b438,DEMO-SRV01
\\DEMO-SRV01\FileServer\01_Clients\CL1002_Clinique_Saint-Aubin\03_Factures\2024\Facture_CL1002_202405.pdf,https://m365x71797824.sharepoint.com/sites/MigrationFileServer/Clients/CL1002_Clinique_Saint-Aubin/03_Factures/2024/Facture_CL1002_202405.pdf,Facture_CL1002_202405.pdf,pdf,1705,Document,Migrated,MIGRATED,,,SRC-12550187,57b6fb7e-bfea-a155-1a28-f7b324e4e25a,2,a09f76b5-a170-b338-3926-3059f28c105d,1,6513270e-269e-0d37-f2a7-4de452e6b438,DEMO-SRV01
\\DEMO-SRV01\FileServer\01_Clients\CL1002_Clinique_Saint-Aubin\03_Factures\2024\Facture_CL1002_202406.pdf,https://m365x71797824.sharepoint.com/sites/MigrationFileServer/Clients/CL1002_Clinique_Saint-Aubin/03_Factures/2024/Facture_CL1002_202406.pdf,Facture_CL1002_202406.pdf,pdf,1705,Document,Migrated,MIGRATED,,,SRC-48057027,d42fddbb-7a86-f7a2-43c7-1b9abd87a865,2,a09f76b5-a170-b338-3926-3059f28c105d,1,6513270e-269e-0d37-f2a7-4de452e6b438,DEMO-SRV01
\\DEMO-SRV01\FileServer\01_Clients\CL1002_Clinique_Saint-Aubin\03_Factures\2024\Facture_CL1002_202407.pdf,https://m365x71797824.sharepoint.com/sites/MigrationFileServer/Clients/CL1002_Clinique_Saint-Aubin/03_Factures/2024/Facture_CL1002_202407.pdf,Facture_CL1002_202407.pdf,pdf,1705,Document,Migrated,MIGRATED,,,SRC-60918379,05e999f3-842e-7fc2-2954-0a6eb12aa1f6,2,a09f76b5-a170-b338-3926-3059f28c105d,1,6513270e-269e-0d37-f2a7-4de452e6b438,DEMO-SRV01
\\DEMO-SRV01\FileServer\01_Clients\CL1002_Clinique_Saint-Aubin\03_Factures\2024\Facture_CL1002_202409.pdf,https://m365x71797824.sharepoint.com/sites/MigrationFileServer/Clients/CL1002_Clinique_Saint-Aubin/03_Factures/2024/Facture_CL1002_202409.pdf,Facture_CL1002_202409.pdf,pdf,1705,Document,Migrated,MIGRATED,,,SRC-69487053,873be078-f3b7-a50d-f373-ca533488f876,2,a09f76b5-a170-b338-3926-3059f28c105d,1,6513270e-269e-0d37-f2a7-4de452e6b438,DEMO-SRV01
\\DEMO-SRV01\FileServer\01_Clients\CL1002_Clinique_Saint-Aubin\03_Factures\2024\Facture_CL1002_202411.pdf,https://m365x71797824.sharepoint.com/sites/MigrationFileServer/Clients/CL1002_Clinique_Saint-Aubin/03_Factures/2024/Facture_CL1002_202411.pdf,Facture_CL1002_202411.pdf,pdf,1705,Document,Migrated,MIGRATED,,,SRC-69472283,8b0d590b-b0a8-44e5-2587-be6b5c9bcf35,2,a09f76b5-a170-b338-3926-3059f28c105d,1,6513270e-269e-0d37-f2a7-4de452e6b438,DEMO-SRV01
\\DEMO-SRV01\FileServer\01_Clients\CL1002_Clinique_Saint-Aubin\03_Factures\2025\Facture_CL1002_202504.pdf,https://m365x71797824.sharepoint.com/sites/MigrationFileServer/Clients/CL1002_Clinique_Saint-Aubin/03_Factures/2025/Facture_CL1002_202504.pdf,Facture_CL1002_202504.pdf,pdf,1707,Document,Migrated,MIGRATED,,,SRC-4703952,87322e25-c215-a82a-06ec-41adea057543,2,a09f76b5-a170-b338-3926-3059f28c105d,1,6513270e-269e-0d37-f2a7-4de452e6b438,DEMO-SRV01
\\DEMO-SRV01\FileServer\01_Clients\CL1002_Clinique_Saint-Aubin\03_Factures\2025\Facture_CL1002_202508.pdf,https://m365x71797824.sharepoint.com/sites/MigrationFileServer/Clients/CL1002_Clinique_Saint-Aubin/03_Factures/2025/Facture_CL1002_202508.pdf,Facture_CL1002_202508.pdf,pdf,1707,Document,Migrated,MIGRATED,,,SRC-55660688,dd02de92-a496-36a2-fa7f-0eab4c4f9b06,2,a09f76b5-a170-b338-3926-3059f28c105d,1,6513270e-269e-0d37-f2a7-4de452e6b438,DEMO-SRV01
\\DEMO-SRV01\FileServer\01_Clients\CL1002_Clinique_Saint-Aubin\03_Factures\2025\Facture_CL1002_202510.pdf,https://m365x71797824.sharepoint.com/sites/MigrationFileServer/Clients/CL1002_Clinique_Saint-Aubin/03_Factures/2025/Facture_CL1002_202510.pdf,Facture_CL1002_202510.pdf,pdf,1705,Document,Migrated,MIGRATED,,,SRC-40750005,42d87208-d86f-40f6-b239-f3c7174c77a2,2,a09f76b5-a170-b338-3926-3059f28c105d,1,6513270e-269e-0d37-f2a7-4de452e6b438,DEMO-SRV01
\\DEMO-SRV01\FileServer\01_Clients\CL1002_Clinique_Saint-Aubin\03_Factures\2025\Facture_CL1002_202511.pdf,https://m365x71797824.sharepoint.com/sites/MigrationFileServer/Clients/CL1002_Clinique_Saint-Aubin/03_Factures/2025/Facture_CL1002_202511.pdf,Facture_CL1002_202511.pdf,pdf,1707,Document,Migrated,MIGRATED,,,SRC-54525356,2ac34446-e883-a1d4-5de0-099784b5a818,2,a09f76b5-a170-b338-3926-3059f28c105d,1,6513270e-269e-0d37-f2a7-4de452e6b438,DEMO-SRV01
\\DEMO-SRV01\FileServer\01_Clients\CL1002_Clinique_Saint-Aubin\03_Factures\2026\Facture_CL1002_202601.pdf,https://m365x71797824.sharepoint.com/sites/MigrationFileServer/Clients/CL1002_Clinique_Saint-Aubin/03_Factures/2026/Facture_CL1002_202601.pdf,Facture_CL1002_202601.pdf,pdf,1704,Document,Migrated,MIGRATED,,,SRC-99962156,8857f9a4-3908-f227-c59d-b9165b0ee76f,2,a09f76b5-a170-b338-3926-3059f28c105d,1,6513270e-269e-0d37-f2a7-4de452e6b438,DEMO-SRV01
\\DEMO-SRV01\FileServer\01_Clients\CL1002_Clinique_Saint-Aubin\03_Factures\2026\Facture_CL1002_202602.pdf,https://m365x71797824.sharepoint.com/sites/MigrationFileServer/Clients/CL1002_Clinique_Saint-Aubin/03_Factures/2026/Facture_CL1002_202602.pdf,Facture_CL1002_202602.pdf,pdf,1705,Document,Migrated,MIGRATED,,,SRC-5215597,5464ecc2-80b0-c08b-c770-24208aa4248c,2,a09f76b5-a170-b338-3926-3059f28c105d,1,6513270e-269e-0d37-f2a7-4de452e6b438,DEMO-SRV01
\\DEMO-SRV01\FileServer\01_Clients\CL1002_Clinique_Saint-Aubin\03_Factures\2026\Facture_CL1002_202603.pdf,https://m365x71797824.sharepoint.com/sites/MigrationFileServer/Clients/CL1002_Clinique_Saint-Aubin/03_Factures/2026/Facture_CL1002_202603.pdf,Facture_CL1002_202603.pdf,pdf,1705,Document,Migrated,MIGRATED,,,SRC-41667951,cfbf3360-9cfc-8652-3919-4242a2eddbbd,2,a09f76b5-a170-b338-3926-3059f28c105d,1,6513270e-269e-0d37-f2a7-4de452e6b438,DEMO-SRV01
\\DEMO-SRV01\FileServer\01_Clients\CL1002_Clinique_Saint-Aubin\03_Factures\2026\Facture_CL1002_202604.pdf,https://m365x71797824.sharepoint.com/sites/MigrationFileServer/Clients/CL1002_Clinique_Saint-Aubin/03_Factures/2026/Facture_CL1002_202604.pdf,Facture_CL1002_202604.pdf,pdf,1705,Document,Migrated,MIGRATED,,,SRC-42753172,da45e18a-c221-6b02-fc24-1d0bc9d488b1,2,a09f76b5-a170-b338-3926-3059f28c105d,1,6513270e-269e-0d37-f2a7-4de452e6b438,DEMO-SRV01
\\DEMO-SRV01\FileServer\01_Clients\CL1002_Clinique_Saint-Aubin\03_Factures\2026\Facture_CL1002_202605.pdf,https://m365x71797824.sharepoint.com/sites/MigrationFileServer/Clients/CL1002_Clinique_Saint-Aubin/03_Factures/2026/Facture_CL1002_202605.pdf,Facture_CL1002_202605.pdf,pdf,1705,Document,Migrated,MIGRATED,,,SRC-59756628,d17e4497-3d48-82a5-ce5b-2a9231f51707,2,a09f76b5-a170-b338-3926-3059f28c105d,1,6513270e-269e-0d37-f2a7-4de452e6b438,DEMO-SRV01
\\DEMO-SRV01\FileServer\01_Clients\CL1002_Clinique_Saint-Aubin\04_Correspondance\Echange_01.eml.txt,https://m365x71797824.sharepoint.com/sites/MigrationFileServer/Clients/CL1002_Clinique_Saint-Aubin/04_Correspondance/Echange_01.eml.txt,Echange_01.eml.txt,txt,106,Document,Migrated,MIGRATED,,,SRC-95555850,3a0b9965-cda6-c6fd-bd68-516766934036,2,a09f76b5-a170-b338-3926-3059f28c105d,1,6513270e-269e-0d37-f2a7-4de452e6b438,DEMO-SRV01
\\DEMO-SRV01\FileServer\01_Clients\CL1002_Clinique_Saint-Aubin\04_Correspondance\Echange_02.eml.txt,https://m365x71797824.sharepoint.com/sites/MigrationFileServer/Clients/CL1002_Clinique_Saint-Aubin/04_Correspondance/Echange_02.eml.txt,Echange_02.eml.txt,txt,106,Document,Migrated,MIGRATED,,,SRC-17268391,5b06258e-7e26-f36a-8483-f8b8332dd331,2,a09f76b5-a170-b338-3926-3059f28c105d,1,6513270e-269e-0d37-f2a7-4de452e6b438,DEMO-SRV01
\\DEMO-SRV01\FileServer\01_Clients\CL1002_Clinique_Saint-Aubin\05_Projets\Audit_securite\Compte_rendu_COPIL.docx,https://m365x71797824.sharepoint.com/sites/MigrationFileServer/Clients/CL1002_Clinique_Saint-Aubin/05_Projets/Audit_securite/Compte_rendu_COPIL.docx,Compte_rendu_COPIL.docx,docx,36732,Document,Migrated,MIGRATED,,,SRC-19621977,0726e25c-fd56-a926-076b-3e36bb2313f5,2,a09f76b5-a170-b338-3926-3059f28c105d,1,6513270e-269e-0d37-f2a7-4de452e6b438,DEMO-SRV01
\\DEMO-SRV01\FileServer\01_Clients\CL1002_Clinique_Saint-Aubin\05_Projets\Audit_securite\Planning_Audit_securite.xlsx,https://m365x71797824.sharepoint.com/sites/MigrationFileServer/Clients/CL1002_Clinique_Saint-Aubin/05_Projets/Audit_securite/Planning_Audit_securite.xlsx,Planning_Audit_securite.xlsx,xlsx,5136,Document,Migrated,MIGRATED,,,SRC-71180536,42594052-78e4-b98d-4787-f93bca44eb86,2,a09f76b5-a170-b338-3926-3059f28c105d,1,6513270e-269e-0d37-f2a7-4de452e6b438,DEMO-SRV01
\\DEMO-SRV01\FileServer\01_Clients\CL1002_Clinique_Saint-Aubin\05_Projets\Audit_securite\Presentation_lancement_Audit_securite.pptx,https://m365x71797824.sharepoint.com/sites/MigrationFileServer/Clients/CL1002_Clinique_Saint-Aubin/05_Projets/Audit_securite/Presentation_lancement_Audit_securite.pptx,Presentation_lancement_Audit_securite.pptx,pptx,29174,Document,Migrated,MIGRATED,,,SRC-36033588,f4de2c08-9aea-6429-b149-1e243192b704,2,a09f76b5-a170-b338-3926-3059f28c105d,1,6513270e-269e-0d37-f2a7-4de452e6b438,DEMO-SRV01
\\DEMO-SRV01\FileServer\01_Clients\CL1002_Clinique_Saint-Aubin\05_Projets\Refonte_site_web\Compte_rendu_COPIL.docx,https://m365x71797824.sharepoint.com/sites/MigrationFileServer/Clients/CL1002_Clinique_Saint-Aubin/05_Projets/Refonte_site_web/Compte_rendu_COPIL.docx,Compte_rendu_COPIL.docx,docx,36732,Document,Migrated,MIGRATED,,,SRC-59195489,efe09f07-cefe-2a1f-727d-83495822cb77,2,a09f76b5-a170-b338-3926-3059f28c105d,1,6513270e-269e-0d37-f2a7-4de452e6b438,DEMO-SRV01
\\DEMO-SRV01\FileServer\01_Clients\CL1002_Clinique_Saint-Aubin\05_Projets\Refonte_site_web\Planning_Refonte_site_web.xlsx,https://m365x71797824.sharepoint.com/sites/MigrationFileServer/Clients/CL1002_Clinique_Saint-Aubin/05_Projets/Refonte_site_web/Planning_Refonte_site_web.xlsx,Planning_Refonte_site_web.xlsx,xlsx,5134,Document,Migrated,MIGRATED,,,SRC-67613696,f47aebdd-597a-1ecf-fcf0-0fecb91ee9e5,2,a09f76b5-a170-b338-3926-3059f28c105d,1,6513270e-269e-0d37-f2a7-4de452e6b438,DEMO-SRV01
\\DEMO-SRV01\FileServer\01_Clients\CL1002_Clinique_Saint-Aubin\05_Projets\Refonte_site_web\Presentation_lancement_Refonte_site_web.pptx,https://m365x71797824.sharepoint.com/sites/MigrationFileServer/Clients/CL1002_Clinique_Saint-Aubin/05_Projets/Refonte_site_web/Presentation_lancement_Refonte_site_web.pptx,Presentation_lancement_Refonte_site_web.pptx,pptx,29177,Document,Migrated,MIGRATED,,,SRC-76109526,38703800-149e-259b-5d58-c705f979d04a,2,a09f76b5-a170-b338-3926-3059f28c105d,1,6513270e-269e-0d37-f2a7-4de452e6b438,DEMO-SRV01
\\DEMO-SRV01\FileServer\01_Clients\CL1003_Hôtel_des_Tilleuls\01_Contrats\Contrat_cadre_CL1003_2018.docx,https://m365x71797824.sharepoint.com/sites/MigrationFileServer/Clients/CL1003_Hôtel_des_Tilleuls/01_Contrats/Contrat_cadre_CL1003_2018.docx,Contrat_cadre_CL1003_2018.docx,docx,36787,Document,Migrated,MIGRATED,,,SRC-81292017,325b55dd-7857-2976-3a12-917c1a26f889,2,a09f76b5-a170-b338-3926-3059f28c105d,1,6513270e-269e-0d37-f2a7-4de452e6b438,DEMO-SRV01
\\DEMO-SRV01\FileServer\01_Clients\CL1003_Hôtel_des_Tilleuls\01_Contrats\Contrat_cadre_CL1003_2018_signe.pdf,https://m365x71797824.sharepoint.com/sites/MigrationFileServer/Clients/CL1003_Hôtel_des_Tilleuls/01_Contrats/Contrat_cadre_CL1003_2018_signe.pdf,Contrat_cadre_CL1003_2018_signe.pdf,pdf,1659,Document,Migrated,MIGRATED,,,SRC-43869065,9fc2d0a1-7b8f-2ab5-3451-d0135675f6ad,2,a09f76b5-a170-b338-3926-3059f28c105d,1,6513270e-269e-0d37-f2a7-4de452e6b438,DEMO-SRV01
\\DEMO-SRV01\FileServer\01_Clients\CL1003_Hôtel_des_Tilleuls\02_Devis\Devis_CL1003_2021-01.docx,https://m365x71797824.sharepoint.com/sites/MigrationFileServer/Clients/CL1003_Hôtel_des_Tilleuls/02_Devis/Devis_CL1003_2021-01.docx,Devis_CL1003_2021-01.docx,docx,36750,Document,Migrated,MIGRATED,,,SRC-37988999,d726c86b-9c3a-23cd-e67a-9b75fc394724,2,a09f76b5-a170-b338-3926-3059f28c105d,1,6513270e-269e-0d37-f2a7-4de452e6b438,DEMO-SRV01
\\DEMO-SRV01\FileServer\01_Clients\CL1003_Hôtel_des_Tilleuls\02_Devis\Devis_CL1003_2021-02.docx,https://m365x71797824.sharepoint.com/sites/MigrationFileServer/Clients/CL1003_Hôtel_des_Tilleuls/02_Devis/Devis_CL1003_2021-02.docx,Devis_CL1003_2021-02.docx,docx,36746,Document,Migrated,MIGRATED,,,SRC-14691760,a72991b9-e8c1-4743-7abe-c539007d1034,2,a09f76b5-a170-b338-3926-3059f28c105d,1,6513270e-269e-0d37-f2a7-4de452e6b438,DEMO-SRV01
\\DEMO-SRV01\FileServer\01_Clients\CL1003_Hôtel_des_Tilleuls\02_Devis\Modele_devis - Copie.docx,https://m365x71797824.sharepoint.com/sites/MigrationFileServer/Clients/CL1003_Hôtel_des_Tilleuls/02_Devis/Modele_devis - Copie.docx,Modele_devis - Copie.docx,docx,36722,Document,Migrated,MIGRATED,,,SRC-40231422,15b40aeb-a4a4-5eff-ccb5-73d95810d60e,2,a09f76b5-a170-b338-3926-3059f28c105d,1,6513270e-269e-0d37-f2a7-4de452e6b438,DEMO-SRV01
\\DEMO-SRV01\FileServer\01_Clients\CL1003_Hôtel_des_Tilleuls\03_Factures\2024\Facture_CL1003_202404.pdf,https://m365x71797824.sharepoint.com/sites/MigrationFileServer/Clients/CL1003_Hôtel_des_Tilleuls/03_Factures/2024/Facture_CL1003_202404.pdf,Facture_CL1003_202404.pdf,pdf,1708,Document,Migrated,MIGRATED,,,SRC-22717779,e8e72789-1eb2-0109-a91c-2439d5ab8b4d,2,a09f76b5-a170-b338-3926-3059f28c105d,1,6513270e-269e-0d37-f2a7-4de452e6b438,DEMO-SRV01
\\DEMO-SRV01\FileServer\01_Clients\CL1003_Hôtel_des_Tilleuls\03_Factures\2024\Facture_CL1003_202409.pdf,https://m365x71797824.sharepoint.com/sites/MigrationFileServer/Clients/CL1003_Hôtel_des_Tilleuls/03_Factures/2024/Facture_CL1003_202409.pdf,Facture_CL1003_202409.pdf,pdf,1707,Document,Migrated,MIGRATED,,,SRC-54521363,c0093492-b624-6771-c845-007063771407,2,a09f76b5-a170-b338-3926-3059f28c105d,1,6513270e-269e-0d37-f2a7-4de452e6b438,DEMO-SRV01
\\DEMO-SRV01\FileServer\01_Clients\CL1003_Hôtel_des_Tilleuls\03_Factures\2024\Facture_CL1003_202412.pdf,https://m365x71797824.sharepoint.com/sites/MigrationFileServer/Clients/CL1003_Hôtel_des_Tilleuls/03_Factures/2024/Facture_CL1003_202412.pdf,Facture_CL1003_202412.pdf,pdf,1707,Document,Migrated,MIGRATED,,,SRC-18246462,2db3997f-e396-39be-7a60-5a91330698a1,2,a09f76b5-a170-b338-3926-3059f28c105d,1,6513270e-269e-0d37-f2a7-4de452e6b438,DEMO-SRV01
\\DEMO-SRV01\FileServer\01_Clients\CL1003_Hôtel_des_Tilleuls\03_Factures\2025\Facture_CL1003_202506.pdf,https://m365x71797824.sharepoint.com/sites/MigrationFileServer/Clients/CL1003_Hôtel_des_Tilleuls/03_Factures/2025/Facture_CL1003_202506.pdf,Facture_CL1003_202506.pdf,pdf,1708,Document,Migrated,MIGRATED,,,SRC-14117431,551fd8f9-a2c6-8e45-ca04-c79f6f15b6ad,2,a09f76b5-a170-b338-3926-3059f28c105d,1,6513270e-269e-0d37-f2a7-4de452e6b438,DEMO-SRV01
\\DEMO-SRV01\FileServer\01_Clients\CL1003_Hôtel_des_Tilleuls\03_Factures\2025\Facture_CL1003_202508.pdf,https://m365x71797824.sharepoint.com/sites/MigrationFileServer/Clients/CL1003_Hôtel_des_Tilleuls/03_Factures/2025/Facture_CL1003_202508.pdf,Facture_CL1003_202508.pdf,pdf,1708,Document,Migrated,MIGRATED,,,SRC-42313429,f8be8831-f237-e45a-cd02-c5e116353d03,2,a09f76b5-a170-b338-3926-3059f28c105d,1,6513270e-269e-0d37-f2a7-4de452e6b438,DEMO-SRV01
\\DEMO-SRV01\FileServer\01_Clients\CL1003_Hôtel_des_Tilleuls\03_Factures\2025\Facture_CL1003_202510.pdf,https://m365x71797824.sharepoint.com/sites/MigrationFileServer/Clients/CL1003_Hôtel_des_Tilleuls/03_Factures/2025/Facture_CL1003_202510.pdf,Facture_CL1003_202510.pdf,pdf,1708,Document,Migrated,MIGRATED,,,SRC-12691851,66c1494e-7691-b06f-6555-abfeb8c9817a,2,a09f76b5-a170-b338-3926-3059f28c105d,1,6513270e-269e-0d37-f2a7-4de452e6b438,DEMO-SRV01
\\DEMO-SRV01\FileServer\01_Clients\CL1003_Hôtel_des_Tilleuls\03_Factures\2025\Facture_CL1003_202511.pdf,https://m365x71797824.sharepoint.com/sites/MigrationFileServer/Clients/CL1003_Hôtel_des_Tilleuls/03_Factures/2025/Facture_CL1003_202511.pdf,Facture_CL1003_202511.pdf,pdf,1707,Document,Migrated,MIGRATED,,,SRC-20311549,b98c67c2-15bd-448f-f261-49edbe4c5ce6,2,a09f76b5-a170-b338-3926-3059f28c105d,1,6513270e-269e-0d37-f2a7-4de452e6b438,DEMO-SRV01
\\DEMO-SRV01\FileServer\01_Clients\CL1003_Hôtel_des_Tilleuls\03_Factures\2025\Facture_CL1003_202512.pdf,https://m365x71797824.sharepoint.com/sites/MigrationFileServer/Clients/CL1003_Hôtel_des_Tilleuls/03_Factures/2025/Facture_CL1003_202512.pdf,Facture_CL1003_202512.pdf,pdf,1705,Document,Migrated,MIGRATED,,,SRC-2926164,20859634-fe3c-9c8f-2b85-5c1f28aaca51,3,a09f76b5-a170-b338-3926-3059f28c105d,1,6513270e-269e-0d37-f2a7-4de452e6b438,DEMO-SRV01
\\DEMO-SRV01\FileServer\01_Clients\CL1003_Hôtel_des_Tilleuls\03_Factures\2026\Facture_CL1003_202601.pdf,https://m365x71797824.sharepoint.com/sites/MigrationFileServer/Clients/CL1003_Hôtel_des_Tilleuls/03_Factures/2026/Facture_CL1003_202601.pdf,Facture_CL1003_202601.pdf,pdf,1708,Document,Migrated,MIGRATED,,,SRC-71165650,e7a46309-973f-7986-26b1-cffc070d7109,3,a09f76b5-a170-b338-3926-3059f28c105d,1,6513270e-269e-0d37-f2a7-4de452e6b438,DEMO-SRV01
\\DEMO-SRV01\FileServer\01_Clients\CL1003_Hôtel_des_Tilleuls\03_Factures\2026\Facture_CL1003_202602.pdf,https://m365x71797824.sharepoint.com/sites/MigrationFileServer/Clients/CL1003_Hôtel_des_Tilleuls/03_Factures/2026/Facture_CL1003_202602.pdf,Facture_CL1003_202602.pdf,pdf,1708,Document,Migrated,MIGRATED,,,SRC-91163405,256badf9-a7e6-529b-ce76-e9f477216e9e,3,a09f76b5-a170-b338-3926-3059f28c105d,1,6513270e-269e-0d37-f2a7-4de452e6b438,DEMO-SRV01
\\DEMO-SRV01\FileServer\01_Clients\CL1003_Hôtel_des_Tilleuls\03_Factures\2026\Facture_CL1003_202603.pdf,https://m365x71797824.sharepoint.com/sites/MigrationFileServer/Clients/CL1003_Hôtel_des_Tilleuls/03_Factures/2026/Facture_CL1003_202603.pdf,Facture_CL1003_202603.pdf,pdf,1709,Document,Migrated,MIGRATED,,,SRC-27651817,faf55496-988a-f3fb-d396-30d69c9011ef,3,a09f76b5-a170-b338-3926-3059f28c105d,1,6513270e-269e-0d37-f2a7-4de452e6b438,DEMO-SRV01
\\DEMO-SRV01\FileServer\01_Clients\CL1003_Hôtel_des_Tilleuls\03_Factures\2026\Facture_CL1003_202605.pdf,https://m365x71797824.sharepoint.com/sites/MigrationFileServer/Clients/CL1003_Hôtel_des_Tilleuls/03_Factures/2026/Facture_CL1003_202605.pdf,Facture_CL1003_202605.pdf,pdf,1708,Document,Migrated,MIGRATED,,,SRC-21045469,59b44e92-effd-deea-a842-bc19796f74ad,3,a09f76b5-a170-b338-3926-3059f28c105d,1,6513270e-269e-0d37-f2a7-4de452e6b438,DEMO-SRV01
\\DEMO-SRV01\FileServer\01_Clients\CL1003_Hôtel_des_Tilleuls\04_Correspondance\Echange_01.eml.txt,https://m365x71797824.sharepoint.com/sites/MigrationFileServer/Clients/CL1003_Hôtel_des_Tilleuls/04_Correspondance/Echange_01.eml.txt,Echange_01.eml.txt,txt,106,Document,Migrated,MIGRATED,,,SRC-85949645,2188287e-8c5c-715f-8c74-fc1e27e9e06f,3,a09f76b5-a170-b338-3926-3059f28c105d,1,6513270e-269e-0d37-f2a7-4de452e6b438,DEMO-SRV01
\\DEMO-SRV01\FileServer\01_Clients\CL1003_Hôtel_des_Tilleuls\04_Correspondance\Echange_02.eml.txt,https://m365x71797824.sharepoint.com/sites/MigrationFileServer/Clients/CL1003_Hôtel_des_Tilleuls/04_Correspondance/Echange_02.eml.txt,Echange_02.eml.txt,txt,106,Document,Migrated,MIGRATED,,,SRC-51341697,f88c422b-cca2-a92b-03a5-6cc1057a40b2,3,a09f76b5-a170-b338-3926-3059f28c105d,1,6513270e-269e-0d37-f2a7-4de452e6b438,DEMO-SRV01
\\DEMO-SRV01\FileServer\01_Clients\CL1003_Hôtel_des_Tilleuls\04_Correspondance\Echange_03.eml.txt,https://m365x71797824.sharepoint.com/sites/MigrationFileServer/Clients/CL1003_Hôtel_des_Tilleuls/04_Correspondance/Echange_03.eml.txt,Echange_03.eml.txt,txt,106,Document,Migrated,MIGRATED,,,SRC-20626756,86ce03f9-1a4f-44f9-a651-1445b9f3635c,3,a09f76b5-a170-b338-3926-3059f28c105d,1,6513270e-269e-0d37-f2a7-4de452e6b438,DEMO-SRV01
\\DEMO-SRV01\FileServer\01_Clients\CL1003_Hôtel_des_Tilleuls\04_Correspondance\Echange_04.eml.txt,https://m365x71797824.sharepoint.com/sites/MigrationFileServer/Clients/CL1003_Hôtel_des_Tilleuls/04_Correspondance/Echange_04.eml.txt,Echange_04.eml.txt,txt,106,Document,Migrated,MIGRATED,,,SRC-42549148,6f0e2289-23a5-ef88-ef02-090bbfdefc15,3,a09f76b5-a170-b338-3926-3059f28c105d,1,6513270e-269e-0d37-f2a7-4de452e6b438,DEMO-SRV01
\\DEMO-SRV01\FileServer\01_Clients\CL1003_Hôtel_des_Tilleuls\05_Projets\Refonte_site_web\Compte_rendu_COPIL.docx,https://m365x71797824.sharepoint.com/sites/MigrationFileServer/Clients/CL1003_Hôtel_des_Tilleuls/05_Projets/Refonte_site_web/Compte_rendu_COPIL.docx,Compte_rendu_COPIL.docx,docx,36732,Document,Migrated,MIGRATED,,,SRC-78491242,d37ee915-31de-c4f4-df2a-8b79fc8e80b3,3,a09f76b5-a170-b338-3926-3059f28c105d,1,6513270e-269e-0d37-f2a7-4de452e6b438,DEMO-SRV01
\\DEMO-SRV01\FileServer\01_Clients\CL1003_Hôtel_des_Tilleuls\05_Projets\Refonte_site_web\Planning_Refonte_site_web.xlsx,https://m365x71797824.sharepoint.com/sites/MigrationFileServer/Clients/CL1003_Hôtel_des_Tilleuls/05_Projets/Refonte_site_web/Planning_Refonte_site_web.xlsx,Planning_Refonte_site_web.xlsx,xlsx,5135,Document,Migrated,MIGRATED,,,SRC-46304221,40783f0a-072a-98d2-3606-defcdfb85c0d,3,a09f76b5-a170-b338-3926-3059f28c105d,1,6513270e-269e-0d37-f2a7-4de452e6b438,DEMO-SRV01
\\DEMO-SRV01\FileServer\01_Clients\CL1003_Hôtel_des_Tilleuls\05_Projets\Refonte_site_web\Presentation_lancement_Refonte_site_web.pptx,https://m365x71797824.sharepoint.com/sites/MigrationFileServer/Clients/CL1003_Hôtel_des_Tilleuls/05_Projets/Refonte_site_web/Presentation_lancement_Refonte_site_web.pptx,Presentation_lancement_Refonte_site_web.pptx,pptx,29176,Document,Migrated,MIGRATED,,,SRC-67094321,3d93fd4c-804c-25d6-4aff-dcd13678bc8d,3,a09f76b5-a170-b338-3926-3059f28c105d,1,6513270e-269e-0d37-f2a7-4de452e6b438,DEMO-SRV01
\\DEMO-SRV01\FileServer\01_Clients\CL1003_Hôtel_des_Tilleuls\05_Projets\Tableau_de_bord\Compte_rendu_COPIL.docx,https://m365x71797824.sharepoint.com/sites/MigrationFileServer/Clients/CL1003_Hôtel_des_Tilleuls/05_Projets/Tableau_de_bord/Compte_rendu_COPIL.docx,Compte_rendu_COPIL.docx,docx,36732,Document,Migrated,MIGRATED,,,SRC-81036679,4265bb31-5374-0902-9620-bf0dc38084a0,3,a09f76b5-a170-b338-3926-3059f28c105d,1,6513270e-269e-0d37-f2a7-4de452e6b438,DEMO-SRV01
\\DEMO-SRV01\FileServer\01_Clients\CL1003_Hôtel_des_Tilleuls\05_Projets\Tableau_de_bord\Planning_Tableau_de_bord.xlsx,https://m365x71797824.sharepoint.com/sites/MigrationFileServer/Clients/CL1003_Hôtel_des_Tilleuls/05_Projets/Tableau_de_bord/Planning_Tableau_de_bord.xlsx,Planning_Tableau_de_bord.xlsx,xlsx,5141,Document,Migrated,MIGRATED,,,SRC-19685178,218e0b7b-d58d-cdb4-6b44-68068b5ab3ee,3,a09f76b5-a170-b338-3926-3059f28c105d,1,6513270e-269e-0d37-f2a7-4de452e6b438,DEMO-SRV01
\\DEMO-SRV01\FileServer\01_Clients\CL1003_Hôtel_des_Tilleuls\05_Projets\Tableau_de_bord\Presentation_lancement_Tableau_de_bord.pptx,https://m365x71797824.sharepoint.com/sites/MigrationFileServer/Clients/CL1003_Hôtel_des_Tilleuls/05_Projets/Tableau_de_bord/Presentation_lancement_Tableau_de_bord.pptx,Presentation_lancement_Tableau_de_bord.pptx,pptx,29177,Document,Migrated,MIGRATED,,,SRC-34908079,5a9196f0-bd6b-881a-e8f6-e0bd0f977044,3,a09f76b5-a170-b338-3926-3059f28c105d,1,6513270e-269e-0d37-f2a7-4de452e6b438,DEMO-SRV01
\\DEMO-SRV01\FileServer\01_Clients\CL1004_Menuiserie_Kerbrat\01_Contrats\Contrat_cadre_CL1004_2022.docx,https://m365x71797824.sharepoint.com/sites/MigrationFileServer/Clients/CL1004_Menuiserie_Kerbrat/01_Contrats/Contrat_cadre_CL1004_2022.docx,Contrat_cadre_CL1004_2022.docx,docx,36784,Document,Migrated,MIGRATED,,,SRC-10588248,9556585e-a997-f351-754a-09cde5cfedfa,3,a09f76b5-a170-b338-3926-3059f28c105d,1,6513270e-269e-0d37-f2a7-4de452e6b438,DEMO-SRV01
\\DEMO-SRV01\FileServer\01_Clients\CL1004_Menuiserie_Kerbrat\01_Contrats\Contrat_cadre_CL1004_2022_signe.pdf,https://m365x71797824.sharepoint.com/sites/MigrationFileServer/Clients/CL1004_Menuiserie_Kerbrat/01_Contrats/Contrat_cadre_CL1004_2022_signe.pdf,Contrat_cadre_CL1004_2022_signe.pdf,pdf,1665,Document,Migrated,MIGRATED,,,SRC-73697749,6bae4b5b-844a-7034-e77f-fe48d0a6ec17,3,a09f76b5-a170-b338-3926-3059f28c105d,1,6513270e-269e-0d37-f2a7-4de452e6b438,DEMO-SRV01
\\DEMO-SRV01\FileServer\01_Clients\CL1004_Menuiserie_Kerbrat\02_Devis\Devis_CL1004_2023-01.docx,https://m365x71797824.sharepoint.com/sites/MigrationFileServer/Clients/CL1004_Menuiserie_Kerbrat/02_Devis/Devis_CL1004_2023-01.docx,Devis_CL1004_2023-01.docx,docx,36746,Document,Migrated,MIGRATED,,,SRC-75168293,806c10b5-e0cf-ab4c-eaef-c4d2d3bf6d01,3,a09f76b5-a170-b338-3926-3059f28c105d,1,6513270e-269e-0d37-f2a7-4de452e6b438,DEMO-SRV01
\\DEMO-SRV01\FileServer\01_Clients\CL1004_Menuiserie_Kerbrat\02_Devis\Devis_CL1004_2025-02.docx,https://m365x71797824.sharepoint.com/sites/MigrationFileServer/Clients/CL1004_Menuiserie_Kerbrat/02_Devis/Devis_CL1004_2025-02.docx,Devis_CL1004_2025-02.docx,docx,36751,Document,Migrated,MIGRATED,,,SRC-48866503,86048719-26de-bfdb-8825-ae562179b37d,3,a09f76b5-a170-b338-3926-3059f28c105d,1,6513270e-269e-0d37-f2a7-4de452e6b438,DEMO-SRV01
\\DEMO-SRV01\FileServer\01_Clients\CL1004_Menuiserie_Kerbrat\03_Factures\2024\Facture_CL1004_202403.pdf,https://m365x71797824.sharepoint.com/sites/MigrationFileServer/Clients/CL1004_Menuiserie_Kerbrat/03_Factures/2024/Facture_CL1004_202403.pdf,Facture_CL1004_202403.pdf,pdf,1703,Document,Migrated,MIGRATED,,,SRC-82252765,70ac06ac-df70-3017-04c9-d78d82b33599,3,a09f76b5-a170-b338-3926-3059f28c105d,1,6513270e-269e-0d37-f2a7-4de452e6b438,DEMO-SRV01
\\DEMO-SRV01\FileServer\01_Clients\CL1004_Menuiserie_Kerbrat\03_Factures\2024\Facture_CL1004_202406.pdf,https://m365x71797824.sharepoint.com/sites/MigrationFileServer/Clients/CL1004_Menuiserie_Kerbrat/03_Factures/2024/Facture_CL1004_202406.pdf,Facture_CL1004_202406.pdf,pdf,1703,Document,Migrated,MIGRATED,,,SRC-69557878,0101b811-9bca-3cb7-2ee0-289dc6c91b92,3,a09f76b5-a170-b338-3926-3059f28c105d,1,6513270e-269e-0d37-f2a7-4de452e6b438,DEMO-SRV01
\\DEMO-SRV01\FileServer\01_Clients\CL1004_Menuiserie_Kerbrat\03_Factures\2024\Facture_CL1004_202408.pdf,https://m365x71797824.sharepoint.com/sites/MigrationFileServer/Clients/CL1004_Menuiserie_Kerbrat/03_Factures/2024/Facture_CL1004_202408.pdf,Facture_CL1004_202408.pdf,pdf,1705,Document,Migrated,MIGRATED,,,SRC-69650207,2c1eea1f-2659-74a7-cc96-6f46c6aa7d55,3,a09f76b5-a170-b338-3926-3059f28c105d,1,6513270e-269e-0d37-f2a7-4de452e6b438,DEMO-SRV01
\\DEMO-SRV01\FileServer\01_Clients\CL1004_Menuiserie_Kerbrat\03_Factures\2024\Facture_CL1004_202412.pdf,https://m365x71797824.sharepoint.com/sites/MigrationFileServer/Clients/CL1004_Menuiserie_Kerbrat/03_Factures/2024/Facture_CL1004_202412.pdf,Facture_CL1004_202412.pdf,pdf,1703,Document,Migrated,MIGRATED,,,SRC-93651230,b9a6442e-9e7d-6b37-7936-d536243d3570,3,a09f76b5-a170-b338-3926-3059f28c105d,1,6513270e-269e-0d37-f2a7-4de452e6b438,DEMO-SRV01
\\DEMO-SRV01\FileServer\01_Clients\CL1004_Menuiserie_Kerbrat\03_Factures\2025\Facture_CL1004_202502.pdf,https://m365x71797824.sharepoint.com/sites/MigrationFileServer/Clients/CL1004_Menuiserie_Kerbrat/03_Factures/2025/Facture_CL1004_202502.pdf,Facture_CL1004_202502.pdf,pdf,1703,Document,Migrated,MIGRATED,,,SRC-15975297,537390e5-0fcf-31ca-8e75-2fdf1ece615d,3,a09f76b5-a170-b338-3926-3059f28c105d,1,6513270e-269e-0d37-f2a7-4de452e6b438,DEMO-SRV01
\\DEMO-SRV01\FileServer\01_Clients\CL1004_Menuiserie_Kerbrat\03_Factures\2025\Facture_CL1004_202506.pdf,https://m365x71797824.sharepoint.com/sites/MigrationFileServer/Clients/CL1004_Menuiserie_Kerbrat/03_Factures/2025/Facture_CL1004_202506.pdf,Facture_CL1004_202506.pdf,pdf,1704,Document,Migrated,MIGRATED,,,SRC-73110501,8e317041-87dd-aeb7-84b2-8054aead44b0,3,a09f76b5-a170-b338-3926-3059f28c105d,1,6513270e-269e-0d37-f2a7-4de452e6b438,DEMO-SRV01
\\DEMO-SRV01\FileServer\01_Clients\CL1004_Menuiserie_Kerbrat\03_Factures\2025\Facture_CL1004_202508.pdf,https://m365x71797824.sharepoint.com/sites/MigrationFileServer/Clients/CL1004_Menuiserie_Kerbrat/03_Factures/2025/Facture_CL1004_202508.pdf,Facture_CL1004_202508.pdf,pdf,1704,Document,Migrated,MIGRATED,,,SRC-72264519,1b29fc99-c6c8-0e2b-c8c6-14b27b8444d1,3,a09f76b5-a170-b338-3926-3059f28c105d,1,6513270e-269e-0d37-f2a7-4de452e6b438,DEMO-SRV01
\\DEMO-SRV01\FileServer\01_Clients\CL1004_Menuiserie_Kerbrat\03_Factures\2025\Facture_CL1004_202510.pdf,https://m365x71797824.sharepoint.com/sites/MigrationFileServer/Clients/CL1004_Menuiserie_Kerbrat/03_Factures/2025/Facture_CL1004_202510.pdf,Facture_CL1004_202510.pdf,pdf,1704,Document,Migrated,MIGRATED,,,SRC-92875168,3f9d52f9-0e8b-ec94-8f6f-915fe21b37ca,3,a09f76b5-a170-b338-3926-3059f28c105d,1,6513270e-269e-0d37-f2a7-4de452e6b438,DEMO-SRV01
\\DEMO-SRV01\FileServer\01_Clients\CL1004_Menuiserie_Kerbrat\03_Factures\2025\Facture_CL1004_202512.pdf,https://m365x71797824.sharepoint.com/sites/MigrationFileServer/Clients/CL1004_Menuiserie_Kerbrat/03_Factures/2025/Facture_CL1004_202512.pdf,Facture_CL1004_202512.pdf,pdf,1703,Document,Failed,UPLOAD FAILURE,Failed to upload the package to Azure storage: the operation has timed out,SIMUL-UPLOAD,SRC-69888457,,3,a09f76b5-a170-b338-3926-3059f28c105d,1,6513270e-269e-0d37-f2a7-4de452e6b438,DEMO-SRV01
\\DEMO-SRV01\FileServer\01_Clients\CL1004_Menuiserie_Kerbrat\03_Factures\2026\Facture_CL1004_202601.pdf,https://m365x71797824.sharepoint.com/sites/MigrationFileServer/Clients/CL1004_Menuiserie_Kerbrat/03_Factures/2026/Facture_CL1004_202601.pdf,Facture_CL1004_202601.pdf,pdf,1704,Document,Migrated,MIGRATED,,,SRC-74020964,c5b2e75a-0acd-8be1-46e4-099030f97058,3,a09f76b5-a170-b338-3926-3059f28c105d,1,6513270e-269e-0d37-f2a7-4de452e6b438,DEMO-SRV01
\\DEMO-SRV01\FileServer\01_Clients\CL1004_Menuiserie_Kerbrat\03_Factures\2026\Facture_CL1004_202603.pdf,https://m365x71797824.sharepoint.com/sites/MigrationFileServer/Clients/CL1004_Menuiserie_Kerbrat/03_Factures/2026/Facture_CL1004_202603.pdf,Facture_CL1004_202603.pdf,pdf,1703,Document,Migrated,MIGRATED,,,SRC-10417994,8fcd7f40-73c1-cd2c-81f9-8b521905d591,3,a09f76b5-a170-b338-3926-3059f28c105d,1,6513270e-269e-0d37-f2a7-4de452e6b438,DEMO-SRV01
\\DEMO-SRV01\FileServer\01_Clients\CL1004_Menuiserie_Kerbrat\03_Factures\2026\Facture_CL1004_202604.pdf,https://m365x71797824.sharepoint.com/sites/MigrationFileServer/Clients/CL1004_Menuiserie_Kerbrat/03_Factures/2026/Facture_CL1004_202604.pdf,Facture_CL1004_202604.pdf,pdf,1703,Document,Migrated,MIGRATED,,,SRC-39843848,e998d0ee-e4dd-f9b9-c28e-e907072235c2,3,a09f76b5-a170-b338-3926-3059f28c105d,1,6513270e-269e-0d37-f2a7-4de452e6b438,DEMO-SRV01
\\DEMO-SRV01\FileServer\01_Clients\CL1004_Menuiserie_Kerbrat\03_Factures\2026\Facture_CL1004_202606.pdf,https://m365x71797824.sharepoint.com/sites/MigrationFileServer/Clients/CL1004_Menuiserie_Kerbrat/03_Factures/2026/Facture_CL1004_202606.pdf,Facture_CL1004_202606.pdf,pdf,1703,Document,Migrated,MIGRATED,,,SRC-23983288,9ccea098-535b-6a43-7178-ba0a1038f0b5,3,a09f76b5-a170-b338-3926-3059f28c105d,1,6513270e-269e-0d37-f2a7-4de452e6b438,DEMO-SRV01
\\DEMO-SRV01\FileServer\01_Clients\CL1004_Menuiserie_Kerbrat\03_Factures\2026\Facture_CL1004_202607.pdf,https://m365x71797824.sharepoint.com/sites/MigrationFileServer/Clients/CL1004_Menuiserie_Kerbrat/03_Factures/2026/Facture_CL1004_202607.pdf,Facture_CL1004_202607.pdf,pdf,1704,Document,Migrated,MIGRATED,,,SRC-84869051,831d03bf-9b2b-d6c0-816b-ee06f92e2339,3,a09f76b5-a170-b338-3926-3059f28c105d,1,6513270e-269e-0d37-f2a7-4de452e6b438,DEMO-SRV01
\\DEMO-SRV01\FileServer\01_Clients\CL1004_Menuiserie_Kerbrat\03_Factures\2026\Facture_CL1004_202608.pdf,https://m365x71797824.sharepoint.com/sites/MigrationFileServer/Clients/CL1004_Menuiserie_Kerbrat/03_Factures/2026/Facture_CL1004_202608.pdf,Facture_CL1004_202608.pdf,pdf,1705,Document,Migrated,MIGRATED,,,SRC-67226556,73ccef03-46f5-a1b4-b156-d1ad330c16a3,3,a09f76b5-a170-b338-3926-3059f28c105d,1,6513270e-269e-0d37-f2a7-4de452e6b438,DEMO-SRV01
\\DEMO-SRV01\FileServer\01_Clients\CL1004_Menuiserie_Kerbrat\04_Correspondance\Echange_01.eml.txt,https://m365x71797824.sharepoint.com/sites/MigrationFileServer/Clients/CL1004_Menuiserie_Kerbrat/04_Correspondance/Echange_01.eml.txt,Echange_01.eml.txt,txt,106,Document,Migrated,MIGRATED,,,SRC-34828295,7a609683-ceaf-4915-8885-64e88216858f,3,a09f76b5-a170-b338-3926-3059f28c105d,1,6513270e-269e-0d37-f2a7-4de452e6b438,DEMO-SRV01
\\DEMO-SRV01\FileServer\01_Clients\CL1004_Menuiserie_Kerbrat\04_Correspondance\Echange_02.eml.txt,https://m365x71797824.sharepoint.com/sites/MigrationFileServer/Clients/CL1004_Menuiserie_Kerbrat/04_Correspondance/Echange_02.eml.txt,Echange_02.eml.txt,txt,106,Document,Migrated,MIGRATED,,,SRC-22720080,b2fff17b-3f66-5ede-f106-37ce81fc069e,3,a09f76b5-a170-b338-3926-3059f28c105d,1,6513270e-269e-0d37-f2a7-4de452e6b438,DEMO-SRV01
\\DEMO-SRV01\FileServer\01_Clients\CL1004_Menuiserie_Kerbrat\04_Correspondance\Echange_03.eml.txt,https://m365x71797824.sharepoint.com/sites/MigrationFileServer/Clients/CL1004_Menuiserie_Kerbrat/04_Correspondance/Echange_03.eml.txt,Echange_03.eml.txt,txt,106,Document,Migrated,MIGRATED,,,SRC-92766173,f132bf2d-e040-015c-e064-a11485f1115b,3,a09f76b5-a170-b338-3926-3059f28c105d,1,6513270e-269e-0d37-f2a7-4de452e6b438,DEMO-SRV01
\\DEMO-SRV01\FileServer\01_Clients\CL1004_Menuiserie_Kerbrat\04_Correspondance\Echange_04.eml.txt,https://m365x71797824.sharepoint.com/sites/MigrationFileServer/Clients/CL1004_Menuiserie_Kerbrat/04_Correspondance/Echange_04.eml.txt,Echange_04.eml.txt,txt,106,Document,Migrated,MIGRATED,,,SRC-28647934,8f3c4be3-ec3b-9605-4274-a3ebed84e91e,3,a09f76b5-a170-b338-3926-3059f28c105d,1,6513270e-269e-0d37-f2a7-4de452e6b438,DEMO-SRV01
\\DEMO-SRV01\FileServer\01_Clients\CL1004_Menuiserie_Kerbrat\05_Projets\Audit_securite\Compte_rendu_COPIL.docx,https://m365x71797824.sharepoint.com/sites/MigrationFileServer/Clients/CL1004_Menuiserie_Kerbrat/05_Projets/Audit_securite/Compte_rendu_COPIL.docx,Compte_rendu_COPIL.docx,docx,36732,Document,Migrated,MIGRATED,,,SRC-87038964,d70a39d1-33dc-d77f-f179-f2d2e48b9662,3,a09f76b5-a170-b338-3926-3059f28c105d,1,6513270e-269e-0d37-f2a7-4de452e6b438,DEMO-SRV01
\\DEMO-SRV01\FileServer\01_Clients\CL1004_Menuiserie_Kerbrat\05_Projets\Audit_securite\Planning_Audit_securite.xlsx,https://m365x71797824.sharepoint.com/sites/MigrationFileServer/Clients/CL1004_Menuiserie_Kerbrat/05_Projets/Audit_securite/Planning_Audit_securite.xlsx,Planning_Audit_securite.xlsx,xlsx,5141,Document,Migrated,MIGRATED,,,SRC-45858075,1f229dd0-6aa8-b9e0-231b-3e14729135bd,3,a09f76b5-a170-b338-3926-3059f28c105d,1,6513270e-269e-0d37-f2a7-4de452e6b438,DEMO-SRV01
\\DEMO-SRV01\FileServer\01_Clients\CL1004_Menuiserie_Kerbrat\05_Projets\Audit_securite\Presentation_lancement_Audit_securite.pptx,https://m365x71797824.sharepoint.com/sites/MigrationFileServer/Clients/CL1004_Menuiserie_Kerbrat/05_Projets/Audit_securite/Presentation_lancement_Audit_securite.pptx,Presentation_lancement_Audit_securite.pptx,pptx,29174,Document,Migrated,MIGRATED,,,SRC-57385337,12926185-50e4-0d54-712e-a6b36471fde4,3,a09f76b5-a170-b338-3926-3059f28c105d,1,6513270e-269e-0d37-f2a7-4de452e6b438,DEMO-SRV01
\\DEMO-SRV01\FileServer\01_Clients\CL1004_Menuiserie_Kerbrat\05_Projets\Deploiement_Teams\Compte_rendu_COPIL.docx,https://m365x71797824.sharepoint.com/sites/MigrationFileServer/Clients/CL1004_Menuiserie_Kerbrat/05_Projets/Deploiement_Teams/Compte_rendu_COPIL.docx,Compte_rendu_COPIL.docx,docx,36733,Document,Migrated,MIGRATED,,,SRC-70206760,12b80aed-6da7-9a87-3d9a-8079abd0d7fb,3,a09f76b5-a170-b338-3926-3059f28c105d,1,6513270e-269e-0d37-f2a7-4de452e6b438,DEMO-SRV01
\\DEMO-SRV01\FileServer\01_Clients\CL1004_Menuiserie_Kerbrat\05_Projets\Deploiement_Teams\Planning_Deploiement_Teams.xlsx,https://m365x71797824.sharepoint.com/sites/MigrationFileServer/Clients/CL1004_Menuiserie_Kerbrat/05_Projets/Deploiement_Teams/Planning_Deploiement_Teams.xlsx,Planning_Deploiement_Teams.xlsx,xlsx,5138,Document,Migrated,MIGRATED,,,SRC-37604048,c8b007ee-4d82-feac-ab62-86cd3672d6ae,3,a09f76b5-a170-b338-3926-3059f28c105d,1,6513270e-269e-0d37-f2a7-4de452e6b438,DEMO-SRV01
\\DEMO-SRV01\FileServer\01_Clients\CL1004_Menuiserie_Kerbrat\05_Projets\Deploiement_Teams\Presentation_lancement_Deploiement_Teams.pptx,https://m365x71797824.sharepoint.com/sites/MigrationFileServer/Clients/CL1004_Menuiserie_Kerbrat/05_Projets/Deploiement_Teams/Presentation_lancement_Deploiement_Teams.pptx,Presentation_lancement_Deploiement_Teams.pptx,pptx,29173,Document,Migrated,MIGRATED,,,SRC-74570695,2789d059-c6e5-0df2-e5a3-863e1f525265,3,a09f76b5-a170-b338-3926-3059f28c105d,1,6513270e-269e-0d37-f2a7-4de452e6b438,DEMO-SRV01
\\DEMO-SRV01\FileServer\01_Clients\CL1005_Laboratoires_Vauclair\01_Contrats\Contrat_cadre_CL1005_2019.docx,https://m365x71797824.sharepoint.com/sites/MigrationFileServer/Clients/CL1005_Laboratoires_Vauclair/01_Contrats/Contrat_cadre_CL1005_2019.docx,Contrat_cadre_CL1005_2019.docx,docx,36787,Document,Migrated,MIGRATED,,,SRC-89118172,a906922f-a4b9-a9c4-b753-a1eef0836085,3,a09f76b5-a170-b338-3926-3059f28c105d,1,6513270e-269e-0d37-f2a7-4de452e6b438,DEMO-SRV01
\\DEMO-SRV01\FileServer\01_Clients\CL1005_Laboratoires_Vauclair\01_Contrats\Contrat_cadre_CL1005_2019_signe.pdf,https://m365x71797824.sharepoint.com/sites/MigrationFileServer/Clients/CL1005_Laboratoires_Vauclair/01_Contrats/Contrat_cadre_CL1005_2019_signe.pdf,Contrat_cadre_CL1005_2019_signe.pdf,pdf,1667,Document,Migrated,MIGRATED,,,SRC-69669268,e2015522-40cb-acd0-249a-45845dbe3023,3,a09f76b5-a170-b338-3926-3059f28c105d,1,6513270e-269e-0d37-f2a7-4de452e6b438,DEMO-SRV01
\\DEMO-SRV01\FileServer\01_Clients\CL1005_Laboratoires_Vauclair\02_Devis\Devis_CL1005_2019-01.docx,https://m365x71797824.sharepoint.com/sites/MigrationFileServer/Clients/CL1005_Laboratoires_Vauclair/02_Devis/Devis_CL1005_2019-01.docx,Devis_CL1005_2019-01.docx,docx,36747,Document,Migrated,MIGRATED,,,SRC-52200888,3836e865-77bd-891f-f7b1-03df23231e1e,3,a09f76b5-a170-b338-3926-3059f28c105d,1,6513270e-269e-0d37-f2a7-4de452e6b438,DEMO-SRV01
\\DEMO-SRV01\FileServer\01_Clients\CL1005_Laboratoires_Vauclair\02_Devis\Devis_CL1005_2022-02.docx,https://m365x71797824.sharepoint.com/sites/MigrationFileServer/Clients/CL1005_Laboratoires_Vauclair/02_Devis/Devis_CL1005_2022-02.docx,Devis_CL1005_2022-02.docx,docx,36747,Document,Migrated,MIGRATED,,,SRC-17672588,65f42986-1818-9af4-f3d7-4f82bf268ea0,3,a09f76b5-a170-b338-3926-3059f28c105d,1,6513270e-269e-0d37-f2a7-4de452e6b438,DEMO-SRV01
\\DEMO-SRV01\FileServer\01_Clients\CL1005_Laboratoires_Vauclair\02_Devis\Devis_CL1005_2022-03.docx,https://m365x71797824.sharepoint.com/sites/MigrationFileServer/Clients/CL1005_Laboratoires_Vauclair/02_Devis/Devis_CL1005_2022-03.docx,Devis_CL1005_2022-03.docx,docx,36748,Document,Migrated,MIGRATED,,,SRC-25676642,fd68373b-29ac-f1a5-7cbd-1f5ae28af604,3,a09f76b5-a170-b338-3926-3059f28c105d,1,6513270e-269e-0d37-f2a7-4de452e6b438,DEMO-SRV01
\\DEMO-SRV01\FileServer\01_Clients\CL1005_Laboratoires_Vauclair\02_Devis\Devis_CL1005_2025-04.docx,https://m365x71797824.sharepoint.com/sites/MigrationFileServer/Clients/CL1005_Laboratoires_Vauclair/02_Devis/Devis_CL1005_2025-04.docx,Devis_CL1005_2025-04.docx,docx,36750,Document,Migrated,MIGRATED,,,SRC-32799560,2955d6f0-3945-336b-d51b-1815aaf719f3,3,a09f76b5-a170-b338-3926-3059f28c105d,1,6513270e-269e-0d37-f2a7-4de452e6b438,DEMO-SRV01
\\DEMO-SRV01\FileServer\01_Clients\CL1005_Laboratoires_Vauclair\03_Factures\2024\Facture_CL1005_202401.pdf,https://m365x71797824.sharepoint.com/sites/MigrationFileServer/Clients/CL1005_Laboratoires_Vauclair/03_Factures/2024/Facture_CL1005_202401.pdf,Facture_CL1005_202401.pdf,pdf,1705,Document,Migrated,MIGRATED,,,SRC-68728647,83feb17b-fe7b-8ae4-6e78-36a4b4d19ec1,3,a09f76b5-a170-b338-3926-3059f28c105d,1,6513270e-269e-0d37-f2a7-4de452e6b438,DEMO-SRV01
\\DEMO-SRV01\FileServer\01_Clients\CL1005_Laboratoires_Vauclair\03_Factures\2024\Facture_CL1005_202402.pdf,https://m365x71797824.sharepoint.com/sites/MigrationFileServer/Clients/CL1005_Laboratoires_Vauclair/03_Factures/2024/Facture_CL1005_202402.pdf,Facture_CL1005_202402.pdf,pdf,1704,Document,Migrated,MIGRATED,,,SRC-83311497,321c5296-6bd8-c676-56d0-50cd67601367,4,a09f76b5-a170-b338-3926-3059f28c105d,1,6513270e-269e-0d37-f2a7-4de452e6b438,DEMO-SRV01
\\DEMO-SRV01\FileServer\01_Clients\CL1005_Laboratoires_Vauclair\03_Factures\2024\Facture_CL1005_202403.pdf,https://m365x71797824.sharepoint.com/sites/MigrationFileServer/Clients/CL1005_Laboratoires_Vauclair/03_Factures/2024/Facture_CL1005_202403.pdf,Facture_CL1005_202403.pdf,pdf,1705,Document,Migrated,MIGRATED,,,SRC-56994902,b8dee081-179a-071e-518a-e4525b4b1b75,4,a09f76b5-a170-b338-3926-3059f28c105d,1,6513270e-269e-0d37-f2a7-4de452e6b438,DEMO-SRV01
\\DEMO-SRV01\FileServer\01_Clients\CL1005_Laboratoires_Vauclair\03_Factures\2024\Facture_CL1005_202404.pdf,https://m365x71797824.sharepoint.com/sites/MigrationFileServer/Clients/CL1005_Laboratoires_Vauclair/03_Factures/2024/Facture_CL1005_202404.pdf,Facture_CL1005_202404.pdf,pdf,1705,Document,Migrated,MIGRATED,,,SRC-27528041,8dd63cb9-5685-d624-04fc-d5555daf106d,4,a09f76b5-a170-b338-3926-3059f28c105d,1,6513270e-269e-0d37-f2a7-4de452e6b438,DEMO-SRV01
\\DEMO-SRV01\FileServer\01_Clients\CL1005_Laboratoires_Vauclair\03_Factures\2024\Facture_CL1005_202405.pdf,https://m365x71797824.sharepoint.com/sites/MigrationFileServer/Clients/CL1005_Laboratoires_Vauclair/03_Factures/2024/Facture_CL1005_202405.pdf,Facture_CL1005_202405.pdf,pdf,1705,Document,Migrated,MIGRATED,,,SRC-83658772,04a10547-b401-ba85-70c1-dca1756b7289,4,a09f76b5-a170-b338-3926-3059f28c105d,1,6513270e-269e-0d37-f2a7-4de452e6b438,DEMO-SRV01
\\DEMO-SRV01\FileServer\01_Clients\CL1005_Laboratoires_Vauclair\03_Factures\2024\Facture_CL1005_202407.pdf,https://m365x71797824.sharepoint.com/sites/MigrationFileServer/Clients/CL1005_Laboratoires_Vauclair/03_Factures/2024/Facture_CL1005_202407.pdf,Facture_CL1005_202407.pdf,pdf,1707,Document,Migrated,MIGRATED,,,SRC-937824,9fb9af50-8476-8b8c-54dd-0ba5626467ba,4,a09f76b5-a170-b338-3926-3059f28c105d,1,6513270e-269e-0d37-f2a7-4de452e6b438,DEMO-SRV01
\\DEMO-SRV01\FileServer\01_Clients\CL1005_Laboratoires_Vauclair\03_Factures\2024\Facture_CL1005_202409.pdf,https://m365x71797824.sharepoint.com/sites/MigrationFileServer/Clients/CL1005_Laboratoires_Vauclair/03_Factures/2024/Facture_CL1005_202409.pdf,Facture_CL1005_202409.pdf,pdf,1705,Document,Migrated,MIGRATED,,,SRC-40202063,10755c97-f5f5-54ed-8323-9ef54ba2e161,4,a09f76b5-a170-b338-3926-3059f28c105d,1,6513270e-269e-0d37-f2a7-4de452e6b438,DEMO-SRV01
\\DEMO-SRV01\FileServer\01_Clients\CL1005_Laboratoires_Vauclair\03_Factures\2024\Facture_CL1005_202411.pdf,https://m365x71797824.sharepoint.com/sites/MigrationFileServer/Clients/CL1005_Laboratoires_Vauclair/03_Factures/2024/Facture_CL1005_202411.pdf,Facture_CL1005_202411.pdf,pdf,1705,Document,Migrated,MIGRATED,,,SRC-82209111,c9d22950-eb25-f8a1-fc2e-6a591ce3bc0c,4,a09f76b5-a170-b338-3926-3059f28c105d,1,6513270e-269e-0d37-f2a7-4de452e6b438,DEMO-SRV01
\\DEMO-SRV01\FileServer\01_Clients\CL1005_Laboratoires_Vauclair\03_Factures\2024\Facture_CL1005_202412.pdf,https://m365x71797824.sharepoint.com/sites/MigrationFileServer/Clients/CL1005_Laboratoires_Vauclair/03_Factures/2024/Facture_CL1005_202412.pdf,Facture_CL1005_202412.pdf,pdf,1707,Document,Migrated,MIGRATED,,,SRC-22320536,1ad2d5f1-e05b-3e13-f8c1-10fb3a828159,4,a09f76b5-a170-b338-3926-3059f28c105d,1,6513270e-269e-0d37-f2a7-4de452e6b438,DEMO-SRV01
\\DEMO-SRV01\FileServer\01_Clients\CL1005_Laboratoires_Vauclair\03_Factures\2025\Facture_CL1005_202503.pdf,https://m365x71797824.sharepoint.com/sites/MigrationFileServer/Clients/CL1005_Laboratoires_Vauclair/03_Factures/2025/Facture_CL1005_202503.pdf,Facture_CL1005_202503.pdf,pdf,1705,Document,Migrated,MIGRATED,,,SRC-65340249,0a227385-459c-945c-43fc-052715850a03,4,a09f76b5-a170-b338-3926-3059f28c105d,1,6513270e-269e-0d37-f2a7-4de452e6b438,DEMO-SRV01
\\DEMO-SRV01\FileServer\01_Clients\CL1005_Laboratoires_Vauclair\03_Factures\2025\Facture_CL1005_202505.pdf,https://m365x71797824.sharepoint.com/sites/MigrationFileServer/Clients/CL1005_Laboratoires_Vauclair/03_Factures/2025/Facture_CL1005_202505.pdf,Facture_CL1005_202505.pdf,pdf,1707,Document,Migrated,MIGRATED,,,SRC-33146977,453bf491-2e7a-26e9-c76c-603fe7e8f9f6,4,a09f76b5-a170-b338-3926-3059f28c105d,1,6513270e-269e-0d37-f2a7-4de452e6b438,DEMO-SRV01
\\DEMO-SRV01\FileServer\01_Clients\CL1005_Laboratoires_Vauclair\03_Factures\2025\Facture_CL1005_202507.pdf,https://m365x71797824.sharepoint.com/sites/MigrationFileServer/Clients/CL1005_Laboratoires_Vauclair/03_Factures/2025/Facture_CL1005_202507.pdf,Facture_CL1005_202507.pdf,pdf,1705,Document,Migrated,MIGRATED,,,SRC-65328911,6c18d982-d1dc-ec53-212a-8d9bc17a9262,4,a09f76b5-a170-b338-3926-3059f28c105d,1,6513270e-269e-0d37-f2a7-4de452e6b438,DEMO-SRV01
\\DEMO-SRV01\FileServer\01_Clients\CL1005_Laboratoires_Vauclair\03_Factures\2025\Facture_CL1005_202509.pdf,https://m365x71797824.sharepoint.com/sites/MigrationFileServer/Clients/CL1005_Laboratoires_Vauclair/03_Factures/2025/Facture_CL1005_202509.pdf,Facture_CL1005_202509.pdf,pdf,1704,Document,Migrated,MIGRATED,,,SRC-36734913,d1a89b37-ad0c-9bb6-e952-6a69d97e967b,4,a09f76b5-a170-b338-3926-3059f28c105d,1,6513270e-269e-0d37-f2a7-4de452e6b438,DEMO-SRV01
\\DEMO-SRV01\FileServer\01_Clients\CL1005_Laboratoires_Vauclair\03_Factures\2025\Facture_CL1005_202510.pdf,https://m365x71797824.sharepoint.com/sites/MigrationFileServer/Clients/CL1005_Laboratoires_Vauclair/03_Factures/2025/Facture_CL1005_202510.pdf,Facture_CL1005_202510.pdf,pdf,1705,Document,Migrated,MIGRATED,,,SRC-77789984,263cfa5e-67ec-326a-4234-3354f22d2882,4,a09f76b5-a170-b338-3926-3059f28c105d,1,6513270e-269e-0d37-f2a7-4de452e6b438,DEMO-SRV01
\\DEMO-SRV01\FileServer\01_Clients\CL1005_Laboratoires_Vauclair\03_Factures\2025\Facture_CL1005_202512.pdf,https://m365x71797824.sharepoint.com/sites/MigrationFileServer/Clients/CL1005_Laboratoires_Vauclair/03_Factures/2025/Facture_CL1005_202512.pdf,Facture_CL1005_202512.pdf,pdf,1707,Document,Migrated,MIGRATED,,,SRC-5165887,9212824c-83c8-cb28-eb4e-d2e3895e8b6b,4,a09f76b5-a170-b338-3926-3059f28c105d,1,6513270e-269e-0d37-f2a7-4de452e6b438,DEMO-SRV01
\\DEMO-SRV01\FileServer\01_Clients\CL1005_Laboratoires_Vauclair\03_Factures\2026\Facture_CL1005_202601.pdf,https://m365x71797824.sharepoint.com/sites/MigrationFileServer/Clients/CL1005_Laboratoires_Vauclair/03_Factures/2026/Facture_CL1005_202601.pdf,Facture_CL1005_202601.pdf,pdf,1707,Document,Migrated,MIGRATED,,,SRC-91920125,16e6fec3-53b9-7377-b34e-8ece7e9ee51d,4,a09f76b5-a170-b338-3926-3059f28c105d,1,6513270e-269e-0d37-f2a7-4de452e6b438,DEMO-SRV01
\\DEMO-SRV01\FileServer\01_Clients\CL1005_Laboratoires_Vauclair\03_Factures\2026\Facture_CL1005_202602.pdf,https://m365x71797824.sharepoint.com/sites/MigrationFileServer/Clients/CL1005_Laboratoires_Vauclair/03_Factures/2026/Facture_CL1005_202602.pdf,Facture_CL1005_202602.pdf,pdf,1707,Document,Migrated,MIGRATED,,,SRC-67109612,b02e3d8d-ccb1-c51d-0eba-0ea84770a087,4,a09f76b5-a170-b338-3926-3059f28c105d,1,6513270e-269e-0d37-f2a7-4de452e6b438,DEMO-SRV01
\\DEMO-SRV01\FileServer\01_Clients\CL1005_Laboratoires_Vauclair\03_Factures\2026\Facture_CL1005_202603.pdf,https://m365x71797824.sharepoint.com/sites/MigrationFileServer/Clients/CL1005_Laboratoires_Vauclair/03_Factures/2026/Facture_CL1005_202603.pdf,Facture_CL1005_202603.pdf,pdf,1705,Document,Migrated,MIGRATED,,,SRC-24182386,1289bafa-e531-6960-6ce1-93c22eefa279,4,a09f76b5-a170-b338-3926-3059f28c105d,1,6513270e-269e-0d37-f2a7-4de452e6b438,DEMO-SRV01
\\DEMO-SRV01\FileServer\01_Clients\CL1005_Laboratoires_Vauclair\03_Factures\2026\Facture_CL1005_202604.pdf,https://m365x71797824.sharepoint.com/sites/MigrationFileServer/Clients/CL1005_Laboratoires_Vauclair/03_Factures/2026/Facture_CL1005_202604.pdf,Facture_CL1005_202604.pdf,pdf,1704,Document,Migrated,MIGRATED,,,SRC-97116581,a26aa0ae-044f-1574-f037-afc644d82a53,4,a09f76b5-a170-b338-3926-3059f28c105d,1,6513270e-269e-0d37-f2a7-4de452e6b438,DEMO-SRV01
\\DEMO-SRV01\FileServer\01_Clients\CL1005_Laboratoires_Vauclair\03_Factures\2026\Facture_CL1005_202605.pdf,https://m365x71797824.sharepoint.com/sites/MigrationFileServer/Clients/CL1005_Laboratoires_Vauclair/03_Factures/2026/Facture_CL1005_202605.pdf,Facture_CL1005_202605.pdf,pdf,1705,Document,Migrated,MIGRATED,,,SRC-29284301,1570266b-42b3-8755-cd37-880e16ac4191,4,a09f76b5-a170-b338-3926-3059f28c105d,1,6513270e-269e-0d37-f2a7-4de452e6b438,DEMO-SRV01
\\DEMO-SRV01\FileServer\01_Clients\CL1005_Laboratoires_Vauclair\03_Factures\2026\Facture_CL1005_202608.pdf,https://m365x71797824.sharepoint.com/sites/MigrationFileServer/Clients/CL1005_Laboratoires_Vauclair/03_Factures/2026/Facture_CL1005_202608.pdf,Facture_CL1005_202608.pdf,pdf,1705,Document,Migrated,MIGRATED,,,SRC-99897885,110e2cb6-38ef-baeb-db31-ccd29bb183e1,4,a09f76b5-a170-b338-3926-3059f28c105d,1,6513270e-269e-0d37-f2a7-4de452e6b438,DEMO-SRV01
\\DEMO-SRV01\FileServer\01_Clients\CL1005_Laboratoires_Vauclair\04_Correspondance\Echange_01.eml.txt,https://m365x71797824.sharepoint.com/sites/MigrationFileServer/Clients/CL1005_Laboratoires_Vauclair/04_Correspondance/Echange_01.eml.txt,Echange_01.eml.txt,txt,106,Document,Migrated,MIGRATED,,,SRC-67387691,742a8063-1f26-42aa-dcde-d20443b30f66,4,a09f76b5-a170-b338-3926-3059f28c105d,1,6513270e-269e-0d37-f2a7-4de452e6b438,DEMO-SRV01
\\DEMO-SRV01\FileServer\01_Clients\CL1005_Laboratoires_Vauclair\05_Projets\Deploiement_Teams\Compte_rendu_COPIL.docx,https://m365x71797824.sharepoint.com/sites/MigrationFileServer/Clients/CL1005_Laboratoires_Vauclair/05_Projets/Deploiement_Teams/Compte_rendu_COPIL.docx,Compte_rendu_COPIL.docx,docx,36733,Document,Migrated,MIGRATED,,,SRC-90284740,8d959c31-fe8a-d4a1-56d2-a68c02f4b342,4,a09f76b5-a170-b338-3926-3059f28c105d,1,6513270e-269e-0d37-f2a7-4de452e6b438,DEMO-SRV01
\\DEMO-SRV01\FileServer\01_Clients\CL1005_Laboratoires_Vauclair\05_Projets\Deploiement_Teams\Planning_Deploiement_Teams.xlsx,https://m365x71797824.sharepoint.com/sites/MigrationFileServer/Clients/CL1005_Laboratoires_Vauclair/05_Projets/Deploiement_Teams/Planning_Deploiement_Teams.xlsx,Planning_Deploiement_Teams.xlsx,xlsx,5131,Document,Migrated,MIGRATED,,,SRC-64257931,449274d2-ea59-679a-ed3a-32a86af25748,4,a09f76b5-a170-b338-3926-3059f28c105d,1,6513270e-269e-0d37-f2a7-4de452e6b438,DEMO-SRV01
\\DEMO-SRV01\FileServer\01_Clients\CL1005_Laboratoires_Vauclair\05_Projets\Deploiement_Teams\Presentation_lancement_Deploiement_Teams.pptx,https://m365x71797824.sharepoint.com/sites/MigrationFileServer/Clients/CL1005_Laboratoires_Vauclair/05_Projets/Deploiement_Teams/Presentation_lancement_Deploiement_Teams.pptx,Presentation_lancement_Deploiement_Teams.pptx,pptx,29174,Document,Migrated,MIGRATED,,,SRC-26117267,86e3e726-0b0f-873b-2114-e0689f27f52c,4,a09f76b5-a170-b338-3926-3059f28c105d,1,6513270e-269e-0d37-f2a7-4de452e6b438,DEMO-SRV01
\\DEMO-SRV01\FileServer\01_Clients\CL1005_Laboratoires_Vauclair\05_Projets\Refonte_site_web\Compte_rendu_COPIL.docx,https://m365x71797824.sharepoint.com/sites/MigrationFileServer/Clients/CL1005_Laboratoires_Vauclair/05_Projets/Refonte_site_web/Compte_rendu_COPIL.docx,Compte_rendu_COPIL.docx,docx,36732,Document,Migrated,MIGRATED,,,SRC-54291102,1c0502c6-f029-0531-3d0a-270bb5a432cf,4,a09f76b5-a170-b338-3926-3059f28c105d,1,6513270e-269e-0d37-f2a7-4de452e6b438,DEMO-SRV01
\\DEMO-SRV01\FileServer\01_Clients\CL1005_Laboratoires_Vauclair\05_Projets\Refonte_site_web\Planning_Refonte_site_web.xlsx,https://m365x71797824.sharepoint.com/sites/MigrationFileServer/Clients/CL1005_Laboratoires_Vauclair/05_Projets/Refonte_site_web/Planning_Refonte_site_web.xlsx,Planning_Refonte_site_web.xlsx,xlsx,5138,Document,Migrated,MIGRATED,,,SRC-52748292,0ce5af69-430b-91ed-2954-ba5cf81e54dd,4,a09f76b5-a170-b338-3926-3059f28c105d,1,6513270e-269e-0d37-f2a7-4de452e6b438,DEMO-SRV01
\\DEMO-SRV01\FileServer\01_Clients\CL1005_Laboratoires_Vauclair\05_Projets\Refonte_site_web\Presentation_lancement_Refonte_site_web.pptx,https://m365x71797824.sharepoint.com/sites/MigrationFileServer/Clients/CL1005_Laboratoires_Vauclair/05_Projets/Refonte_site_web/Presentation_lancement_Refonte_site_web.pptx,Presentation_lancement_Refonte_site_web.pptx,pptx,29176,Document,Migrated,MIGRATED,,,SRC-41141408,4fdebbec-eea7-bb64-33a7-15682e5f950c,4,a09f76b5-a170-b338-3926-3059f28c105d,1,6513270e-269e-0d37-f2a7-4de452e6b438,DEMO-SRV01
\\DEMO-SRV01\FileServer\01_Clients\CL1006_Cabinet_Delorme_Avocats\01_Contrats\Contrat_cadre_CL1006_2021.docx,https://m365x71797824.sharepoint.com/sites/MigrationFileServer/Clients/CL1006_Cabinet_Delorme_Avocats/01_Contrats/Contrat_cadre_CL1006_2021.docx,Contrat_cadre_CL1006_2021.docx,docx,36788,Document,Migrated,MIGRATED,,,SRC-48451102,c26e7a42-87f5-3ddd-4e14-d571a0f096da,4,a09f76b5-a170-b338-3926-3059f28c105d,1,6513270e-269e-0d37-f2a7-4de452e6b438,DEMO-SRV01
\\DEMO-SRV01\FileServer\01_Clients\CL1006_Cabinet_Delorme_Avocats\01_Contrats\Contrat_cadre_CL1006_2021_signe.pdf,https://m365x71797824.sharepoint.com/sites/MigrationFileServer/Clients/CL1006_Cabinet_Delorme_Avocats/01_Contrats/Contrat_cadre_CL1006_2021_signe.pdf,Contrat_cadre_CL1006_2021_signe.pdf,pdf,1660,Document,Migrated,MIGRATED,,,SRC-57550390,8005ce74-7218-88ff-4a3a-df9934b3ff60,4,a09f76b5-a170-b338-3926-3059f28c105d,1,6513270e-269e-0d37-f2a7-4de452e6b438,DEMO-SRV01
\\DEMO-SRV01\FileServer\01_Clients\CL1006_Cabinet_Delorme_Avocats\02_Devis\Devis_CL1006_2021-03.docx,https://m365x71797824.sharepoint.com/sites/MigrationFileServer/Clients/CL1006_Cabinet_Delorme_Avocats/02_Devis/Devis_CL1006_2021-03.docx,Devis_CL1006_2021-03.docx,docx,36750,Document,Migrated,MIGRATED,,,SRC-57303050,58d50f1b-4540-f426-2d8a-d8c0ac127e93,4,a09f76b5-a170-b338-3926-3059f28c105d,1,6513270e-269e-0d37-f2a7-4de452e6b438,DEMO-SRV01
\\DEMO-SRV01\FileServer\01_Clients\CL1006_Cabinet_Delorme_Avocats\02_Devis\Devis_CL1006_2025-01.docx,https://m365x71797824.sharepoint.com/sites/MigrationFileServer/Clients/CL1006_Cabinet_Delorme_Avocats/02_Devis/Devis_CL1006_2025-01.docx,Devis_CL1006_2025-01.docx,docx,36748,Document,Migrated,MIGRATED,,,SRC-14665919,401d68fb-fe97-7c56-04a6-5651cdbde747,4,a09f76b5-a170-b338-3926-3059f28c105d,1,6513270e-269e-0d37-f2a7-4de452e6b438,DEMO-SRV01
\\DEMO-SRV01\FileServer\01_Clients\CL1006_Cabinet_Delorme_Avocats\02_Devis\Devis_CL1006_2026-02.docx,https://m365x71797824.sharepoint.com/sites/MigrationFileServer/Clients/CL1006_Cabinet_Delorme_Avocats/02_Devis/Devis_CL1006_2026-02.docx,Devis_CL1006_2026-02.docx,docx,36747,Document,Migrated,MIGRATED,,,SRC-29970678,bbab27f6-04b8-157d-03ed-b92009758340,4,a09f76b5-a170-b338-3926-3059f28c105d,1,6513270e-269e-0d37-f2a7-4de452e6b438,DEMO-SRV01
\\DEMO-SRV01\FileServer\01_Clients\CL1006_Cabinet_Delorme_Avocats\03_Factures\2024\Facture_CL1006_202401.pdf,https://m365x71797824.sharepoint.com/sites/MigrationFileServer/Clients/CL1006_Cabinet_Delorme_Avocats/03_Factures/2024/Facture_CL1006_202401.pdf,Facture_CL1006_202401.pdf,pdf,1709,Document,Migrated,MIGRATED,,,SRC-31969536,30803889-fa61-9774-8d11-8e3781728a07,4,a09f76b5-a170-b338-3926-3059f28c105d,1,6513270e-269e-0d37-f2a7-4de452e6b438,DEMO-SRV01
\\DEMO-SRV01\FileServer\01_Clients\CL1006_Cabinet_Delorme_Avocats\03_Factures\2024\Facture_CL1006_202402.pdf,https://m365x71797824.sharepoint.com/sites/MigrationFileServer/Clients/CL1006_Cabinet_Delorme_Avocats/03_Factures/2024/Facture_CL1006_202402.pdf,Facture_CL1006_202402.pdf,pdf,1708,Document,Migrated,MIGRATED,,,SRC-51532137,ef44c0d5-3ee4-da5a-7989-e9d083a4e629,4,a09f76b5-a170-b338-3926-3059f28c105d,1,6513270e-269e-0d37-f2a7-4de452e6b438,DEMO-SRV01
\\DEMO-SRV01\FileServer\01_Clients\CL1006_Cabinet_Delorme_Avocats\03_Factures\2024\Facture_CL1006_202405.pdf,https://m365x71797824.sharepoint.com/sites/MigrationFileServer/Clients/CL1006_Cabinet_Delorme_Avocats/03_Factures/2024/Facture_CL1006_202405.pdf,Facture_CL1006_202405.pdf,pdf,1709,Document,Migrated,MIGRATED,,,SRC-17607768,d1a4c01e-a887-ae22-1b35-411b72723b9c,4,a09f76b5-a170-b338-3926-3059f28c105d,1,6513270e-269e-0d37-f2a7-4de452e6b438,DEMO-SRV01
\\DEMO-SRV01\FileServer\01_Clients\CL1006_Cabinet_Delorme_Avocats\03_Factures\2024\Facture_CL1006_202406.pdf,https://m365x71797824.sharepoint.com/sites/MigrationFileServer/Clients/CL1006_Cabinet_Delorme_Avocats/03_Factures/2024/Facture_CL1006_202406.pdf,Facture_CL1006_202406.pdf,pdf,1708,Document,Migrated,MIGRATED,,,SRC-62674276,7eb86c57-a811-00a1-6ea3-30a1a66d58b5,4,a09f76b5-a170-b338-3926-3059f28c105d,1,6513270e-269e-0d37-f2a7-4de452e6b438,DEMO-SRV01
\\DEMO-SRV01\FileServer\01_Clients\CL1006_Cabinet_Delorme_Avocats\03_Factures\2024\Facture_CL1006_202408.pdf,https://m365x71797824.sharepoint.com/sites/MigrationFileServer/Clients/CL1006_Cabinet_Delorme_Avocats/03_Factures/2024/Facture_CL1006_202408.pdf,Facture_CL1006_202408.pdf,pdf,1709,Document,Migrated,MIGRATED,,,SRC-28387444,64a149f5-e383-8b9e-d5a9-422a8bc08311,4,a09f76b5-a170-b338-3926-3059f28c105d,1,6513270e-269e-0d37-f2a7-4de452e6b438,DEMO-SRV01
\\DEMO-SRV01\FileServer\01_Clients\CL1006_Cabinet_Delorme_Avocats\03_Factures\2024\Facture_CL1006_202411.pdf,https://m365x71797824.sharepoint.com/sites/MigrationFileServer/Clients/CL1006_Cabinet_Delorme_Avocats/03_Factures/2024/Facture_CL1006_202411.pdf,Facture_CL1006_202411.pdf,pdf,1707,Document,Migrated,MIGRATED,,,SRC-5816519,b00fd7bb-4eca-dea2-81b6-2bb5f86664ae,4,a09f76b5-a170-b338-3926-3059f28c105d,1,6513270e-269e-0d37-f2a7-4de452e6b438,DEMO-SRV01
\\DEMO-SRV01\FileServer\01_Clients\CL1006_Cabinet_Delorme_Avocats\03_Factures\2025\Facture_CL1006_202501.pdf,https://m365x71797824.sharepoint.com/sites/MigrationFileServer/Clients/CL1006_Cabinet_Delorme_Avocats/03_Factures/2025/Facture_CL1006_202501.pdf,Facture_CL1006_202501.pdf,pdf,1709,Document,Migrated,MIGRATED,,,SRC-69571301,57bb7d97-3ac4-da9a-fb81-392137161c16,4,a09f76b5-a170-b338-3926-3059f28c105d,1,6513270e-269e-0d37-f2a7-4de452e6b438,DEMO-SRV01
\\DEMO-SRV01\FileServer\01_Clients\CL1006_Cabinet_Delorme_Avocats\03_Factures\2025\Facture_CL1006_202504.pdf,https://m365x71797824.sharepoint.com/sites/MigrationFileServer/Clients/CL1006_Cabinet_Delorme_Avocats/03_Factures/2025/Facture_CL1006_202504.pdf,Facture_CL1006_202504.pdf,pdf,1709,Document,Migrated,MIGRATED,,,SRC-46260116,b4ebf4b6-e1c6-0aa3-d510-bb0432d90dcd,4,a09f76b5-a170-b338-3926-3059f28c105d,1,6513270e-269e-0d37-f2a7-4de452e6b438,DEMO-SRV01
\\DEMO-SRV01\FileServer\01_Clients\CL1006_Cabinet_Delorme_Avocats\03_Factures\2025\Facture_CL1006_202505.pdf,https://m365x71797824.sharepoint.com/sites/MigrationFileServer/Clients/CL1006_Cabinet_Delorme_Avocats/03_Factures/2025/Facture_CL1006_202505.pdf,Facture_CL1006_202505.pdf,pdf,1709,Document,Migrated,MIGRATED,,,SRC-51921108,679a44dd-23c4-9cae-a2cf-62baba958810,4,a09f76b5-a170-b338-3926-3059f28c105d,1,6513270e-269e-0d37-f2a7-4de452e6b438,DEMO-SRV01
\\DEMO-SRV01\FileServer\01_Clients\CL1006_Cabinet_Delorme_Avocats\03_Factures\2025\Facture_CL1006_202506.pdf,https://m365x71797824.sharepoint.com/sites/MigrationFileServer/Clients/CL1006_Cabinet_Delorme_Avocats/03_Factures/2025/Facture_CL1006_202506.pdf,Facture_CL1006_202506.pdf,pdf,1709,Document,Migrated,MIGRATED,,,SRC-4628858,0dec6823-fb5c-9d56-58f9-2deafd4bd030,4,a09f76b5-a170-b338-3926-3059f28c105d,1,6513270e-269e-0d37-f2a7-4de452e6b438,DEMO-SRV01
\\DEMO-SRV01\FileServer\01_Clients\CL1006_Cabinet_Delorme_Avocats\03_Factures\2025\Facture_CL1006_202509.pdf,https://m365x71797824.sharepoint.com/sites/MigrationFileServer/Clients/CL1006_Cabinet_Delorme_Avocats/03_Factures/2025/Facture_CL1006_202509.pdf,Facture_CL1006_202509.pdf,pdf,1709,Document,Migrated,MIGRATED,,,SRC-75009065,121ae3e6-03a6-3966-213b-ca7fd644de2f,4,a09f76b5-a170-b338-3926-3059f28c105d,1,6513270e-269e-0d37-f2a7-4de452e6b438,DEMO-SRV01
\\DEMO-SRV01\FileServer\01_Clients\CL1006_Cabinet_Delorme_Avocats\03_Factures\2025\Facture_CL1006_202510.pdf,https://m365x71797824.sharepoint.com/sites/MigrationFileServer/Clients/CL1006_Cabinet_Delorme_Avocats/03_Factures/2025/Facture_CL1006_202510.pdf,Facture_CL1006_202510.pdf,pdf,1710,Document,Migrated,MIGRATED,,,SRC-74982868,416e99b0-e13e-213e-bdaa-ea00a01d616f,4,a09f76b5-a170-b338-3926-3059f28c105d,1,6513270e-269e-0d37-f2a7-4de452e6b438,DEMO-SRV01
\\DEMO-SRV01\FileServer\01_Clients\CL1006_Cabinet_Delorme_Avocats\03_Factures\2025\Facture_CL1006_202511.pdf,https://m365x71797824.sharepoint.com/sites/MigrationFileServer/Clients/CL1006_Cabinet_Delorme_Avocats/03_Factures/2025/Facture_CL1006_202511.pdf,Facture_CL1006_202511.pdf,pdf,1707,Document,Migrated,MIGRATED,,,SRC-17828927,15a0cce6-0e2e-c40a-29ca-862d6e4505f5,4,a09f76b5-a170-b338-3926-3059f28c105d,1,6513270e-269e-0d37-f2a7-4de452e6b438,DEMO-SRV01
\\DEMO-SRV01\FileServer\01_Clients\CL1006_Cabinet_Delorme_Avocats\03_Factures\2026\Facture_CL1006_202602.pdf,https://m365x71797824.sharepoint.com/sites/MigrationFileServer/Clients/CL1006_Cabinet_Delorme_Avocats/03_Factures/2026/Facture_CL1006_202602.pdf,Facture_CL1006_202602.pdf,pdf,1709,Document,Migrated,MIGRATED,,,SRC-53019761,dedb9109-6181-77ff-d75d-6769aa4c5c60,4,a09f76b5-a170-b338-3926-3059f28c105d,1,6513270e-269e-0d37-f2a7-4de452e6b438,DEMO-SRV01
\\DEMO-SRV01\FileServer\01_Clients\CL1006_Cabinet_Delorme_Avocats\03_Factures\2026\Facture_CL1006_202604.pdf,https://m365x71797824.sharepoint.com/sites/MigrationFileServer/Clients/CL1006_Cabinet_Delorme_Avocats/03_Factures/2026/Facture_CL1006_202604.pdf,Facture_CL1006_202604.pdf,pdf,1705,Document,Migrated,MIGRATED,,,SRC-84702339,482cc78e-f88e-de10-aba8-b9b38185797c,4,a09f76b5-a170-b338-3926-3059f28c105d,1,6513270e-269e-0d37-f2a7-4de452e6b438,DEMO-SRV01
\\DEMO-SRV01\FileServer\01_Clients\CL1006_Cabinet_Delorme_Avocats\03_Factures\2026\Facture_CL1006_202606.pdf,https://m365x71797824.sharepoint.com/sites/MigrationFileServer/Clients/CL1006_Cabinet_Delorme_Avocats/03_Factures/2026/Facture_CL1006_202606.pdf,Facture_CL1006_202606.pdf,pdf,1709,Document,Migrated,MIGRATED,,,SRC-38528415,4b05e1ae-b153-d69c-3e01-aaa699498ac4,4,a09f76b5-a170-b338-3926-3059f28c105d,1,6513270e-269e-0d37-f2a7-4de452e6b438,DEMO-SRV01
\\DEMO-SRV01\FileServer\01_Clients\CL1006_Cabinet_Delorme_Avocats\03_Factures\2026\Facture_CL1006_202607.pdf,https://m365x71797824.sharepoint.com/sites/MigrationFileServer/Clients/CL1006_Cabinet_Delorme_Avocats/03_Factures/2026/Facture_CL1006_202607.pdf,Facture_CL1006_202607.pdf,pdf,1710,Document,Migrated,MIGRATED,,,SRC-36693500,28541424-2f73-3b05-759e-b5590b94af3a,4,a09f76b5-a170-b338-3926-3059f28c105d,1,6513270e-269e-0d37-f2a7-4de452e6b438,DEMO-SRV01
\\DEMO-SRV01\FileServer\01_Clients\CL1006_Cabinet_Delorme_Avocats\04_Correspondance\Echange_01.eml.txt,https://m365x71797824.sharepoint.com/sites/MigrationFileServer/Clients/CL1006_Cabinet_Delorme_Avocats/04_Correspondance/Echange_01.eml.txt,Echange_01.eml.txt,txt,106,Document,Migrated,MIGRATED,,,SRC-93001590,4363e5d9-00ed-6b02-7221-8fdc44df96ff,4,a09f76b5-a170-b338-3926-3059f28c105d,1,6513270e-269e-0d37-f2a7-4de452e6b438,DEMO-SRV01
\\DEMO-SRV01\FileServer\01_Clients\CL1006_Cabinet_Delorme_Avocats\05_Projets\Audit_securite\Compte_rendu_COPIL.docx,https://m365x71797824.sharepoint.com/sites/MigrationFileServer/Clients/CL1006_Cabinet_Delorme_Avocats/05_Projets/Audit_securite/Compte_rendu_COPIL.docx,Compte_rendu_COPIL.docx,docx,36731,Document,Migrated,MIGRATED,,,SRC-71596166,f8fdd208-5434-8156-f637-a4685d385e06,5,a09f76b5-a170-b338-3926-3059f28c105d,1,6513270e-269e-0d37-f2a7-4de452e6b438,DEMO-SRV01
\\DEMO-SRV01\FileServer\01_Clients\CL1006_Cabinet_Delorme_Avocats\05_Projets\Audit_securite\Planning_Audit_securite.xlsx,https://m365x71797824.sharepoint.com/sites/MigrationFileServer/Clients/CL1006_Cabinet_Delorme_Avocats/05_Projets/Audit_securite/Planning_Audit_securite.xlsx,Planning_Audit_securite.xlsx,xlsx,5129,Document,Migrated,MIGRATED,,,SRC-87259397,3e940bb4-52d3-1e1b-8c0d-0033fc2325a9,5,a09f76b5-a170-b338-3926-3059f28c105d,1,6513270e-269e-0d37-f2a7-4de452e6b438,DEMO-SRV01
\\DEMO-SRV01\FileServer\01_Clients\CL1006_Cabinet_Delorme_Avocats\05_Projets\Audit_securite\Presentation_lancement_Audit_securite.pptx,https://m365x71797824.sharepoint.com/sites/MigrationFileServer/Clients/CL1006_Cabinet_Delorme_Avocats/05_Projets/Audit_securite/Presentation_lancement_Audit_securite.pptx,Presentation_lancement_Audit_securite.pptx,pptx,29175,Document,Migrated,MIGRATED,,,SRC-29693466,4f3e885e-e1e4-37b7-f735-efe608d18011,5,a09f76b5-a170-b338-3926-3059f28c105d,1,6513270e-269e-0d37-f2a7-4de452e6b438,DEMO-SRV01
\\DEMO-SRV01\FileServer\01_Clients\CL1006_Cabinet_Delorme_Avocats\05_Projets\Migration_ERP\Compte_rendu_COPIL.docx,https://m365x71797824.sharepoint.com/sites/MigrationFileServer/Clients/CL1006_Cabinet_Delorme_Avocats/05_Projets/Migration_ERP/Compte_rendu_COPIL.docx,Compte_rendu_COPIL.docx,docx,36733,Document,Migrated,MIGRATED,,,SRC-65878402,00460d69-2ed6-5411-5b49-156137c60e98,5,a09f76b5-a170-b338-3926-3059f28c105d,1,6513270e-269e-0d37-f2a7-4de452e6b438,DEMO-SRV01
\\DEMO-SRV01\FileServer\01_Clients\CL1006_Cabinet_Delorme_Avocats\05_Projets\Migration_ERP\Planning_Migration_ERP.xlsx,https://m365x71797824.sharepoint.com/sites/MigrationFileServer/Clients/CL1006_Cabinet_Delorme_Avocats/05_Projets/Migration_ERP/Planning_Migration_ERP.xlsx,Planning_Migration_ERP.xlsx,xlsx,5136,Document,Migrated,MIGRATED,,,SRC-76777223,79823eb2-1579-da0a-61b2-480c55d85e8d,5,a09f76b5-a170-b338-3926-3059f28c105d,1,6513270e-269e-0d37-f2a7-4de452e6b438,DEMO-SRV01
\\DEMO-SRV01\FileServer\01_Clients\CL1006_Cabinet_Delorme_Avocats\05_Projets\Migration_ERP\Presentation_lancement_Migration_ERP.pptx,https://m365x71797824.sharepoint.com/sites/MigrationFileServer/Clients/CL1006_Cabinet_Delorme_Avocats/05_Projets/Migration_ERP/Presentation_lancement_Migration_ERP.pptx,Presentation_lancement_Migration_ERP.pptx,pptx,29175,Document,Migrated,MIGRATED,,,SRC-93288975,33736dcc-a7f0-c99e-80b5-244a4767e1fa,5,a09f76b5-a170-b338-3926-3059f28c105d,1,6513270e-269e-0d37-f2a7-4de452e6b438,DEMO-SRV01
\\DEMO-SRV01\FileServer\01_Clients\CL1007_Pharmacie_du_Port\01_Contrats\Contrat_cadre_CL1007_2021.docx,https://m365x71797824.sharepoint.com/sites/MigrationFileServer/Clients/CL1007_Pharmacie_du_Port/01_Contrats/Contrat_cadre_CL1007_2021.docx,Contrat_cadre_CL1007_2021.docx,docx,36782,Document,Migrated,MIGRATED,,,SRC-49408027,0144702b-c6b7-89ef-8136-5acc3f88af59,5,a09f76b5-a170-b338-3926-3059f28c105d,1,6513270e-269e-0d37-f2a7-4de452e6b438,DEMO-SRV01
\\DEMO-SRV01\FileServer\01_Clients\CL1007_Pharmacie_du_Port\01_Contrats\Contrat_cadre_CL1007_2021_signe.pdf,https://m365x71797824.sharepoint.com/sites/MigrationFileServer/Clients/CL1007_Pharmacie_du_Port/01_Contrats/Contrat_cadre_CL1007_2021_signe.pdf,Contrat_cadre_CL1007_2021_signe.pdf,pdf,1660,Document,Migrated,MIGRATED,,,SRC-87937811,16fa1421-d129-d067-43a0-8f0617420e94,5,a09f76b5-a170-b338-3926-3059f28c105d,1,6513270e-269e-0d37-f2a7-4de452e6b438,DEMO-SRV01
\\DEMO-SRV01\FileServer\01_Clients\CL1007_Pharmacie_du_Port\02_Devis\Devis_CL1007_2022-02.docx,https://m365x71797824.sharepoint.com/sites/MigrationFileServer/Clients/CL1007_Pharmacie_du_Port/02_Devis/Devis_CL1007_2022-02.docx,Devis_CL1007_2022-02.docx,docx,36747,Document,Migrated,MIGRATED,,,SRC-19784504,0aaaaf81-9638-92a7-6646-5d2824d4589c,5,a09f76b5-a170-b338-3926-3059f28c105d,1,6513270e-269e-0d37-f2a7-4de452e6b438,DEMO-SRV01
\\DEMO-SRV01\FileServer\01_Clients\CL1007_Pharmacie_du_Port\02_Devis\Devis_CL1007_2024-03.docx,https://m365x71797824.sharepoint.com/sites/MigrationFileServer/Clients/CL1007_Pharmacie_du_Port/02_Devis/Devis_CL1007_2024-03.docx,Devis_CL1007_2024-03.docx,docx,36747,Document,Migrated,MIGRATED,,,SRC-70950032,4de2f8ad-4cb5-9aa7-05c2-2d3f64dbc8d3,5,a09f76b5-a170-b338-3926-3059f28c105d,1,6513270e-269e-0d37-f2a7-4de452e6b438,DEMO-SRV01
\\DEMO-SRV01\FileServer\01_Clients\CL1007_Pharmacie_du_Port\02_Devis\Devis_CL1007_2026-01.docx,https://m365x71797824.sharepoint.com/sites/MigrationFileServer/Clients/CL1007_Pharmacie_du_Port/02_Devis/Devis_CL1007_2026-01.docx,Devis_CL1007_2026-01.docx,docx,36749,Document,Migrated,MIGRATED,,,SRC-69763672,95e8c93e-15a0-a8ae-3b99-6870a1320b9d,5,a09f76b5-a170-b338-3926-3059f28c105d,1,6513270e-269e-0d37-f2a7-4de452e6b438,DEMO-SRV01
\\DEMO-SRV01\FileServer\01_Clients\CL1007_Pharmacie_du_Port\03_Factures\2024\Facture_CL1007_202402.pdf,https://m365x71797824.sharepoint.com/sites/MigrationFileServer/Clients/CL1007_Pharmacie_du_Port/03_Factures/2024/Facture_CL1007_202402.pdf,Facture_CL1007_202402.pdf,pdf,1703,Document,Migrated,MIGRATED,,,SRC-83983083,c0236e49-da6e-6d8e-8778-f742f527b5c2,5,a09f76b5-a170-b338-3926-3059f28c105d,1,6513270e-269e-0d37-f2a7-4de452e6b438,DEMO-SRV01
\\DEMO-SRV01\FileServer\01_Clients\CL1007_Pharmacie_du_Port\03_Factures\2024\Facture_CL1007_202404.pdf,https://m365x71797824.sharepoint.com/sites/MigrationFileServer/Clients/CL1007_Pharmacie_du_Port/03_Factures/2024/Facture_CL1007_202404.pdf,Facture_CL1007_202404.pdf,pdf,1704,Document,Migrated,MIGRATED,,,SRC-32108760,b74b589b-e48e-9e02-a854-c83427be9ab1,5,a09f76b5-a170-b338-3926-3059f28c105d,1,6513270e-269e-0d37-f2a7-4de452e6b438,DEMO-SRV01
\\DEMO-SRV01\FileServer\01_Clients\CL1007_Pharmacie_du_Port\03_Factures\2024\Facture_CL1007_202405.pdf,https://m365x71797824.sharepoint.com/sites/MigrationFileServer/Clients/CL1007_Pharmacie_du_Port/03_Factures/2024/Facture_CL1007_202405.pdf,Facture_CL1007_202405.pdf,pdf,1704,Document,Migrated,MIGRATED,,,SRC-16264890,63b759f5-98b8-1c66-e10c-167dc8b6eaff,5,a09f76b5-a170-b338-3926-3059f28c105d,1,6513270e-269e-0d37-f2a7-4de452e6b438,DEMO-SRV01
\\DEMO-SRV01\FileServer\01_Clients\CL1007_Pharmacie_du_Port\03_Factures\2024\Facture_CL1007_202406.pdf,https://m365x71797824.sharepoint.com/sites/MigrationFileServer/Clients/CL1007_Pharmacie_du_Port/03_Factures/2024/Facture_CL1007_202406.pdf,Facture_CL1007_202406.pdf,pdf,1703,Document,Migrated,MIGRATED,,,SRC-43591157,fc173498-b87e-4e2b-537d-9128c3a9e889,5,a09f76b5-a170-b338-3926-3059f28c105d,1,6513270e-269e-0d37-f2a7-4de452e6b438,DEMO-SRV01
\\DEMO-SRV01\FileServer\01_Clients\CL1007_Pharmacie_du_Port\03_Factures\2024\Facture_CL1007_202407.pdf,https://m365x71797824.sharepoint.com/sites/MigrationFileServer/Clients/CL1007_Pharmacie_du_Port/03_Factures/2024/Facture_CL1007_202407.pdf,Facture_CL1007_202407.pdf,pdf,1702,Document,Migrated,MIGRATED,,,SRC-36731485,b96245d3-48bf-cbcf-2643-37987e834904,5,a09f76b5-a170-b338-3926-3059f28c105d,1,6513270e-269e-0d37-f2a7-4de452e6b438,DEMO-SRV01
\\DEMO-SRV01\FileServer\01_Clients\CL1007_Pharmacie_du_Port\03_Factures\2024\Facture_CL1007_202408.pdf,https://m365x71797824.sharepoint.com/sites/MigrationFileServer/Clients/CL1007_Pharmacie_du_Port/03_Factures/2024/Facture_CL1007_202408.pdf,Facture_CL1007_202408.pdf,pdf,1704,Document,Migrated,MIGRATED,,,SRC-36506801,0b35b1de-250e-7b34-a4aa-07b49e6397d4,5,a09f76b5-a170-b338-3926-3059f28c105d,1,6513270e-269e-0d37-f2a7-4de452e6b438,DEMO-SRV01
\\DEMO-SRV01\FileServer\01_Clients\CL1007_Pharmacie_du_Port\03_Factures\2024\Facture_CL1007_202410.pdf,https://m365x71797824.sharepoint.com/sites/MigrationFileServer/Clients/CL1007_Pharmacie_du_Port/03_Factures/2024/Facture_CL1007_202410.pdf,Facture_CL1007_202410.pdf,pdf,1703,Document,Migrated,MIGRATED,,,SRC-69828585,e456559c-b70a-f5f2-d5d5-891fd329d65c,5,a09f76b5-a170-b338-3926-3059f28c105d,1,6513270e-269e-0d37-f2a7-4de452e6b438,DEMO-SRV01
\\DEMO-SRV01\FileServer\01_Clients\CL1007_Pharmacie_du_Port\03_Factures\2024\Facture_CL1007_202411.pdf,https://m365x71797824.sharepoint.com/sites/MigrationFileServer/Clients/CL1007_Pharmacie_du_Port/03_Factures/2024/Facture_CL1007_202411.pdf,Facture_CL1007_202411.pdf,pdf,1702,Document,Migrated,MIGRATED,,,SRC-5431507,bbddbb9b-6de2-fb1f-a098-d6918352bc85,5,a09f76b5-a170-b338-3926-3059f28c105d,1,6513270e-269e-0d37-f2a7-4de452e6b438,DEMO-SRV01
\\DEMO-SRV01\FileServer\01_Clients\CL1007_Pharmacie_du_Port\03_Factures\2024\Facture_CL1007_202412.pdf,https://m365x71797824.sharepoint.com/sites/MigrationFileServer/Clients/CL1007_Pharmacie_du_Port/03_Factures/2024/Facture_CL1007_202412.pdf,Facture_CL1007_202412.pdf,pdf,1702,Document,Migrated,MIGRATED,,,SRC-91524695,23a9a9da-816b-2332-cfed-943bb3783a7c,5,a09f76b5-a170-b338-3926-3059f28c105d,1,6513270e-269e-0d37-f2a7-4de452e6b438,DEMO-SRV01
\\DEMO-SRV01\FileServer\01_Clients\CL1007_Pharmacie_du_Port\03_Factures\2025\Facture_CL1007_202502.pdf,https://m365x71797824.sharepoint.com/sites/MigrationFileServer/Clients/CL1007_Pharmacie_du_Port/03_Factures/2025/Facture_CL1007_202502.pdf,Facture_CL1007_202502.pdf,pdf,1704,Document,Migrated,MIGRATED,,,SRC-53473211,811e7616-c0bb-e6ed-8614-f504e8ee65a1,5,a09f76b5-a170-b338-3926-3059f28c105d,1,6513270e-269e-0d37-f2a7-4de452e6b438,DEMO-SRV01
\\DEMO-SRV01\FileServer\01_Clients\CL1007_Pharmacie_du_Port\03_Factures\2025\Facture_CL1007_202503.pdf,https://m365x71797824.sharepoint.com/sites/MigrationFileServer/Clients/CL1007_Pharmacie_du_Port/03_Factures/2025/Facture_CL1007_202503.pdf,Facture_CL1007_202503.pdf,pdf,1703,Document,Migrated,MIGRATED,,,SRC-69580707,cdff5a1c-d01a-914c-d5be-785a9187df42,5,a09f76b5-a170-b338-3926-3059f28c105d,1,6513270e-269e-0d37-f2a7-4de452e6b438,DEMO-SRV01
\\DEMO-SRV01\FileServer\01_Clients\CL1007_Pharmacie_du_Port\03_Factures\2025\Facture_CL1007_202504.pdf,https://m365x71797824.sharepoint.com/sites/MigrationFileServer/Clients/CL1007_Pharmacie_du_Port/03_Factures/2025/Facture_CL1007_202504.pdf,Facture_CL1007_202504.pdf,pdf,1703,Document,Migrated,MIGRATED,,,SRC-44219228,95850e21-afbc-9ca9-d38f-8c45041dcd94,5,a09f76b5-a170-b338-3926-3059f28c105d,1,6513270e-269e-0d37-f2a7-4de452e6b438,DEMO-SRV01
\\DEMO-SRV01\FileServer\01_Clients\CL1007_Pharmacie_du_Port\03_Factures\2025\Facture_CL1007_202505.pdf,https://m365x71797824.sharepoint.com/sites/MigrationFileServer/Clients/CL1007_Pharmacie_du_Port/03_Factures/2025/Facture_CL1007_202505.pdf,Facture_CL1007_202505.pdf,pdf,1702,Document,Migrated,MIGRATED,,,SRC-75360660,aed23b0f-b610-4b84-e490-7d49cc4793d7,5,a09f76b5-a170-b338-3926-3059f28c105d,1,6513270e-269e-0d37-f2a7-4de452e6b438,DEMO-SRV01
\\DEMO-SRV01\FileServer\01_Clients\CL1007_Pharmacie_du_Port\03_Factures\2025\Facture_CL1007_202506.pdf,https://m365x71797824.sharepoint.com/sites/MigrationFileServer/Clients/CL1007_Pharmacie_du_Port/03_Factures/2025/Facture_CL1007_202506.pdf,Facture_CL1007_202506.pdf,pdf,1703,Document,Migrated,MIGRATED,,,SRC-49039816,3add6527-a494-6d15-b17d-d255f4c18226,5,a09f76b5-a170-b338-3926-3059f28c105d,1,6513270e-269e-0d37-f2a7-4de452e6b438,DEMO-SRV01
\\DEMO-SRV01\FileServer\01_Clients\CL1007_Pharmacie_du_Port\03_Factures\2025\Facture_CL1007_202507.pdf,https://m365x71797824.sharepoint.com/sites/MigrationFileServer/Clients/CL1007_Pharmacie_du_Port/03_Factures/2025/Facture_CL1007_202507.pdf,Facture_CL1007_202507.pdf,pdf,1703,Document,Migrated,MIGRATED,,,SRC-95403591,22126540-0ab7-7988-07fa-22f715c891ff,5,a09f76b5-a170-b338-3926-3059f28c105d,1,6513270e-269e-0d37-f2a7-4de452e6b438,DEMO-SRV01
\\DEMO-SRV01\FileServer\01_Clients\CL1007_Pharmacie_du_Port\03_Factures\2025\Facture_CL1007_202509.pdf,https://m365x71797824.sharepoint.com/sites/MigrationFileServer/Clients/CL1007_Pharmacie_du_Port/03_Factures/2025/Facture_CL1007_202509.pdf,Facture_CL1007_202509.pdf,pdf,1704,Document,Migrated,MIGRATED,,,SRC-69017500,1adbce5d-f5a2-d879-5c57-532ba31a49dd,5,a09f76b5-a170-b338-3926-3059f28c105d,1,6513270e-269e-0d37-f2a7-4de452e6b438,DEMO-SRV01
\\DEMO-SRV01\FileServer\01_Clients\CL1007_Pharmacie_du_Port\03_Factures\2025\Facture_CL1007_202510.pdf,https://m365x71797824.sharepoint.com/sites/MigrationFileServer/Clients/CL1007_Pharmacie_du_Port/03_Factures/2025/Facture_CL1007_202510.pdf,Facture_CL1007_202510.pdf,pdf,1703,Document,Migrated,MIGRATED,,,SRC-22331500,8efba442-738e-0b77-d5f8-60c3606a0deb,5,a09f76b5-a170-b338-3926-3059f28c105d,1,6513270e-269e-0d37-f2a7-4de452e6b438,DEMO-SRV01
\\DEMO-SRV01\FileServer\01_Clients\CL1007_Pharmacie_du_Port\03_Factures\2025\Facture_CL1007_202511.pdf,https://m365x71797824.sharepoint.com/sites/MigrationFileServer/Clients/CL1007_Pharmacie_du_Port/03_Factures/2025/Facture_CL1007_202511.pdf,Facture_CL1007_202511.pdf,pdf,1702,Document,Migrated,MIGRATED,,,SRC-27394166,a0506098-04d2-be09-a0b5-58640cfff054,5,a09f76b5-a170-b338-3926-3059f28c105d,1,6513270e-269e-0d37-f2a7-4de452e6b438,DEMO-SRV01
\\DEMO-SRV01\FileServer\01_Clients\CL1007_Pharmacie_du_Port\03_Factures\2025\Facture_CL1007_202512.pdf,https://m365x71797824.sharepoint.com/sites/MigrationFileServer/Clients/CL1007_Pharmacie_du_Port/03_Factures/2025/Facture_CL1007_202512.pdf,Facture_CL1007_202512.pdf,pdf,1702,Document,Migrated,MIGRATED,,,SRC-91201633,7d42646f-3e9b-768f-ae40-01e3880cb401,5,a09f76b5-a170-b338-3926-3059f28c105d,1,6513270e-269e-0d37-f2a7-4de452e6b438,DEMO-SRV01
\\DEMO-SRV01\FileServer\01_Clients\CL1007_Pharmacie_du_Port\03_Factures\2026\Facture_CL1007_202602.pdf,https://m365x71797824.sharepoint.com/sites/MigrationFileServer/Clients/CL1007_Pharmacie_du_Port/03_Factures/2026/Facture_CL1007_202602.pdf,Facture_CL1007_202602.pdf,pdf,1703,Document,Migrated,MIGRATED,,,SRC-16057793,cc35e834-74fa-9412-00d9-35344387ee7b,5,a09f76b5-a170-b338-3926-3059f28c105d,1,6513270e-269e-0d37-f2a7-4de452e6b438,DEMO-SRV01
\\DEMO-SRV01\FileServer\01_Clients\CL1007_Pharmacie_du_Port\03_Factures\2026\Facture_CL1007_202603.pdf,https://m365x71797824.sharepoint.com/sites/MigrationFileServer/Clients/CL1007_Pharmacie_du_Port/03_Factures/2026/Facture_CL1007_202603.pdf,Facture_CL1007_202603.pdf,pdf,1703,Document,Migrated,MIGRATED,,,SRC-35699194,80c2b5f1-eeb8-9ff1-bf8e-51aa11f2d44d,5,a09f76b5-a170-b338-3926-3059f28c105d,1,6513270e-269e-0d37-f2a7-4de452e6b438,DEMO-SRV01
\\DEMO-SRV01\FileServer\01_Clients\CL1007_Pharmacie_du_Port\03_Factures\2026\Facture_CL1007_202605.pdf,https://m365x71797824.sharepoint.com/sites/MigrationFileServer/Clients/CL1007_Pharmacie_du_Port/03_Factures/2026/Facture_CL1007_202605.pdf,Facture_CL1007_202605.pdf,pdf,1702,Document,Migrated,MIGRATED,,,SRC-47682442,a8c7d9e0-1789-819f-8902-dafce5d9fe81,5,a09f76b5-a170-b338-3926-3059f28c105d,1,6513270e-269e-0d37-f2a7-4de452e6b438,DEMO-SRV01
\\DEMO-SRV01\FileServer\01_Clients\CL1007_Pharmacie_du_Port\03_Factures\2026\Facture_CL1007_202607.pdf,https://m365x71797824.sharepoint.com/sites/MigrationFileServer/Clients/CL1007_Pharmacie_du_Port/03_Factures/2026/Facture_CL1007_202607.pdf,Facture_CL1007_202607.pdf,pdf,1700,Document,Migrated,MIGRATED,,,SRC-89418946,bc9e28ea-bee8-0626-10e8-ad0186a74a63,5,a09f76b5-a170-b338-3926-3059f28c105d,1,6513270e-269e-0d37-f2a7-4de452e6b438,DEMO-SRV01
\\DEMO-SRV01\FileServer\01_Clients\CL1007_Pharmacie_du_Port\04_Correspondance\Echange_01.eml.txt,https://m365x71797824.sharepoint.com/sites/MigrationFileServer/Clients/CL1007_Pharmacie_du_Port/04_Correspondance/Echange_01.eml.txt,Echange_01.eml.txt,txt,106,Document,Migrated,MIGRATED,,,SRC-30693887,130f27b2-cf28-f65e-408f-c146794ec926,5,a09f76b5-a170-b338-3926-3059f28c105d,1,6513270e-269e-0d37-f2a7-4de452e6b438,DEMO-SRV01
\\DEMO-SRV01\FileServer\01_Clients\CL1007_Pharmacie_du_Port\04_Correspondance\Echange_02.eml.txt,https://m365x71797824.sharepoint.com/sites/MigrationFileServer/Clients/CL1007_Pharmacie_du_Port/04_Correspondance/Echange_02.eml.txt,Echange_02.eml.txt,txt,106,Document,Migrated,MIGRATED,,,SRC-81945201,bab5b373-3c1a-e917-43fb-9fbcd89c36b2,5,a09f76b5-a170-b338-3926-3059f28c105d,1,6513270e-269e-0d37-f2a7-4de452e6b438,DEMO-SRV01
\\DEMO-SRV01\FileServer\01_Clients\CL1007_Pharmacie_du_Port\04_Correspondance\Echange_03.eml.txt,https://m365x71797824.sharepoint.com/sites/MigrationFileServer/Clients/CL1007_Pharmacie_du_Port/04_Correspondance/Echange_03.eml.txt,Echange_03.eml.txt,txt,106,Document,Migrated,MIGRATED,,,SRC-29215058,bd65680c-3b11-85d9-3489-22d7c1a624dc,5,a09f76b5-a170-b338-3926-3059f28c105d,1,6513270e-269e-0d37-f2a7-4de452e6b438,DEMO-SRV01
\\DEMO-SRV01\FileServer\01_Clients\CL1007_Pharmacie_du_Port\05_Projets\Migration_ERP\Compte_rendu_COPIL.docx,https://m365x71797824.sharepoint.com/sites/MigrationFileServer/Clients/CL1007_Pharmacie_du_Port/05_Projets/Migration_ERP/Compte_rendu_COPIL.docx,Compte_rendu_COPIL.docx,docx,36733,Document,Migrated,MIGRATED,,,SRC-2723230,7e736d5f-75d8-d8a4-f9c9-c679a661f62c,5,a09f76b5-a170-b338-3926-3059f28c105d,1,6513270e-269e-0d37-f2a7-4de452e6b438,DEMO-SRV01
\\DEMO-SRV01\FileServer\01_Clients\CL1007_Pharmacie_du_Port\05_Projets\Migration_ERP\Planning_Migration_ERP.xlsx,https://m365x71797824.sharepoint.com/sites/MigrationFileServer/Clients/CL1007_Pharmacie_du_Port/05_Projets/Migration_ERP/Planning_Migration_ERP.xlsx,Planning_Migration_ERP.xlsx,xlsx,5129,Document,Migrated,MIGRATED,,,SRC-86652578,7aa068f1-13a5-397f-61ef-7bd1d874bc79,5,a09f76b5-a170-b338-3926-3059f28c105d,1,6513270e-269e-0d37-f2a7-4de452e6b438,DEMO-SRV01
\\DEMO-SRV01\FileServer\01_Clients\CL1007_Pharmacie_du_Port\05_Projets\Migration_ERP\Presentation_lancement_Migration_ERP.pptx,https://m365x71797824.sharepoint.com/sites/MigrationFileServer/Clients/CL1007_Pharmacie_du_Port/05_Projets/Migration_ERP/Presentation_lancement_Migration_ERP.pptx,Presentation_lancement_Migration_ERP.pptx,pptx,29176,Document,Migrated,MIGRATED,,,SRC-76354047,c458272f-498d-bfa8-af06-bcf7e91457db,5,a09f76b5-a170-b338-3926-3059f28c105d,1,6513270e-269e-0d37-f2a7-4de452e6b438,DEMO-SRV01
\\DEMO-SRV01\FileServer\01_Clients\CL1007_Pharmacie_du_Port\05_Projets\Refonte_site_web\Compte_rendu_COPIL.docx,https://m365x71797824.sharepoint.com/sites/MigrationFileServer/Clients/CL1007_Pharmacie_du_Port/05_Projets/Refonte_site_web/Compte_rendu_COPIL.docx,Compte_rendu_COPIL.docx,docx,36732,Document,Migrated,MIGRATED,,,SRC-22114401,a48c1d5c-a1fe-b624-9df2-025f0bf7a4bd,5,a09f76b5-a170-b338-3926-3059f28c105d,1,6513270e-269e-0d37-f2a7-4de452e6b438,DEMO-SRV01
\\DEMO-SRV01\FileServer\01_Clients\CL1007_Pharmacie_du_Port\05_Projets\Refonte_site_web\Planning_Refonte_site_web.xlsx,https://m365x71797824.sharepoint.com/sites/MigrationFileServer/Clients/CL1007_Pharmacie_du_Port/05_Projets/Refonte_site_web/Planning_Refonte_site_web.xlsx,Planning_Refonte_site_web.xlsx,xlsx,5137,Document,Migrated,MIGRATED,,,SRC-63470424,25bda659-9986-48e0-13d5-316f32c32444,5,a09f76b5-a170-b338-3926-3059f28c105d,1,6513270e-269e-0d37-f2a7-4de452e6b438,DEMO-SRV01
\\DEMO-SRV01\FileServer\01_Clients\CL1007_Pharmacie_du_Port\05_Projets\Refonte_site_web\Presentation_lancement_Refonte_site_web.pptx,https://m365x71797824.sharepoint.com/sites/MigrationFileServer/Clients/CL1007_Pharmacie_du_Port/05_Projets/Refonte_site_web/Presentation_lancement_Refonte_site_web.pptx,Presentation_lancement_Refonte_site_web.pptx,pptx,29177,Document,Migrated,MIGRATED,,,SRC-26694167,be437c7b-a6ca-f4a3-4102-3aed54ef125a,5,a09f76b5-a170-b338-3926-3059f28c105d,1,6513270e-269e-0d37-f2a7-4de452e6b438,DEMO-SRV01
\\DEMO-SRV01\FileServer\01_Clients\CL1008_Garage_Morvan\01_Contrats\Contrat_cadre_CL1008_2017.docx,https://m365x71797824.sharepoint.com/sites/MigrationFileServer/Clients/CL1008_Garage_Morvan/01_Contrats/Contrat_cadre_CL1008_2017.docx,Contrat_cadre_CL1008_2017.docx,docx,36781,Document,Migrated,MIGRATED,,,SRC-27963754,9158d4a8-9f03-bc5a-4dee-4812b16107f1,5,a09f76b5-a170-b338-3926-3059f28c105d,1,6513270e-269e-0d37-f2a7-4de452e6b438,DEMO-SRV01
\\DEMO-SRV01\FileServer\01_Clients\CL1008_Garage_Morvan\01_Contrats\Contrat_cadre_CL1008_2017_signe.pdf,https://m365x71797824.sharepoint.com/sites/MigrationFileServer/Clients/CL1008_Garage_Morvan/01_Contrats/Contrat_cadre_CL1008_2017_signe.pdf,Contrat_cadre_CL1008_2017_signe.pdf,pdf,1665,Document,Migrated,MIGRATED,,,SRC-26020149,0f877ae3-7b7f-ec4b-0331-2ead222930ae,5,a09f76b5-a170-b338-3926-3059f28c105d,1,6513270e-269e-0d37-f2a7-4de452e6b438,DEMO-SRV01
\\DEMO-SRV01\FileServer\01_Clients\CL1008_Garage_Morvan\02_Devis\Devis_CL1008_2019-02.docx,https://m365x71797824.sharepoint.com/sites/MigrationFileServer/Clients/CL1008_Garage_Morvan/02_Devis/Devis_CL1008_2019-02.docx,Devis_CL1008_2019-02.docx,docx,36745,Document,Migrated,MIGRATED,,,SRC-47044164,ac084ba5-f8f6-59ac-44ce-4ab37c5d42dc,5,a09f76b5-a170-b338-3926-3059f28c105d,1,6513270e-269e-0d37-f2a7-4de452e6b438,DEMO-SRV01
\\DEMO-SRV01\FileServer\01_Clients\CL1008_Garage_Morvan\02_Devis\Devis_CL1008_2021-01.docx,https://m365x71797824.sharepoint.com/sites/MigrationFileServer/Clients/CL1008_Garage_Morvan/02_Devis/Devis_CL1008_2021-01.docx,Devis_CL1008_2021-01.docx,docx,36747,Document,Migrated,MIGRATED,,,SRC-53202136,acfb2d5e-37ba-c233-b133-0c3f197a14e2,5,a09f76b5-a170-b338-3926-3059f28c105d,1,6513270e-269e-0d37-f2a7-4de452e6b438,DEMO-SRV01
\\DEMO-SRV01\FileServer\01_Clients\CL1008_Garage_Morvan\03_Factures\2024\Facture_CL1008_202401.pdf,https://m365x71797824.sharepoint.com/sites/MigrationFileServer/Clients/CL1008_Garage_Morvan/03_Factures/2024/Facture_CL1008_202401.pdf,Facture_CL1008_202401.pdf,pdf,1700,Document,Migrated,MIGRATED,,,SRC-43805283,843baee9-b578-909c-4a75-91f27d575d17,5,a09f76b5-a170-b338-3926-3059f28c105d,1,6513270e-269e-0d37-f2a7-4de452e6b438,DEMO-SRV01
\\DEMO-SRV01\FileServer\01_Clients\CL1008_Garage_Morvan\03_Factures\2024\Facture_CL1008_202407.pdf,https://m365x71797824.sharepoint.com/sites/MigrationFileServer/Clients/CL1008_Garage_Morvan/03_Factures/2024/Facture_CL1008_202407.pdf,Facture_CL1008_202407.pdf,pdf,1700,Document,Migrated,MIGRATED,,,SRC-19119467,776200b5-7745-10ca-76f4-251e491961a1,5,a09f76b5-a170-b338-3926-3059f28c105d,1,6513270e-269e-0d37-f2a7-4de452e6b438,DEMO-SRV01
\\DEMO-SRV01\FileServer\01_Clients\CL1008_Garage_Morvan\03_Factures\2024\Facture_CL1008_202408.pdf,https://m365x71797824.sharepoint.com/sites/MigrationFileServer/Clients/CL1008_Garage_Morvan/03_Factures/2024/Facture_CL1008_202408.pdf,Facture_CL1008_202408.pdf,pdf,1700,Document,Migrated,MIGRATED,,,SRC-13148052,e4c717fd-fe48-ef63-1e56-3408c4653cde,5,a09f76b5-a170-b338-3926-3059f28c105d,1,6513270e-269e-0d37-f2a7-4de452e6b438,DEMO-SRV01
\\DEMO-SRV01\FileServer\01_Clients\CL1008_Garage_Morvan\03_Factures\2024\Facture_CL1008_202409.pdf,https://m365x71797824.sharepoint.com/sites/MigrationFileServer/Clients/CL1008_Garage_Morvan/03_Factures/2024/Facture_CL1008_202409.pdf,Facture_CL1008_202409.pdf,pdf,1702,Document,Migrated,MIGRATED,,,SRC-85368851,fa6672cd-4fc9-e918-3302-0ccd8c90473e,6,a09f76b5-a170-b338-3926-3059f28c105d,1,6513270e-269e-0d37-f2a7-4de452e6b438,DEMO-SRV01
\\DEMO-SRV01\FileServer\01_Clients\CL1008_Garage_Morvan\03_Factures\2024\Facture_CL1008_202410.pdf,https://m365x71797824.sharepoint.com/sites/MigrationFileServer/Clients/CL1008_Garage_Morvan/03_Factures/2024/Facture_CL1008_202410.pdf,Facture_CL1008_202410.pdf,pdf,1700,Document,Migrated,MIGRATED,,,SRC-13088349,047b2c10-7912-ef4a-efae-5d4e15fa8b65,6,a09f76b5-a170-b338-3926-3059f28c105d,1,6513270e-269e-0d37-f2a7-4de452e6b438,DEMO-SRV01
\\DEMO-SRV01\FileServer\01_Clients\CL1008_Garage_Morvan\03_Factures\2024\Facture_CL1008_202411.pdf,https://m365x71797824.sharepoint.com/sites/MigrationFileServer/Clients/CL1008_Garage_Morvan/03_Factures/2024/Facture_CL1008_202411.pdf,Facture_CL1008_202411.pdf,pdf,1699,Document,Migrated,MIGRATED,,,SRC-8070991,d1e4d0a3-1393-2904-757f-1cba4a227f39,6,a09f76b5-a170-b338-3926-3059f28c105d,1,6513270e-269e-0d37-f2a7-4de452e6b438,DEMO-SRV01
\\DEMO-SRV01\FileServer\01_Clients\CL1008_Garage_Morvan\03_Factures\2025\Facture_CL1008_202503.pdf,https://m365x71797824.sharepoint.com/sites/MigrationFileServer/Clients/CL1008_Garage_Morvan/03_Factures/2025/Facture_CL1008_202503.pdf,Facture_CL1008_202503.pdf,pdf,1700,Document,Migrated,MIGRATED,,,SRC-10217836,730f37f1-fe9e-b4ad-f7d5-f12481b1c025,6,a09f76b5-a170-b338-3926-3059f28c105d,1,6513270e-269e-0d37-f2a7-4de452e6b438,DEMO-SRV01
\\DEMO-SRV01\FileServer\01_Clients\CL1008_Garage_Morvan\03_Factures\2025\Facture_CL1008_202505.pdf,https://m365x71797824.sharepoint.com/sites/MigrationFileServer/Clients/CL1008_Garage_Morvan/03_Factures/2025/Facture_CL1008_202505.pdf,Facture_CL1008_202505.pdf,pdf,1700,Document,Migrated,MIGRATED,,,SRC-29549793,35b7e448-6308-7e52-44c6-b895fe749e67,6,a09f76b5-a170-b338-3926-3059f28c105d,1,6513270e-269e-0d37-f2a7-4de452e6b438,DEMO-SRV01
\\DEMO-SRV01\FileServer\01_Clients\CL1008_Garage_Morvan\03_Factures\2025\Facture_CL1008_202506.pdf,https://m365x71797824.sharepoint.com/sites/MigrationFileServer/Clients/CL1008_Garage_Morvan/03_Factures/2025/Facture_CL1008_202506.pdf,Facture_CL1008_202506.pdf,pdf,1702,Document,Migrated,MIGRATED,,,SRC-93875463,35f10300-ee37-9c65-f212-01e4eaa3556c,6,a09f76b5-a170-b338-3926-3059f28c105d,1,6513270e-269e-0d37-f2a7-4de452e6b438,DEMO-SRV01
\\DEMO-SRV01\FileServer\01_Clients\CL1008_Garage_Morvan\03_Factures\2025\Facture_CL1008_202507.pdf,https://m365x71797824.sharepoint.com/sites/MigrationFileServer/Clients/CL1008_Garage_Morvan/03_Factures/2025/Facture_CL1008_202507.pdf,Facture_CL1008_202507.pdf,pdf,1702,Document,Migrated,MIGRATED,,,SRC-11999407,24491df6-171e-1a8c-94db-5f8f1319d424,6,a09f76b5-a170-b338-3926-3059f28c105d,1,6513270e-269e-0d37-f2a7-4de452e6b438,DEMO-SRV01
\\DEMO-SRV01\FileServer\01_Clients\CL1008_Garage_Morvan\03_Factures\2025\Facture_CL1008_202508.pdf,https://m365x71797824.sharepoint.com/sites/MigrationFileServer/Clients/CL1008_Garage_Morvan/03_Factures/2025/Facture_CL1008_202508.pdf,Facture_CL1008_202508.pdf,pdf,1700,Document,Migrated,MIGRATED,,,SRC-2423388,f3e6ca73-4305-e986-8629-2bb5bf5b411b,6,a09f76b5-a170-b338-3926-3059f28c105d,1,6513270e-269e-0d37-f2a7-4de452e6b438,DEMO-SRV01
\\DEMO-SRV01\FileServer\01_Clients\CL1008_Garage_Morvan\03_Factures\2025\Facture_CL1008_202509.pdf,https://m365x71797824.sharepoint.com/sites/MigrationFileServer/Clients/CL1008_Garage_Morvan/03_Factures/2025/Facture_CL1008_202509.pdf,Facture_CL1008_202509.pdf,pdf,1700,Document,Migrated,MIGRATED,,,SRC-82300955,d1f9bdfe-9a76-2d54-21f2-67e25c0bb40f,6,a09f76b5-a170-b338-3926-3059f28c105d,1,6513270e-269e-0d37-f2a7-4de452e6b438,DEMO-SRV01
\\DEMO-SRV01\FileServer\01_Clients\CL1008_Garage_Morvan\03_Factures\2025\Facture_CL1008_202510.pdf,https://m365x71797824.sharepoint.com/sites/MigrationFileServer/Clients/CL1008_Garage_Morvan/03_Factures/2025/Facture_CL1008_202510.pdf,Facture_CL1008_202510.pdf,pdf,1700,Document,Migrated,MIGRATED,,,SRC-97249467,e3096619-4791-c2e9-823d-11eda1b501d6,6,a09f76b5-a170-b338-3926-3059f28c105d,1,6513270e-269e-0d37-f2a7-4de452e6b438,DEMO-SRV01
\\DEMO-SRV01\FileServer\01_Clients\CL1008_Garage_Morvan\03_Factures\2025\Facture_CL1008_202511.pdf,https://m365x71797824.sharepoint.com/sites/MigrationFileServer/Clients/CL1008_Garage_Morvan/03_Factures/2025/Facture_CL1008_202511.pdf,Facture_CL1008_202511.pdf,pdf,1700,Document,Migrated,MIGRATED,,,SRC-18065586,3b3bf4bf-5d7c-fed1-b40d-e56d1cd86fc1,6,a09f76b5-a170-b338-3926-3059f28c105d,1,6513270e-269e-0d37-f2a7-4de452e6b438,DEMO-SRV01
\\DEMO-SRV01\FileServer\01_Clients\CL1008_Garage_Morvan\03_Factures\2026\Facture_CL1008_202601.pdf,https://m365x71797824.sharepoint.com/sites/MigrationFileServer/Clients/CL1008_Garage_Morvan/03_Factures/2026/Facture_CL1008_202601.pdf,Facture_CL1008_202601.pdf,pdf,1702,Document,Migrated,MIGRATED,,,SRC-36207607,7c73b6c9-e04b-0dce-e5d0-0a4d7f7595b5,6,a09f76b5-a170-b338-3926-3059f28c105d,1,6513270e-269e-0d37-f2a7-4de452e6b438,DEMO-SRV01
\\DEMO-SRV01\FileServer\01_Clients\CL1008_Garage_Morvan\03_Factures\2026\Facture_CL1008_202607.pdf,https://m365x71797824.sharepoint.com/sites/MigrationFileServer/Clients/CL1008_Garage_Morvan/03_Factures/2026/Facture_CL1008_202607.pdf,Facture_CL1008_202607.pdf,pdf,1702,Document,Migrated,MIGRATED,,,SRC-44081258,00eb4e11-28b8-8073-065b-8c3564e27602,6,a09f76b5-a170-b338-3926-3059f28c105d,1,6513270e-269e-0d37-f2a7-4de452e6b438,DEMO-SRV01
\\DEMO-SRV01\FileServer\01_Clients\CL1008_Garage_Morvan\04_Correspondance\Echange_01.eml.txt,https://m365x71797824.sharepoint.com/sites/MigrationFileServer/Clients/CL1008_Garage_Morvan/04_Correspondance/Echange_01.eml.txt,Echange_01.eml.txt,txt,106,Document,Migrated,MIGRATED,,,SRC-11362575,736506ec-ae7c-8f09-7ddf-cbc9f3308ce5,6,a09f76b5-a170-b338-3926-3059f28c105d,1,6513270e-269e-0d37-f2a7-4de452e6b438,DEMO-SRV01
\\DEMO-SRV01\FileServer\01_Clients\CL1008_Garage_Morvan\04_Correspondance\Echange_02.eml.txt,https://m365x71797824.sharepoint.com/sites/MigrationFileServer/Clients/CL1008_Garage_Morvan/04_Correspondance/Echange_02.eml.txt,Echange_02.eml.txt,txt,106,Document,Migrated,MIGRATED,,,SRC-24081610,24056360-ba28-a679-4d4c-a9c767c98fb9,6,a09f76b5-a170-b338-3926-3059f28c105d,1,6513270e-269e-0d37-f2a7-4de452e6b438,DEMO-SRV01
\\DEMO-SRV01\FileServer\01_Clients\CL1008_Garage_Morvan\04_Correspondance\Echange_03.eml.txt,https://m365x71797824.sharepoint.com/sites/MigrationFileServer/Clients/CL1008_Garage_Morvan/04_Correspondance/Echange_03.eml.txt,Echange_03.eml.txt,txt,106,Document,Migrated,MIGRATED,,,SRC-47875434,50ea7da7-6048-7e15-580d-c5ab6a8ad9cb,6,a09f76b5-a170-b338-3926-3059f28c105d,1,6513270e-269e-0d37-f2a7-4de452e6b438,DEMO-SRV01
\\DEMO-SRV01\FileServer\01_Clients\CL1008_Garage_Morvan\04_Correspondance\Echange_04.eml.txt,https://m365x71797824.sharepoint.com/sites/MigrationFileServer/Clients/CL1008_Garage_Morvan/04_Correspondance/Echange_04.eml.txt,Echange_04.eml.txt,txt,106,Document,Migrated,MIGRATED,,,SRC-45637512,00721f84-54d1-ac6b-d719-61891ef3ea44,6,a09f76b5-a170-b338-3926-3059f28c105d,1,6513270e-269e-0d37-f2a7-4de452e6b438,DEMO-SRV01
\\DEMO-SRV01\FileServer\01_Clients\CL1008_Garage_Morvan\05_Projets\Audit_securite\Compte_rendu_COPIL.docx,https://m365x71797824.sharepoint.com/sites/MigrationFileServer/Clients/CL1008_Garage_Morvan/05_Projets/Audit_securite/Compte_rendu_COPIL.docx,Compte_rendu_COPIL.docx,docx,36730,Document,Migrated,MIGRATED,,,SRC-96454483,d6cff718-5699-08f6-c030-1b2153158ce4,6,a09f76b5-a170-b338-3926-3059f28c105d,1,6513270e-269e-0d37-f2a7-4de452e6b438,DEMO-SRV01
\\DEMO-SRV01\FileServer\01_Clients\CL1008_Garage_Morvan\05_Projets\Audit_securite\Planning_Audit_securite.xlsx,https://m365x71797824.sharepoint.com/sites/MigrationFileServer/Clients/CL1008_Garage_Morvan/05_Projets/Audit_securite/Planning_Audit_securite.xlsx,Planning_Audit_securite.xlsx,xlsx,5138,Document,Migrated,MIGRATED,,,SRC-13107456,ed2879c1-f09c-0afb-1ebb-079465f456aa,6,a09f76b5-a170-b338-3926-3059f28c105d,1,6513270e-269e-0d37-f2a7-4de452e6b438,DEMO-SRV01
\\DEMO-SRV01\FileServer\01_Clients\CL1008_Garage_Morvan\05_Projets\Audit_securite\Presentation_lancement_Audit_securite.pptx,https://m365x71797824.sharepoint.com/sites/MigrationFileServer/Clients/CL1008_Garage_Morvan/05_Projets/Audit_securite/Presentation_lancement_Audit_securite.pptx,Presentation_lancement_Audit_securite.pptx,pptx,29175,Document,Migrated,MIGRATED,,,SRC-88558258,e6cd10f1-0300-3005-b688-b661321c1744,6,a09f76b5-a170-b338-3926-3059f28c105d,1,6513270e-269e-0d37-f2a7-4de452e6b438,DEMO-SRV01
\\DEMO-SRV01\FileServer\01_Clients\CL1008_Garage_Morvan\05_Projets\Migration_ERP\Compte_rendu_COPIL.docx,https://m365x71797824.sharepoint.com/sites/MigrationFileServer/Clients/CL1008_Garage_Morvan/05_Projets/Migration_ERP/Compte_rendu_COPIL.docx,Compte_rendu_COPIL.docx,docx,36731,Document,Migrated,MIGRATED,,,SRC-87259491,5f49f0fc-40d2-8406-4a32-7e2dbd6a996d,6,a09f76b5-a170-b338-3926-3059f28c105d,1,6513270e-269e-0d37-f2a7-4de452e6b438,DEMO-SRV01
\\DEMO-SRV01\FileServer\01_Clients\CL1008_Garage_Morvan\05_Projets\Migration_ERP\Planning_Migration_ERP.xlsx,https://m365x71797824.sharepoint.com/sites/MigrationFileServer/Clients/CL1008_Garage_Morvan/05_Projets/Migration_ERP/Planning_Migration_ERP.xlsx,Planning_Migration_ERP.xlsx,xlsx,5132,Document,Migrated,MIGRATED,,,SRC-68284719,ffb0dd9e-63e1-9869-6495-0dc210a25b19,6,a09f76b5-a170-b338-3926-3059f28c105d,1,6513270e-269e-0d37-f2a7-4de452e6b438,DEMO-SRV01
\\DEMO-SRV01\FileServer\01_Clients\CL1008_Garage_Morvan\05_Projets\Migration_ERP\Presentation_lancement_Migration_ERP.pptx,https://m365x71797824.sharepoint.com/sites/MigrationFileServer/Clients/CL1008_Garage_Morvan/05_Projets/Migration_ERP/Presentation_lancement_Migration_ERP.pptx,Presentation_lancement_Migration_ERP.pptx,pptx,29175,Document,Migrated,MIGRATED,,,SRC-52170945,5c57722e-138e-fef9-96d4-480fdeb67ae7,6,a09f76b5-a170-b338-3926-3059f28c105d,1,6513270e-269e-0d37-f2a7-4de452e6b438,DEMO-SRV01
\\DEMO-SRV01\FileServer\01_Clients\CL1009_Imprimerie_Castel\01_Contrats\Contrat_cadre_CL1009_2022.docx,https://m365x71797824.sharepoint.com/sites/MigrationFileServer/Clients/CL1009_Imprimerie_Castel/01_Contrats/Contrat_cadre_CL1009_2022.docx,Contrat_cadre_CL1009_2022.docx,docx,36783,Document,Migrated,MIGRATED,,,SRC-30706430,46709312-c172-b298-6d94-dd6dece80799,6,a09f76b5-a170-b338-3926-3059f28c105d,1,6513270e-269e-0d37-f2a7-4de452e6b438,DEMO-SRV01
\\DEMO-SRV01\FileServer\01_Clients\CL1009_Imprimerie_Castel\01_Contrats\Contrat_cadre_CL1009_2022_signe.pdf,https://m365x71797824.sharepoint.com/sites/MigrationFileServer/Clients/CL1009_Imprimerie_Castel/01_Contrats/Contrat_cadre_CL1009_2022_signe.pdf,Contrat_cadre_CL1009_2022_signe.pdf,pdf,1660,Document,Migrated,MIGRATED,,,SRC-87715351,1a09a840-47d7-df79-0c5b-4c59dab07929,6,a09f76b5-a170-b338-3926-3059f28c105d,1,6513270e-269e-0d37-f2a7-4de452e6b438,DEMO-SRV01
\\DEMO-SRV01\FileServer\01_Clients\CL1009_Imprimerie_Castel\02_Devis\Devis_CL1009_2022-04.docx,https://m365x71797824.sharepoint.com/sites/MigrationFileServer/Clients/CL1009_Imprimerie_Castel/02_Devis/Devis_CL1009_2022-04.docx,Devis_CL1009_2022-04.docx,docx,36748,Document,Migrated,MIGRATED,,,SRC-62812280,491e99f5-a977-66fb-d5ad-53600d36ce2c,6,a09f76b5-a170-b338-3926-3059f28c105d,1,6513270e-269e-0d37-f2a7-4de452e6b438,DEMO-SRV01
\\DEMO-SRV01\FileServer\01_Clients\CL1009_Imprimerie_Castel\02_Devis\Devis_CL1009_2024-01.docx,https://m365x71797824.sharepoint.com/sites/MigrationFileServer/Clients/CL1009_Imprimerie_Castel/02_Devis/Devis_CL1009_2024-01.docx,Devis_CL1009_2024-01.docx,docx,36748,Document,Migrated,MIGRATED,,,SRC-10492088,3fd3be98-261f-40df-ef82-d1a3a28cf7b1,6,a09f76b5-a170-b338-3926-3059f28c105d,1,6513270e-269e-0d37-f2a7-4de452e6b438,DEMO-SRV01
\\DEMO-SRV01\FileServer\01_Clients\CL1009_Imprimerie_Castel\02_Devis\Devis_CL1009_2024-02.docx,https://m365x71797824.sharepoint.com/sites/MigrationFileServer/Clients/CL1009_Imprimerie_Castel/02_Devis/Devis_CL1009_2024-02.docx,Devis_CL1009_2024-02.docx,docx,36749,Document,Migrated,MIGRATED,,,SRC-99417798,82ce786f-6fad-7936-4406-c053f895fc55,6,a09f76b5-a170-b338-3926-3059f28c105d,1,6513270e-269e-0d37-f2a7-4de452e6b438,DEMO-SRV01
\\DEMO-SRV01\FileServer\01_Clients\CL1009_Imprimerie_Castel\02_Devis\Devis_CL1009_2025-03.docx,https://m365x71797824.sharepoint.com/sites/MigrationFileServer/Clients/CL1009_Imprimerie_Castel/02_Devis/Devis_CL1009_2025-03.docx,Devis_CL1009_2025-03.docx,docx,36746,Document,Migrated,MIGRATED,,,SRC-1268944,5f93d180-c5ef-5cfb-3099-f27150cb407a,6,a09f76b5-a170-b338-3926-3059f28c105d,1,6513270e-269e-0d37-f2a7-4de452e6b438,DEMO-SRV01
\\DEMO-SRV01\FileServer\01_Clients\CL1009_Imprimerie_Castel\03_Factures\2024\Facture_CL1009_202403.pdf,https://m365x71797824.sharepoint.com/sites/MigrationFileServer/Clients/CL1009_Imprimerie_Castel/03_Factures/2024/Facture_CL1009_202403.pdf,Facture_CL1009_202403.pdf,pdf,1703,Document,Migrated,MIGRATED,,,SRC-10969914,e25f4b1c-6d80-de7c-f4c7-3f2bc8ff1c38,6,a09f76b5-a170-b338-3926-3059f28c105d,1,6513270e-269e-0d37-f2a7-4de452e6b438,DEMO-SRV01
\\DEMO-SRV01\FileServer\01_Clients\CL1009_Imprimerie_Castel\03_Factures\2024\Facture_CL1009_202405.pdf,https://m365x71797824.sharepoint.com/sites/MigrationFileServer/Clients/CL1009_Imprimerie_Castel/03_Factures/2024/Facture_CL1009_202405.pdf,Facture_CL1009_202405.pdf,pdf,1704,Document,Migrated,MIGRATED,,,SRC-30222696,a1826327-c2fb-d8a3-cfdc-c257076d490a,6,a09f76b5-a170-b338-3926-3059f28c105d,1,6513270e-269e-0d37-f2a7-4de452e6b438,DEMO-SRV01
\\DEMO-SRV01\FileServer\01_Clients\CL1009_Imprimerie_Castel\03_Factures\2024\Facture_CL1009_202407.pdf,https://m365x71797824.sharepoint.com/sites/MigrationFileServer/Clients/CL1009_Imprimerie_Castel/03_Factures/2024/Facture_CL1009_202407.pdf,Facture_CL1009_202407.pdf,pdf,1703,Document,Migrated,MIGRATED,,,SRC-89310080,f0d1ab56-e02f-9a72-e9d6-25c966692158,6,a09f76b5-a170-b338-3926-3059f28c105d,1,6513270e-269e-0d37-f2a7-4de452e6b438,DEMO-SRV01
\\DEMO-SRV01\FileServer\01_Clients\CL1009_Imprimerie_Castel\03_Factures\2024\Facture_CL1009_202409.pdf,https://m365x71797824.sharepoint.com/sites/MigrationFileServer/Clients/CL1009_Imprimerie_Castel/03_Factures/2024/Facture_CL1009_202409.pdf,Facture_CL1009_202409.pdf,pdf,1705,Document,Migrated,MIGRATED,,,SRC-17491180,b835e8a5-3414-5e87-8c9a-37518ddcf83c,6,a09f76b5-a170-b338-3926-3059f28c105d,1,6513270e-269e-0d37-f2a7-4de452e6b438,DEMO-SRV01
\\DEMO-SRV01\FileServer\01_Clients\CL1009_Imprimerie_Castel\03_Factures\2024\Facture_CL1009_202410.pdf,https://m365x71797824.sharepoint.com/sites/MigrationFileServer/Clients/CL1009_Imprimerie_Castel/03_Factures/2024/Facture_CL1009_202410.pdf,Facture_CL1009_202410.pdf,pdf,1703,Document,Migrated,MIGRATED,,,SRC-8338955,bb7b738e-eef7-95cd-0caa-761214a0b00b,6,a09f76b5-a170-b338-3926-3059f28c105d,1,6513270e-269e-0d37-f2a7-4de452e6b438,DEMO-SRV01
\\DEMO-SRV01\FileServer\01_Clients\CL1009_Imprimerie_Castel\03_Factures\2024\Facture_CL1009_202412.pdf,https://m365x71797824.sharepoint.com/sites/MigrationFileServer/Clients/CL1009_Imprimerie_Castel/03_Factures/2024/Facture_CL1009_202412.pdf,Facture_CL1009_202412.pdf,pdf,1703,Document,Migrated,MIGRATED,,,SRC-91934977,c0aed9c5-9d6b-023f-736b-96a0692fd360,6,a09f76b5-a170-b338-3926-3059f28c105d,1,6513270e-269e-0d37-f2a7-4de452e6b438,DEMO-SRV01
\\DEMO-SRV01\FileServer\01_Clients\CL1009_Imprimerie_Castel\03_Factures\2025\Facture_CL1009_202505.pdf,https://m365x71797824.sharepoint.com/sites/MigrationFileServer/Clients/CL1009_Imprimerie_Castel/03_Factures/2025/Facture_CL1009_202505.pdf,Facture_CL1009_202505.pdf,pdf,1704,Document,Migrated,MIGRATED,,,SRC-40187776,4944f2ce-de96-2a6d-a4fd-57c523797d45,6,a09f76b5-a170-b338-3926-3059f28c105d,1,6513270e-269e-0d37-f2a7-4de452e6b438,DEMO-SRV01
\\DEMO-SRV01\FileServer\01_Clients\CL1009_Imprimerie_Castel\03_Factures\2025\Facture_CL1009_202508.pdf,https://m365x71797824.sharepoint.com/sites/MigrationFileServer/Clients/CL1009_Imprimerie_Castel/03_Factures/2025/Facture_CL1009_202508.pdf,Facture_CL1009_202508.pdf,pdf,1703,Document,Migrated,MIGRATED,,,SRC-26555922,ed4142ba-e972-9f3f-0c89-c0017c4ea603,6,a09f76b5-a170-b338-3926-3059f28c105d,1,6513270e-269e-0d37-f2a7-4de452e6b438,DEMO-SRV01
\\DEMO-SRV01\FileServer\01_Clients\CL1009_Imprimerie_Castel\03_Factures\2025\Facture_CL1009_202510.pdf,https://m365x71797824.sharepoint.com/sites/MigrationFileServer/Clients/CL1009_Imprimerie_Castel/03_Factures/2025/Facture_CL1009_202510.pdf,Facture_CL1009_202510.pdf,pdf,1704,Document,Migrated,MIGRATED,,,SRC-60957816,78e10e70-2bb7-1c68-2097-798c8cd3e418,6,a09f76b5-a170-b338-3926-3059f28c105d,1,6513270e-269e-0d37-f2a7-4de452e6b438,DEMO-SRV01
\\DEMO-SRV01\FileServer\01_Clients\CL1009_Imprimerie_Castel\03_Factures\2026\Facture_CL1009_202601.pdf,https://m365x71797824.sharepoint.com/sites/MigrationFileServer/Clients/CL1009_Imprimerie_Castel/03_Factures/2026/Facture_CL1009_202601.pdf,Facture_CL1009_202601.pdf,pdf,1703,Document,Migrated,MIGRATED,,,SRC-12710496,4c3ac6fc-4820-8231-57fa-49e56a34b371,6,a09f76b5-a170-b338-3926-3059f28c105d,1,6513270e-269e-0d37-f2a7-4de452e6b438,DEMO-SRV01
\\DEMO-SRV01\FileServer\01_Clients\CL1009_Imprimerie_Castel\03_Factures\2026\Facture_CL1009_202602.pdf,https://m365x71797824.sharepoint.com/sites/MigrationFileServer/Clients/CL1009_Imprimerie_Castel/03_Factures/2026/Facture_CL1009_202602.pdf,Facture_CL1009_202602.pdf,pdf,1704,Document,Migrated,MIGRATED,,,SRC-45280253,f9ee8bc8-bd1e-6912-bd31-3bee41785bc6,6,a09f76b5-a170-b338-3926-3059f28c105d,1,6513270e-269e-0d37-f2a7-4de452e6b438,DEMO-SRV01
\\DEMO-SRV01\FileServer\01_Clients\CL1009_Imprimerie_Castel\03_Factures\2026\Facture_CL1009_202603.pdf,https://m365x71797824.sharepoint.com/sites/MigrationFileServer/Clients/CL1009_Imprimerie_Castel/03_Factures/2026/Facture_CL1009_202603.pdf,Facture_CL1009_202603.pdf,pdf,1704,Document,Migrated,MIGRATED,,,SRC-49707519,a7ef4f5d-67fd-5499-429a-7079a71f11b2,6,a09f76b5-a170-b338-3926-3059f28c105d,1,6513270e-269e-0d37-f2a7-4de452e6b438,DEMO-SRV01
\\DEMO-SRV01\FileServer\01_Clients\CL1009_Imprimerie_Castel\03_Factures\2026\Facture_CL1009_202604.pdf,https://m365x71797824.sharepoint.com/sites/MigrationFileServer/Clients/CL1009_Imprimerie_Castel/03_Factures/2026/Facture_CL1009_202604.pdf,Facture_CL1009_202604.pdf,pdf,1703,Document,Migrated,MIGRATED,,,SRC-55920850,8eaca288-7bb1-d124-4d03-9b723d1926ac,6,a09f76b5-a170-b338-3926-3059f28c105d,1,6513270e-269e-0d37-f2a7-4de452e6b438,DEMO-SRV01
\\DEMO-SRV01\FileServer\01_Clients\CL1009_Imprimerie_Castel\04_Correspondance\Echange_01.eml.txt,https://m365x71797824.sharepoint.com/sites/MigrationFileServer/Clients/CL1009_Imprimerie_Castel/04_Correspondance/Echange_01.eml.txt,Echange_01.eml.txt,txt,106,Document,Migrated,MIGRATED,,,SRC-56413214,2ad64ce9-1ea7-7228-64f5-4969ab3b74fe,6,a09f76b5-a170-b338-3926-3059f28c105d,1,6513270e-269e-0d37-f2a7-4de452e6b438,DEMO-SRV01
\\DEMO-SRV01\FileServer\01_Clients\CL1009_Imprimerie_Castel\04_Correspondance\Echange_02.eml.txt,https://m365x71797824.sharepoint.com/sites/MigrationFileServer/Clients/CL1009_Imprimerie_Castel/04_Correspondance/Echange_02.eml.txt,Echange_02.eml.txt,txt,106,Document,Migrated,MIGRATED,,,SRC-63953567,35372235-133e-6153-2962-59c8a4a915d0,6,a09f76b5-a170-b338-3926-3059f28c105d,1,6513270e-269e-0d37-f2a7-4de452e6b438,DEMO-SRV01
\\DEMO-SRV01\FileServer\01_Clients\CL1009_Imprimerie_Castel\05_Projets\Deploiement_Teams\Compte_rendu_COPIL.docx,https://m365x71797824.sharepoint.com/sites/MigrationFileServer/Clients/CL1009_Imprimerie_Castel/05_Projets/Deploiement_Teams/Compte_rendu_COPIL.docx,Compte_rendu_COPIL.docx,docx,36732,Document,Migrated,MIGRATED,,,SRC-91369085,7f405bc8-cfd3-dd72-e7ec-fd0c8027a2a2,6,a09f76b5-a170-b338-3926-3059f28c105d,1,6513270e-269e-0d37-f2a7-4de452e6b438,DEMO-SRV01
\\DEMO-SRV01\FileServer\01_Clients\CL1009_Imprimerie_Castel\05_Projets\Deploiement_Teams\Planning_Deploiement_Teams.xlsx,https://m365x71797824.sharepoint.com/sites/MigrationFileServer/Clients/CL1009_Imprimerie_Castel/05_Projets/Deploiement_Teams/Planning_Deploiement_Teams.xlsx,Planning_Deploiement_Teams.xlsx,xlsx,5134,Document,Migrated,MIGRATED,,,SRC-67635779,e8009d90-73f6-e53d-3853-933d8ce621ef,6,a09f76b5-a170-b338-3926-3059f28c105d,1,6513270e-269e-0d37-f2a7-4de452e6b438,DEMO-SRV01
\\DEMO-SRV01\FileServer\01_Clients\CL1009_Imprimerie_Castel\05_Projets\Deploiement_Teams\Presentation_lancement_Deploiement_Teams.pptx,https://m365x71797824.sharepoint.com/sites/MigrationFileServer/Clients/CL1009_Imprimerie_Castel/05_Projets/Deploiement_Teams/Presentation_lancement_Deploiement_Teams.pptx,Presentation_lancement_Deploiement_Teams.pptx,pptx,29174,Document,Migrated,MIGRATED,,,SRC-64800660,73309b95-c25e-114f-ff18-fe335534a034,6,a09f76b5-a170-b338-3926-3059f28c105d,1,6513270e-269e-0d37-f2a7-4de452e6b438,DEMO-SRV01
\\DEMO-SRV01\FileServer\01_Clients\CL1009_Imprimerie_Castel\05_Projets\Refonte_site_web\Compte_rendu_COPIL.docx,https://m365x71797824.sharepoint.com/sites/MigrationFileServer/Clients/CL1009_Imprimerie_Castel/05_Projets/Refonte_site_web/Compte_rendu_COPIL.docx,Compte_rendu_COPIL.docx,docx,36733,Document,Migrated,MIGRATED,,,SRC-66592226,31419775-8c3b-a859-23bc-91526d6b987a,6,a09f76b5-a170-b338-3926-3059f28c105d,1,6513270e-269e-0d37-f2a7-4de452e6b438,DEMO-SRV01
\\DEMO-SRV01\FileServer\01_Clients\CL1009_Imprimerie_Castel\05_Projets\Refonte_site_web\Planning_Refonte_site_web.xlsx,https://m365x71797824.sharepoint.com/sites/MigrationFileServer/Clients/CL1009_Imprimerie_Castel/05_Projets/Refonte_site_web/Planning_Refonte_site_web.xlsx,Planning_Refonte_site_web.xlsx,xlsx,5129,Document,Migrated,MIGRATED,,,SRC-22246542,578a60d8-2cb8-d14c-1739-10e33e7c6567,6,a09f76b5-a170-b338-3926-3059f28c105d,1,6513270e-269e-0d37-f2a7-4de452e6b438,DEMO-SRV01
\\DEMO-SRV01\FileServer\01_Clients\CL1009_Imprimerie_Castel\05_Projets\Refonte_site_web\Presentation_lancement_Refonte_site_web.pptx,https://m365x71797824.sharepoint.com/sites/MigrationFileServer/Clients/CL1009_Imprimerie_Castel/05_Projets/Refonte_site_web/Presentation_lancement_Refonte_site_web.pptx,Presentation_lancement_Refonte_site_web.pptx,pptx,29177,Document,Migrated,MIGRATED,,,SRC-60993363,3d376642-51bc-d77a-1751-f5798e4dc3a3,6,a09f76b5-a170-b338-3926-3059f28c105d,1,6513270e-269e-0d37-f2a7-4de452e6b438,DEMO-SRV01
\\DEMO-SRV01\FileServer\01_Clients\CL1010_Vignobles_de_Sancerre-Est\01_Contrats\Contrat_cadre_CL1010_2017.docx,https://m365x71797824.sharepoint.com/sites/MigrationFileServer/Clients/CL1010_Vignobles_de_Sancerre-Est/01_Contrats/Contrat_cadre_CL1010_2017.docx,Contrat_cadre_CL1010_2017.docx,docx,36787,Document,Migrated,MIGRATED,,,SRC-56606734,91d277f2-cf32-1d63-4223-b8aa5e49422a,7,a09f76b5-a170-b338-3926-3059f28c105d,1,6513270e-269e-0d37-f2a7-4de452e6b438,DEMO-SRV01
\\DEMO-SRV01\FileServer\01_Clients\CL1010_Vignobles_de_Sancerre-Est\01_Contrats\Contrat_cadre_CL1010_2017_signe.pdf,https://m365x71797824.sharepoint.com/sites/MigrationFileServer/Clients/CL1010_Vignobles_de_Sancerre-Est/01_Contrats/Contrat_cadre_CL1010_2017_signe.pdf,Contrat_cadre_CL1010_2017_signe.pdf,pdf,1664,Document,Migrated,MIGRATED,,,SRC-54787709,bfe98f8c-0524-137f-e322-e96d33bf9157,7,a09f76b5-a170-b338-3926-3059f28c105d,1,6513270e-269e-0d37-f2a7-4de452e6b438,DEMO-SRV01
\\DEMO-SRV01\FileServer\01_Clients\CL1010_Vignobles_de_Sancerre-Est\02_Devis\Devis_CL1010_2018-01.docx,https://m365x71797824.sharepoint.com/sites/MigrationFileServer/Clients/CL1010_Vignobles_de_Sancerre-Est/02_Devis/Devis_CL1010_2018-01.docx,Devis_CL1010_2018-01.docx,docx,36749,Document,Migrated,MIGRATED,,,SRC-13729521,69f44612-6201-a9d3-69ac-0f03dee0a843,7,a09f76b5-a170-b338-3926-3059f28c105d,1,6513270e-269e-0d37-f2a7-4de452e6b438,DEMO-SRV01
\\DEMO-SRV01\FileServer\01_Clients\CL1010_Vignobles_de_Sancerre-Est\02_Devis\Devis_CL1010_2019-02.docx,https://m365x71797824.sharepoint.com/sites/MigrationFileServer/Clients/CL1010_Vignobles_de_Sancerre-Est/02_Devis/Devis_CL1010_2019-02.docx,Devis_CL1010_2019-02.docx,docx,36747,Document,Migrated,MIGRATED,,,SRC-57061061,607a4732-35c2-e229-862f-e231beef67fb,7,a09f76b5-a170-b338-3926-3059f28c105d,1,6513270e-269e-0d37-f2a7-4de452e6b438,DEMO-SRV01
\\DEMO-SRV01\FileServer\01_Clients\CL1010_Vignobles_de_Sancerre-Est\02_Devis\Devis_CL1010_2022-03.docx,https://m365x71797824.sharepoint.com/sites/MigrationFileServer/Clients/CL1010_Vignobles_de_Sancerre-Est/02_Devis/Devis_CL1010_2022-03.docx,Devis_CL1010_2022-03.docx,docx,36745,Document,Migrated,MIGRATED,,,SRC-66011552,0fe321ec-c08a-58d7-5694-7a7a452e704d,7,a09f76b5-a170-b338-3926-3059f28c105d,1,6513270e-269e-0d37-f2a7-4de452e6b438,DEMO-SRV01
\\DEMO-SRV01\FileServer\01_Clients\CL1010_Vignobles_de_Sancerre-Est\02_Devis\Devis_CL1010_2023-04.docx,https://m365x71797824.sharepoint.com/sites/MigrationFileServer/Clients/CL1010_Vignobles_de_Sancerre-Est/02_Devis/Devis_CL1010_2023-04.docx,Devis_CL1010_2023-04.docx,docx,36746,Document,Migrated,MIGRATED,,,SRC-72340128,f7ba38b6-9304-106e-470b-4fad7f867d5f,7,a09f76b5-a170-b338-3926-3059f28c105d,1,6513270e-269e-0d37-f2a7-4de452e6b438,DEMO-SRV01
\\DEMO-SRV01\FileServer\01_Clients\CL1010_Vignobles_de_Sancerre-Est\03_Factures\2024\Facture_CL1010_202404.pdf,https://m365x71797824.sharepoint.com/sites/MigrationFileServer/Clients/CL1010_Vignobles_de_Sancerre-Est/03_Factures/2024/Facture_CL1010_202404.pdf,Facture_CL1010_202404.pdf,pdf,1708,Document,Migrated,MIGRATED,,,SRC-28350208,80de8b3e-afcf-0e77-2039-43f65c327a6d,7,a09f76b5-a170-b338-3926-3059f28c105d,1,6513270e-269e-0d37-f2a7-4de452e6b438,DEMO-SRV01
\\DEMO-SRV01\FileServer\01_Clients\CL1010_Vignobles_de_Sancerre-Est\03_Factures\2024\Facture_CL1010_202406.pdf,https://m365x71797824.sharepoint.com/sites/MigrationFileServer/Clients/CL1010_Vignobles_de_Sancerre-Est/03_Factures/2024/Facture_CL1010_202406.pdf,Facture_CL1010_202406.pdf,pdf,1707,Document,Migrated,MIGRATED,,,SRC-17048316,dce47b21-ca51-e152-a12f-3a94877b55cb,7,a09f76b5-a170-b338-3926-3059f28c105d,1,6513270e-269e-0d37-f2a7-4de452e6b438,DEMO-SRV01
\\DEMO-SRV01\FileServer\01_Clients\CL1010_Vignobles_de_Sancerre-Est\03_Factures\2024\Facture_CL1010_202408.pdf,https://m365x71797824.sharepoint.com/sites/MigrationFileServer/Clients/CL1010_Vignobles_de_Sancerre-Est/03_Factures/2024/Facture_CL1010_202408.pdf,Facture_CL1010_202408.pdf,pdf,1709,Document,Migrated,MIGRATED,,,SRC-30877416,45619fc0-17b4-834c-3749-5c5ed93ff716,7,a09f76b5-a170-b338-3926-3059f28c105d,1,6513270e-269e-0d37-f2a7-4de452e6b438,DEMO-SRV01
\\DEMO-SRV01\FileServer\01_Clients\CL1010_Vignobles_de_Sancerre-Est\03_Factures\2024\Facture_CL1010_202409.pdf,https://m365x71797824.sharepoint.com/sites/MigrationFileServer/Clients/CL1010_Vignobles_de_Sancerre-Est/03_Factures/2024/Facture_CL1010_202409.pdf,Facture_CL1010_202409.pdf,pdf,1709,Document,Migrated,MIGRATED,,,SRC-74058443,66567bc4-6272-92f8-3f9a-a884e59409c1,7,a09f76b5-a170-b338-3926-3059f28c105d,1,6513270e-269e-0d37-f2a7-4de452e6b438,DEMO-SRV01
\\DEMO-SRV01\FileServer\01_Clients\CL1010_Vignobles_de_Sancerre-Est\03_Factures\2024\Facture_CL1010_202411.pdf,https://m365x71797824.sharepoint.com/sites/MigrationFileServer/Clients/CL1010_Vignobles_de_Sancerre-Est/03_Factures/2024/Facture_CL1010_202411.pdf,Facture_CL1010_202411.pdf,pdf,1708,Document,Migrated,MIGRATED,,,SRC-30176800,f435a573-6e8c-d94e-7223-c68aa5529b05,7,a09f76b5-a170-b338-3926-3059f28c105d,1,6513270e-269e-0d37-f2a7-4de452e6b438,DEMO-SRV01
\\DEMO-SRV01\FileServer\01_Clients\CL1010_Vignobles_de_Sancerre-Est\03_Factures\2025\Facture_CL1010_202503.pdf,https://m365x71797824.sharepoint.com/sites/MigrationFileServer/Clients/CL1010_Vignobles_de_Sancerre-Est/03_Factures/2025/Facture_CL1010_202503.pdf,Facture_CL1010_202503.pdf,pdf,1708,Document,Migrated,MIGRATED,,,SRC-63685772,df75c883-d078-84b7-d943-55414fe04802,7,a09f76b5-a170-b338-3926-3059f28c105d,1,6513270e-269e-0d37-f2a7-4de452e6b438,DEMO-SRV01
\\DEMO-SRV01\FileServer\01_Clients\CL1010_Vignobles_de_Sancerre-Est\03_Factures\2025\Facture_CL1010_202504.pdf,https://m365x71797824.sharepoint.com/sites/MigrationFileServer/Clients/CL1010_Vignobles_de_Sancerre-Est/03_Factures/2025/Facture_CL1010_202504.pdf,Facture_CL1010_202504.pdf,pdf,1708,Document,Migrated,MIGRATED,,,SRC-77541477,08411c07-2093-42ca-0595-5fb9f7d17ebd,7,a09f76b5-a170-b338-3926-3059f28c105d,1,6513270e-269e-0d37-f2a7-4de452e6b438,DEMO-SRV01
\\DEMO-SRV01\FileServer\01_Clients\CL1010_Vignobles_de_Sancerre-Est\03_Factures\2025\Facture_CL1010_202506.pdf,https://m365x71797824.sharepoint.com/sites/MigrationFileServer/Clients/CL1010_Vignobles_de_Sancerre-Est/03_Factures/2025/Facture_CL1010_202506.pdf,Facture_CL1010_202506.pdf,pdf,1708,Document,Migrated,MIGRATED,,,SRC-66336114,e54c5de6-c381-3ce6-b5a2-90616cd9e62a,7,a09f76b5-a170-b338-3926-3059f28c105d,1,6513270e-269e-0d37-f2a7-4de452e6b438,DEMO-SRV01
\\DEMO-SRV01\FileServer\01_Clients\CL1010_Vignobles_de_Sancerre-Est\03_Factures\2025\Facture_CL1010_202508.pdf,https://m365x71797824.sharepoint.com/sites/MigrationFileServer/Clients/CL1010_Vignobles_de_Sancerre-Est/03_Factures/2025/Facture_CL1010_202508.pdf,Facture_CL1010_202508.pdf,pdf,1708,Document,Migrated,MIGRATED,,,SRC-52483742,965132d6-f7e1-47fd-7928-1c19cde347ab,7,a09f76b5-a170-b338-3926-3059f28c105d,1,6513270e-269e-0d37-f2a7-4de452e6b438,DEMO-SRV01
\\DEMO-SRV01\FileServer\01_Clients\CL1010_Vignobles_de_Sancerre-Est\03_Factures\2025\Facture_CL1010_202509.pdf,https://m365x71797824.sharepoint.com/sites/MigrationFileServer/Clients/CL1010_Vignobles_de_Sancerre-Est/03_Factures/2025/Facture_CL1010_202509.pdf,Facture_CL1010_202509.pdf,pdf,1709,Document,Migrated,MIGRATED,,,SRC-35587239,643ab9e2-12b9-2a01-000b-b5f97d652135,7,a09f76b5-a170-b338-3926-3059f28c105d,1,6513270e-269e-0d37-f2a7-4de452e6b438,DEMO-SRV01
\\DEMO-SRV01\FileServer\01_Clients\CL1010_Vignobles_de_Sancerre-Est\03_Factures\2025\Facture_CL1010_202510.pdf,https://m365x71797824.sharepoint.com/sites/MigrationFileServer/Clients/CL1010_Vignobles_de_Sancerre-Est/03_Factures/2025/Facture_CL1010_202510.pdf,Facture_CL1010_202510.pdf,pdf,1707,Document,Migrated,MIGRATED,,,SRC-47996060,d359d07a-ed9b-f0b6-ed44-8d4eee241c43,7,a09f76b5-a170-b338-3926-3059f28c105d,1,6513270e-269e-0d37-f2a7-4de452e6b438,DEMO-SRV01
\\DEMO-SRV01\FileServer\01_Clients\CL1010_Vignobles_de_Sancerre-Est\03_Factures\2025\Facture_CL1010_202511.pdf,https://m365x71797824.sharepoint.com/sites/MigrationFileServer/Clients/CL1010_Vignobles_de_Sancerre-Est/03_Factures/2025/Facture_CL1010_202511.pdf,Facture_CL1010_202511.pdf,pdf,1709,Document,Migrated,MIGRATED,,,SRC-55070940,f8e4cb5c-77d8-c569-daff-9a0b8721ecf8,7,a09f76b5-a170-b338-3926-3059f28c105d,1,6513270e-269e-0d37-f2a7-4de452e6b438,DEMO-SRV01
\\DEMO-SRV01\FileServer\01_Clients\CL1010_Vignobles_de_Sancerre-Est\03_Factures\2026\Facture_CL1010_202602.pdf,https://m365x71797824.sharepoint.com/sites/MigrationFileServer/Clients/CL1010_Vignobles_de_Sancerre-Est/03_Factures/2026/Facture_CL1010_202602.pdf,Facture_CL1010_202602.pdf,pdf,1708,Document,Migrated,MIGRATED,,,SRC-48097460,1bea705e-c879-b663-3f9b-6bb272ee6a2e,7,a09f76b5-a170-b338-3926-3059f28c105d,1,6513270e-269e-0d37-f2a7-4de452e6b438,DEMO-SRV01
\\DEMO-SRV01\FileServer\01_Clients\CL1010_Vignobles_de_Sancerre-Est\03_Factures\2026\Facture_CL1010_202604.pdf,https://m365x71797824.sharepoint.com/sites/MigrationFileServer/Clients/CL1010_Vignobles_de_Sancerre-Est/03_Factures/2026/Facture_CL1010_202604.pdf,Facture_CL1010_202604.pdf,pdf,1707,Document,Migrated,MIGRATED,,,SRC-94160020,85b9c09a-26ed-f1bd-2785-5798394afbe9,7,a09f76b5-a170-b338-3926-3059f28c105d,1,6513270e-269e-0d37-f2a7-4de452e6b438,DEMO-SRV01
\\DEMO-SRV01\FileServer\01_Clients\CL1010_Vignobles_de_Sancerre-Est\03_Factures\2026\Facture_CL1010_202605.pdf,https://m365x71797824.sharepoint.com/sites/MigrationFileServer/Clients/CL1010_Vignobles_de_Sancerre-Est/03_Factures/2026/Facture_CL1010_202605.pdf,Facture_CL1010_202605.pdf,pdf,1707,Document,Migrated,MIGRATED,,,SRC-63004812,f1058667-1be0-3df0-ae9c-78bdf8cd9ec3,7,a09f76b5-a170-b338-3926-3059f28c105d,1,6513270e-269e-0d37-f2a7-4de452e6b438,DEMO-SRV01
\\DEMO-SRV01\FileServer\01_Clients\CL1010_Vignobles_de_Sancerre-Est\03_Factures\2026\Facture_CL1010_202606.pdf,https://m365x71797824.sharepoint.com/sites/MigrationFileServer/Clients/CL1010_Vignobles_de_Sancerre-Est/03_Factures/2026/Facture_CL1010_202606.pdf,Facture_CL1010_202606.pdf,pdf,1707,Document,Migrated,MIGRATED,,,SRC-79152886,a5b89b2f-b374-fab6-b8c3-a4d2d34d1c0d,7,a09f76b5-a170-b338-3926-3059f28c105d,1,6513270e-269e-0d37-f2a7-4de452e6b438,DEMO-SRV01
\\DEMO-SRV01\FileServer\01_Clients\CL1010_Vignobles_de_Sancerre-Est\03_Factures\2026\Facture_CL1010_202608.pdf,https://m365x71797824.sharepoint.com/sites/MigrationFileServer/Clients/CL1010_Vignobles_de_Sancerre-Est/03_Factures/2026/Facture_CL1010_202608.pdf,Facture_CL1010_202608.pdf,pdf,1708,Document,Migrated,MIGRATED,,,SRC-66950324,75134107-e517-4ebd-c3c9-f7e3d8b4c831,7,a09f76b5-a170-b338-3926-3059f28c105d,1,6513270e-269e-0d37-f2a7-4de452e6b438,DEMO-SRV01
\\DEMO-SRV01\FileServer\01_Clients\CL1010_Vignobles_de_Sancerre-Est\04_Correspondance\Echange_01.eml.txt,https://m365x71797824.sharepoint.com/sites/MigrationFileServer/Clients/CL1010_Vignobles_de_Sancerre-Est/04_Correspondance/Echange_01.eml.txt,Echange_01.eml.txt,txt,106,Document,Migrated,MIGRATED,,,SRC-28570436,0a1fb43b-c6e0-673a-8d2f-29e715c2c81a,7,a09f76b5-a170-b338-3926-3059f28c105d,1,6513270e-269e-0d37-f2a7-4de452e6b438,DEMO-SRV01
\\DEMO-SRV01\FileServer\01_Clients\CL1010_Vignobles_de_Sancerre-Est\04_Correspondance\Echange_02.eml.txt,https://m365x71797824.sharepoint.com/sites/MigrationFileServer/Clients/CL1010_Vignobles_de_Sancerre-Est/04_Correspondance/Echange_02.eml.txt,Echange_02.eml.txt,txt,106,Document,Migrated,MIGRATED,,,SRC-87164219,3b8a27ba-202a-b6fa-c844-b8fd0059865a,7,a09f76b5-a170-b338-3926-3059f28c105d,1,6513270e-269e-0d37-f2a7-4de452e6b438,DEMO-SRV01
\\DEMO-SRV01\FileServer\01_Clients\CL1010_Vignobles_de_Sancerre-Est\04_Correspondance\Echange_03.eml.txt,https://m365x71797824.sharepoint.com/sites/MigrationFileServer/Clients/CL1010_Vignobles_de_Sancerre-Est/04_Correspondance/Echange_03.eml.txt,Echange_03.eml.txt,txt,106,Document,Migrated,MIGRATED,,,SRC-52838601,a53fddc9-099f-9c9f-eb7f-e26b91c3098c,7,a09f76b5-a170-b338-3926-3059f28c105d,1,6513270e-269e-0d37-f2a7-4de452e6b438,DEMO-SRV01
\\DEMO-SRV01\FileServer\01_Clients\CL1010_Vignobles_de_Sancerre-Est\04_Correspondance\Echange_04.eml.txt,https://m365x71797824.sharepoint.com/sites/MigrationFileServer/Clients/CL1010_Vignobles_de_Sancerre-Est/04_Correspondance/Echange_04.eml.txt,Echange_04.eml.txt,txt,106,Document,Migrated,MIGRATED,,,SRC-63519628,20c26f71-f662-222e-4dc4-ac8cb70ba858,7,a09f76b5-a170-b338-3926-3059f28c105d,1,6513270e-269e-0d37-f2a7-4de452e6b438,DEMO-SRV01
\\DEMO-SRV01\FileServer\01_Clients\CL1010_Vignobles_de_Sancerre-Est\05_Projets\Audit_securite\Compte_rendu_COPIL.docx,https://m365x71797824.sharepoint.com/sites/MigrationFileServer/Clients/CL1010_Vignobles_de_Sancerre-Est/05_Projets/Audit_securite/Compte_rendu_COPIL.docx,Compte_rendu_COPIL.docx,docx,36731,Document,Migrated,MIGRATED,,,SRC-94113253,a2e3f93a-873b-9903-4075-916ea060846c,7,a09f76b5-a170-b338-3926-3059f28c105d,1,6513270e-269e-0d37-f2a7-4de452e6b438,DEMO-SRV01
\\DEMO-SRV01\FileServer\01_Clients\CL1010_Vignobles_de_Sancerre-Est\05_Projets\Audit_securite\Planning_Audit_securite.xlsx,https://m365x71797824.sharepoint.com/sites/MigrationFileServer/Clients/CL1010_Vignobles_de_Sancerre-Est/05_Projets/Audit_securite/Planning_Audit_securite.xlsx,Planning_Audit_securite.xlsx,xlsx,5136,Document,Migrated,MIGRATED,,,SRC-10597808,1cb4ba55-c38b-48a2-b2d6-43a26ffb726a,7,a09f76b5-a170-b338-3926-3059f28c105d,1,6513270e-269e-0d37-f2a7-4de452e6b438,DEMO-SRV01
\\DEMO-SRV01\FileServer\01_Clients\CL1010_Vignobles_de_Sancerre-Est\05_Projets\Audit_securite\Presentation_lancement_Audit_securite.pptx,https://m365x71797824.sharepoint.com/sites/MigrationFileServer/Clients/CL1010_Vignobles_de_Sancerre-Est/05_Projets/Audit_securite/Presentation_lancement_Audit_securite.pptx,Presentation_lancement_Audit_securite.pptx,pptx,29176,Document,Migrated,MIGRATED,,,SRC-82297864,86417b60-4ce3-b0cc-1202-952f197536b1,7,a09f76b5-a170-b338-3926-3059f28c105d,1,6513270e-269e-0d37-f2a7-4de452e6b438,DEMO-SRV01
\\DEMO-SRV01\FileServer\01_Clients\CL1010_Vignobles_de_Sancerre-Est\05_Projets\Refonte_site_web\Compte_rendu_COPIL.docx,https://m365x71797824.sharepoint.com/sites/MigrationFileServer/Clients/CL1010_Vignobles_de_Sancerre-Est/05_Projets/Refonte_site_web/Compte_rendu_COPIL.docx,Compte_rendu_COPIL.docx,docx,36732,Document,Migrated,MIGRATED,,,SRC-4229058,635956be-3113-5de9-9538-57d7f18bde0e,7,a09f76b5-a170-b338-3926-3059f28c105d,1,6513270e-269e-0d37-f2a7-4de452e6b438,DEMO-SRV01
\\DEMO-SRV01\FileServer\01_Clients\CL1010_Vignobles_de_Sancerre-Est\05_Projets\Refonte_site_web\Planning_Refonte_site_web.xlsx,https://m365x71797824.sharepoint.com/sites/MigrationFileServer/Clients/CL1010_Vignobles_de_Sancerre-Est/05_Projets/Refonte_site_web/Planning_Refonte_site_web.xlsx,Planning_Refonte_site_web.xlsx,xlsx,5139,Document,Migrated,MIGRATED,,,SRC-30356497,99df209b-ca5d-5e7d-393c-bcdd42c927b9,7,a09f76b5-a170-b338-3926-3059f28c105d,1,6513270e-269e-0d37-f2a7-4de452e6b438,DEMO-SRV01
\\DEMO-SRV01\FileServer\01_Clients\CL1010_Vignobles_de_Sancerre-Est\05_Projets\Refonte_site_web\Presentation_lancement_Refonte_site_web.pptx,https://m365x71797824.sharepoint.com/sites/MigrationFileServer/Clients/CL1010_Vignobles_de_Sancerre-Est/05_Projets/Refonte_site_web/Presentation_lancement_Refonte_site_web.pptx,Presentation_lancement_Refonte_site_web.pptx,pptx,29177,Document,Migrated,MIGRATED,,,SRC-30816244,4d307fe4-8998-0c50-02ad-9d2b004b7fd0,7,a09f76b5-a170-b338-3926-3059f28c105d,1,6513270e-269e-0d37-f2a7-4de452e6b438,DEMO-SRV01
\\DEMO-SRV01\FileServer\01_Clients\CL1011_Agence_Horizon_Voyages\01_Contrats\Contrat_cadre_CL1011_2021.docx,https://m365x71797824.sharepoint.com/sites/MigrationFileServer/Clients/CL1011_Agence_Horizon_Voyages/01_Contrats/Contrat_cadre_CL1011_2021.docx,Contrat_cadre_CL1011_2021.docx,docx,36788,Document,Migrated,MIGRATED,,,SRC-98916207,f57d1709-4752-9194-75ef-d233ff125eb4,7,a09f76b5-a170-b338-3926-3059f28c105d,1,6513270e-269e-0d37-f2a7-4de452e6b438,DEMO-SRV01
\\DEMO-SRV01\FileServer\01_Clients\CL1011_Agence_Horizon_Voyages\01_Contrats\Contrat_cadre_CL1011_2021_signe.pdf,https://m365x71797824.sharepoint.com/sites/MigrationFileServer/Clients/CL1011_Agence_Horizon_Voyages/01_Contrats/Contrat_cadre_CL1011_2021_signe.pdf,Contrat_cadre_CL1011_2021_signe.pdf,pdf,1664,Document,Migrated,MIGRATED,,,SRC-28695591,e23f03cc-d6e3-a71e-a502-e8a850fcc626,7,a09f76b5-a170-b338-3926-3059f28c105d,1,6513270e-269e-0d37-f2a7-4de452e6b438,DEMO-SRV01
\\DEMO-SRV01\FileServer\01_Clients\CL1011_Agence_Horizon_Voyages\02_Devis\Devis_CL1011_2023-02.docx,https://m365x71797824.sharepoint.com/sites/MigrationFileServer/Clients/CL1011_Agence_Horizon_Voyages/02_Devis/Devis_CL1011_2023-02.docx,Devis_CL1011_2023-02.docx,docx,36748,Document,Migrated,MIGRATED,,,SRC-99193821,3c19c315-86ba-22dd-79ad-89993e0b25cd,7,a09f76b5-a170-b338-3926-3059f28c105d,1,6513270e-269e-0d37-f2a7-4de452e6b438,DEMO-SRV01
\\DEMO-SRV01\FileServer\01_Clients\CL1011_Agence_Horizon_Voyages\02_Devis\Devis_CL1011_2024-01.docx,https://m365x71797824.sharepoint.com/sites/MigrationFileServer/Clients/CL1011_Agence_Horizon_Voyages/02_Devis/Devis_CL1011_2024-01.docx,Devis_CL1011_2024-01.docx,docx,36745,Document,Migrated,MIGRATED,,,SRC-98157752,f5ead065-077e-f32a-3f3f-37ea8c0856a4,7,a09f76b5-a170-b338-3926-3059f28c105d,1,6513270e-269e-0d37-f2a7-4de452e6b438,DEMO-SRV01
\\DEMO-SRV01\FileServer\01_Clients\CL1011_Agence_Horizon_Voyages\02_Devis\Devis_CL1011_2024-03.docx,https://m365x71797824.sharepoint.com/sites/MigrationFileServer/Clients/CL1011_Agence_Horizon_Voyages/02_Devis/Devis_CL1011_2024-03.docx,Devis_CL1011_2024-03.docx,docx,36751,Document,Migrated,MIGRATED,,,SRC-65534195,4eb19fca-a64f-7613-b464-2ea4696c63d6,7,a09f76b5-a170-b338-3926-3059f28c105d,1,6513270e-269e-0d37-f2a7-4de452e6b438,DEMO-SRV01
\\DEMO-SRV01\FileServer\01_Clients\CL1011_Agence_Horizon_Voyages\02_Devis\Devis_CL1011_2025-04.docx,https://m365x71797824.sharepoint.com/sites/MigrationFileServer/Clients/CL1011_Agence_Horizon_Voyages/02_Devis/Devis_CL1011_2025-04.docx,Devis_CL1011_2025-04.docx,docx,36751,Document,Migrated,MIGRATED,,,SRC-71065872,7f914286-31b1-891a-0593-dba20e28b64f,7,a09f76b5-a170-b338-3926-3059f28c105d,1,6513270e-269e-0d37-f2a7-4de452e6b438,DEMO-SRV01
\\DEMO-SRV01\FileServer\01_Clients\CL1011_Agence_Horizon_Voyages\03_Factures\2024\Facture_CL1011_202401.pdf,https://m365x71797824.sharepoint.com/sites/MigrationFileServer/Clients/CL1011_Agence_Horizon_Voyages/03_Factures/2024/Facture_CL1011_202401.pdf,Facture_CL1011_202401.pdf,pdf,1709,Document,Migrated,MIGRATED,,,SRC-4125466,6b86290b-a5ac-d341-aca9-9fd0e2856ec6,7,a09f76b5-a170-b338-3926-3059f28c105d,1,6513270e-269e-0d37-f2a7-4de452e6b438,DEMO-SRV01
\\DEMO-SRV01\FileServer\01_Clients\CL1011_Agence_Horizon_Voyages\03_Factures\2024\Facture_CL1011_202402.pdf,https://m365x71797824.sharepoint.com/sites/MigrationFileServer/Clients/CL1011_Agence_Horizon_Voyages/03_Factures/2024/Facture_CL1011_202402.pdf,Facture_CL1011_202402.pdf,pdf,1707,Document,Migrated,MIGRATED,,,SRC-63975777,aad7c7c0-3a53-c176-41db-898e14c2732a,7,a09f76b5-a170-b338-3926-3059f28c105d,1,6513270e-269e-0d37-f2a7-4de452e6b438,DEMO-SRV01
\\DEMO-SRV01\FileServer\01_Clients\CL1011_Agence_Horizon_Voyages\03_Factures\2024\Facture_CL1011_202403.pdf,https://m365x71797824.sharepoint.com/sites/MigrationFileServer/Clients/CL1011_Agence_Horizon_Voyages/03_Factures/2024/Facture_CL1011_202403.pdf,Facture_CL1011_202403.pdf,pdf,1710,Document,Migrated,MIGRATED,,,SRC-97220653,3a0ea6e1-5ec6-9be3-ecd7-570b6ca06496,7,a09f76b5-a170-b338-3926-3059f28c105d,1,6513270e-269e-0d37-f2a7-4de452e6b438,DEMO-SRV01
\\DEMO-SRV01\FileServer\01_Clients\CL1011_Agence_Horizon_Voyages\03_Factures\2024\Facture_CL1011_202405.pdf,https://m365x71797824.sharepoint.com/sites/MigrationFileServer/Clients/CL1011_Agence_Horizon_Voyages/03_Factures/2024/Facture_CL1011_202405.pdf,Facture_CL1011_202405.pdf,pdf,1710,Document,Migrated,MIGRATED,,,SRC-89807982,568a8c29-b221-7139-08ba-9bd97e318ad6,7,a09f76b5-a170-b338-3926-3059f28c105d,1,6513270e-269e-0d37-f2a7-4de452e6b438,DEMO-SRV01
\\DEMO-SRV01\FileServer\01_Clients\CL1011_Agence_Horizon_Voyages\03_Factures\2024\Facture_CL1011_202410.pdf,https://m365x71797824.sharepoint.com/sites/MigrationFileServer/Clients/CL1011_Agence_Horizon_Voyages/03_Factures/2024/Facture_CL1011_202410.pdf,Facture_CL1011_202410.pdf,pdf,1709,Document,Migrated,MIGRATED,,,SRC-59530225,aebcb0aa-5cc0-ff06-6ba9-9d01b7e49f36,7,a09f76b5-a170-b338-3926-3059f28c105d,1,6513270e-269e-0d37-f2a7-4de452e6b438,DEMO-SRV01
\\DEMO-SRV01\FileServer\01_Clients\CL1011_Agence_Horizon_Voyages\03_Factures\2025\Facture_CL1011_202501.pdf,https://m365x71797824.sharepoint.com/sites/MigrationFileServer/Clients/CL1011_Agence_Horizon_Voyages/03_Factures/2025/Facture_CL1011_202501.pdf,Facture_CL1011_202501.pdf,pdf,1708,Document,Migrated,MIGRATED,,,SRC-98870574,cc0c6682-01ba-985a-32b5-58fd6577bb54,7,a09f76b5-a170-b338-3926-3059f28c105d,1,6513270e-269e-0d37-f2a7-4de452e6b438,DEMO-SRV01
\\DEMO-SRV01\FileServer\01_Clients\CL1011_Agence_Horizon_Voyages\03_Factures\2025\Facture_CL1011_202503.pdf,https://m365x71797824.sharepoint.com/sites/MigrationFileServer/Clients/CL1011_Agence_Horizon_Voyages/03_Factures/2025/Facture_CL1011_202503.pdf,Facture_CL1011_202503.pdf,pdf,1712,Document,Migrated,MIGRATED,,,SRC-35104584,813fb5cd-d85b-bb6b-bd37-929d4ac7ccc3,7,a09f76b5-a170-b338-3926-3059f28c105d,1,6513270e-269e-0d37-f2a7-4de452e6b438,DEMO-SRV01
\\DEMO-SRV01\FileServer\01_Clients\CL1011_Agence_Horizon_Voyages\03_Factures\2025\Facture_CL1011_202504.pdf,https://m365x71797824.sharepoint.com/sites/MigrationFileServer/Clients/CL1011_Agence_Horizon_Voyages/03_Factures/2025/Facture_CL1011_202504.pdf,Facture_CL1011_202504.pdf,pdf,1712,Document,Migrated,MIGRATED,,,SRC-70264781,f848a956-7ee5-e857-3489-3498114340ff,7,a09f76b5-a170-b338-3926-3059f28c105d,1,6513270e-269e-0d37-f2a7-4de452e6b438,DEMO-SRV01
\\DEMO-SRV01\FileServer\01_Clients\CL1011_Agence_Horizon_Voyages\03_Factures\2025\Facture_CL1011_202505.pdf,https://m365x71797824.sharepoint.com/sites/MigrationFileServer/Clients/CL1011_Agence_Horizon_Voyages/03_Factures/2025/Facture_CL1011_202505.pdf,Facture_CL1011_202505.pdf,pdf,1710,Document,Migrated,MIGRATED,,,SRC-28531264,d1ebd086-c40f-3609-4fcc-9a5c334e51af,7,a09f76b5-a170-b338-3926-3059f28c105d,1,6513270e-269e-0d37-f2a7-4de452e6b438,DEMO-SRV01
\\DEMO-SRV01\FileServer\01_Clients\CL1011_Agence_Horizon_Voyages\03_Factures\2025\Facture_CL1011_202506.pdf,https://m365x71797824.sharepoint.com/sites/MigrationFileServer/Clients/CL1011_Agence_Horizon_Voyages/03_Factures/2025/Facture_CL1011_202506.pdf,Facture_CL1011_202506.pdf,pdf,1710,Document,Migrated,MIGRATED,,,SRC-19578315,38b079e1-7711-b757-3b16-494331a59c4a,7,a09f76b5-a170-b338-3926-3059f28c105d,1,6513270e-269e-0d37-f2a7-4de452e6b438,DEMO-SRV01
\\DEMO-SRV01\FileServer\01_Clients\CL1011_Agence_Horizon_Voyages\03_Factures\2025\Facture_CL1011_202508.pdf,https://m365x71797824.sharepoint.com/sites/MigrationFileServer/Clients/CL1011_Agence_Horizon_Voyages/03_Factures/2025/Facture_CL1011_202508.pdf,Facture_CL1011_202508.pdf,pdf,1709,Document,Migrated,MIGRATED,,,SRC-46540747,4b80b828-e3ab-6283-c2ae-35d243d87a97,7,a09f76b5-a170-b338-3926-3059f28c105d,1,6513270e-269e-0d37-f2a7-4de452e6b438,DEMO-SRV01
\\DEMO-SRV01\FileServer\01_Clients\CL1011_Agence_Horizon_Voyages\03_Factures\2025\Facture_CL1011_202512.pdf,https://m365x71797824.sharepoint.com/sites/MigrationFileServer/Clients/CL1011_Agence_Horizon_Voyages/03_Factures/2025/Facture_CL1011_202512.pdf,Facture_CL1011_202512.pdf,pdf,1710,Document,Migrated,MIGRATED,,,SRC-3383305,7eea6fe1-9fa4-0dd6-f3b1-7af01be7f3cf,8,a09f76b5-a170-b338-3926-3059f28c105d,1,6513270e-269e-0d37-f2a7-4de452e6b438,DEMO-SRV01
\\DEMO-SRV01\FileServer\01_Clients\CL1011_Agence_Horizon_Voyages\03_Factures\2026\Facture_CL1011_202601.pdf,https://m365x71797824.sharepoint.com/sites/MigrationFileServer/Clients/CL1011_Agence_Horizon_Voyages/03_Factures/2026/Facture_CL1011_202601.pdf,Facture_CL1011_202601.pdf,pdf,1710,Document,Migrated,MIGRATED,,,SRC-10892391,392bc552-e57f-7691-2ff3-c23c9c2f6723,8,a09f76b5-a170-b338-3926-3059f28c105d,1,6513270e-269e-0d37-f2a7-4de452e6b438,DEMO-SRV01
\\DEMO-SRV01\FileServer\01_Clients\CL1011_Agence_Horizon_Voyages\03_Factures\2026\Facture_CL1011_202602.pdf,https://m365x71797824.sharepoint.com/sites/MigrationFileServer/Clients/CL1011_Agence_Horizon_Voyages/03_Factures/2026/Facture_CL1011_202602.pdf,Facture_CL1011_202602.pdf,pdf,1709,Document,Migrated,MIGRATED,,,SRC-7114409,aa50b96f-e90f-b651-6ac2-6ae07c2c6a87,8,a09f76b5-a170-b338-3926-3059f28c105d,1,6513270e-269e-0d37-f2a7-4de452e6b438,DEMO-SRV01
\\DEMO-SRV01\FileServer\01_Clients\CL1011_Agence_Horizon_Voyages\03_Factures\2026\Facture_CL1011_202603.pdf,https://m365x71797824.sharepoint.com/sites/MigrationFileServer/Clients/CL1011_Agence_Horizon_Voyages/03_Factures/2026/Facture_CL1011_202603.pdf,Facture_CL1011_202603.pdf,pdf,1709,Document,Migrated,MIGRATED,,,SRC-42011561,25795c18-9844-f476-f2e2-054d0e71597a,8,a09f76b5-a170-b338-3926-3059f28c105d,1,6513270e-269e-0d37-f2a7-4de452e6b438,DEMO-SRV01
\\DEMO-SRV01\FileServer\01_Clients\CL1011_Agence_Horizon_Voyages\03_Factures\2026\Facture_CL1011_202604.pdf,https://m365x71797824.sharepoint.com/sites/MigrationFileServer/Clients/CL1011_Agence_Horizon_Voyages/03_Factures/2026/Facture_CL1011_202604.pdf,Facture_CL1011_202604.pdf,pdf,1710,Document,Migrated,MIGRATED,,,SRC-27284589,3683d4bc-0dea-6e4e-64b9-cb1cec032e6b,8,a09f76b5-a170-b338-3926-3059f28c105d,1,6513270e-269e-0d37-f2a7-4de452e6b438,DEMO-SRV01
\\DEMO-SRV01\FileServer\01_Clients\CL1011_Agence_Horizon_Voyages\03_Factures\2026\Facture_CL1011_202606.pdf,https://m365x71797824.sharepoint.com/sites/MigrationFileServer/Clients/CL1011_Agence_Horizon_Voyages/03_Factures/2026/Facture_CL1011_202606.pdf,Facture_CL1011_202606.pdf,pdf,1709,Document,Migrated,MIGRATED,,,SRC-22405483,245448c8-989b-c9dc-f95f-e8a0060c8804,8,a09f76b5-a170-b338-3926-3059f28c105d,1,6513270e-269e-0d37-f2a7-4de452e6b438,DEMO-SRV01
\\DEMO-SRV01\FileServer\01_Clients\CL1011_Agence_Horizon_Voyages\04_Correspondance\Echange_01.eml.txt,https://m365x71797824.sharepoint.com/sites/MigrationFileServer/Clients/CL1011_Agence_Horizon_Voyages/04_Correspondance/Echange_01.eml.txt,Echange_01.eml.txt,txt,106,Document,Migrated,MIGRATED,,,SRC-1229531,0f650638-b5b9-4af3-0d45-6be06a56aac3,8,a09f76b5-a170-b338-3926-3059f28c105d,1,6513270e-269e-0d37-f2a7-4de452e6b438,DEMO-SRV01
\\DEMO-SRV01\FileServer\01_Clients\CL1011_Agence_Horizon_Voyages\05_Projets\Audit_securite\Compte_rendu_COPIL.docx,https://m365x71797824.sharepoint.com/sites/MigrationFileServer/Clients/CL1011_Agence_Horizon_Voyages/05_Projets/Audit_securite/Compte_rendu_COPIL.docx,Compte_rendu_COPIL.docx,docx,36733,Document,Migrated,MIGRATED,,,SRC-46911231,e5ee4c91-731b-bc41-64b0-bb142f217e72,8,a09f76b5-a170-b338-3926-3059f28c105d,1,6513270e-269e-0d37-f2a7-4de452e6b438,DEMO-SRV01
\\DEMO-SRV01\FileServer\01_Clients\CL1011_Agence_Horizon_Voyages\05_Projets\Audit_securite\Planning_Audit_securite.xlsx,https://m365x71797824.sharepoint.com/sites/MigrationFileServer/Clients/CL1011_Agence_Horizon_Voyages/05_Projets/Audit_securite/Planning_Audit_securite.xlsx,Planning_Audit_securite.xlsx,xlsx,5134,Document,Migrated,MIGRATED,,,SRC-78708441,bb93c8eb-506f-68ac-e232-8994b647e8a8,8,a09f76b5-a170-b338-3926-3059f28c105d,1,6513270e-269e-0d37-f2a7-4de452e6b438,DEMO-SRV01
\\DEMO-SRV01\FileServer\01_Clients\CL1011_Agence_Horizon_Voyages\05_Projets\Audit_securite\Presentation_lancement_Audit_securite.pptx,https://m365x71797824.sharepoint.com/sites/MigrationFileServer/Clients/CL1011_Agence_Horizon_Voyages/05_Projets/Audit_securite/Presentation_lancement_Audit_securite.pptx,Presentation_lancement_Audit_securite.pptx,pptx,29175,Document,Migrated,MIGRATED,,,SRC-84497180,ee7d0ae2-1451-03c7-ff5e-1d1f1cfb0a06,8,a09f76b5-a170-b338-3926-3059f28c105d,1,6513270e-269e-0d37-f2a7-4de452e6b438,DEMO-SRV01
\\DEMO-SRV01\FileServer\01_Clients\CL1011_Agence_Horizon_Voyages\05_Projets\Tableau_de_bord\Compte_rendu_COPIL.docx,https://m365x71797824.sharepoint.com/sites/MigrationFileServer/Clients/CL1011_Agence_Horizon_Voyages/05_Projets/Tableau_de_bord/Compte_rendu_COPIL.docx,Compte_rendu_COPIL.docx,docx,36731,Document,Migrated,MIGRATED,,,SRC-53712401,2f7dba08-30d0-a2b8-5449-40e12a66f913,8,a09f76b5-a170-b338-3926-3059f28c105d,1,6513270e-269e-0d37-f2a7-4de452e6b438,DEMO-SRV01
\\DEMO-SRV01\FileServer\01_Clients\CL1011_Agence_Horizon_Voyages\05_Projets\Tableau_de_bord\Planning_Tableau_de_bord.xlsx,https://m365x71797824.sharepoint.com/sites/MigrationFileServer/Clients/CL1011_Agence_Horizon_Voyages/05_Projets/Tableau_de_bord/Planning_Tableau_de_bord.xlsx,Planning_Tableau_de_bord.xlsx,xlsx,5139,Document,Migrated,MIGRATED,,,SRC-39216887,bf0e11e0-8659-2243-ef95-eee8a70828a7,8,a09f76b5-a170-b338-3926-3059f28c105d,1,6513270e-269e-0d37-f2a7-4de452e6b438,DEMO-SRV01
\\DEMO-SRV01\FileServer\01_Clients\CL1011_Agence_Horizon_Voyages\05_Projets\Tableau_de_bord\Presentation_lancement_Tableau_de_bord.pptx,https://m365x71797824.sharepoint.com/sites/MigrationFileServer/Clients/CL1011_Agence_Horizon_Voyages/05_Projets/Tableau_de_bord/Presentation_lancement_Tableau_de_bord.pptx,Presentation_lancement_Tableau_de_bord.pptx,pptx,29177,Document,Migrated,MIGRATED,,,SRC-88005558,aa181345-4fd3-e758-082a-2f4d77b5abcb,8,a09f76b5-a170-b338-3926-3059f28c105d,1,6513270e-269e-0d37-f2a7-4de452e6b438,DEMO-SRV01
\\DEMO-SRV01\FileServer\01_Clients\CL1012_Fromagerie_Bellecombe\01_Contrats\Contrat_cadre_CL1012_2023.docx,https://m365x71797824.sharepoint.com/sites/MigrationFileServer/Clients/CL1012_Fromagerie_Bellecombe/01_Contrats/Contrat_cadre_CL1012_2023.docx,Contrat_cadre_CL1012_2023.docx,docx,36785,Document,Migrated,MIGRATED,,,SRC-63226129,5fb6d625-d6d1-06fb-60ed-33a0b9b253e3,8,a09f76b5-a170-b338-3926-3059f28c105d,1,6513270e-269e-0d37-f2a7-4de452e6b438,DEMO-SRV01
\\DEMO-SRV01\FileServer\01_Clients\CL1012_Fromagerie_Bellecombe\01_Contrats\Contrat_cadre_CL1012_2023_signe.pdf,https://m365x71797824.sharepoint.com/sites/MigrationFileServer/Clients/CL1012_Fromagerie_Bellecombe/01_Contrats/Contrat_cadre_CL1012_2023_signe.pdf,Contrat_cadre_CL1012_2023_signe.pdf,pdf,1660,Document,Migrated,MIGRATED,,,SRC-23795114,2b54af77-7143-6e1d-54ea-2061fc27d683,8,a09f76b5-a170-b338-3926-3059f28c105d,1,6513270e-269e-0d37-f2a7-4de452e6b438,DEMO-SRV01
\\DEMO-SRV01\FileServer\01_Clients\CL1012_Fromagerie_Bellecombe\02_Devis\Devis_CL1012_2023-02.docx,https://m365x71797824.sharepoint.com/sites/MigrationFileServer/Clients/CL1012_Fromagerie_Bellecombe/02_Devis/Devis_CL1012_2023-02.docx,Devis_CL1012_2023-02.docx,docx,36745,Document,Migrated,MIGRATED,,,SRC-47691197,47a164e4-1407-ab33-00bc-22cb1be4a5db,8,a09f76b5-a170-b338-3926-3059f28c105d,1,6513270e-269e-0d37-f2a7-4de452e6b438,DEMO-SRV01
\\DEMO-SRV01\FileServer\01_Clients\CL1012_Fromagerie_Bellecombe\02_Devis\Devis_CL1012_2025-01.docx,https://m365x71797824.sharepoint.com/sites/MigrationFileServer/Clients/CL1012_Fromagerie_Bellecombe/02_Devis/Devis_CL1012_2025-01.docx,Devis_CL1012_2025-01.docx,docx,36749,Document,Migrated,MIGRATED,,,SRC-8724741,f49c9eba-6b91-1f97-59f9-bb7914ace1cb,8,a09f76b5-a170-b338-3926-3059f28c105d,1,6513270e-269e-0d37-f2a7-4de452e6b438,DEMO-SRV01
\\DEMO-SRV01\FileServer\01_Clients\CL1012_Fromagerie_Bellecombe\03_Factures\2024\Facture_CL1012_202401.pdf,https://m365x71797824.sharepoint.com/sites/MigrationFileServer/Clients/CL1012_Fromagerie_Bellecombe/03_Factures/2024/Facture_CL1012_202401.pdf,Facture_CL1012_202401.pdf,pdf,1707,Document,Migrated,MIGRATED,,,SRC-66658928,f6da7a63-8fa6-24f7-1fab-5884e29aacea,8,a09f76b5-a170-b338-3926-3059f28c105d,1,6513270e-269e-0d37-f2a7-4de452e6b438,DEMO-SRV01
\\DEMO-SRV01\FileServer\01_Clients\CL1012_Fromagerie_Bellecombe\03_Factures\2024\Facture_CL1012_202403.pdf,https://m365x71797824.sharepoint.com/sites/MigrationFileServer/Clients/CL1012_Fromagerie_Bellecombe/03_Factures/2024/Facture_CL1012_202403.pdf,Facture_CL1012_202403.pdf,pdf,1705,Document,Migrated,MIGRATED,,,SRC-2308101,5b4c0d73-6150-2dee-3518-5376c2410ad1,8,a09f76b5-a170-b338-3926-3059f28c105d,1,6513270e-269e-0d37-f2a7-4de452e6b438,DEMO-SRV01
\\DEMO-SRV01\FileServer\01_Clients\CL1012_Fromagerie_Bellecombe\03_Factures\2024\Facture_CL1012_202404.pdf,https://m365x71797824.sharepoint.com/sites/MigrationFileServer/Clients/CL1012_Fromagerie_Bellecombe/03_Factures/2024/Facture_CL1012_202404.pdf,Facture_CL1012_202404.pdf,pdf,1705,Document,Migrated,MIGRATED,,,SRC-60012310,d26f1d76-4f06-e95a-d252-a617c4cba038,8,a09f76b5-a170-b338-3926-3059f28c105d,1,6513270e-269e-0d37-f2a7-4de452e6b438,DEMO-SRV01
\\DEMO-SRV01\FileServer\01_Clients\CL1012_Fromagerie_Bellecombe\03_Factures\2024\Facture_CL1012_202405.pdf,https://m365x71797824.sharepoint.com/sites/MigrationFileServer/Clients/CL1012_Fromagerie_Bellecombe/03_Factures/2024/Facture_CL1012_202405.pdf,Facture_CL1012_202405.pdf,pdf,1705,Document,Migrated,MIGRATED,,,SRC-90133625,0c9c20ef-1677-74ef-6eb4-fff8cdcec408,8,a09f76b5-a170-b338-3926-3059f28c105d,1,6513270e-269e-0d37-f2a7-4de452e6b438,DEMO-SRV01
\\DEMO-SRV01\FileServer\01_Clients\CL1012_Fromagerie_Bellecombe\03_Factures\2024\Facture_CL1012_202408.pdf,https://m365x71797824.sharepoint.com/sites/MigrationFileServer/Clients/CL1012_Fromagerie_Bellecombe/03_Factures/2024/Facture_CL1012_202408.pdf,Facture_CL1012_202408.pdf,pdf,1705,Document,Migrated,MIGRATED,,,SRC-9293814,5f6a35d9-321a-6ec1-7934-f0b8b48bb075,8,a09f76b5-a170-b338-3926-3059f28c105d,1,6513270e-269e-0d37-f2a7-4de452e6b438,DEMO-SRV01
\\DEMO-SRV01\FileServer\01_Clients\CL1012_Fromagerie_Bellecombe\03_Factures\2024\Facture_CL1012_202412.pdf,https://m365x71797824.sharepoint.com/sites/MigrationFileServer/Clients/CL1012_Fromagerie_Bellecombe/03_Factures/2024/Facture_CL1012_202412.pdf,Facture_CL1012_202412.pdf,pdf,1707,Document,Migrated,MIGRATED,,,SRC-83866748,316a2a12-7243-d47c-eb64-c5c48aa1a59c,8,a09f76b5-a170-b338-3926-3059f28c105d,1,6513270e-269e-0d37-f2a7-4de452e6b438,DEMO-SRV01
\\DEMO-SRV01\FileServer\01_Clients\CL1012_Fromagerie_Bellecombe\03_Factures\2025\Facture_CL1012_202502.pdf,https://m365x71797824.sharepoint.com/sites/MigrationFileServer/Clients/CL1012_Fromagerie_Bellecombe/03_Factures/2025/Facture_CL1012_202502.pdf,Facture_CL1012_202502.pdf,pdf,1705,Document,Migrated,MIGRATED,,,SRC-77986953,e5a15b79-bcc0-fd98-5d3f-69ce52c4641b,8,a09f76b5-a170-b338-3926-3059f28c105d,1,6513270e-269e-0d37-f2a7-4de452e6b438,DEMO-SRV01
\\DEMO-SRV01\FileServer\01_Clients\CL1012_Fromagerie_Bellecombe\03_Factures\2025\Facture_CL1012_202504.pdf,https://m365x71797824.sharepoint.com/sites/MigrationFileServer/Clients/CL1012_Fromagerie_Bellecombe/03_Factures/2025/Facture_CL1012_202504.pdf,Facture_CL1012_202504.pdf,pdf,1707,Document,Migrated,MIGRATED,,,SRC-91036096,692a4f0e-a1b4-9bf7-07c0-909c797b1538,8,a09f76b5-a170-b338-3926-3059f28c105d,1,6513270e-269e-0d37-f2a7-4de452e6b438,DEMO-SRV01
\\DEMO-SRV01\FileServer\01_Clients\CL1012_Fromagerie_Bellecombe\03_Factures\2025\Facture_CL1012_202506.pdf,https://m365x71797824.sharepoint.com/sites/MigrationFileServer/Clients/CL1012_Fromagerie_Bellecombe/03_Factures/2025/Facture_CL1012_202506.pdf,Facture_CL1012_202506.pdf,pdf,1707,Document,Migrated,MIGRATED,,,SRC-13285350,c4445aae-a01a-c23a-cfd3-bb743f7dc86b,8,a09f76b5-a170-b338-3926-3059f28c105d,1,6513270e-269e-0d37-f2a7-4de452e6b438,DEMO-SRV01
\\DEMO-SRV01\FileServer\01_Clients\CL1012_Fromagerie_Bellecombe\03_Factures\2025\Facture_CL1012_202507.pdf,https://m365x71797824.sharepoint.com/sites/MigrationFileServer/Clients/CL1012_Fromagerie_Bellecombe/03_Factures/2025/Facture_CL1012_202507.pdf,Facture_CL1012_202507.pdf,pdf,1705,Document,Migrated,MIGRATED,,,SRC-13643120,08ec379a-6025-33dc-0a68-013d679f2d9e,8,a09f76b5-a170-b338-3926-3059f28c105d,1,6513270e-269e-0d37-f2a7-4de452e6b438,DEMO-SRV01
\\DEMO-SRV01\FileServer\01_Clients\CL1012_Fromagerie_Bellecombe\03_Factures\2025\Facture_CL1012_202508.pdf,https://m365x71797824.sharepoint.com/sites/MigrationFileServer/Clients/CL1012_Fromagerie_Bellecombe/03_Factures/2025/Facture_CL1012_202508.pdf,Facture_CL1012_202508.pdf,pdf,1708,Document,Migrated,MIGRATED,,,SRC-5444159,eb8a25fc-cda7-9077-1005-3d2c76cc0573,8,a09f76b5-a170-b338-3926-3059f28c105d,1,6513270e-269e-0d37-f2a7-4de452e6b438,DEMO-SRV01
\\DEMO-SRV01\FileServer\01_Clients\CL1012_Fromagerie_Bellecombe\03_Factures\2025\Facture_CL1012_202509.pdf,https://m365x71797824.sharepoint.com/sites/MigrationFileServer/Clients/CL1012_Fromagerie_Bellecombe/03_Factures/2025/Facture_CL1012_202509.pdf,Facture_CL1012_202509.pdf,pdf,1705,Document,Migrated,MIGRATED,,,SRC-6603478,bf4e302c-31e7-aed1-41cb-cc3a0fdf7cc6,8,a09f76b5-a170-b338-3926-3059f28c105d,1,6513270e-269e-0d37-f2a7-4de452e6b438,DEMO-SRV01
\\DEMO-SRV01\FileServer\01_Clients\CL1012_Fromagerie_Bellecombe\03_Factures\2025\Facture_CL1012_202511.pdf,https://m365x71797824.sharepoint.com/sites/MigrationFileServer/Clients/CL1012_Fromagerie_Bellecombe/03_Factures/2025/Facture_CL1012_202511.pdf,Facture_CL1012_202511.pdf,pdf,1705,Document,Migrated,MIGRATED,,,SRC-84719899,56cd42d2-9b09-ab55-e607-7d7910170d2b,8,a09f76b5-a170-b338-3926-3059f28c105d,1,6513270e-269e-0d37-f2a7-4de452e6b438,DEMO-SRV01
\\DEMO-SRV01\FileServer\01_Clients\CL1012_Fromagerie_Bellecombe\03_Factures\2025\Facture_CL1012_202512.pdf,https://m365x71797824.sharepoint.com/sites/MigrationFileServer/Clients/CL1012_Fromagerie_Bellecombe/03_Factures/2025/Facture_CL1012_202512.pdf,Facture_CL1012_202512.pdf,pdf,1705,Document,Migrated,MIGRATED,,,SRC-68732292,f52b2549-55c0-a74d-45b6-69f75cebe213,8,a09f76b5-a170-b338-3926-3059f28c105d,1,6513270e-269e-0d37-f2a7-4de452e6b438,DEMO-SRV01
\\DEMO-SRV01\FileServer\01_Clients\CL1012_Fromagerie_Bellecombe\03_Factures\2026\Facture_CL1012_202605.pdf,https://m365x71797824.sharepoint.com/sites/MigrationFileServer/Clients/CL1012_Fromagerie_Bellecombe/03_Factures/2026/Facture_CL1012_202605.pdf,Facture_CL1012_202605.pdf,pdf,1704,Document,Migrated,MIGRATED,,,SRC-8483976,431dbc3f-0b28-6c70-9df2-4d5ef429c622,8,a09f76b5-a170-b338-3926-3059f28c105d,1,6513270e-269e-0d37-f2a7-4de452e6b438,DEMO-SRV01
\\DEMO-SRV01\FileServer\01_Clients\CL1012_Fromagerie_Bellecombe\03_Factures\2026\Facture_CL1012_202607.pdf,https://m365x71797824.sharepoint.com/sites/MigrationFileServer/Clients/CL1012_Fromagerie_Bellecombe/03_Factures/2026/Facture_CL1012_202607.pdf,Facture_CL1012_202607.pdf,pdf,1707,Document,Migrated,MIGRATED,,,SRC-64956585,5105122a-b088-2411-b775-70a4bf168da7,8,a09f76b5-a170-b338-3926-3059f28c105d,1,6513270e-269e-0d37-f2a7-4de452e6b438,DEMO-SRV01
\\DEMO-SRV01\FileServer\01_Clients\CL1012_Fromagerie_Bellecombe\04_Correspondance\Echange_01.eml.txt,https://m365x71797824.sharepoint.com/sites/MigrationFileServer/Clients/CL1012_Fromagerie_Bellecombe/04_Correspondance/Echange_01.eml.txt,Echange_01.eml.txt,txt,106,Document,Migrated,MIGRATED,,,SRC-60178389,00f72d3c-4c22-cab7-468f-b596ec9a360c,8,a09f76b5-a170-b338-3926-3059f28c105d,1,6513270e-269e-0d37-f2a7-4de452e6b438,DEMO-SRV01
\\DEMO-SRV01\FileServer\01_Clients\CL1012_Fromagerie_Bellecombe\04_Correspondance\Echange_02.eml.txt,https://m365x71797824.sharepoint.com/sites/MigrationFileServer/Clients/CL1012_Fromagerie_Bellecombe/04_Correspondance/Echange_02.eml.txt,Echange_02.eml.txt,txt,106,Document,Migrated,MIGRATED,,,SRC-51196650,ea9d18b2-9877-2790-c172-6f06b8b8f270,8,a09f76b5-a170-b338-3926-3059f28c105d,1,6513270e-269e-0d37-f2a7-4de452e6b438,DEMO-SRV01
\\DEMO-SRV01\FileServer\01_Clients\CL1012_Fromagerie_Bellecombe\04_Correspondance\Echange_03.eml.txt,https://m365x71797824.sharepoint.com/sites/MigrationFileServer/Clients/CL1012_Fromagerie_Bellecombe/04_Correspondance/Echange_03.eml.txt,Echange_03.eml.txt,txt,106,Document,Migrated,MIGRATED,,,SRC-98000378,f178d77f-f24d-04fd-a24c-8407ce3fa028,8,a09f76b5-a170-b338-3926-3059f28c105d,1,6513270e-269e-0d37-f2a7-4de452e6b438,DEMO-SRV01
\\DEMO-SRV01\FileServer\01_Clients\CL1012_Fromagerie_Bellecombe\04_Correspondance\Echange_04.eml.txt,https://m365x71797824.sharepoint.com/sites/MigrationFileServer/Clients/CL1012_Fromagerie_Bellecombe/04_Correspondance/Echange_04.eml.txt,Echange_04.eml.txt,txt,106,Document,Migrated,MIGRATED,,,SRC-75549665,3bdea8c3-d375-eff1-0635-afef10b99ac9,8,a09f76b5-a170-b338-3926-3059f28c105d,1,6513270e-269e-0d37-f2a7-4de452e6b438,DEMO-SRV01
\\DEMO-SRV01\FileServer\01_Clients\CL1012_Fromagerie_Bellecombe\05_Projets\Deploiement_Teams\Compte_rendu_COPIL.docx,https://m365x71797824.sharepoint.com/sites/MigrationFileServer/Clients/CL1012_Fromagerie_Bellecombe/05_Projets/Deploiement_Teams/Compte_rendu_COPIL.docx,Compte_rendu_COPIL.docx,docx,36732,Document,Migrated,MIGRATED,,,SRC-88981727,f4ef6142-b72f-ac4a-79a5-fd621b757b20,8,a09f76b5-a170-b338-3926-3059f28c105d,1,6513270e-269e-0d37-f2a7-4de452e6b438,DEMO-SRV01
\\DEMO-SRV01\FileServer\01_Clients\CL1012_Fromagerie_Bellecombe\05_Projets\Deploiement_Teams\Planning_Deploiement_Teams.xlsx,https://m365x71797824.sharepoint.com/sites/MigrationFileServer/Clients/CL1012_Fromagerie_Bellecombe/05_Projets/Deploiement_Teams/Planning_Deploiement_Teams.xlsx,Planning_Deploiement_Teams.xlsx,xlsx,5139,Document,Migrated,MIGRATED,,,SRC-61868968,62f2a21b-c6bf-4fa2-f433-7bd1773afe02,8,a09f76b5-a170-b338-3926-3059f28c105d,1,6513270e-269e-0d37-f2a7-4de452e6b438,DEMO-SRV01
\\DEMO-SRV01\FileServer\01_Clients\CL1012_Fromagerie_Bellecombe\05_Projets\Deploiement_Teams\Presentation_lancement_Deploiement_Teams.pptx,https://m365x71797824.sharepoint.com/sites/MigrationFileServer/Clients/CL1012_Fromagerie_Bellecombe/05_Projets/Deploiement_Teams/Presentation_lancement_Deploiement_Teams.pptx,Presentation_lancement_Deploiement_Teams.pptx,pptx,29174,Document,Migrated,MIGRATED,,,SRC-27638243,6e106c0e-e9de-0479-4044-9aa0ca304218,8,a09f76b5-a170-b338-3926-3059f28c105d,1,6513270e-269e-0d37-f2a7-4de452e6b438,DEMO-SRV01
\\DEMO-SRV01\FileServer\01_Clients\CL1012_Fromagerie_Bellecombe\05_Projets\Migration_ERP\Compte_rendu_COPIL.docx,https://m365x71797824.sharepoint.com/sites/MigrationFileServer/Clients/CL1012_Fromagerie_Bellecombe/05_Projets/Migration_ERP/Compte_rendu_COPIL.docx,Compte_rendu_COPIL.docx,docx,36731,Document,Migrated,MIGRATED,,,SRC-50366689,ed97ec76-21f9-1a99-7e54-4d56d096bfd6,8,a09f76b5-a170-b338-3926-3059f28c105d,1,6513270e-269e-0d37-f2a7-4de452e6b438,DEMO-SRV01
\\DEMO-SRV01\FileServer\01_Clients\CL1012_Fromagerie_Bellecombe\05_Projets\Migration_ERP\Planning_Migration_ERP.xlsx,https://m365x71797824.sharepoint.com/sites/MigrationFileServer/Clients/CL1012_Fromagerie_Bellecombe/05_Projets/Migration_ERP/Planning_Migration_ERP.xlsx,Planning_Migration_ERP.xlsx,xlsx,5132,Document,Migrated,MIGRATED,,,SRC-55087752,cd751e08-023a-80a2-2ed5-1b127f1d490e,8,a09f76b5-a170-b338-3926-3059f28c105d,1,6513270e-269e-0d37-f2a7-4de452e6b438,DEMO-SRV01
\\DEMO-SRV01\FileServer\01_Clients\CL1012_Fromagerie_Bellecombe\05_Projets\Migration_ERP\Presentation_lancement_Migration_ERP.pptx,https://m365x71797824.sharepoint.com/sites/MigrationFileServer/Clients/CL1012_Fromagerie_Bellecombe/05_Projets/Migration_ERP/Presentation_lancement_Migration_ERP.pptx,Presentation_lancement_Migration_ERP.pptx,pptx,29176,Document,Migrated,MIGRATED,,,SRC-63087655,d2a0169d-4da6-0990-bd0d-8cfeee59b397,8,a09f76b5-a170-b338-3926-3059f28c105d,1,6513270e-269e-0d37-f2a7-4de452e6b438,DEMO-SRV01
\\DEMO-SRV01\FileServer\01_Clients\CL1013_BTP_Rhône_Ouvrages\01_Contrats\Contrat_cadre_CL1013_2019.docx,https://m365x71797824.sharepoint.com/sites/MigrationFileServer/Clients/CL1013_BTP_Rhône_Ouvrages/01_Contrats/Contrat_cadre_CL1013_2019.docx,Contrat_cadre_CL1013_2019.docx,docx,36786,Document,Migrated,MIGRATED,,,SRC-68331393,9b750362-26bc-9858-c5d6-d5e9b12e1de2,8,a09f76b5-a170-b338-3926-3059f28c105d,1,6513270e-269e-0d37-f2a7-4de452e6b438,DEMO-SRV01
\\DEMO-SRV01\FileServer\01_Clients\CL1013_BTP_Rhône_Ouvrages\01_Contrats\Contrat_cadre_CL1013_2019_signe.pdf,https://m365x71797824.sharepoint.com/sites/MigrationFileServer/Clients/CL1013_BTP_Rhône_Ouvrages/01_Contrats/Contrat_cadre_CL1013_2019_signe.pdf,Contrat_cadre_CL1013_2019_signe.pdf,pdf,1659,Document,Migrated,MIGRATED,,,SRC-30405604,51cdf2f9-dc7a-615d-53ea-b0313c73d5f4,8,a09f76b5-a170-b338-3926-3059f28c105d,1,6513270e-269e-0d37-f2a7-4de452e6b438,DEMO-SRV01
\\DEMO-SRV01\FileServer\01_Clients\CL1013_BTP_Rhône_Ouvrages\02_Devis\Devis_CL1013_2023-02.docx,https://m365x71797824.sharepoint.com/sites/MigrationFileServer/Clients/CL1013_BTP_Rhône_Ouvrages/02_Devis/Devis_CL1013_2023-02.docx,Devis_CL1013_2023-02.docx,docx,36749,Document,Migrated,MIGRATED,,,SRC-68389792,c841721e-c8a9-4814-5ca2-c13275f5c1a0,8,a09f76b5-a170-b338-3926-3059f28c105d,1,6513270e-269e-0d37-f2a7-4de452e6b438,DEMO-SRV01
\\DEMO-SRV01\FileServer\01_Clients\CL1013_BTP_Rhône_Ouvrages\02_Devis\Devis_CL1013_2024-03.docx,https://m365x71797824.sharepoint.com/sites/MigrationFileServer/Clients/CL1013_BTP_Rhône_Ouvrages/02_Devis/Devis_CL1013_2024-03.docx,Devis_CL1013_2024-03.docx,docx,36748,Document,Migrated,MIGRATED,,,SRC-35796951,32830689-830a-e19e-143a-51809880e88b,8,a09f76b5-a170-b338-3926-3059f28c105d,1,6513270e-269e-0d37-f2a7-4de452e6b438,DEMO-SRV01
\\DEMO-SRV01\FileServer\01_Clients\CL1013_BTP_Rhône_Ouvrages\02_Devis\Devis_CL1013_2024-04.docx,https://m365x71797824.sharepoint.com/sites/MigrationFileServer/Clients/CL1013_BTP_Rhône_Ouvrages/02_Devis/Devis_CL1013_2024-04.docx,Devis_CL1013_2024-04.docx,docx,36746,Document,Migrated,MIGRATED,,,SRC-17739266,3f4f8b9d-28f1-a81b-c0bd-1d8464457ea4,8,a09f76b5-a170-b338-3926-3059f28c105d,1,6513270e-269e-0d37-f2a7-4de452e6b438,DEMO-SRV01
\\DEMO-SRV01\FileServer\01_Clients\CL1013_BTP_Rhône_Ouvrages\02_Devis\Devis_CL1013_2026-01.docx,https://m365x71797824.sharepoint.com/sites/MigrationFileServer/Clients/CL1013_BTP_Rhône_Ouvrages/02_Devis/Devis_CL1013_2026-01.docx,Devis_CL1013_2026-01.docx,docx,36751,Document,Migrated,MIGRATED,,,SRC-48731058,08ab4ae4-a648-a58c-1092-57f76862bf79,8,a09f76b5-a170-b338-3926-3059f28c105d,1,6513270e-269e-0d37-f2a7-4de452e6b438,DEMO-SRV01
\\DEMO-SRV01\FileServer\01_Clients\CL1013_BTP_Rhône_Ouvrages\03_Factures\2024\Facture_CL1013_202402.pdf,https://m365x71797824.sharepoint.com/sites/MigrationFileServer/Clients/CL1013_BTP_Rhône_Ouvrages/03_Factures/2024/Facture_CL1013_202402.pdf,Facture_CL1013_202402.pdf,pdf,1707,Document,Migrated,MIGRATED,,,SRC-67310979,5364e64d-8b6b-feae-8d76-d7a17b50079e,8,a09f76b5-a170-b338-3926-3059f28c105d,1,6513270e-269e-0d37-f2a7-4de452e6b438,DEMO-SRV01
\\DEMO-SRV01\FileServer\01_Clients\CL1013_BTP_Rhône_Ouvrages\03_Factures\2024\Facture_CL1013_202404.pdf,https://m365x71797824.sharepoint.com/sites/MigrationFileServer/Clients/CL1013_BTP_Rhône_Ouvrages/03_Factures/2024/Facture_CL1013_202404.pdf,Facture_CL1013_202404.pdf,pdf,1710,Document,Migrated,MIGRATED,,,SRC-47329008,e22b64a6-6d32-a901-faf2-0ac0292322d3,9,a09f76b5-a170-b338-3926-3059f28c105d,1,6513270e-269e-0d37-f2a7-4de452e6b438,DEMO-SRV01
\\DEMO-SRV01\FileServer\01_Clients\CL1013_BTP_Rhône_Ouvrages\03_Factures\2024\Facture_CL1013_202405.pdf,https://m365x71797824.sharepoint.com/sites/MigrationFileServer/Clients/CL1013_BTP_Rhône_Ouvrages/03_Factures/2024/Facture_CL1013_202405.pdf,Facture_CL1013_202405.pdf,pdf,1709,Document,Migrated,MIGRATED,,,SRC-72885793,43cfeadf-1279-688c-fce2-05cd1aefca62,9,a09f76b5-a170-b338-3926-3059f28c105d,1,6513270e-269e-0d37-f2a7-4de452e6b438,DEMO-SRV01
\\DEMO-SRV01\FileServer\01_Clients\CL1013_BTP_Rhône_Ouvrages\03_Factures\2024\Facture_CL1013_202407.pdf,https://m365x71797824.sharepoint.com/sites/MigrationFileServer/Clients/CL1013_BTP_Rhône_Ouvrages/03_Factures/2024/Facture_CL1013_202407.pdf,Facture_CL1013_202407.pdf,pdf,1710,Document,Migrated,MIGRATED,,,SRC-25606324,18af266c-3555-d6ae-1586-6ffb9fe5e399,9,a09f76b5-a170-b338-3926-3059f28c105d,1,6513270e-269e-0d37-f2a7-4de452e6b438,DEMO-SRV01
\\DEMO-SRV01\FileServer\01_Clients\CL1013_BTP_Rhône_Ouvrages\03_Factures\2024\Facture_CL1013_202408.pdf,https://m365x71797824.sharepoint.com/sites/MigrationFileServer/Clients/CL1013_BTP_Rhône_Ouvrages/03_Factures/2024/Facture_CL1013_202408.pdf,Facture_CL1013_202408.pdf,pdf,1707,Document,Migrated,MIGRATED,,,SRC-58896799,b5b39023-fd09-e37c-7f9c-13216bca9b3f,9,a09f76b5-a170-b338-3926-3059f28c105d,1,6513270e-269e-0d37-f2a7-4de452e6b438,DEMO-SRV01
\\DEMO-SRV01\FileServer\01_Clients\CL1013_BTP_Rhône_Ouvrages\03_Factures\2024\Facture_CL1013_202409.pdf,https://m365x71797824.sharepoint.com/sites/MigrationFileServer/Clients/CL1013_BTP_Rhône_Ouvrages/03_Factures/2024/Facture_CL1013_202409.pdf,Facture_CL1013_202409.pdf,pdf,1709,Document,Migrated,MIGRATED,,,SRC-30317435,3bf449fd-2c56-4d56-726c-2c95f8dca309,9,a09f76b5-a170-b338-3926-3059f28c105d,1,6513270e-269e-0d37-f2a7-4de452e6b438,DEMO-SRV01
\\DEMO-SRV01\FileServer\01_Clients\CL1013_BTP_Rhône_Ouvrages\03_Factures\2024\Facture_CL1013_202412.pdf,https://m365x71797824.sharepoint.com/sites/MigrationFileServer/Clients/CL1013_BTP_Rhône_Ouvrages/03_Factures/2024/Facture_CL1013_202412.pdf,Facture_CL1013_202412.pdf,pdf,1710,Document,Migrated,MIGRATED,,,SRC-7561549,9ecc7b5f-75ff-199d-6ab6-114f2207c6c0,9,a09f76b5-a170-b338-3926-3059f28c105d,1,6513270e-269e-0d37-f2a7-4de452e6b438,DEMO-SRV01
\\DEMO-SRV01\FileServer\01_Clients\CL1013_BTP_Rhône_Ouvrages\03_Factures\2025\Facture_CL1013_202502.pdf,https://m365x71797824.sharepoint.com/sites/MigrationFileServer/Clients/CL1013_BTP_Rhône_Ouvrages/03_Factures/2025/Facture_CL1013_202502.pdf,Facture_CL1013_202502.pdf,pdf,1712,Document,Migrated,MIGRATED,,,SRC-72523725,bf7b6c6c-3c24-96eb-ac92-61f1e429c87c,9,a09f76b5-a170-b338-3926-3059f28c105d,1,6513270e-269e-0d37-f2a7-4de452e6b438,DEMO-SRV01
\\DEMO-SRV01\FileServer\01_Clients\CL1013_BTP_Rhône_Ouvrages\03_Factures\2025\Facture_CL1013_202506.pdf,https://m365x71797824.sharepoint.com/sites/MigrationFileServer/Clients/CL1013_BTP_Rhône_Ouvrages/03_Factures/2025/Facture_CL1013_202506.pdf,Facture_CL1013_202506.pdf,pdf,1710,Document,Migrated,MIGRATED,,,SRC-55313991,aa17c57c-c61c-96db-d8d4-250d89df5e79,9,a09f76b5-a170-b338-3926-3059f28c105d,1,6513270e-269e-0d37-f2a7-4de452e6b438,DEMO-SRV01
\\DEMO-SRV01\FileServer\01_Clients\CL1013_BTP_Rhône_Ouvrages\03_Factures\2025\Facture_CL1013_202507.pdf,https://m365x71797824.sharepoint.com/sites/MigrationFileServer/Clients/CL1013_BTP_Rhône_Ouvrages/03_Factures/2025/Facture_CL1013_202507.pdf,Facture_CL1013_202507.pdf,pdf,1710,Document,Migrated,MIGRATED,,,SRC-646577,d7435571-c79d-bc12-1f04-a6ffc272f5a7,9,a09f76b5-a170-b338-3926-3059f28c105d,1,6513270e-269e-0d37-f2a7-4de452e6b438,DEMO-SRV01
\\DEMO-SRV01\FileServer\01_Clients\CL1013_BTP_Rhône_Ouvrages\03_Factures\2025\Facture_CL1013_202509.pdf,https://m365x71797824.sharepoint.com/sites/MigrationFileServer/Clients/CL1013_BTP_Rhône_Ouvrages/03_Factures/2025/Facture_CL1013_202509.pdf,Facture_CL1013_202509.pdf,pdf,1709,Document,Migrated,MIGRATED,,,SRC-63344725,911f52dc-4786-8e4a-4b35-4e934b3e90b7,9,a09f76b5-a170-b338-3926-3059f28c105d,1,6513270e-269e-0d37-f2a7-4de452e6b438,DEMO-SRV01
\\DEMO-SRV01\FileServer\01_Clients\CL1013_BTP_Rhône_Ouvrages\03_Factures\2025\Facture_CL1013_202510.pdf,https://m365x71797824.sharepoint.com/sites/MigrationFileServer/Clients/CL1013_BTP_Rhône_Ouvrages/03_Factures/2025/Facture_CL1013_202510.pdf,Facture_CL1013_202510.pdf,pdf,1709,Document,Migrated,MIGRATED,,,SRC-80462773,bcf1fcb5-4109-d8d6-5f7b-07b84485c04f,9,a09f76b5-a170-b338-3926-3059f28c105d,1,6513270e-269e-0d37-f2a7-4de452e6b438,DEMO-SRV01
\\DEMO-SRV01\FileServer\01_Clients\CL1013_BTP_Rhône_Ouvrages\03_Factures\2026\Facture_CL1013_202602.pdf,https://m365x71797824.sharepoint.com/sites/MigrationFileServer/Clients/CL1013_BTP_Rhône_Ouvrages/03_Factures/2026/Facture_CL1013_202602.pdf,Facture_CL1013_202602.pdf,pdf,1712,Document,Migrated,MIGRATED,,,SRC-77641127,3f5783ea-707c-5f3d-32fe-1f3642a55162,9,a09f76b5-a170-b338-3926-3059f28c105d,1,6513270e-269e-0d37-f2a7-4de452e6b438,DEMO-SRV01
\\DEMO-SRV01\FileServer\01_Clients\CL1013_BTP_Rhône_Ouvrages\03_Factures\2026\Facture_CL1013_202603.pdf,https://m365x71797824.sharepoint.com/sites/MigrationFileServer/Clients/CL1013_BTP_Rhône_Ouvrages/03_Factures/2026/Facture_CL1013_202603.pdf,Facture_CL1013_202603.pdf,pdf,1709,Document,Migrated,MIGRATED,,,SRC-92363438,27401fa0-3c49-fdbd-3ece-9f2c2f8c6c08,9,a09f76b5-a170-b338-3926-3059f28c105d,1,6513270e-269e-0d37-f2a7-4de452e6b438,DEMO-SRV01
\\DEMO-SRV01\FileServer\01_Clients\CL1013_BTP_Rhône_Ouvrages\03_Factures\2026\Facture_CL1013_202604.pdf,https://m365x71797824.sharepoint.com/sites/MigrationFileServer/Clients/CL1013_BTP_Rhône_Ouvrages/03_Factures/2026/Facture_CL1013_202604.pdf,Facture_CL1013_202604.pdf,pdf,1709,Document,Migrated,MIGRATED,,,SRC-2887048,940a3537-e856-6431-e258-d2684806d26f,9,a09f76b5-a170-b338-3926-3059f28c105d,1,6513270e-269e-0d37-f2a7-4de452e6b438,DEMO-SRV01
\\DEMO-SRV01\FileServer\01_Clients\CL1013_BTP_Rhône_Ouvrages\03_Factures\2026\Facture_CL1013_202605.pdf,https://m365x71797824.sharepoint.com/sites/MigrationFileServer/Clients/CL1013_BTP_Rhône_Ouvrages/03_Factures/2026/Facture_CL1013_202605.pdf,Facture_CL1013_202605.pdf,pdf,1708,Document,Migrated,MIGRATED,,,SRC-84848363,6564d134-1097-0046-538a-e1c130312932,9,a09f76b5-a170-b338-3926-3059f28c105d,1,6513270e-269e-0d37-f2a7-4de452e6b438,DEMO-SRV01
\\DEMO-SRV01\FileServer\01_Clients\CL1013_BTP_Rhône_Ouvrages\03_Factures\2026\Facture_CL1013_202607.pdf,https://m365x71797824.sharepoint.com/sites/MigrationFileServer/Clients/CL1013_BTP_Rhône_Ouvrages/03_Factures/2026/Facture_CL1013_202607.pdf,Facture_CL1013_202607.pdf,pdf,1709,Document,Migrated,MIGRATED,,,SRC-19181841,81e004fb-3ef6-8756-fe11-1ebc406c6132,9,a09f76b5-a170-b338-3926-3059f28c105d,1,6513270e-269e-0d37-f2a7-4de452e6b438,DEMO-SRV01
\\DEMO-SRV01\FileServer\01_Clients\CL1013_BTP_Rhône_Ouvrages\03_Factures\2026\Facture_CL1013_202608.pdf,https://m365x71797824.sharepoint.com/sites/MigrationFileServer/Clients/CL1013_BTP_Rhône_Ouvrages/03_Factures/2026/Facture_CL1013_202608.pdf,Facture_CL1013_202608.pdf,pdf,1710,Document,Migrated,MIGRATED,,,SRC-88162540,cef61d03-a64e-d996-3b3b-c81386bc2b99,9,a09f76b5-a170-b338-3926-3059f28c105d,1,6513270e-269e-0d37-f2a7-4de452e6b438,DEMO-SRV01
\\DEMO-SRV01\FileServer\01_Clients\CL1013_BTP_Rhône_Ouvrages\04_Correspondance\Echange_01.eml.txt,https://m365x71797824.sharepoint.com/sites/MigrationFileServer/Clients/CL1013_BTP_Rhône_Ouvrages/04_Correspondance/Echange_01.eml.txt,Echange_01.eml.txt,txt,106,Document,Migrated,MIGRATED,,,SRC-93034684,fdaf4513-76c3-2dcd-a740-68b219bd2640,9,a09f76b5-a170-b338-3926-3059f28c105d,1,6513270e-269e-0d37-f2a7-4de452e6b438,DEMO-SRV01
\\DEMO-SRV01\FileServer\01_Clients\CL1013_BTP_Rhône_Ouvrages\04_Correspondance\Echange_02.eml.txt,https://m365x71797824.sharepoint.com/sites/MigrationFileServer/Clients/CL1013_BTP_Rhône_Ouvrages/04_Correspondance/Echange_02.eml.txt,Echange_02.eml.txt,txt,106,Document,Migrated,MIGRATED,,,SRC-1378003,798a0d59-0126-64f6-1a32-7537097a5942,9,a09f76b5-a170-b338-3926-3059f28c105d,1,6513270e-269e-0d37-f2a7-4de452e6b438,DEMO-SRV01
\\DEMO-SRV01\FileServer\01_Clients\CL1013_BTP_Rhône_Ouvrages\04_Correspondance\Echange_03.eml.txt,https://m365x71797824.sharepoint.com/sites/MigrationFileServer/Clients/CL1013_BTP_Rhône_Ouvrages/04_Correspondance/Echange_03.eml.txt,Echange_03.eml.txt,txt,106,Document,Migrated,MIGRATED,,,SRC-54384540,d72eb3a1-3b2a-421a-d1b0-b70be200d218,9,a09f76b5-a170-b338-3926-3059f28c105d,1,6513270e-269e-0d37-f2a7-4de452e6b438,DEMO-SRV01
\\DEMO-SRV01\FileServer\01_Clients\CL1013_BTP_Rhône_Ouvrages\05_Projets\Audit_securite\Compte_rendu_COPIL.docx,https://m365x71797824.sharepoint.com/sites/MigrationFileServer/Clients/CL1013_BTP_Rhône_Ouvrages/05_Projets/Audit_securite/Compte_rendu_COPIL.docx,Compte_rendu_COPIL.docx,docx,36732,Document,Migrated,MIGRATED,,,SRC-12733197,0a5527a2-5fb6-5b55-ea14-843a72c39a28,9,a09f76b5-a170-b338-3926-3059f28c105d,1,6513270e-269e-0d37-f2a7-4de452e6b438,DEMO-SRV01
\\DEMO-SRV01\FileServer\01_Clients\CL1013_BTP_Rhône_Ouvrages\05_Projets\Audit_securite\Planning_Audit_securite.xlsx,https://m365x71797824.sharepoint.com/sites/MigrationFileServer/Clients/CL1013_BTP_Rhône_Ouvrages/05_Projets/Audit_securite/Planning_Audit_securite.xlsx,Planning_Audit_securite.xlsx,xlsx,5133,Document,Migrated,MIGRATED,,,SRC-27297325,1e84fb36-3b9e-dacb-4b2e-7245e07b59d8,9,a09f76b5-a170-b338-3926-3059f28c105d,1,6513270e-269e-0d37-f2a7-4de452e6b438,DEMO-SRV01
\\DEMO-SRV01\FileServer\01_Clients\CL1013_BTP_Rhône_Ouvrages\05_Projets\Audit_securite\Presentation_lancement_Audit_securite.pptx,https://m365x71797824.sharepoint.com/sites/MigrationFileServer/Clients/CL1013_BTP_Rhône_Ouvrages/05_Projets/Audit_securite/Presentation_lancement_Audit_securite.pptx,Presentation_lancement_Audit_securite.pptx,pptx,29175,Document,Migrated,MIGRATED,,,SRC-14916471,f9143ef5-99b9-ede7-3087-de350ce66f73,9,a09f76b5-a170-b338-3926-3059f28c105d,1,6513270e-269e-0d37-f2a7-4de452e6b438,DEMO-SRV01
\\DEMO-SRV01\FileServer\01_Clients\CL1013_BTP_Rhône_Ouvrages\05_Projets\Deploiement_Teams\Compte_rendu_COPIL.docx,https://m365x71797824.sharepoint.com/sites/MigrationFileServer/Clients/CL1013_BTP_Rhône_Ouvrages/05_Projets/Deploiement_Teams/Compte_rendu_COPIL.docx,Compte_rendu_COPIL.docx,docx,36731,Document,Migrated,MIGRATED,,,SRC-95357884,ee1fdde0-31b4-932c-954c-2fc1d3f2e52d,9,a09f76b5-a170-b338-3926-3059f28c105d,1,6513270e-269e-0d37-f2a7-4de452e6b438,DEMO-SRV01
\\DEMO-SRV01\FileServer\01_Clients\CL1013_BTP_Rhône_Ouvrages\05_Projets\Deploiement_Teams\Planning_Deploiement_Teams.xlsx,https://m365x71797824.sharepoint.com/sites/MigrationFileServer/Clients/CL1013_BTP_Rhône_Ouvrages/05_Projets/Deploiement_Teams/Planning_Deploiement_Teams.xlsx,Planning_Deploiement_Teams.xlsx,xlsx,5135,Document,Migrated,MIGRATED,,,SRC-84720156,ddba8547-833e-469f-5f4a-ebeb133ad73d,9,a09f76b5-a170-b338-3926-3059f28c105d,1,6513270e-269e-0d37-f2a7-4de452e6b438,DEMO-SRV01
\\DEMO-SRV01\FileServer\01_Clients\CL1013_BTP_Rhône_Ouvrages\05_Projets\Deploiement_Teams\Presentation_lancement_Deploiement_Teams.pptx,https://m365x71797824.sharepoint.com/sites/MigrationFileServer/Clients/CL1013_BTP_Rhône_Ouvrages/05_Projets/Deploiement_Teams/Presentation_lancement_Deploiement_Teams.pptx,Presentation_lancement_Deploiement_Teams.pptx,pptx,29174,Document,Migrated,MIGRATED,,,SRC-73764926,428bf773-9a60-f919-72f9-20262d819d38,9,a09f76b5-a170-b338-3926-3059f28c105d,1,6513270e-269e-0d37-f2a7-4de452e6b438,DEMO-SRV01
\\DEMO-SRV01\FileServer\01_Clients\CL1014_École_Montessori_Les_Lilas\01_Contrats\Contrat_cadre_CL1014_2020.docx,https://m365x71797824.sharepoint.com/sites/MigrationFileServer/Clients/CL1014_École_Montessori_Les_Lilas/01_Contrats/Contrat_cadre_CL1014_2020.docx,Contrat_cadre_CL1014_2020.docx,docx,36790,Document,Migrated,MIGRATED,,,SRC-23286320,f2198825-aa2d-6c38-c71c-588cc6664843,9,a09f76b5-a170-b338-3926-3059f28c105d,1,6513270e-269e-0d37-f2a7-4de452e6b438,DEMO-SRV01
\\DEMO-SRV01\FileServer\01_Clients\CL1014_École_Montessori_Les_Lilas\01_Contrats\Contrat_cadre_CL1014_2020_signe.pdf,https://m365x71797824.sharepoint.com/sites/MigrationFileServer/Clients/CL1014_École_Montessori_Les_Lilas/01_Contrats/Contrat_cadre_CL1014_2020_signe.pdf,Contrat_cadre_CL1014_2020_signe.pdf,pdf,1664,Document,Migrated,MIGRATED,,,SRC-17103364,989d181c-a330-66bd-1b14-66f6019f7781,9,a09f76b5-a170-b338-3926-3059f28c105d,1,6513270e-269e-0d37-f2a7-4de452e6b438,DEMO-SRV01
\\DEMO-SRV01\FileServer\01_Clients\CL1014_École_Montessori_Les_Lilas\02_Devis\Devis_CL1014_2020-02.docx,https://m365x71797824.sharepoint.com/sites/MigrationFileServer/Clients/CL1014_École_Montessori_Les_Lilas/02_Devis/Devis_CL1014_2020-02.docx,Devis_CL1014_2020-02.docx,docx,36749,Document,Migrated,MIGRATED,,,SRC-35876724,37b79c48-5985-ea3f-9eb4-e92eb5af4c8a,9,a09f76b5-a170-b338-3926-3059f28c105d,1,6513270e-269e-0d37-f2a7-4de452e6b438,DEMO-SRV01
\\DEMO-SRV01\FileServer\01_Clients\CL1014_École_Montessori_Les_Lilas\02_Devis\Devis_CL1014_2023-03.docx,https://m365x71797824.sharepoint.com/sites/MigrationFileServer/Clients/CL1014_École_Montessori_Les_Lilas/02_Devis/Devis_CL1014_2023-03.docx,Devis_CL1014_2023-03.docx,docx,36750,Document,Migrated,MIGRATED,,,SRC-4034961,2430ca6d-570b-534d-5e63-af1609969e7c,9,a09f76b5-a170-b338-3926-3059f28c105d,1,6513270e-269e-0d37-f2a7-4de452e6b438,DEMO-SRV01
\\DEMO-SRV01\FileServer\01_Clients\CL1014_École_Montessori_Les_Lilas\02_Devis\Devis_CL1014_2026-01.docx,https://m365x71797824.sharepoint.com/sites/MigrationFileServer/Clients/CL1014_École_Montessori_Les_Lilas/02_Devis/Devis_CL1014_2026-01.docx,Devis_CL1014_2026-01.docx,docx,36745,Document,Migrated,MIGRATED,,,SRC-13253399,414205c6-fff7-ba0d-3437-ccaa0b4e7f7c,9,a09f76b5-a170-b338-3926-3059f28c105d,1,6513270e-269e-0d37-f2a7-4de452e6b438,DEMO-SRV01
\\DEMO-SRV01\FileServer\01_Clients\CL1014_École_Montessori_Les_Lilas\03_Factures\2024\Facture_CL1014_202401.pdf,https://m365x71797824.sharepoint.com/sites/MigrationFileServer/Clients/CL1014_École_Montessori_Les_Lilas/03_Factures/2024/Facture_CL1014_202401.pdf,Facture_CL1014_202401.pdf,pdf,1712,Document,Migrated,MIGRATED,,,SRC-59847062,a6d21040-bb73-52c1-9973-cf5c09c9d592,9,a09f76b5-a170-b338-3926-3059f28c105d,1,6513270e-269e-0d37-f2a7-4de452e6b438,DEMO-SRV01
\\DEMO-SRV01\FileServer\01_Clients\CL1014_École_Montessori_Les_Lilas\03_Factures\2024\Facture_CL1014_202403.pdf,https://m365x71797824.sharepoint.com/sites/MigrationFileServer/Clients/CL1014_École_Montessori_Les_Lilas/03_Factures/2024/Facture_CL1014_202403.pdf,Facture_CL1014_202403.pdf,pdf,1712,Document,Migrated,MIGRATED,,,SRC-20906769,02e9c9fb-d093-0b64-3414-c2dce9f8f71f,9,a09f76b5-a170-b338-3926-3059f28c105d,1,6513270e-269e-0d37-f2a7-4de452e6b438,DEMO-SRV01
\\DEMO-SRV01\FileServer\01_Clients\CL1014_École_Montessori_Les_Lilas\03_Factures\2024\Facture_CL1014_202408.pdf,https://m365x71797824.sharepoint.com/sites/MigrationFileServer/Clients/CL1014_École_Montessori_Les_Lilas/03_Factures/2024/Facture_CL1014_202408.pdf,Facture_CL1014_202408.pdf,pdf,1713,Document,Migrated,MIGRATED,,,SRC-3175441,ada65cc4-68b3-e3aa-53c6-9b0ad19f0be9,9,a09f76b5-a170-b338-3926-3059f28c105d,1,6513270e-269e-0d37-f2a7-4de452e6b438,DEMO-SRV01
\\DEMO-SRV01\FileServer\01_Clients\CL1014_École_Montessori_Les_Lilas\03_Factures\2024\Facture_CL1014_202409.pdf,https://m365x71797824.sharepoint.com/sites/MigrationFileServer/Clients/CL1014_École_Montessori_Les_Lilas/03_Factures/2024/Facture_CL1014_202409.pdf,Facture_CL1014_202409.pdf,pdf,1712,Document,Failed,UPLOAD FAILURE,Failed to upload the package to Azure storage: the operation has timed out,SIMUL-UPLOAD,SRC-54249818,,9,a09f76b5-a170-b338-3926-3059f28c105d,1,6513270e-269e-0d37-f2a7-4de452e6b438,DEMO-SRV01
\\DEMO-SRV01\FileServer\01_Clients\CL1014_École_Montessori_Les_Lilas\03_Factures\2024\Facture_CL1014_202411.pdf,https://m365x71797824.sharepoint.com/sites/MigrationFileServer/Clients/CL1014_École_Montessori_Les_Lilas/03_Factures/2024/Facture_CL1014_202411.pdf,Facture_CL1014_202411.pdf,pdf,1709,Document,Migrated,MIGRATED,,,SRC-9575559,4fec0f40-9efa-c292-2f65-ab4e5f2ee40d,9,a09f76b5-a170-b338-3926-3059f28c105d,1,6513270e-269e-0d37-f2a7-4de452e6b438,DEMO-SRV01
\\DEMO-SRV01\FileServer\01_Clients\CL1014_École_Montessori_Les_Lilas\03_Factures\2025\Facture_CL1014_202501.pdf,https://m365x71797824.sharepoint.com/sites/MigrationFileServer/Clients/CL1014_École_Montessori_Les_Lilas/03_Factures/2025/Facture_CL1014_202501.pdf,Facture_CL1014_202501.pdf,pdf,1710,Document,Migrated,MIGRATED,,,SRC-22278647,cb978be3-080e-31b0-3412-882213f38870,9,a09f76b5-a170-b338-3926-3059f28c105d,1,6513270e-269e-0d37-f2a7-4de452e6b438,DEMO-SRV01
\\DEMO-SRV01\FileServer\01_Clients\CL1014_École_Montessori_Les_Lilas\03_Factures\2025\Facture_CL1014_202503.pdf,https://m365x71797824.sharepoint.com/sites/MigrationFileServer/Clients/CL1014_École_Montessori_Les_Lilas/03_Factures/2025/Facture_CL1014_202503.pdf,Facture_CL1014_202503.pdf,pdf,1712,Document,Migrated,MIGRATED,,,SRC-70168542,1032888d-7bc7-1df3-8c4c-aa837ee14b90,9,a09f76b5-a170-b338-3926-3059f28c105d,1,6513270e-269e-0d37-f2a7-4de452e6b438,DEMO-SRV01
\\DEMO-SRV01\FileServer\01_Clients\CL1014_École_Montessori_Les_Lilas\03_Factures\2025\Facture_CL1014_202504.pdf,https://m365x71797824.sharepoint.com/sites/MigrationFileServer/Clients/CL1014_École_Montessori_Les_Lilas/03_Factures/2025/Facture_CL1014_202504.pdf,Facture_CL1014_202504.pdf,pdf,1710,Document,Migrated,MIGRATED,,,SRC-98593776,65322a48-cbbc-6c94-19f4-8c75687dd512,9,a09f76b5-a170-b338-3926-3059f28c105d,1,6513270e-269e-0d37-f2a7-4de452e6b438,DEMO-SRV01
\\DEMO-SRV01\FileServer\01_Clients\CL1014_École_Montessori_Les_Lilas\03_Factures\2025\Facture_CL1014_202506.pdf,https://m365x71797824.sharepoint.com/sites/MigrationFileServer/Clients/CL1014_École_Montessori_Les_Lilas/03_Factures/2025/Facture_CL1014_202506.pdf,Facture_CL1014_202506.pdf,pdf,1709,Document,Migrated,MIGRATED,,,SRC-31078361,a3a16d92-2790-bb01-8cd5-d187a9fda2ef,9,a09f76b5-a170-b338-3926-3059f28c105d,1,6513270e-269e-0d37-f2a7-4de452e6b438,DEMO-SRV01
\\DEMO-SRV01\FileServer\01_Clients\CL1014_École_Montessori_Les_Lilas\03_Factures\2025\Facture_CL1014_202507.pdf,https://m365x71797824.sharepoint.com/sites/MigrationFileServer/Clients/CL1014_École_Montessori_Les_Lilas/03_Factures/2025/Facture_CL1014_202507.pdf,Facture_CL1014_202507.pdf,pdf,1713,Document,Migrated,MIGRATED,,,SRC-59768117,29e78b06-a72e-d508-1755-c6de88b409c8,9,a09f76b5-a170-b338-3926-3059f28c105d,1,6513270e-269e-0d37-f2a7-4de452e6b438,DEMO-SRV01
\\DEMO-SRV01\FileServer\01_Clients\CL1014_École_Montessori_Les_Lilas\03_Factures\2025\Facture_CL1014_202508.pdf,https://m365x71797824.sharepoint.com/sites/MigrationFileServer/Clients/CL1014_École_Montessori_Les_Lilas/03_Factures/2025/Facture_CL1014_202508.pdf,Facture_CL1014_202508.pdf,pdf,1713,Document,Migrated,MIGRATED,,,SRC-74342905,68e7ed23-456b-312c-b206-1ecc65d464fd,9,a09f76b5-a170-b338-3926-3059f28c105d,1,6513270e-269e-0d37-f2a7-4de452e6b438,DEMO-SRV01
\\DEMO-SRV01\FileServer\01_Clients\CL1014_École_Montessori_Les_Lilas\03_Factures\2025\Facture_CL1014_202511.pdf,https://m365x71797824.sharepoint.com/sites/MigrationFileServer/Clients/CL1014_École_Montessori_Les_Lilas/03_Factures/2025/Facture_CL1014_202511.pdf,Facture_CL1014_202511.pdf,pdf,1713,Document,Migrated,MIGRATED,,,SRC-42402062,4ebe9880-aaf5-a86e-4886-6d48fcfd36d1,9,a09f76b5-a170-b338-3926-3059f28c105d,1,6513270e-269e-0d37-f2a7-4de452e6b438,DEMO-SRV01
\\DEMO-SRV01\FileServer\01_Clients\CL1014_École_Montessori_Les_Lilas\03_Factures\2026\Facture_CL1014_202604.pdf,https://m365x71797824.sharepoint.com/sites/MigrationFileServer/Clients/CL1014_École_Montessori_Les_Lilas/03_Factures/2026/Facture_CL1014_202604.pdf,Facture_CL1014_202604.pdf,pdf,1710,Document,Migrated,MIGRATED,,,SRC-96894620,4ff6f2c5-0d25-f954-f404-2f1e6af7ea31,9,a09f76b5-a170-b338-3926-3059f28c105d,1,6513270e-269e-0d37-f2a7-4de452e6b438,DEMO-SRV01
\\DEMO-SRV01\FileServer\01_Clients\CL1014_École_Montessori_Les_Lilas\03_Factures\2026\Facture_CL1014_202605.pdf,https://m365x71797824.sharepoint.com/sites/MigrationFileServer/Clients/CL1014_École_Montessori_Les_Lilas/03_Factures/2026/Facture_CL1014_202605.pdf,Facture_CL1014_202605.pdf,pdf,1712,Document,Migrated,MIGRATED,,,SRC-64233668,5b7042df-e239-d3d7-9107-756fbece7145,9,a09f76b5-a170-b338-3926-3059f28c105d,1,6513270e-269e-0d37-f2a7-4de452e6b438,DEMO-SRV01
\\DEMO-SRV01\FileServer\01_Clients\CL1014_École_Montessori_Les_Lilas\03_Factures\2026\Facture_CL1014_202607.pdf,https://m365x71797824.sharepoint.com/sites/MigrationFileServer/Clients/CL1014_École_Montessori_Les_Lilas/03_Factures/2026/Facture_CL1014_202607.pdf,Facture_CL1014_202607.pdf,pdf,1712,Document,Migrated,MIGRATED,,,SRC-73769662,dd3f4006-04a9-9e63-6a9c-2a336a01260f,9,a09f76b5-a170-b338-3926-3059f28c105d,1,6513270e-269e-0d37-f2a7-4de452e6b438,DEMO-SRV01
\\DEMO-SRV01\FileServer\01_Clients\CL1014_École_Montessori_Les_Lilas\03_Factures\2026\Facture_CL1014_202608.pdf,https://m365x71797824.sharepoint.com/sites/MigrationFileServer/Clients/CL1014_École_Montessori_Les_Lilas/03_Factures/2026/Facture_CL1014_202608.pdf,Facture_CL1014_202608.pdf,pdf,1710,Document,Migrated,MIGRATED,,,SRC-44662718,5d20c6a6-cd5e-4aa0-ff22-82e6c4440054,9,a09f76b5-a170-b338-3926-3059f28c105d,1,6513270e-269e-0d37-f2a7-4de452e6b438,DEMO-SRV01
\\DEMO-SRV01\FileServer\01_Clients\CL1014_École_Montessori_Les_Lilas\04_Correspondance\Echange_01.eml.txt,https://m365x71797824.sharepoint.com/sites/MigrationFileServer/Clients/CL1014_École_Montessori_Les_Lilas/04_Correspondance/Echange_01.eml.txt,Echange_01.eml.txt,txt,106,Document,Migrated,MIGRATED,,,SRC-37343315,ba60491e-6406-f458-327b-cda3a4fc8621,9,a09f76b5-a170-b338-3926-3059f28c105d,1,6513270e-269e-0d37-f2a7-4de452e6b438,DEMO-SRV01
\\DEMO-SRV01\FileServer\01_Clients\CL1014_École_Montessori_Les_Lilas\04_Correspondance\Echange_02.eml.txt,https://m365x71797824.sharepoint.com/sites/MigrationFileServer/Clients/CL1014_École_Montessori_Les_Lilas/04_Correspondance/Echange_02.eml.txt,Echange_02.eml.txt,txt,106,Document,Migrated,MIGRATED,,,SRC-97282941,018120f8-f126-1642-3423-880b67ac56f8,9,a09f76b5-a170-b338-3926-3059f28c105d,1,6513270e-269e-0d37-f2a7-4de452e6b438,DEMO-SRV01
\\DEMO-SRV01\FileServer\01_Clients\CL1014_École_Montessori_Les_Lilas\04_Correspondance\Echange_03.eml.txt,https://m365x71797824.sharepoint.com/sites/MigrationFileServer/Clients/CL1014_École_Montessori_Les_Lilas/04_Correspondance/Echange_03.eml.txt,Echange_03.eml.txt,txt,106,Document,Migrated,MIGRATED,,,SRC-77711134,6c7b31e2-2814-c437-e6d1-43186f25630d,9,a09f76b5-a170-b338-3926-3059f28c105d,1,6513270e-269e-0d37-f2a7-4de452e6b438,DEMO-SRV01
\\DEMO-SRV01\FileServer\01_Clients\CL1014_École_Montessori_Les_Lilas\05_Projets\Deploiement_Teams\Compte_rendu_COPIL.docx,https://m365x71797824.sharepoint.com/sites/MigrationFileServer/Clients/CL1014_École_Montessori_Les_Lilas/05_Projets/Deploiement_Teams/Compte_rendu_COPIL.docx,Compte_rendu_COPIL.docx,docx,36732,Document,Migrated,MIGRATED,,,SRC-48297727,67fde1c3-172a-390a-d203-acfe1d10e931,9,a09f76b5-a170-b338-3926-3059f28c105d,1,6513270e-269e-0d37-f2a7-4de452e6b438,DEMO-SRV01
\\DEMO-SRV01\FileServer\01_Clients\CL1014_École_Montessori_Les_Lilas\05_Projets\Deploiement_Teams\Planning_Deploiement_Teams.xlsx,https://m365x71797824.sharepoint.com/sites/MigrationFileServer/Clients/CL1014_École_Montessori_Les_Lilas/05_Projets/Deploiement_Teams/Planning_Deploiement_Teams.xlsx,Planning_Deploiement_Teams.xlsx,xlsx,5138,Document,Migrated,MIGRATED,,,SRC-60719416,75fdf37c-5d5e-c1ad-e201-aafd93ea6a94,10,a09f76b5-a170-b338-3926-3059f28c105d,1,6513270e-269e-0d37-f2a7-4de452e6b438,DEMO-SRV01
\\DEMO-SRV01\FileServer\01_Clients\CL1014_École_Montessori_Les_Lilas\05_Projets\Deploiement_Teams\Presentation_lancement_Deploiement_Teams.pptx,https://m365x71797824.sharepoint.com/sites/MigrationFileServer/Clients/CL1014_École_Montessori_Les_Lilas/05_Projets/Deploiement_Teams/Presentation_lancement_Deploiement_Teams.pptx,Presentation_lancement_Deploiement_Teams.pptx,pptx,29173,Document,Migrated,MIGRATED,,,SRC-74379491,03cc2f9b-2146-0c5a-299c-858dc5e6e62f,10,a09f76b5-a170-b338-3926-3059f28c105d,1,6513270e-269e-0d37-f2a7-4de452e6b438,DEMO-SRV01
\\DEMO-SRV01\FileServer\01_Clients\CL1014_École_Montessori_Les_Lilas\05_Projets\Refonte_site_web\Compte_rendu_COPIL.docx,https://m365x71797824.sharepoint.com/sites/MigrationFileServer/Clients/CL1014_École_Montessori_Les_Lilas/05_Projets/Refonte_site_web/Compte_rendu_COPIL.docx,Compte_rendu_COPIL.docx,docx,36733,Document,Migrated,MIGRATED,,,SRC-60158670,a402bb72-247a-abb5-8d32-3d9e0d3be8ee,10,a09f76b5-a170-b338-3926-3059f28c105d,1,6513270e-269e-0d37-f2a7-4de452e6b438,DEMO-SRV01
\\DEMO-SRV01\FileServer\01_Clients\CL1014_École_Montessori_Les_Lilas\05_Projets\Refonte_site_web\Planning_Refonte_site_web.xlsx,https://m365x71797824.sharepoint.com/sites/MigrationFileServer/Clients/CL1014_École_Montessori_Les_Lilas/05_Projets/Refonte_site_web/Planning_Refonte_site_web.xlsx,Planning_Refonte_site_web.xlsx,xlsx,5140,Document,Migrated,MIGRATED,,,SRC-75809251,16cabe32-658f-62d1-e8e8-4b0dce74b3c4,10,a09f76b5-a170-b338-3926-3059f28c105d,1,6513270e-269e-0d37-f2a7-4de452e6b438,DEMO-SRV01
\\DEMO-SRV01\FileServer\01_Clients\CL1014_École_Montessori_Les_Lilas\05_Projets\Refonte_site_web\Presentation_lancement_Refonte_site_web.pptx,https://m365x71797824.sharepoint.com/sites/MigrationFileServer/Clients/CL1014_École_Montessori_Les_Lilas/05_Projets/Refonte_site_web/Presentation_lancement_Refonte_site_web.pptx,Presentation_lancement_Refonte_site_web.pptx,pptx,29177,Document,Migrated,MIGRATED,,,SRC-73912351,5eef9b8b-ed5e-c904-9f48-250d92a73f9d,10,a09f76b5-a170-b338-3926-3059f28c105d,1,6513270e-269e-0d37-f2a7-4de452e6b438,DEMO-SRV01
\\DEMO-SRV01\FileServer\01_Clients\CL1015_Studio_Archipel\01_Contrats\Contrat_cadre_CL1015_2019.docx,https://m365x71797824.sharepoint.com/sites/MigrationFileServer/Clients/CL1015_Studio_Archipel/01_Contrats/Contrat_cadre_CL1015_2019.docx,Contrat_cadre_CL1015_2019.docx,docx,36779,Document,Migrated,MIGRATED,,,SRC-91818995,2558d6c0-2bf3-9775-8124-7dd4bcbc58a3,10,a09f76b5-a170-b338-3926-3059f28c105d,1,6513270e-269e-0d37-f2a7-4de452e6b438,DEMO-SRV01
\\DEMO-SRV01\FileServer\01_Clients\CL1015_Studio_Archipel\01_Contrats\Contrat_cadre_CL1015_2019_signe.pdf,https://m365x71797824.sharepoint.com/sites/MigrationFileServer/Clients/CL1015_Studio_Archipel/01_Contrats/Contrat_cadre_CL1015_2019_signe.pdf,Contrat_cadre_CL1015_2019_signe.pdf,pdf,1664,Document,Migrated,MIGRATED,,,SRC-32277262,856aab1d-296c-b08c-4886-058b5912eb60,10,a09f76b5-a170-b338-3926-3059f28c105d,1,6513270e-269e-0d37-f2a7-4de452e6b438,DEMO-SRV01
\\DEMO-SRV01\FileServer\01_Clients\CL1015_Studio_Archipel\02_Devis\Devis_CL1015_2022-01.docx,https://m365x71797824.sharepoint.com/sites/MigrationFileServer/Clients/CL1015_Studio_Archipel/02_Devis/Devis_CL1015_2022-01.docx,Devis_CL1015_2022-01.docx,docx,36749,Document,Migrated,MIGRATED,,,SRC-85587837,1bd9d912-112d-4095-eced-8ded2bfa1f10,10,a09f76b5-a170-b338-3926-3059f28c105d,1,6513270e-269e-0d37-f2a7-4de452e6b438,DEMO-SRV01
\\DEMO-SRV01\FileServer\01_Clients\CL1015_Studio_Archipel\02_Devis\Devis_CL1015_2023-03.docx,https://m365x71797824.sharepoint.com/sites/MigrationFileServer/Clients/CL1015_Studio_Archipel/02_Devis/Devis_CL1015_2023-03.docx,Devis_CL1015_2023-03.docx,docx,36751,Document,Migrated,MIGRATED,,,SRC-86131267,ce0843c2-c0e9-08a8-7d92-0a56623c70ce,10,a09f76b5-a170-b338-3926-3059f28c105d,1,6513270e-269e-0d37-f2a7-4de452e6b438,DEMO-SRV01
\\DEMO-SRV01\FileServer\01_Clients\CL1015_Studio_Archipel\02_Devis\Devis_CL1015_2024-02.docx,https://m365x71797824.sharepoint.com/sites/MigrationFileServer/Clients/CL1015_Studio_Archipel/02_Devis/Devis_CL1015_2024-02.docx,Devis_CL1015_2024-02.docx,docx,36751,Document,Migrated,MIGRATED,,,SRC-95016529,3284fc6f-ce01-7551-f785-30bfcaca003c,10,a09f76b5-a170-b338-3926-3059f28c105d,1,6513270e-269e-0d37-f2a7-4de452e6b438,DEMO-SRV01
\\DEMO-SRV01\FileServer\01_Clients\CL1015_Studio_Archipel\03_Factures\2024\Facture_CL1015_202401.pdf,https://m365x71797824.sharepoint.com/sites/MigrationFileServer/Clients/CL1015_Studio_Archipel/03_Factures/2024/Facture_CL1015_202401.pdf,Facture_CL1015_202401.pdf,pdf,1703,Document,Migrated,MIGRATED,,,SRC-6110983,f16d68f3-d658-c99a-206c-28564d36a8ed,10,a09f76b5-a170-b338-3926-3059f28c105d,1,6513270e-269e-0d37-f2a7-4de452e6b438,DEMO-SRV01
\\DEMO-SRV01\FileServer\01_Clients\CL1015_Studio_Archipel\03_Factures\2024\Facture_CL1015_202402.pdf,https://m365x71797824.sharepoint.com/sites/MigrationFileServer/Clients/CL1015_Studio_Archipel/03_Factures/2024/Facture_CL1015_202402.pdf,Facture_CL1015_202402.pdf,pdf,1703,Document,Migrated,MIGRATED,,,SRC-80420555,7b949e54-e9ad-2bc7-f9bd-6bbb0b22a431,10,a09f76b5-a170-b338-3926-3059f28c105d,1,6513270e-269e-0d37-f2a7-4de452e6b438,DEMO-SRV01
\\DEMO-SRV01\FileServer\01_Clients\CL1015_Studio_Archipel\03_Factures\2024\Facture_CL1015_202406.pdf,https://m365x71797824.sharepoint.com/sites/MigrationFileServer/Clients/CL1015_Studio_Archipel/03_Factures/2024/Facture_CL1015_202406.pdf,Facture_CL1015_202406.pdf,pdf,1704,Document,Migrated,MIGRATED,,,SRC-6608743,ed19557a-9b8e-9a82-0da9-f44a5084c63f,10,a09f76b5-a170-b338-3926-3059f28c105d,1,6513270e-269e-0d37-f2a7-4de452e6b438,DEMO-SRV01
\\DEMO-SRV01\FileServer\01_Clients\CL1015_Studio_Archipel\03_Factures\2024\Facture_CL1015_202407.pdf,https://m365x71797824.sharepoint.com/sites/MigrationFileServer/Clients/CL1015_Studio_Archipel/03_Factures/2024/Facture_CL1015_202407.pdf,Facture_CL1015_202407.pdf,pdf,1703,Document,Migrated,MIGRATED,,,SRC-4531088,e77b0475-1617-643b-634d-1952a2e8fec0,10,a09f76b5-a170-b338-3926-3059f28c105d,1,6513270e-269e-0d37-f2a7-4de452e6b438,DEMO-SRV01
\\DEMO-SRV01\FileServer\01_Clients\CL1015_Studio_Archipel\03_Factures\2024\Facture_CL1015_202411.pdf,https://m365x71797824.sharepoint.com/sites/MigrationFileServer/Clients/CL1015_Studio_Archipel/03_Factures/2024/Facture_CL1015_202411.pdf,Facture_CL1015_202411.pdf,pdf,1703,Document,Migrated,MIGRATED,,,SRC-62127039,d31615e5-b02e-f5f7-9ece-cbffb659f768,10,a09f76b5-a170-b338-3926-3059f28c105d,1,6513270e-269e-0d37-f2a7-4de452e6b438,DEMO-SRV01
\\DEMO-SRV01\FileServer\01_Clients\CL1015_Studio_Archipel\03_Factures\2025\Facture_CL1015_202501.pdf,https://m365x71797824.sharepoint.com/sites/MigrationFileServer/Clients/CL1015_Studio_Archipel/03_Factures/2025/Facture_CL1015_202501.pdf,Facture_CL1015_202501.pdf,pdf,1703,Document,Migrated,MIGRATED,,,SRC-96061190,c92bdd5a-a3ec-4d32-2907-db86e4219307,10,a09f76b5-a170-b338-3926-3059f28c105d,1,6513270e-269e-0d37-f2a7-4de452e6b438,DEMO-SRV01
\\DEMO-SRV01\FileServer\01_Clients\CL1015_Studio_Archipel\03_Factures\2025\Facture_CL1015_202502.pdf,https://m365x71797824.sharepoint.com/sites/MigrationFileServer/Clients/CL1015_Studio_Archipel/03_Factures/2025/Facture_CL1015_202502.pdf,Facture_CL1015_202502.pdf,pdf,1703,Document,Migrated,MIGRATED,,,SRC-26990585,678c4cb9-9efd-55d2-38d9-e9abdb495244,10,a09f76b5-a170-b338-3926-3059f28c105d,1,6513270e-269e-0d37-f2a7-4de452e6b438,DEMO-SRV01
\\DEMO-SRV01\FileServer\01_Clients\CL1015_Studio_Archipel\03_Factures\2025\Facture_CL1015_202503.pdf,https://m365x71797824.sharepoint.com/sites/MigrationFileServer/Clients/CL1015_Studio_Archipel/03_Factures/2025/Facture_CL1015_202503.pdf,Facture_CL1015_202503.pdf,pdf,1702,Document,Migrated,MIGRATED,,,SRC-34622915,d445a53e-3234-752b-d8aa-7be39d5ee2f9,10,a09f76b5-a170-b338-3926-3059f28c105d,1,6513270e-269e-0d37-f2a7-4de452e6b438,DEMO-SRV01
\\DEMO-SRV01\FileServer\01_Clients\CL1015_Studio_Archipel\03_Factures\2025\Facture_CL1015_202504.pdf,https://m365x71797824.sharepoint.com/sites/MigrationFileServer/Clients/CL1015_Studio_Archipel/03_Factures/2025/Facture_CL1015_202504.pdf,Facture_CL1015_202504.pdf,pdf,1703,Document,Migrated,MIGRATED,,,SRC-35847090,37d7d190-90bf-d792-2ed6-d460791397a3,10,a09f76b5-a170-b338-3926-3059f28c105d,1,6513270e-269e-0d37-f2a7-4de452e6b438,DEMO-SRV01
\\DEMO-SRV01\FileServer\01_Clients\CL1015_Studio_Archipel\03_Factures\2025\Facture_CL1015_202505.pdf,https://m365x71797824.sharepoint.com/sites/MigrationFileServer/Clients/CL1015_Studio_Archipel/03_Factures/2025/Facture_CL1015_202505.pdf,Facture_CL1015_202505.pdf,pdf,1703,Document,Migrated,MIGRATED,,,SRC-82905784,84949aab-f044-c032-6655-b9f00aadacf0,10,a09f76b5-a170-b338-3926-3059f28c105d,1,6513270e-269e-0d37-f2a7-4de452e6b438,DEMO-SRV01
\\DEMO-SRV01\FileServer\01_Clients\CL1015_Studio_Archipel\03_Factures\2025\Facture_CL1015_202506.pdf,https://m365x71797824.sharepoint.com/sites/MigrationFileServer/Clients/CL1015_Studio_Archipel/03_Factures/2025/Facture_CL1015_202506.pdf,Facture_CL1015_202506.pdf,pdf,1703,Document,Migrated,MIGRATED,,,SRC-98928422,1f80a4e8-5bf5-08a0-6232-0fa3280f005d,10,a09f76b5-a170-b338-3926-3059f28c105d,1,6513270e-269e-0d37-f2a7-4de452e6b438,DEMO-SRV01
\\DEMO-SRV01\FileServer\01_Clients\CL1015_Studio_Archipel\03_Factures\2025\Facture_CL1015_202507.pdf,https://m365x71797824.sharepoint.com/sites/MigrationFileServer/Clients/CL1015_Studio_Archipel/03_Factures/2025/Facture_CL1015_202507.pdf,Facture_CL1015_202507.pdf,pdf,1700,Document,Migrated,MIGRATED,,,SRC-91964119,b991e961-f87f-4a4d-3f3f-407226437a8e,10,a09f76b5-a170-b338-3926-3059f28c105d,1,6513270e-269e-0d37-f2a7-4de452e6b438,DEMO-SRV01
\\DEMO-SRV01\FileServer\01_Clients\CL1015_Studio_Archipel\03_Factures\2025\Facture_CL1015_202511.pdf,https://m365x71797824.sharepoint.com/sites/MigrationFileServer/Clients/CL1015_Studio_Archipel/03_Factures/2025/Facture_CL1015_202511.pdf,Facture_CL1015_202511.pdf,pdf,1702,Document,Migrated,MIGRATED,,,SRC-69058751,0a857746-314d-f386-e5b5-206ed0ce6bc4,10,a09f76b5-a170-b338-3926-3059f28c105d,1,6513270e-269e-0d37-f2a7-4de452e6b438,DEMO-SRV01
\\DEMO-SRV01\FileServer\01_Clients\CL1015_Studio_Archipel\03_Factures\2025\Facture_CL1015_202512.pdf,https://m365x71797824.sharepoint.com/sites/MigrationFileServer/Clients/CL1015_Studio_Archipel/03_Factures/2025/Facture_CL1015_202512.pdf,Facture_CL1015_202512.pdf,pdf,1703,Document,Migrated,MIGRATED,,,SRC-67864360,c1e8fb16-d7ad-18a7-8ff5-ba77e244d05f,10,a09f76b5-a170-b338-3926-3059f28c105d,1,6513270e-269e-0d37-f2a7-4de452e6b438,DEMO-SRV01
\\DEMO-SRV01\FileServer\01_Clients\CL1015_Studio_Archipel\03_Factures\2026\Facture_CL1015_202601.pdf,https://m365x71797824.sharepoint.com/sites/MigrationFileServer/Clients/CL1015_Studio_Archipel/03_Factures/2026/Facture_CL1015_202601.pdf,Facture_CL1015_202601.pdf,pdf,1704,Document,Migrated,MIGRATED,,,SRC-84557410,d6948ded-aafb-4294-09c2-cd73ac18cd4e,10,a09f76b5-a170-b338-3926-3059f28c105d,1,6513270e-269e-0d37-f2a7-4de452e6b438,DEMO-SRV01
\\DEMO-SRV01\FileServer\01_Clients\CL1015_Studio_Archipel\03_Factures\2026\Facture_CL1015_202602.pdf,https://m365x71797824.sharepoint.com/sites/MigrationFileServer/Clients/CL1015_Studio_Archipel/03_Factures/2026/Facture_CL1015_202602.pdf,Facture_CL1015_202602.pdf,pdf,1703,Document,Migrated,MIGRATED,,,SRC-33405161,997a20be-63cc-537b-1e23-9eb452fef478,10,a09f76b5-a170-b338-3926-3059f28c105d,1,6513270e-269e-0d37-f2a7-4de452e6b438,DEMO-SRV01
\\DEMO-SRV01\FileServer\01_Clients\CL1015_Studio_Archipel\03_Factures\2026\Facture_CL1015_202604.pdf,https://m365x71797824.sharepoint.com/sites/MigrationFileServer/Clients/CL1015_Studio_Archipel/03_Factures/2026/Facture_CL1015_202604.pdf,Facture_CL1015_202604.pdf,pdf,1703,Document,Migrated,MIGRATED,,,SRC-1789253,a085da1f-d958-b1e6-8cd0-326074aaf340,10,a09f76b5-a170-b338-3926-3059f28c105d,1,6513270e-269e-0d37-f2a7-4de452e6b438,DEMO-SRV01
\\DEMO-SRV01\FileServer\01_Clients\CL1015_Studio_Archipel\03_Factures\2026\Facture_CL1015_202605.pdf,https://m365x71797824.sharepoint.com/sites/MigrationFileServer/Clients/CL1015_Studio_Archipel/03_Factures/2026/Facture_CL1015_202605.pdf,Facture_CL1015_202605.pdf,pdf,1703,Document,Migrated,MIGRATED,,,SRC-62770457,6b89d463-a626-b097-4e64-0cd4c730a7cb,10,a09f76b5-a170-b338-3926-3059f28c105d,1,6513270e-269e-0d37-f2a7-4de452e6b438,DEMO-SRV01
\\DEMO-SRV01\FileServer\01_Clients\CL1015_Studio_Archipel\04_Correspondance\Echange_01.eml.txt,https://m365x71797824.sharepoint.com/sites/MigrationFileServer/Clients/CL1015_Studio_Archipel/04_Correspondance/Echange_01.eml.txt,Echange_01.eml.txt,txt,106,Document,Migrated,MIGRATED,,,SRC-88080484,6cfd4940-3fcf-6d85-9526-e3d04ee6f4ff,10,a09f76b5-a170-b338-3926-3059f28c105d,1,6513270e-269e-0d37-f2a7-4de452e6b438,DEMO-SRV01
\\DEMO-SRV01\FileServer\01_Clients\CL1015_Studio_Archipel\05_Projets\Deploiement_Teams\Compte_rendu_COPIL.docx,https://m365x71797824.sharepoint.com/sites/MigrationFileServer/Clients/CL1015_Studio_Archipel/05_Projets/Deploiement_Teams/Compte_rendu_COPIL.docx,Compte_rendu_COPIL.docx,docx,36732,Document,Migrated,MIGRATED,,,SRC-99923614,7260ca26-5e11-3423-a8a9-ea6263a366aa,10,a09f76b5-a170-b338-3926-3059f28c105d,1,6513270e-269e-0d37-f2a7-4de452e6b438,DEMO-SRV01
\\DEMO-SRV01\FileServer\01_Clients\CL1015_Studio_Archipel\05_Projets\Deploiement_Teams\Planning_Deploiement_Teams.xlsx,https://m365x71797824.sharepoint.com/sites/MigrationFileServer/Clients/CL1015_Studio_Archipel/05_Projets/Deploiement_Teams/Planning_Deploiement_Teams.xlsx,Planning_Deploiement_Teams.xlsx,xlsx,5136,Document,Migrated,MIGRATED,,,SRC-16436235,05fbec3a-2dc3-78f2-7037-e03480ea8397,10,a09f76b5-a170-b338-3926-3059f28c105d,1,6513270e-269e-0d37-f2a7-4de452e6b438,DEMO-SRV01
\\DEMO-SRV01\FileServer\01_Clients\CL1015_Studio_Archipel\05_Projets\Deploiement_Teams\Presentation_lancement_Deploiement_Teams.pptx,https://m365x71797824.sharepoint.com/sites/MigrationFileServer/Clients/CL1015_Studio_Archipel/05_Projets/Deploiement_Teams/Presentation_lancement_Deploiement_Teams.pptx,Presentation_lancement_Deploiement_Teams.pptx,pptx,29173,Document,Migrated,MIGRATED,,,SRC-54110613,7d4ffa0f-fc73-83bf-9e6f-b2b700e5e813,10,a09f76b5-a170-b338-3926-3059f28c105d,1,6513270e-269e-0d37-f2a7-4de452e6b438,DEMO-SRV01
\\DEMO-SRV01\FileServer\01_Clients\CL1015_Studio_Archipel\05_Projets\Migration_ERP\Compte_rendu_COPIL.docx,https://m365x71797824.sharepoint.com/sites/MigrationFileServer/Clients/CL1015_Studio_Archipel/05_Projets/Migration_ERP/Compte_rendu_COPIL.docx,Compte_rendu_COPIL.docx,docx,36731,Document,Migrated,MIGRATED,,,SRC-84718130,c379023e-7262-b8a9-3c39-679d771c23e1,10,a09f76b5-a170-b338-3926-3059f28c105d,1,6513270e-269e-0d37-f2a7-4de452e6b438,DEMO-SRV01
\\DEMO-SRV01\FileServer\01_Clients\CL1015_Studio_Archipel\05_Projets\Migration_ERP\Planning_Migration_ERP.xlsx,https://m365x71797824.sharepoint.com/sites/MigrationFileServer/Clients/CL1015_Studio_Archipel/05_Projets/Migration_ERP/Planning_Migration_ERP.xlsx,Planning_Migration_ERP.xlsx,xlsx,5131,Document,Migrated,MIGRATED,,,SRC-43348629,75526e31-d1a8-0888-c7ac-6f379e5af2a4,10,a09f76b5-a170-b338-3926-3059f28c105d,1,6513270e-269e-0d37-f2a7-4de452e6b438,DEMO-SRV01
\\DEMO-SRV01\FileServer\01_Clients\CL1015_Studio_Archipel\05_Projets\Migration_ERP\Presentation_lancement_Migration_ERP.pptx,https://m365x71797824.sharepoint.com/sites/MigrationFileServer/Clients/CL1015_Studio_Archipel/05_Projets/Migration_ERP/Presentation_lancement_Migration_ERP.pptx,Presentation_lancement_Migration_ERP.pptx,pptx,29176,Document,Migrated,MIGRATED,,,SRC-98459616,7924dede-cf7e-da11-2df8-3c66d627d2b8,10,a09f76b5-a170-b338-3926-3059f28c105d,1,6513270e-269e-0d37-f2a7-4de452e6b438,DEMO-SRV01
\\DEMO-SRV01\FileServer\01_Clients\CL1016_Coopérative_Agricole_Val_dOise\01_Contrats\Contrat_cadre_CL1016_2023.docx,https://m365x71797824.sharepoint.com/sites/MigrationFileServer/Clients/CL1016_Coopérative_Agricole_Val_dOise/01_Contrats/Contrat_cadre_CL1016_2023.docx,Contrat_cadre_CL1016_2023.docx,docx,36792,Document,Migrated,MIGRATED,,,SRC-57436151,20e27c17-112e-d1df-1b69-567e667cd60b,10,a09f76b5-a170-b338-3926-3059f28c105d,1,6513270e-269e-0d37-f2a7-4de452e6b438,DEMO-SRV01
\\DEMO-SRV01\FileServer\01_Clients\CL1016_Coopérative_Agricole_Val_dOise\01_Contrats\Contrat_cadre_CL1016_2023_signe.pdf,https://m365x71797824.sharepoint.com/sites/MigrationFileServer/Clients/CL1016_Coopérative_Agricole_Val_dOise/01_Contrats/Contrat_cadre_CL1016_2023_signe.pdf,Contrat_cadre_CL1016_2023_signe.pdf,pdf,1664,Document,Migrated,MIGRATED,,,SRC-37930610,177a8334-5d86-6b34-6e3b-bc975bcb9370,10,a09f76b5-a170-b338-3926-3059f28c105d,1,6513270e-269e-0d37-f2a7-4de452e6b438,DEMO-SRV01
\\DEMO-SRV01\FileServer\01_Clients\CL1016_Coopérative_Agricole_Val_dOise\02_Devis\Devis_CL1016_2023-01.docx,https://m365x71797824.sharepoint.com/sites/MigrationFileServer/Clients/CL1016_Coopérative_Agricole_Val_dOise/02_Devis/Devis_CL1016_2023-01.docx,Devis_CL1016_2023-01.docx,docx,36746,Document,Migrated,MIGRATED,,,SRC-98192649,8299ed6e-811c-8fa7-7124-c205cd625a7f,10,a09f76b5-a170-b338-3926-3059f28c105d,1,6513270e-269e-0d37-f2a7-4de452e6b438,DEMO-SRV01
\\DEMO-SRV01\FileServer\01_Clients\CL1016_Coopérative_Agricole_Val_dOise\02_Devis\Devis_CL1016_2026-02.docx,https://m365x71797824.sharepoint.com/sites/MigrationFileServer/Clients/CL1016_Coopérative_Agricole_Val_dOise/02_Devis/Devis_CL1016_2026-02.docx,Devis_CL1016_2026-02.docx,docx,36750,Document,Migrated,MIGRATED,,,SRC-58071796,a2ed8962-0a68-253a-0a6f-b154a8376dcd,10,a09f76b5-a170-b338-3926-3059f28c105d,1,6513270e-269e-0d37-f2a7-4de452e6b438,DEMO-SRV01
\\DEMO-SRV01\FileServer\01_Clients\CL1016_Coopérative_Agricole_Val_dOise\02_Devis\Devis_CL1016_2026-03.docx,https://m365x71797824.sharepoint.com/sites/MigrationFileServer/Clients/CL1016_Coopérative_Agricole_Val_dOise/02_Devis/Devis_CL1016_2026-03.docx,Devis_CL1016_2026-03.docx,docx,36748,Document,Migrated,MIGRATED,,,SRC-706175,bbc55c33-ec10-72ee-150d-bf6a2159702b,10,a09f76b5-a170-b338-3926-3059f28c105d,1,6513270e-269e-0d37-f2a7-4de452e6b438,DEMO-SRV01
\\DEMO-SRV01\FileServer\01_Clients\CL1016_Coopérative_Agricole_Val_dOise\03_Factures\2024\Facture_CL1016_202402.pdf,https://m365x71797824.sharepoint.com/sites/MigrationFileServer/Clients/CL1016_Coopérative_Agricole_Val_dOise/03_Factures/2024/Facture_CL1016_202402.pdf,Facture_CL1016_202402.pdf,pdf,1720,Document,Migrated,MIGRATED,,,SRC-66463579,82f0779d-b86b-b4d6-c713-289150505652,10,a09f76b5-a170-b338-3926-3059f28c105d,1,6513270e-269e-0d37-f2a7-4de452e6b438,DEMO-SRV01
\\DEMO-SRV01\FileServer\01_Clients\CL1016_Coopérative_Agricole_Val_dOise\03_Factures\2024\Facture_CL1016_202403.pdf,https://m365x71797824.sharepoint.com/sites/MigrationFileServer/Clients/CL1016_Coopérative_Agricole_Val_dOise/03_Factures/2024/Facture_CL1016_202403.pdf,Facture_CL1016_202403.pdf,pdf,1722,Document,Migrated,MIGRATED,,,SRC-67999211,81012ad6-c086-ee53-0de4-4e651478c7b9,10,a09f76b5-a170-b338-3926-3059f28c105d,1,6513270e-269e-0d37-f2a7-4de452e6b438,DEMO-SRV01
\\DEMO-SRV01\FileServer\01_Clients\CL1016_Coopérative_Agricole_Val_dOise\03_Factures\2024\Facture_CL1016_202404.pdf,https://m365x71797824.sharepoint.com/sites/MigrationFileServer/Clients/CL1016_Coopérative_Agricole_Val_dOise/03_Factures/2024/Facture_CL1016_202404.pdf,Facture_CL1016_202404.pdf,pdf,1723,Document,Migrated,MIGRATED,,,SRC-31032161,f36c1575-a71a-56c6-60bb-9aeee5160931,10,a09f76b5-a170-b338-3926-3059f28c105d,1,6513270e-269e-0d37-f2a7-4de452e6b438,DEMO-SRV01
\\DEMO-SRV01\FileServer\01_Clients\CL1016_Coopérative_Agricole_Val_dOise\03_Factures\2024\Facture_CL1016_202406.pdf,https://m365x71797824.sharepoint.com/sites/MigrationFileServer/Clients/CL1016_Coopérative_Agricole_Val_dOise/03_Factures/2024/Facture_CL1016_202406.pdf,Facture_CL1016_202406.pdf,pdf,1723,Document,Migrated,MIGRATED,,,SRC-35103812,db68f275-069e-87dc-22dd-113cc8c42276,10,a09f76b5-a170-b338-3926-3059f28c105d,1,6513270e-269e-0d37-f2a7-4de452e6b438,DEMO-SRV01
\\DEMO-SRV01\FileServer\01_Clients\CL1016_Coopérative_Agricole_Val_dOise\03_Factures\2024\Facture_CL1016_202407.pdf,https://m365x71797824.sharepoint.com/sites/MigrationFileServer/Clients/CL1016_Coopérative_Agricole_Val_dOise/03_Factures/2024/Facture_CL1016_202407.pdf,Facture_CL1016_202407.pdf,pdf,1722,Document,Migrated,MIGRATED,,,SRC-30866162,bb69e1f0-9d37-3731-ff01-fe8010fe52d4,10,a09f76b5-a170-b338-3926-3059f28c105d,1,6513270e-269e-0d37-f2a7-4de452e6b438,DEMO-SRV01
\\DEMO-SRV01\FileServer\01_Clients\CL1016_Coopérative_Agricole_Val_dOise\03_Factures\2024\Facture_CL1016_202408.pdf,https://m365x71797824.sharepoint.com/sites/MigrationFileServer/Clients/CL1016_Coopérative_Agricole_Val_dOise/03_Factures/2024/Facture_CL1016_202408.pdf,Facture_CL1016_202408.pdf,pdf,1723,Document,Migrated,MIGRATED,,,SRC-10611004,3196cd44-1c0d-f645-d0a3-2611b14aed54,10,a09f76b5-a170-b338-3926-3059f28c105d,1,6513270e-269e-0d37-f2a7-4de452e6b438,DEMO-SRV01
\\DEMO-SRV01\FileServer\01_Clients\CL1016_Coopérative_Agricole_Val_dOise\03_Factures\2024\Facture_CL1016_202410.pdf,https://m365x71797824.sharepoint.com/sites/MigrationFileServer/Clients/CL1016_Coopérative_Agricole_Val_dOise/03_Factures/2024/Facture_CL1016_202410.pdf,Facture_CL1016_202410.pdf,pdf,1723,Document,Migrated,MIGRATED,,,SRC-5259090,7deb30ad-e2bc-e763-fb52-882f21b1aed2,10,a09f76b5-a170-b338-3926-3059f28c105d,1,6513270e-269e-0d37-f2a7-4de452e6b438,DEMO-SRV01
\\DEMO-SRV01\FileServer\01_Clients\CL1016_Coopérative_Agricole_Val_dOise\03_Factures\2025\Facture_CL1016_202502.pdf,https://m365x71797824.sharepoint.com/sites/MigrationFileServer/Clients/CL1016_Coopérative_Agricole_Val_dOise/03_Factures/2025/Facture_CL1016_202502.pdf,Facture_CL1016_202502.pdf,pdf,1722,Document,Migrated,MIGRATED,,,SRC-59557252,ea81ad63-cf9d-5d05-f4e6-4fe649b29bbe,10,a09f76b5-a170-b338-3926-3059f28c105d,1,6513270e-269e-0d37-f2a7-4de452e6b438,DEMO-SRV01
\\DEMO-SRV01\FileServer\01_Clients\CL1016_Coopérative_Agricole_Val_dOise\03_Factures\2025\Facture_CL1016_202503.pdf,https://m365x71797824.sharepoint.com/sites/MigrationFileServer/Clients/CL1016_Coopérative_Agricole_Val_dOise/03_Factures/2025/Facture_CL1016_202503.pdf,Facture_CL1016_202503.pdf,pdf,1723,Document,Migrated,MIGRATED,,,SRC-92870025,c9d35f16-afa6-798a-2a44-bf93cb8389fb,10,a09f76b5-a170-b338-3926-3059f28c105d,1,6513270e-269e-0d37-f2a7-4de452e6b438,DEMO-SRV01
\\DEMO-SRV01\FileServer\01_Clients\CL1016_Coopérative_Agricole_Val_dOise\03_Factures\2025\Facture_CL1016_202504.pdf,https://m365x71797824.sharepoint.com/sites/MigrationFileServer/Clients/CL1016_Coopérative_Agricole_Val_dOise/03_Factures/2025/Facture_CL1016_202504.pdf,Facture_CL1016_202504.pdf,pdf,1722,Document,Migrated,MIGRATED,,,SRC-96336220,10c5ab83-389b-c3dc-ee3a-b808b898a70c,10,a09f76b5-a170-b338-3926-3059f28c105d,1,6513270e-269e-0d37-f2a7-4de452e6b438,DEMO-SRV01
\\DEMO-SRV01\FileServer\01_Clients\CL1016_Coopérative_Agricole_Val_dOise\03_Factures\2025\Facture_CL1016_202507.pdf,https://m365x71797824.sharepoint.com/sites/MigrationFileServer/Clients/CL1016_Coopérative_Agricole_Val_dOise/03_Factures/2025/Facture_CL1016_202507.pdf,Facture_CL1016_202507.pdf,pdf,1722,Document,Migrated,MIGRATED,,,SRC-11771311,c194ff53-9c46-1992-59d4-697fd541da56,11,a09f76b5-a170-b338-3926-3059f28c105d,1,6513270e-269e-0d37-f2a7-4de452e6b438,DEMO-SRV01
\\DEMO-SRV01\FileServer\01_Clients\CL1016_Coopérative_Agricole_Val_dOise\03_Factures\2025\Facture_CL1016_202508.pdf,https://m365x71797824.sharepoint.com/sites/MigrationFileServer/Clients/CL1016_Coopérative_Agricole_Val_dOise/03_Factures/2025/Facture_CL1016_202508.pdf,Facture_CL1016_202508.pdf,pdf,1723,Document,Migrated,MIGRATED,,,SRC-4909637,e58376fb-52e7-1cf8-28a4-fbd740918a58,11,a09f76b5-a170-b338-3926-3059f28c105d,1,6513270e-269e-0d37-f2a7-4de452e6b438,DEMO-SRV01
\\DEMO-SRV01\FileServer\01_Clients\CL1016_Coopérative_Agricole_Val_dOise\03_Factures\2025\Facture_CL1016_202509.pdf,https://m365x71797824.sharepoint.com/sites/MigrationFileServer/Clients/CL1016_Coopérative_Agricole_Val_dOise/03_Factures/2025/Facture_CL1016_202509.pdf,Facture_CL1016_202509.pdf,pdf,1723,Document,Migrated,MIGRATED,,,SRC-91737936,d0cce893-e7b2-27e9-4665-ea199d106a37,11,a09f76b5-a170-b338-3926-3059f28c105d,1,6513270e-269e-0d37-f2a7-4de452e6b438,DEMO-SRV01
\\DEMO-SRV01\FileServer\01_Clients\CL1016_Coopérative_Agricole_Val_dOise\03_Factures\2025\Facture_CL1016_202510.pdf,https://m365x71797824.sharepoint.com/sites/MigrationFileServer/Clients/CL1016_Coopérative_Agricole_Val_dOise/03_Factures/2025/Facture_CL1016_202510.pdf,Facture_CL1016_202510.pdf,pdf,1723,Document,Migrated,MIGRATED,,,SRC-67587385,80915aaf-4110-b8bc-24c1-276c74d6d11f,11,a09f76b5-a170-b338-3926-3059f28c105d,1,6513270e-269e-0d37-f2a7-4de452e6b438,DEMO-SRV01
\\DEMO-SRV01\FileServer\01_Clients\CL1016_Coopérative_Agricole_Val_dOise\03_Factures\2025\Facture_CL1016_202511.pdf,https://m365x71797824.sharepoint.com/sites/MigrationFileServer/Clients/CL1016_Coopérative_Agricole_Val_dOise/03_Factures/2025/Facture_CL1016_202511.pdf,Facture_CL1016_202511.pdf,pdf,1723,Document,Migrated,MIGRATED,,,SRC-53916111,3554ada8-7ae8-5484-eb7f-1414f6de2fbe,11,a09f76b5-a170-b338-3926-3059f28c105d,1,6513270e-269e-0d37-f2a7-4de452e6b438,DEMO-SRV01
\\DEMO-SRV01\FileServer\01_Clients\CL1016_Coopérative_Agricole_Val_dOise\03_Factures\2026\Facture_CL1016_202603.pdf,https://m365x71797824.sharepoint.com/sites/MigrationFileServer/Clients/CL1016_Coopérative_Agricole_Val_dOise/03_Factures/2026/Facture_CL1016_202603.pdf,Facture_CL1016_202603.pdf,pdf,1722,Document,Migrated,MIGRATED,,,SRC-53655619,8189ac45-9da9-68f2-434b-4b949785f4f8,11,a09f76b5-a170-b338-3926-3059f28c105d,1,6513270e-269e-0d37-f2a7-4de452e6b438,DEMO-SRV01
\\DEMO-SRV01\FileServer\01_Clients\CL1016_Coopérative_Agricole_Val_dOise\03_Factures\2026\Facture_CL1016_202605.pdf,https://m365x71797824.sharepoint.com/sites/MigrationFileServer/Clients/CL1016_Coopérative_Agricole_Val_dOise/03_Factures/2026/Facture_CL1016_202605.pdf,Facture_CL1016_202605.pdf,pdf,1724,Document,Migrated,MIGRATED,,,SRC-79001288,096de421-5f4c-e302-51af-10743cc63141,11,a09f76b5-a170-b338-3926-3059f28c105d,1,6513270e-269e-0d37-f2a7-4de452e6b438,DEMO-SRV01
\\DEMO-SRV01\FileServer\01_Clients\CL1016_Coopérative_Agricole_Val_dOise\03_Factures\2026\Facture_CL1016_202606.pdf,https://m365x71797824.sharepoint.com/sites/MigrationFileServer/Clients/CL1016_Coopérative_Agricole_Val_dOise/03_Factures/2026/Facture_CL1016_202606.pdf,Facture_CL1016_202606.pdf,pdf,1723,Document,Migrated,MIGRATED,,,SRC-72050008,29465388-6749-8314-2e9d-de7332eddf6f,11,a09f76b5-a170-b338-3926-3059f28c105d,1,6513270e-269e-0d37-f2a7-4de452e6b438,DEMO-SRV01
\\DEMO-SRV01\FileServer\01_Clients\CL1016_Coopérative_Agricole_Val_dOise\03_Factures\2026\Facture_CL1016_202608.pdf,https://m365x71797824.sharepoint.com/sites/MigrationFileServer/Clients/CL1016_Coopérative_Agricole_Val_dOise/03_Factures/2026/Facture_CL1016_202608.pdf,Facture_CL1016_202608.pdf,pdf,1724,Document,Migrated,MIGRATED,,,SRC-73227937,adff8165-4737-fed1-efb8-2825a2f65e36,11,a09f76b5-a170-b338-3926-3059f28c105d,1,6513270e-269e-0d37-f2a7-4de452e6b438,DEMO-SRV01
\\DEMO-SRV01\FileServer\01_Clients\CL1016_Coopérative_Agricole_Val_dOise\04_Correspondance\Echange_01.eml.txt,https://m365x71797824.sharepoint.com/sites/MigrationFileServer/Clients/CL1016_Coopérative_Agricole_Val_dOise/04_Correspondance/Echange_01.eml.txt,Echange_01.eml.txt,txt,106,Document,Migrated,MIGRATED,,,SRC-85375461,2b32ada9-6078-a406-e539-cb1653ec4b93,11,a09f76b5-a170-b338-3926-3059f28c105d,1,6513270e-269e-0d37-f2a7-4de452e6b438,DEMO-SRV01
\\DEMO-SRV01\FileServer\01_Clients\CL1016_Coopérative_Agricole_Val_dOise\04_Correspondance\Echange_02.eml.txt,https://m365x71797824.sharepoint.com/sites/MigrationFileServer/Clients/CL1016_Coopérative_Agricole_Val_dOise/04_Correspondance/Echange_02.eml.txt,Echange_02.eml.txt,txt,106,Document,Migrated,MIGRATED,,,SRC-12937539,1d75cc23-43ab-d7ad-c8ed-3213cac8a61c,11,a09f76b5-a170-b338-3926-3059f28c105d,1,6513270e-269e-0d37-f2a7-4de452e6b438,DEMO-SRV01
\\DEMO-SRV01\FileServer\01_Clients\CL1016_Coopérative_Agricole_Val_dOise\05_Projets\Deploiement_Teams\Compte_rendu_COPIL.docx,https://m365x71797824.sharepoint.com/sites/MigrationFileServer/Clients/CL1016_Coopérative_Agricole_Val_dOise/05_Projets/Deploiement_Teams/Compte_rendu_COPIL.docx,Compte_rendu_COPIL.docx,docx,36731,Document,Migrated,MIGRATED,,,SRC-84784443,a2e5c7d7-0c6f-2fcc-87dd-58d9c4ad1006,11,a09f76b5-a170-b338-3926-3059f28c105d,1,6513270e-269e-0d37-f2a7-4de452e6b438,DEMO-SRV01
\\DEMO-SRV01\FileServer\01_Clients\CL1016_Coopérative_Agricole_Val_dOise\05_Projets\Deploiement_Teams\Planning_Deploiement_Teams.xlsx,https://m365x71797824.sharepoint.com/sites/MigrationFileServer/Clients/CL1016_Coopérative_Agricole_Val_dOise/05_Projets/Deploiement_Teams/Planning_Deploiement_Teams.xlsx,Planning_Deploiement_Teams.xlsx,xlsx,5133,Document,Migrated,MIGRATED,,,SRC-34985082,df79c9ee-f755-edba-5c1a-7c01dbb8d36b,11,a09f76b5-a170-b338-3926-3059f28c105d,1,6513270e-269e-0d37-f2a7-4de452e6b438,DEMO-SRV01
\\DEMO-SRV01\FileServer\01_Clients\CL1016_Coopérative_Agricole_Val_dOise\05_Projets\Deploiement_Teams\Presentation_lancement_Deploiement_Teams.pptx,https://m365x71797824.sharepoint.com/sites/MigrationFileServer/Clients/CL1016_Coopérative_Agricole_Val_dOise/05_Projets/Deploiement_Teams/Presentation_lancement_Deploiement_Teams.pptx,Presentation_lancement_Deploiement_Teams.pptx,pptx,29175,Document,Migrated,MIGRATED,,,SRC-34900235,947dbe2d-857d-e96d-8e20-48dc73fa5648,11,a09f76b5-a170-b338-3926-3059f28c105d,1,6513270e-269e-0d37-f2a7-4de452e6b438,DEMO-SRV01
\\DEMO-SRV01\FileServer\01_Clients\CL1016_Coopérative_Agricole_Val_dOise\05_Projets\Refonte_site_web\Compte_rendu_COPIL.docx,https://m365x71797824.sharepoint.com/sites/MigrationFileServer/Clients/CL1016_Coopérative_Agricole_Val_dOise/05_Projets/Refonte_site_web/Compte_rendu_COPIL.docx,Compte_rendu_COPIL.docx,docx,36731,Document,Migrated,MIGRATED,,,SRC-49676438,1ac7a46c-e566-e133-e1ed-cf3eb050864e,11,a09f76b5-a170-b338-3926-3059f28c105d,1,6513270e-269e-0d37-f2a7-4de452e6b438,DEMO-SRV01
\\DEMO-SRV01\FileServer\01_Clients\CL1016_Coopérative_Agricole_Val_dOise\05_Projets\Refonte_site_web\Planning_Refonte_site_web.xlsx,https://m365x71797824.sharepoint.com/sites/MigrationFileServer/Clients/CL1016_Coopérative_Agricole_Val_dOise/05_Projets/Refonte_site_web/Planning_Refonte_site_web.xlsx,Planning_Refonte_site_web.xlsx,xlsx,5138,Document,Migrated,MIGRATED,,,SRC-69208290,a1390385-8923-b7f6-fe32-45fe40852477,11,a09f76b5-a170-b338-3926-3059f28c105d,1,6513270e-269e-0d37-f2a7-4de452e6b438,DEMO-SRV01
\\DEMO-SRV01\FileServer\01_Clients\CL1016_Coopérative_Agricole_Val_dOise\05_Projets\Refonte_site_web\Presentation_lancement_Refonte_site_web.pptx,https://m365x71797824.sharepoint.com/sites/MigrationFileServer/Clients/CL1016_Coopérative_Agricole_Val_dOise/05_Projets/Refonte_site_web/Presentation_lancement_Refonte_site_web.pptx,Presentation_lancement_Refonte_site_web.pptx,pptx,29177,Document,Migrated,MIGRATED,,,SRC-69008265,cc342416-bce8-8796-64ed-fce5db4a18fc,11,a09f76b5-a170-b338-3926-3059f28c105d,1,6513270e-269e-0d37-f2a7-4de452e6b438,DEMO-SRV01
\\DEMO-SRV01\FileServer\01_Clients\CL1017_Mutuelle_Solidaris_Ouest\01_Contrats\Contrat_cadre_CL1017_2023.docx,https://m365x71797824.sharepoint.com/sites/MigrationFileServer/Clients/CL1017_Mutuelle_Solidaris_Ouest/01_Contrats/Contrat_cadre_CL1017_2023.docx,Contrat_cadre_CL1017_2023.docx,docx,36788,Document,Migrated,MIGRATED,,,SRC-27404913,fd914b0e-6030-7b75-43c6-ed1e5f186904,11,a09f76b5-a170-b338-3926-3059f28c105d,1,6513270e-269e-0d37-f2a7-4de452e6b438,DEMO-SRV01
\\DEMO-SRV01\FileServer\01_Clients\CL1017_Mutuelle_Solidaris_Ouest\01_Contrats\Contrat_cadre_CL1017_2023_signe.pdf,https://m365x71797824.sharepoint.com/sites/MigrationFileServer/Clients/CL1017_Mutuelle_Solidaris_Ouest/01_Contrats/Contrat_cadre_CL1017_2023_signe.pdf,Contrat_cadre_CL1017_2023_signe.pdf,pdf,1660,Document,Migrated,MIGRATED,,,SRC-87646112,5c396f5e-256d-1082-93cd-e6095e73252b,11,a09f76b5-a170-b338-3926-3059f28c105d,1,6513270e-269e-0d37-f2a7-4de452e6b438,DEMO-SRV01
\\DEMO-SRV01\FileServer\01_Clients\CL1017_Mutuelle_Solidaris_Ouest\02_Devis\Devis_CL1017_2023-03.docx,https://m365x71797824.sharepoint.com/sites/MigrationFileServer/Clients/CL1017_Mutuelle_Solidaris_Ouest/02_Devis/Devis_CL1017_2023-03.docx,Devis_CL1017_2023-03.docx,docx,36745,Document,Migrated,MIGRATED,,,SRC-55621995,71395e71-14d5-aea4-c3bf-64e954b13301,11,a09f76b5-a170-b338-3926-3059f28c105d,1,6513270e-269e-0d37-f2a7-4de452e6b438,DEMO-SRV01
\\DEMO-SRV01\FileServer\01_Clients\CL1017_Mutuelle_Solidaris_Ouest\02_Devis\Devis_CL1017_2024-01.docx,https://m365x71797824.sharepoint.com/sites/MigrationFileServer/Clients/CL1017_Mutuelle_Solidaris_Ouest/02_Devis/Devis_CL1017_2024-01.docx,Devis_CL1017_2024-01.docx,docx,36747,Document,Migrated,MIGRATED,,,SRC-46487119,be5c3931-9d89-2098-2d3f-e2973ae46155,11,a09f76b5-a170-b338-3926-3059f28c105d,1,6513270e-269e-0d37-f2a7-4de452e6b438,DEMO-SRV01
\\DEMO-SRV01\FileServer\01_Clients\CL1017_Mutuelle_Solidaris_Ouest\02_Devis\Devis_CL1017_2024-02.docx,https://m365x71797824.sharepoint.com/sites/MigrationFileServer/Clients/CL1017_Mutuelle_Solidaris_Ouest/02_Devis/Devis_CL1017_2024-02.docx,Devis_CL1017_2024-02.docx,docx,36750,Document,Migrated,MIGRATED,,,SRC-34998093,d1e0014e-4bdf-c851-0c5c-d43bf53e2c38,11,a09f76b5-a170-b338-3926-3059f28c105d,1,6513270e-269e-0d37-f2a7-4de452e6b438,DEMO-SRV01
\\DEMO-SRV01\FileServer\01_Clients\CL1017_Mutuelle_Solidaris_Ouest\02_Devis\Devis_CL1017_2025-04.docx,https://m365x71797824.sharepoint.com/sites/MigrationFileServer/Clients/CL1017_Mutuelle_Solidaris_Ouest/02_Devis/Devis_CL1017_2025-04.docx,Devis_CL1017_2025-04.docx,docx,36748,Document,Migrated,MIGRATED,,,SRC-92631448,a3a51759-4f60-e846-40ef-5ec2841f92ca,11,a09f76b5-a170-b338-3926-3059f28c105d,1,6513270e-269e-0d37-f2a7-4de452e6b438,DEMO-SRV01
\\DEMO-SRV01\FileServer\01_Clients\CL1017_Mutuelle_Solidaris_Ouest\03_Factures\2024\Facture_CL1017_202401.pdf,https://m365x71797824.sharepoint.com/sites/MigrationFileServer/Clients/CL1017_Mutuelle_Solidaris_Ouest/03_Factures/2024/Facture_CL1017_202401.pdf,Facture_CL1017_202401.pdf,pdf,1712,Document,Migrated,MIGRATED,,,SRC-60556768,95fb98f9-decb-c10b-fbeb-0a98f748f931,11,a09f76b5-a170-b338-3926-3059f28c105d,1,6513270e-269e-0d37-f2a7-4de452e6b438,DEMO-SRV01
\\DEMO-SRV01\FileServer\01_Clients\CL1017_Mutuelle_Solidaris_Ouest\03_Factures\2024\Facture_CL1017_202402.pdf,https://m365x71797824.sharepoint.com/sites/MigrationFileServer/Clients/CL1017_Mutuelle_Solidaris_Ouest/03_Factures/2024/Facture_CL1017_202402.pdf,Facture_CL1017_202402.pdf,pdf,1710,Document,Migrated,MIGRATED,,,SRC-36508494,5009c0a9-e54e-19e5-a9e8-2581edaf80f3,11,a09f76b5-a170-b338-3926-3059f28c105d,1,6513270e-269e-0d37-f2a7-4de452e6b438,DEMO-SRV01
\\DEMO-SRV01\FileServer\01_Clients\CL1017_Mutuelle_Solidaris_Ouest\03_Factures\2024\Facture_CL1017_202403.pdf,https://m365x71797824.sharepoint.com/sites/MigrationFileServer/Clients/CL1017_Mutuelle_Solidaris_Ouest/03_Factures/2024/Facture_CL1017_202403.pdf,Facture_CL1017_202403.pdf,pdf,1710,Document,Migrated,MIGRATED,,,SRC-90397596,08a6ab0f-bf43-3e03-0075-5f64bba86df7,11,a09f76b5-a170-b338-3926-3059f28c105d,1,6513270e-269e-0d37-f2a7-4de452e6b438,DEMO-SRV01
\\DEMO-SRV01\FileServer\01_Clients\CL1017_Mutuelle_Solidaris_Ouest\03_Factures\2024\Facture_CL1017_202405.pdf,https://m365x71797824.sharepoint.com/sites/MigrationFileServer/Clients/CL1017_Mutuelle_Solidaris_Ouest/03_Factures/2024/Facture_CL1017_202405.pdf,Facture_CL1017_202405.pdf,pdf,1713,Document,Migrated,MIGRATED,,,SRC-92350431,9db59658-4a7d-1dbc-263c-c4dc38bd3c69,11,a09f76b5-a170-b338-3926-3059f28c105d,1,6513270e-269e-0d37-f2a7-4de452e6b438,DEMO-SRV01
\\DEMO-SRV01\FileServer\01_Clients\CL1017_Mutuelle_Solidaris_Ouest\03_Factures\2024\Facture_CL1017_202407.pdf,https://m365x71797824.sharepoint.com/sites/MigrationFileServer/Clients/CL1017_Mutuelle_Solidaris_Ouest/03_Factures/2024/Facture_CL1017_202407.pdf,Facture_CL1017_202407.pdf,pdf,1710,Document,Migrated,MIGRATED,,,SRC-30990784,833edd4b-6aed-8872-6ea6-d05ea0288056,11,a09f76b5-a170-b338-3926-3059f28c105d,1,6513270e-269e-0d37-f2a7-4de452e6b438,DEMO-SRV01
\\DEMO-SRV01\FileServer\01_Clients\CL1017_Mutuelle_Solidaris_Ouest\03_Factures\2024\Facture_CL1017_202409.pdf,https://m365x71797824.sharepoint.com/sites/MigrationFileServer/Clients/CL1017_Mutuelle_Solidaris_Ouest/03_Factures/2024/Facture_CL1017_202409.pdf,Facture_CL1017_202409.pdf,pdf,1709,Document,Migrated,MIGRATED,,,SRC-30458653,21cc4751-0c3b-1266-e542-453d5d359777,11,a09f76b5-a170-b338-3926-3059f28c105d,1,6513270e-269e-0d37-f2a7-4de452e6b438,DEMO-SRV01
\\DEMO-SRV01\FileServer\01_Clients\CL1017_Mutuelle_Solidaris_Ouest\03_Factures\2024\Facture_CL1017_202410.pdf,https://m365x71797824.sharepoint.com/sites/MigrationFileServer/Clients/CL1017_Mutuelle_Solidaris_Ouest/03_Factures/2024/Facture_CL1017_202410.pdf,Facture_CL1017_202410.pdf,pdf,1709,Document,Migrated,MIGRATED,,,SRC-38803342,a7321d31-9cce-12d5-3a2d-b00a7d076c0b,11,a09f76b5-a170-b338-3926-3059f28c105d,1,6513270e-269e-0d37-f2a7-4de452e6b438,DEMO-SRV01
\\DEMO-SRV01\FileServer\01_Clients\CL1017_Mutuelle_Solidaris_Ouest\03_Factures\2024\Facture_CL1017_202412.pdf,https://m365x71797824.sharepoint.com/sites/MigrationFileServer/Clients/CL1017_Mutuelle_Solidaris_Ouest/03_Factures/2024/Facture_CL1017_202412.pdf,Facture_CL1017_202412.pdf,pdf,1709,Document,Migrated,MIGRATED,,,SRC-25981361,00ab68b8-0dec-b3b5-05b4-c4250bab5f9f,11,a09f76b5-a170-b338-3926-3059f28c105d,1,6513270e-269e-0d37-f2a7-4de452e6b438,DEMO-SRV01
\\DEMO-SRV01\FileServer\01_Clients\CL1017_Mutuelle_Solidaris_Ouest\03_Factures\2025\Facture_CL1017_202502.pdf,https://m365x71797824.sharepoint.com/sites/MigrationFileServer/Clients/CL1017_Mutuelle_Solidaris_Ouest/03_Factures/2025/Facture_CL1017_202502.pdf,Facture_CL1017_202502.pdf,pdf,1712,Document,Migrated,MIGRATED,,,SRC-10012205,1b3a953c-4dc1-d327-5ade-d3ca912eda41,11,a09f76b5-a170-b338-3926-3059f28c105d,1,6513270e-269e-0d37-f2a7-4de452e6b438,DEMO-SRV01
\\DEMO-SRV01\FileServer\01_Clients\CL1017_Mutuelle_Solidaris_Ouest\03_Factures\2025\Facture_CL1017_202503.pdf,https://m365x71797824.sharepoint.com/sites/MigrationFileServer/Clients/CL1017_Mutuelle_Solidaris_Ouest/03_Factures/2025/Facture_CL1017_202503.pdf,Facture_CL1017_202503.pdf,pdf,1712,Document,Migrated,MIGRATED,,,SRC-94940316,39690919-88bb-a317-5b6e-48b085e9251c,11,a09f76b5-a170-b338-3926-3059f28c105d,1,6513270e-269e-0d37-f2a7-4de452e6b438,DEMO-SRV01
\\DEMO-SRV01\FileServer\01_Clients\CL1017_Mutuelle_Solidaris_Ouest\03_Factures\2025\Facture_CL1017_202504.pdf,https://m365x71797824.sharepoint.com/sites/MigrationFileServer/Clients/CL1017_Mutuelle_Solidaris_Ouest/03_Factures/2025/Facture_CL1017_202504.pdf,Facture_CL1017_202504.pdf,pdf,1709,Document,Migrated,MIGRATED,,,SRC-50138438,96ceb525-4d18-7e3e-9566-36e669c9fef0,11,a09f76b5-a170-b338-3926-3059f28c105d,1,6513270e-269e-0d37-f2a7-4de452e6b438,DEMO-SRV01
\\DEMO-SRV01\FileServer\01_Clients\CL1017_Mutuelle_Solidaris_Ouest\03_Factures\2025\Facture_CL1017_202507.pdf,https://m365x71797824.sharepoint.com/sites/MigrationFileServer/Clients/CL1017_Mutuelle_Solidaris_Ouest/03_Factures/2025/Facture_CL1017_202507.pdf,Facture_CL1017_202507.pdf,pdf,1709,Document,Migrated,MIGRATED,,,SRC-92573369,9fb9d8f6-5dc1-8bce-3445-6d5b223be9e7,11,a09f76b5-a170-b338-3926-3059f28c105d,1,6513270e-269e-0d37-f2a7-4de452e6b438,DEMO-SRV01
\\DEMO-SRV01\FileServer\01_Clients\CL1017_Mutuelle_Solidaris_Ouest\03_Factures\2025\Facture_CL1017_202508.pdf,https://m365x71797824.sharepoint.com/sites/MigrationFileServer/Clients/CL1017_Mutuelle_Solidaris_Ouest/03_Factures/2025/Facture_CL1017_202508.pdf,Facture_CL1017_202508.pdf,pdf,1710,Document,Migrated,MIGRATED,,,SRC-61872976,227ee409-289b-8ba9-7993-2a50d416b8a9,11,a09f76b5-a170-b338-3926-3059f28c105d,1,6513270e-269e-0d37-f2a7-4de452e6b438,DEMO-SRV01
\\DEMO-SRV01\FileServer\01_Clients\CL1017_Mutuelle_Solidaris_Ouest\03_Factures\2025\Facture_CL1017_202509.pdf,https://m365x71797824.sharepoint.com/sites/MigrationFileServer/Clients/CL1017_Mutuelle_Solidaris_Ouest/03_Factures/2025/Facture_CL1017_202509.pdf,Facture_CL1017_202509.pdf,pdf,1710,Document,Migrated,MIGRATED,,,SRC-54926670,3e5bcce6-cd2f-4934-efc4-6c08039cd862,11,a09f76b5-a170-b338-3926-3059f28c105d,1,6513270e-269e-0d37-f2a7-4de452e6b438,DEMO-SRV01
\\DEMO-SRV01\FileServer\01_Clients\CL1017_Mutuelle_Solidaris_Ouest\03_Factures\2025\Facture_CL1017_202511.pdf,https://m365x71797824.sharepoint.com/sites/MigrationFileServer/Clients/CL1017_Mutuelle_Solidaris_Ouest/03_Factures/2025/Facture_CL1017_202511.pdf,Facture_CL1017_202511.pdf,pdf,1710,Document,Migrated,MIGRATED,,,SRC-10313831,1886a7ba-736b-1be2-2639-61d1b51cecef,11,a09f76b5-a170-b338-3926-3059f28c105d,1,6513270e-269e-0d37-f2a7-4de452e6b438,DEMO-SRV01
\\DEMO-SRV01\FileServer\01_Clients\CL1017_Mutuelle_Solidaris_Ouest\03_Factures\2026\Facture_CL1017_202604.pdf,https://m365x71797824.sharepoint.com/sites/MigrationFileServer/Clients/CL1017_Mutuelle_Solidaris_Ouest/03_Factures/2026/Facture_CL1017_202604.pdf,Facture_CL1017_202604.pdf,pdf,1710,Document,Migrated,MIGRATED,,,SRC-60237291,df0c92b9-250a-82a2-a361-bca2104c968a,11,a09f76b5-a170-b338-3926-3059f28c105d,1,6513270e-269e-0d37-f2a7-4de452e6b438,DEMO-SRV01
\\DEMO-SRV01\FileServer\01_Clients\CL1017_Mutuelle_Solidaris_Ouest\03_Factures\2026\Facture_CL1017_202606.pdf,https://m365x71797824.sharepoint.com/sites/MigrationFileServer/Clients/CL1017_Mutuelle_Solidaris_Ouest/03_Factures/2026/Facture_CL1017_202606.pdf,Facture_CL1017_202606.pdf,pdf,1709,Document,Migrated,MIGRATED,,,SRC-24251956,66e6626d-450f-002a-c83b-6269aa5c6817,11,a09f76b5-a170-b338-3926-3059f28c105d,1,6513270e-269e-0d37-f2a7-4de452e6b438,DEMO-SRV01
\\DEMO-SRV01\FileServer\01_Clients\CL1017_Mutuelle_Solidaris_Ouest\03_Factures\2026\Facture_CL1017_202607.pdf,https://m365x71797824.sharepoint.com/sites/MigrationFileServer/Clients/CL1017_Mutuelle_Solidaris_Ouest/03_Factures/2026/Facture_CL1017_202607.pdf,Facture_CL1017_202607.pdf,pdf,1709,Document,Migrated,MIGRATED,,,SRC-57500239,02f1679e-f796-2f83-43a5-38c4cfc31601,11,a09f76b5-a170-b338-3926-3059f28c105d,1,6513270e-269e-0d37-f2a7-4de452e6b438,DEMO-SRV01
\\DEMO-SRV01\FileServer\01_Clients\CL1017_Mutuelle_Solidaris_Ouest\03_Factures\2026\Facture_CL1017_202608.pdf,https://m365x71797824.sharepoint.com/sites/MigrationFileServer/Clients/CL1017_Mutuelle_Solidaris_Ouest/03_Factures/2026/Facture_CL1017_202608.pdf,Facture_CL1017_202608.pdf,pdf,1709,Document,Migrated,MIGRATED,,,SRC-49355142,8ff4ef93-d225-3c87-a51b-453f0e5e928c,11,a09f76b5-a170-b338-3926-3059f28c105d,1,6513270e-269e-0d37-f2a7-4de452e6b438,DEMO-SRV01
\\DEMO-SRV01\FileServer\01_Clients\CL1017_Mutuelle_Solidaris_Ouest\04_Correspondance\Echange_01.eml.txt,https://m365x71797824.sharepoint.com/sites/MigrationFileServer/Clients/CL1017_Mutuelle_Solidaris_Ouest/04_Correspondance/Echange_01.eml.txt,Echange_01.eml.txt,txt,106,Document,Migrated,MIGRATED,,,SRC-41116339,a5464f6d-983f-d973-59af-6769e486737d,11,a09f76b5-a170-b338-3926-3059f28c105d,1,6513270e-269e-0d37-f2a7-4de452e6b438,DEMO-SRV01
\\DEMO-SRV01\FileServer\01_Clients\CL1017_Mutuelle_Solidaris_Ouest\04_Correspondance\Echange_02.eml.txt,https://m365x71797824.sharepoint.com/sites/MigrationFileServer/Clients/CL1017_Mutuelle_Solidaris_Ouest/04_Correspondance/Echange_02.eml.txt,Echange_02.eml.txt,txt,106,Document,Migrated,MIGRATED,,,SRC-27652925,efe98772-9a14-e75a-7199-e0b39416c610,11,a09f76b5-a170-b338-3926-3059f28c105d,1,6513270e-269e-0d37-f2a7-4de452e6b438,DEMO-SRV01
\\DEMO-SRV01\FileServer\01_Clients\CL1017_Mutuelle_Solidaris_Ouest\04_Correspondance\Echange_03.eml.txt,https://m365x71797824.sharepoint.com/sites/MigrationFileServer/Clients/CL1017_Mutuelle_Solidaris_Ouest/04_Correspondance/Echange_03.eml.txt,Echange_03.eml.txt,txt,106,Document,Migrated,MIGRATED,,,SRC-17879935,3f9d8024-7e2b-86d1-bbc8-1f5484804942,11,a09f76b5-a170-b338-3926-3059f28c105d,1,6513270e-269e-0d37-f2a7-4de452e6b438,DEMO-SRV01
\\DEMO-SRV01\FileServer\01_Clients\CL1017_Mutuelle_Solidaris_Ouest\04_Correspondance\Echange_04.eml.txt,https://m365x71797824.sharepoint.com/sites/MigrationFileServer/Clients/CL1017_Mutuelle_Solidaris_Ouest/04_Correspondance/Echange_04.eml.txt,Echange_04.eml.txt,txt,106,Document,Migrated,MIGRATED,,,SRC-44058340,0b43b6dd-001a-2fd3-e74c-00f42a43f047,11,a09f76b5-a170-b338-3926-3059f28c105d,1,6513270e-269e-0d37-f2a7-4de452e6b438,DEMO-SRV01
\\DEMO-SRV01\FileServer\01_Clients\CL1017_Mutuelle_Solidaris_Ouest\05_Projets\Deploiement_Teams\Compte_rendu_COPIL.docx,https://m365x71797824.sharepoint.com/sites/MigrationFileServer/Clients/CL1017_Mutuelle_Solidaris_Ouest/05_Projets/Deploiement_Teams/Compte_rendu_COPIL.docx,Compte_rendu_COPIL.docx,docx,36731,Document,Migrated,MIGRATED,,,SRC-25197941,67eee099-0675-295f-8812-2e140fc05531,11,a09f76b5-a170-b338-3926-3059f28c105d,1,6513270e-269e-0d37-f2a7-4de452e6b438,DEMO-SRV01
\\DEMO-SRV01\FileServer\01_Clients\CL1017_Mutuelle_Solidaris_Ouest\05_Projets\Deploiement_Teams\Planning_Deploiement_Teams.xlsx,https://m365x71797824.sharepoint.com/sites/MigrationFileServer/Clients/CL1017_Mutuelle_Solidaris_Ouest/05_Projets/Deploiement_Teams/Planning_Deploiement_Teams.xlsx,Planning_Deploiement_Teams.xlsx,xlsx,5141,Document,Migrated,MIGRATED,,,SRC-31460353,0ef1f012-28c2-6bb2-3cd7-dcef2f87466e,11,a09f76b5-a170-b338-3926-3059f28c105d,1,6513270e-269e-0d37-f2a7-4de452e6b438,DEMO-SRV01
\\DEMO-SRV01\FileServer\01_Clients\CL1017_Mutuelle_Solidaris_Ouest\05_Projets\Deploiement_Teams\Presentation_lancement_Deploiement_Teams.pptx,https://m365x71797824.sharepoint.com/sites/MigrationFileServer/Clients/CL1017_Mutuelle_Solidaris_Ouest/05_Projets/Deploiement_Teams/Presentation_lancement_Deploiement_Teams.pptx,Presentation_lancement_Deploiement_Teams.pptx,pptx,29174,Document,Migrated,MIGRATED,,,SRC-53587028,0329602a-1adb-e533-c764-2bdee967ebdb,11,a09f76b5-a170-b338-3926-3059f28c105d,1,6513270e-269e-0d37-f2a7-4de452e6b438,DEMO-SRV01
\\DEMO-SRV01\FileServer\01_Clients\CL1017_Mutuelle_Solidaris_Ouest\05_Projets\Migration_ERP\Compte_rendu_COPIL.docx,https://m365x71797824.sharepoint.com/sites/MigrationFileServer/Clients/CL1017_Mutuelle_Solidaris_Ouest/05_Projets/Migration_ERP/Compte_rendu_COPIL.docx,Compte_rendu_COPIL.docx,docx,36732,Document,Migrated,MIGRATED,,,SRC-65703950,f0e02c42-a824-09f1-8d09-49799cd5f2bb,11,a09f76b5-a170-b338-3926-3059f28c105d,1,6513270e-269e-0d37-f2a7-4de452e6b438,DEMO-SRV01
\\DEMO-SRV01\FileServer\01_Clients\CL1017_Mutuelle_Solidaris_Ouest\05_Projets\Migration_ERP\Planning_Migration_ERP.xlsx,https://m365x71797824.sharepoint.com/sites/MigrationFileServer/Clients/CL1017_Mutuelle_Solidaris_Ouest/05_Projets/Migration_ERP/Planning_Migration_ERP.xlsx,Planning_Migration_ERP.xlsx,xlsx,5135,Document,Migrated,MIGRATED,,,SRC-32373855,3313a101-69c6-0d1b-246b-9480327f82f8,12,a09f76b5-a170-b338-3926-3059f28c105d,1,6513270e-269e-0d37-f2a7-4de452e6b438,DEMO-SRV01
\\DEMO-SRV01\FileServer\01_Clients\CL1017_Mutuelle_Solidaris_Ouest\05_Projets\Migration_ERP\Presentation_lancement_Migration_ERP.pptx,https://m365x71797824.sharepoint.com/sites/MigrationFileServer/Clients/CL1017_Mutuelle_Solidaris_Ouest/05_Projets/Migration_ERP/Presentation_lancement_Migration_ERP.pptx,Presentation_lancement_Migration_ERP.pptx,pptx,29176,Document,Migrated,MIGRATED,,,SRC-19624799,81c75bab-a487-92c5-9bab-534084ac8fe6,12,a09f76b5-a170-b338-3926-3059f28c105d,1,6513270e-269e-0d37-f2a7-4de452e6b438,DEMO-SRV01
\\DEMO-SRV01\FileServer\01_Clients\CL1018_Librairie_La_Plume\01_Contrats\Contrat_cadre_CL1018_2021.docx,https://m365x71797824.sharepoint.com/sites/MigrationFileServer/Clients/CL1018_Librairie_La_Plume/01_Contrats/Contrat_cadre_CL1018_2021.docx,Contrat_cadre_CL1018_2021.docx,docx,36785,Document,Migrated,MIGRATED,,,SRC-28861348,d039b963-6a4d-76e6-a43d-ede7a5c8e5c5,12,a09f76b5-a170-b338-3926-3059f28c105d,1,6513270e-269e-0d37-f2a7-4de452e6b438,DEMO-SRV01
\\DEMO-SRV01\FileServer\01_Clients\CL1018_Librairie_La_Plume\01_Contrats\Contrat_cadre_CL1018_2021_signe.pdf,https://m365x71797824.sharepoint.com/sites/MigrationFileServer/Clients/CL1018_Librairie_La_Plume/01_Contrats/Contrat_cadre_CL1018_2021_signe.pdf,Contrat_cadre_CL1018_2021_signe.pdf,pdf,1665,Document,Migrated,MIGRATED,,,SRC-38831579,4f33b0ee-8232-09b5-2cb5-2c329cf99a99,12,a09f76b5-a170-b338-3926-3059f28c105d,1,6513270e-269e-0d37-f2a7-4de452e6b438,DEMO-SRV01
\\DEMO-SRV01\FileServer\01_Clients\CL1018_Librairie_La_Plume\02_Devis\Devis_CL1018_2021-02.docx,https://m365x71797824.sharepoint.com/sites/MigrationFileServer/Clients/CL1018_Librairie_La_Plume/02_Devis/Devis_CL1018_2021-02.docx,Devis_CL1018_2021-02.docx,docx,36749,Document,Migrated,MIGRATED,,,SRC-94173267,0c69e424-a03f-2a2b-4cde-3e5a10530be2,12,a09f76b5-a170-b338-3926-3059f28c105d,1,6513270e-269e-0d37-f2a7-4de452e6b438,DEMO-SRV01
\\DEMO-SRV01\FileServer\01_Clients\CL1018_Librairie_La_Plume\02_Devis\Devis_CL1018_2023-01.docx,https://m365x71797824.sharepoint.com/sites/MigrationFileServer/Clients/CL1018_Librairie_La_Plume/02_Devis/Devis_CL1018_2023-01.docx,Devis_CL1018_2023-01.docx,docx,36749,Document,Migrated,MIGRATED,,,SRC-79531888,c870fef2-b96c-1f73-e3ac-99b2fe7acde2,12,a09f76b5-a170-b338-3926-3059f28c105d,1,6513270e-269e-0d37-f2a7-4de452e6b438,DEMO-SRV01
\\DEMO-SRV01\FileServer\01_Clients\CL1018_Librairie_La_Plume\02_Devis\Devis_CL1018_2023-03.docx,https://m365x71797824.sharepoint.com/sites/MigrationFileServer/Clients/CL1018_Librairie_La_Plume/02_Devis/Devis_CL1018_2023-03.docx,Devis_CL1018_2023-03.docx,docx,36748,Document,Migrated,MIGRATED,,,SRC-78088600,01a01d42-89d4-ff98-b724-5d1c7a594f67,12,a09f76b5-a170-b338-3926-3059f28c105d,1,6513270e-269e-0d37-f2a7-4de452e6b438,DEMO-SRV01
\\DEMO-SRV01\FileServer\01_Clients\CL1018_Librairie_La_Plume\03_Factures\2024\Facture_CL1018_202401.pdf,https://m365x71797824.sharepoint.com/sites/MigrationFileServer/Clients/CL1018_Librairie_La_Plume/03_Factures/2024/Facture_CL1018_202401.pdf,Facture_CL1018_202401.pdf,pdf,1704,Document,Migrated,MIGRATED,,,SRC-7718060,bec49ab4-6fc8-20d2-d82c-ba01600a6732,12,a09f76b5-a170-b338-3926-3059f28c105d,1,6513270e-269e-0d37-f2a7-4de452e6b438,DEMO-SRV01
\\DEMO-SRV01\FileServer\01_Clients\CL1018_Librairie_La_Plume\03_Factures\2024\Facture_CL1018_202402.pdf,https://m365x71797824.sharepoint.com/sites/MigrationFileServer/Clients/CL1018_Librairie_La_Plume/03_Factures/2024/Facture_CL1018_202402.pdf,Facture_CL1018_202402.pdf,pdf,1703,Document,Migrated,MIGRATED,,,SRC-34861960,bde3a6e4-149a-3e17-771b-a4bae989da51,12,a09f76b5-a170-b338-3926-3059f28c105d,1,6513270e-269e-0d37-f2a7-4de452e6b438,DEMO-SRV01
\\DEMO-SRV01\FileServer\01_Clients\CL1018_Librairie_La_Plume\03_Factures\2024\Facture_CL1018_202403.pdf,https://m365x71797824.sharepoint.com/sites/MigrationFileServer/Clients/CL1018_Librairie_La_Plume/03_Factures/2024/Facture_CL1018_202403.pdf,Facture_CL1018_202403.pdf,pdf,1703,Document,Migrated,MIGRATED,,,SRC-95856849,39d7c140-2ce6-78fe-73d6-3426a7d0e597,12,a09f76b5-a170-b338-3926-3059f28c105d,1,6513270e-269e-0d37-f2a7-4de452e6b438,DEMO-SRV01
\\DEMO-SRV01\FileServer\01_Clients\CL1018_Librairie_La_Plume\03_Factures\2024\Facture_CL1018_202407.pdf,https://m365x71797824.sharepoint.com/sites/MigrationFileServer/Clients/CL1018_Librairie_La_Plume/03_Factures/2024/Facture_CL1018_202407.pdf,Facture_CL1018_202407.pdf,pdf,1702,Document,Migrated,MIGRATED,,,SRC-35515653,3b77cbb4-42ec-dcf9-1af3-bda5ff21dd5a,12,a09f76b5-a170-b338-3926-3059f28c105d,1,6513270e-269e-0d37-f2a7-4de452e6b438,DEMO-SRV01
\\DEMO-SRV01\FileServer\01_Clients\CL1018_Librairie_La_Plume\03_Factures\2024\Facture_CL1018_202409.pdf,https://m365x71797824.sharepoint.com/sites/MigrationFileServer/Clients/CL1018_Librairie_La_Plume/03_Factures/2024/Facture_CL1018_202409.pdf,Facture_CL1018_202409.pdf,pdf,1705,Document,Migrated,MIGRATED,,,SRC-12812825,55e4615b-1f8e-6521-09ef-f2b4a4de7a8d,12,a09f76b5-a170-b338-3926-3059f28c105d,1,6513270e-269e-0d37-f2a7-4de452e6b438,DEMO-SRV01
\\DEMO-SRV01\FileServer\01_Clients\CL1018_Librairie_La_Plume\03_Factures\2024\Facture_CL1018_202412.pdf,https://m365x71797824.sharepoint.com/sites/MigrationFileServer/Clients/CL1018_Librairie_La_Plume/03_Factures/2024/Facture_CL1018_202412.pdf,Facture_CL1018_202412.pdf,pdf,1704,Document,Migrated,MIGRATED,,,SRC-86288399,b1f2ad8b-ecd8-7a48-bfe9-5413e42a872f,12,a09f76b5-a170-b338-3926-3059f28c105d,1,6513270e-269e-0d37-f2a7-4de452e6b438,DEMO-SRV01
\\DEMO-SRV01\FileServer\01_Clients\CL1018_Librairie_La_Plume\03_Factures\2025\Facture_CL1018_202501.pdf,https://m365x71797824.sharepoint.com/sites/MigrationFileServer/Clients/CL1018_Librairie_La_Plume/03_Factures/2025/Facture_CL1018_202501.pdf,Facture_CL1018_202501.pdf,pdf,1702,Document,Migrated,MIGRATED,,,SRC-88974046,b630f005-4367-8856-d867-c466f15ea89d,12,a09f76b5-a170-b338-3926-3059f28c105d,1,6513270e-269e-0d37-f2a7-4de452e6b438,DEMO-SRV01
\\DEMO-SRV01\FileServer\01_Clients\CL1018_Librairie_La_Plume\03_Factures\2025\Facture_CL1018_202506.pdf,https://m365x71797824.sharepoint.com/sites/MigrationFileServer/Clients/CL1018_Librairie_La_Plume/03_Factures/2025/Facture_CL1018_202506.pdf,Facture_CL1018_202506.pdf,pdf,1704,Document,Migrated,MIGRATED,,,SRC-99708682,8dc508c6-a2c8-1c32-4417-c5300d72cb97,12,a09f76b5-a170-b338-3926-3059f28c105d,1,6513270e-269e-0d37-f2a7-4de452e6b438,DEMO-SRV01
\\DEMO-SRV01\FileServer\01_Clients\CL1018_Librairie_La_Plume\03_Factures\2025\Facture_CL1018_202508.pdf,https://m365x71797824.sharepoint.com/sites/MigrationFileServer/Clients/CL1018_Librairie_La_Plume/03_Factures/2025/Facture_CL1018_202508.pdf,Facture_CL1018_202508.pdf,pdf,1703,Document,Migrated,MIGRATED,,,SRC-86336505,c9d7dc2a-af8c-3e74-6fa1-26a8ade25655,12,a09f76b5-a170-b338-3926-3059f28c105d,1,6513270e-269e-0d37-f2a7-4de452e6b438,DEMO-SRV01
\\DEMO-SRV01\FileServer\01_Clients\CL1018_Librairie_La_Plume\03_Factures\2025\Facture_CL1018_202511.pdf,https://m365x71797824.sharepoint.com/sites/MigrationFileServer/Clients/CL1018_Librairie_La_Plume/03_Factures/2025/Facture_CL1018_202511.pdf,Facture_CL1018_202511.pdf,pdf,1704,Document,Migrated,MIGRATED,,,SRC-17949492,43ea7471-f8cd-e59b-85f3-5c2eead28c16,12,a09f76b5-a170-b338-3926-3059f28c105d,1,6513270e-269e-0d37-f2a7-4de452e6b438,DEMO-SRV01
\\DEMO-SRV01\FileServer\01_Clients\CL1018_Librairie_La_Plume\03_Factures\2025\Facture_CL1018_202512.pdf,https://m365x71797824.sharepoint.com/sites/MigrationFileServer/Clients/CL1018_Librairie_La_Plume/03_Factures/2025/Facture_CL1018_202512.pdf,Facture_CL1018_202512.pdf,pdf,1705,Document,Migrated,MIGRATED,,,SRC-19326541,f71377dc-edb6-ce85-a45a-52094bad8e0e,12,a09f76b5-a170-b338-3926-3059f28c105d,1,6513270e-269e-0d37-f2a7-4de452e6b438,DEMO-SRV01
\\DEMO-SRV01\FileServer\01_Clients\CL1018_Librairie_La_Plume\03_Factures\2026\Facture_CL1018_202604.pdf,https://m365x71797824.sharepoint.com/sites/MigrationFileServer/Clients/CL1018_Librairie_La_Plume/03_Factures/2026/Facture_CL1018_202604.pdf,Facture_CL1018_202604.pdf,pdf,1700,Document,Migrated,MIGRATED,,,SRC-13455551,e14aa460-15de-2868-378d-04eae4e8d8d2,12,a09f76b5-a170-b338-3926-3059f28c105d,1,6513270e-269e-0d37-f2a7-4de452e6b438,DEMO-SRV01
\\DEMO-SRV01\FileServer\01_Clients\CL1018_Librairie_La_Plume\03_Factures\2026\Facture_CL1018_202605.pdf,https://m365x71797824.sharepoint.com/sites/MigrationFileServer/Clients/CL1018_Librairie_La_Plume/03_Factures/2026/Facture_CL1018_202605.pdf,Facture_CL1018_202605.pdf,pdf,1704,Document,Migrated,MIGRATED,,,SRC-15603647,42a78500-2b76-04fe-03e5-f68481e6d6c8,12,a09f76b5-a170-b338-3926-3059f28c105d,1,6513270e-269e-0d37-f2a7-4de452e6b438,DEMO-SRV01
\\DEMO-SRV01\FileServer\01_Clients\CL1018_Librairie_La_Plume\03_Factures\2026\Facture_CL1018_202606.pdf,https://m365x71797824.sharepoint.com/sites/MigrationFileServer/Clients/CL1018_Librairie_La_Plume/03_Factures/2026/Facture_CL1018_202606.pdf,Facture_CL1018_202606.pdf,pdf,1703,Document,Migrated,MIGRATED,,,SRC-51388631,be6ed515-d77b-26d3-3c71-a896e79a95aa,12,a09f76b5-a170-b338-3926-3059f28c105d,1,6513270e-269e-0d37-f2a7-4de452e6b438,DEMO-SRV01
\\DEMO-SRV01\FileServer\01_Clients\CL1018_Librairie_La_Plume\03_Factures\2026\Facture_CL1018_202608.pdf,https://m365x71797824.sharepoint.com/sites/MigrationFileServer/Clients/CL1018_Librairie_La_Plume/03_Factures/2026/Facture_CL1018_202608.pdf,Facture_CL1018_202608.pdf,pdf,1700,Document,Migrated,MIGRATED,,,SRC-59072414,bf03c644-28c0-6f25-f1d7-b8aa33e92723,12,a09f76b5-a170-b338-3926-3059f28c105d,1,6513270e-269e-0d37-f2a7-4de452e6b438,DEMO-SRV01
\\DEMO-SRV01\FileServer\01_Clients\CL1018_Librairie_La_Plume\04_Correspondance\Echange_01.eml.txt,https://m365x71797824.sharepoint.com/sites/MigrationFileServer/Clients/CL1018_Librairie_La_Plume/04_Correspondance/Echange_01.eml.txt,Echange_01.eml.txt,txt,106,Document,Migrated,MIGRATED,,,SRC-26456793,e1527ae4-3122-c815-53ad-d817ea3ab6d2,12,a09f76b5-a170-b338-3926-3059f28c105d,1,6513270e-269e-0d37-f2a7-4de452e6b438,DEMO-SRV01
\\DEMO-SRV01\FileServer\01_Clients\CL1018_Librairie_La_Plume\05_Projets\Deploiement_Teams\Compte_rendu_COPIL.docx,https://m365x71797824.sharepoint.com/sites/MigrationFileServer/Clients/CL1018_Librairie_La_Plume/05_Projets/Deploiement_Teams/Compte_rendu_COPIL.docx,Compte_rendu_COPIL.docx,docx,36731,Document,Failed,UPLOAD FAILURE,Failed to upload the package to Azure storage: the operation has timed out,SIMUL-UPLOAD,SRC-75585182,,12,a09f76b5-a170-b338-3926-3059f28c105d,1,6513270e-269e-0d37-f2a7-4de452e6b438,DEMO-SRV01
\\DEMO-SRV01\FileServer\01_Clients\CL1018_Librairie_La_Plume\05_Projets\Deploiement_Teams\Planning_Deploiement_Teams.xlsx,https://m365x71797824.sharepoint.com/sites/MigrationFileServer/Clients/CL1018_Librairie_La_Plume/05_Projets/Deploiement_Teams/Planning_Deploiement_Teams.xlsx,Planning_Deploiement_Teams.xlsx,xlsx,5137,Document,Migrated,MIGRATED,,,SRC-17172864,3d3a1902-99ea-4514-541c-18d563825046,12,a09f76b5-a170-b338-3926-3059f28c105d,1,6513270e-269e-0d37-f2a7-4de452e6b438,DEMO-SRV01
\\DEMO-SRV01\FileServer\01_Clients\CL1018_Librairie_La_Plume\05_Projets\Deploiement_Teams\Presentation_lancement_Deploiement_Teams.pptx,https://m365x71797824.sharepoint.com/sites/MigrationFileServer/Clients/CL1018_Librairie_La_Plume/05_Projets/Deploiement_Teams/Presentation_lancement_Deploiement_Teams.pptx,Presentation_lancement_Deploiement_Teams.pptx,pptx,29173,Document,Migrated,MIGRATED,,,SRC-94035741,a1754ba6-da17-f2fb-e856-66f3612390ba,12,a09f76b5-a170-b338-3926-3059f28c105d,1,6513270e-269e-0d37-f2a7-4de452e6b438,DEMO-SRV01
\\DEMO-SRV01\FileServer\01_Clients\CL1018_Librairie_La_Plume\05_Projets\Migration_ERP\Compte_rendu_COPIL.docx,https://m365x71797824.sharepoint.com/sites/MigrationFileServer/Clients/CL1018_Librairie_La_Plume/05_Projets/Migration_ERP/Compte_rendu_COPIL.docx,Compte_rendu_COPIL.docx,docx,36733,Document,Migrated,MIGRATED,,,SRC-84563525,aa4cebf2-fb4e-1d36-b15e-27e6ebf3153c,12,a09f76b5-a170-b338-3926-3059f28c105d,1,6513270e-269e-0d37-f2a7-4de452e6b438,DEMO-SRV01
\\DEMO-SRV01\FileServer\01_Clients\CL1018_Librairie_La_Plume\05_Projets\Migration_ERP\Planning_Migration_ERP.xlsx,https://m365x71797824.sharepoint.com/sites/MigrationFileServer/Clients/CL1018_Librairie_La_Plume/05_Projets/Migration_ERP/Planning_Migration_ERP.xlsx,Planning_Migration_ERP.xlsx,xlsx,5136,Document,Migrated,MIGRATED,,,SRC-24684828,7830b083-894e-9f37-faa0-9f65d76de60b,12,a09f76b5-a170-b338-3926-3059f28c105d,1,6513270e-269e-0d37-f2a7-4de452e6b438,DEMO-SRV01
\\DEMO-SRV01\FileServer\01_Clients\CL1018_Librairie_La_Plume\05_Projets\Migration_ERP\Presentation_lancement_Migration_ERP.pptx,https://m365x71797824.sharepoint.com/sites/MigrationFileServer/Clients/CL1018_Librairie_La_Plume/05_Projets/Migration_ERP/Presentation_lancement_Migration_ERP.pptx,Presentation_lancement_Migration_ERP.pptx,pptx,29176,Document,Migrated,MIGRATED,,,SRC-47324080,b2971b77-87d6-9991-d6f7-515178de3361,12,a09f76b5-a170-b338-3926-3059f28c105d,1,6513270e-269e-0d37-f2a7-4de452e6b438,DEMO-SRV01
\\DEMO-SRV01\FileServer\01_Clients\CL1019_Brasserie_Grand_Nord\01_Contrats\Contrat_cadre_CL1019_2019.docx,https://m365x71797824.sharepoint.com/sites/MigrationFileServer/Clients/CL1019_Brasserie_Grand_Nord/01_Contrats/Contrat_cadre_CL1019_2019.docx,Contrat_cadre_CL1019_2019.docx,docx,36784,Document,Migrated,MIGRATED,,,SRC-3182609,6fed41d7-06c9-cd95-db86-9c8a01a23b4e,12,a09f76b5-a170-b338-3926-3059f28c105d,1,6513270e-269e-0d37-f2a7-4de452e6b438,DEMO-SRV01
\\DEMO-SRV01\FileServer\01_Clients\CL1019_Brasserie_Grand_Nord\01_Contrats\Contrat_cadre_CL1019_2019_signe.pdf,https://m365x71797824.sharepoint.com/sites/MigrationFileServer/Clients/CL1019_Brasserie_Grand_Nord/01_Contrats/Contrat_cadre_CL1019_2019_signe.pdf,Contrat_cadre_CL1019_2019_signe.pdf,pdf,1664,Document,Migrated,MIGRATED,,,SRC-97719461,9201d55a-3bdc-2efd-b980-ea1ef4a88753,12,a09f76b5-a170-b338-3926-3059f28c105d,1,6513270e-269e-0d37-f2a7-4de452e6b438,DEMO-SRV01
\\DEMO-SRV01\FileServer\01_Clients\CL1019_Brasserie_Grand_Nord\02_Devis\Devis_CL1019_2019-01.docx,https://m365x71797824.sharepoint.com/sites/MigrationFileServer/Clients/CL1019_Brasserie_Grand_Nord/02_Devis/Devis_CL1019_2019-01.docx,Devis_CL1019_2019-01.docx,docx,36748,Document,Migrated,MIGRATED,,,SRC-31928576,36436924-ca09-2b18-4ec8-c223e27f8be8,12,a09f76b5-a170-b338-3926-3059f28c105d,1,6513270e-269e-0d37-f2a7-4de452e6b438,DEMO-SRV01
\\DEMO-SRV01\FileServer\01_Clients\CL1019_Brasserie_Grand_Nord\02_Devis\Devis_CL1019_2025-02.docx,https://m365x71797824.sharepoint.com/sites/MigrationFileServer/Clients/CL1019_Brasserie_Grand_Nord/02_Devis/Devis_CL1019_2025-02.docx,Devis_CL1019_2025-02.docx,docx,36750,Document,Migrated,MIGRATED,,,SRC-72310453,13eadac3-95d8-5675-9f64-28ef643d79f1,12,a09f76b5-a170-b338-3926-3059f28c105d,1,6513270e-269e-0d37-f2a7-4de452e6b438,DEMO-SRV01
\\DEMO-SRV01\FileServer\01_Clients\CL1019_Brasserie_Grand_Nord\02_Devis\Devis_CL1019_2026-03.docx,https://m365x71797824.sharepoint.com/sites/MigrationFileServer/Clients/CL1019_Brasserie_Grand_Nord/02_Devis/Devis_CL1019_2026-03.docx,Devis_CL1019_2026-03.docx,docx,36746,Document,Migrated,MIGRATED,,,SRC-37875381,25042c3d-2bea-714d-e929-840090b13f30,12,a09f76b5-a170-b338-3926-3059f28c105d,1,6513270e-269e-0d37-f2a7-4de452e6b438,DEMO-SRV01
\\DEMO-SRV01\FileServer\01_Clients\CL1019_Brasserie_Grand_Nord\03_Factures\2024\Facture_CL1019_202401.pdf,https://m365x71797824.sharepoint.com/sites/MigrationFileServer/Clients/CL1019_Brasserie_Grand_Nord/03_Factures/2024/Facture_CL1019_202401.pdf,Facture_CL1019_202401.pdf,pdf,1705,Document,Migrated,MIGRATED,,,SRC-55311853,1b4f463f-1ca5-05c1-06e3-15e3086d06d8,12,a09f76b5-a170-b338-3926-3059f28c105d,1,6513270e-269e-0d37-f2a7-4de452e6b438,DEMO-SRV01
\\DEMO-SRV01\FileServer\01_Clients\CL1019_Brasserie_Grand_Nord\03_Factures\2024\Facture_CL1019_202402.pdf,https://m365x71797824.sharepoint.com/sites/MigrationFileServer/Clients/CL1019_Brasserie_Grand_Nord/03_Factures/2024/Facture_CL1019_202402.pdf,Facture_CL1019_202402.pdf,pdf,1705,Document,Migrated,MIGRATED,,,SRC-55375998,5848fc64-296c-764d-edcf-975c9f395ef1,12,a09f76b5-a170-b338-3926-3059f28c105d,1,6513270e-269e-0d37-f2a7-4de452e6b438,DEMO-SRV01
\\DEMO-SRV01\FileServer\01_Clients\CL1019_Brasserie_Grand_Nord\03_Factures\2024\Facture_CL1019_202403.pdf,https://m365x71797824.sharepoint.com/sites/MigrationFileServer/Clients/CL1019_Brasserie_Grand_Nord/03_Factures/2024/Facture_CL1019_202403.pdf,Facture_CL1019_202403.pdf,pdf,1707,Document,Migrated,MIGRATED,,,SRC-64321965,075b058b-b363-af43-244f-bafcfa376a6e,12,a09f76b5-a170-b338-3926-3059f28c105d,1,6513270e-269e-0d37-f2a7-4de452e6b438,DEMO-SRV01
\\DEMO-SRV01\FileServer\01_Clients\CL1019_Brasserie_Grand_Nord\03_Factures\2024\Facture_CL1019_202404.pdf,https://m365x71797824.sharepoint.com/sites/MigrationFileServer/Clients/CL1019_Brasserie_Grand_Nord/03_Factures/2024/Facture_CL1019_202404.pdf,Facture_CL1019_202404.pdf,pdf,1705,Document,Migrated,MIGRATED,,,SRC-49969382,b14fe2d6-236e-536d-0aa9-89b407e7166b,12,a09f76b5-a170-b338-3926-3059f28c105d,1,6513270e-269e-0d37-f2a7-4de452e6b438,DEMO-SRV01
\\DEMO-SRV01\FileServer\01_Clients\CL1019_Brasserie_Grand_Nord\03_Factures\2024\Facture_CL1019_202405.pdf,https://m365x71797824.sharepoint.com/sites/MigrationFileServer/Clients/CL1019_Brasserie_Grand_Nord/03_Factures/2024/Facture_CL1019_202405.pdf,Facture_CL1019_202405.pdf,pdf,1707,Document,Migrated,MIGRATED,,,SRC-12670680,b26f1928-0aea-de9b-a245-d658a4bf58e7,12,a09f76b5-a170-b338-3926-3059f28c105d,1,6513270e-269e-0d37-f2a7-4de452e6b438,DEMO-SRV01
\\DEMO-SRV01\FileServer\01_Clients\CL1019_Brasserie_Grand_Nord\03_Factures\2024\Facture_CL1019_202407.pdf,https://m365x71797824.sharepoint.com/sites/MigrationFileServer/Clients/CL1019_Brasserie_Grand_Nord/03_Factures/2024/Facture_CL1019_202407.pdf,Facture_CL1019_202407.pdf,pdf,1705,Document,Migrated,MIGRATED,,,SRC-20501790,10d5fe14-0bf3-d0a7-bc9d-f599115d27cf,12,a09f76b5-a170-b338-3926-3059f28c105d,1,6513270e-269e-0d37-f2a7-4de452e6b438,DEMO-SRV01
\\DEMO-SRV01\FileServer\01_Clients\CL1019_Brasserie_Grand_Nord\03_Factures\2024\Facture_CL1019_202408.pdf,https://m365x71797824.sharepoint.com/sites/MigrationFileServer/Clients/CL1019_Brasserie_Grand_Nord/03_Factures/2024/Facture_CL1019_202408.pdf,Facture_CL1019_202408.pdf,pdf,1705,Document,Migrated,MIGRATED,,,SRC-39773214,5d082eea-c303-4515-9729-39b0db437386,12,a09f76b5-a170-b338-3926-3059f28c105d,1,6513270e-269e-0d37-f2a7-4de452e6b438,DEMO-SRV01
\\DEMO-SRV01\FileServer\01_Clients\CL1019_Brasserie_Grand_Nord\03_Factures\2024\Facture_CL1019_202409.pdf,https://m365x71797824.sharepoint.com/sites/MigrationFileServer/Clients/CL1019_Brasserie_Grand_Nord/03_Factures/2024/Facture_CL1019_202409.pdf,Facture_CL1019_202409.pdf,pdf,1707,Document,Migrated,MIGRATED,,,SRC-30049643,d1cee715-f45e-af1c-d14b-b7f533061fbc,12,a09f76b5-a170-b338-3926-3059f28c105d,1,6513270e-269e-0d37-f2a7-4de452e6b438,DEMO-SRV01
\\DEMO-SRV01\FileServer\01_Clients\CL1019_Brasserie_Grand_Nord\03_Factures\2024\Facture_CL1019_202411.pdf,https://m365x71797824.sharepoint.com/sites/MigrationFileServer/Clients/CL1019_Brasserie_Grand_Nord/03_Factures/2024/Facture_CL1019_202411.pdf,Facture_CL1019_202411.pdf,pdf,1705,Document,Migrated,MIGRATED,,,SRC-23895232,10e1fec9-aa06-9dd3-e42a-f0ad88ad4972,12,a09f76b5-a170-b338-3926-3059f28c105d,1,6513270e-269e-0d37-f2a7-4de452e6b438,DEMO-SRV01
\\DEMO-SRV01\FileServer\01_Clients\CL1019_Brasserie_Grand_Nord\03_Factures\2024\Facture_CL1019_202412.pdf,https://m365x71797824.sharepoint.com/sites/MigrationFileServer/Clients/CL1019_Brasserie_Grand_Nord/03_Factures/2024/Facture_CL1019_202412.pdf,Facture_CL1019_202412.pdf,pdf,1705,Document,Migrated,MIGRATED,,,SRC-49159064,ea16b18f-c17a-4f81-de27-a24ee134f9f8,12,a09f76b5-a170-b338-3926-3059f28c105d,1,6513270e-269e-0d37-f2a7-4de452e6b438,DEMO-SRV01
\\DEMO-SRV01\FileServer\01_Clients\CL1019_Brasserie_Grand_Nord\03_Factures\2025\Facture_CL1019_202502.pdf,https://m365x71797824.sharepoint.com/sites/MigrationFileServer/Clients/CL1019_Brasserie_Grand_Nord/03_Factures/2025/Facture_CL1019_202502.pdf,Facture_CL1019_202502.pdf,pdf,1704,Document,Migrated,MIGRATED,,,SRC-2861907,1b6bf273-6243-8362-f1bf-55edb6143f78,12,a09f76b5-a170-b338-3926-3059f28c105d,1,6513270e-269e-0d37-f2a7-4de452e6b438,DEMO-SRV01
\\DEMO-SRV01\FileServer\01_Clients\CL1019_Brasserie_Grand_Nord\03_Factures\2025\Facture_CL1019_202505.pdf,https://m365x71797824.sharepoint.com/sites/MigrationFileServer/Clients/CL1019_Brasserie_Grand_Nord/03_Factures/2025/Facture_CL1019_202505.pdf,Facture_CL1019_202505.pdf,pdf,1707,Document,Migrated,MIGRATED,,,SRC-72322325,1caa0c48-3402-52a6-34aa-4a203f1fb241,12,a09f76b5-a170-b338-3926-3059f28c105d,1,6513270e-269e-0d37-f2a7-4de452e6b438,DEMO-SRV01
\\DEMO-SRV01\FileServer\01_Clients\CL1019_Brasserie_Grand_Nord\03_Factures\2025\Facture_CL1019_202506.pdf,https://m365x71797824.sharepoint.com/sites/MigrationFileServer/Clients/CL1019_Brasserie_Grand_Nord/03_Factures/2025/Facture_CL1019_202506.pdf,Facture_CL1019_202506.pdf,pdf,1705,Document,Migrated,MIGRATED,,,SRC-49392609,d903ff4d-f302-24c5-08d0-323c08ab1715,12,a09f76b5-a170-b338-3926-3059f28c105d,1,6513270e-269e-0d37-f2a7-4de452e6b438,DEMO-SRV01
\\DEMO-SRV01\FileServer\01_Clients\CL1019_Brasserie_Grand_Nord\03_Factures\2025\Facture_CL1019_202508.pdf,https://m365x71797824.sharepoint.com/sites/MigrationFileServer/Clients/CL1019_Brasserie_Grand_Nord/03_Factures/2025/Facture_CL1019_202508.pdf,Facture_CL1019_202508.pdf,pdf,1705,Document,Migrated,MIGRATED,,,SRC-79614889,a2592559-c0f6-21ad-cfe0-7a63e93e9707,12,a09f76b5-a170-b338-3926-3059f28c105d,1,6513270e-269e-0d37-f2a7-4de452e6b438,DEMO-SRV01
\\DEMO-SRV01\FileServer\01_Clients\CL1019_Brasserie_Grand_Nord\03_Factures\2025\Facture_CL1019_202509.pdf,https://m365x71797824.sharepoint.com/sites/MigrationFileServer/Clients/CL1019_Brasserie_Grand_Nord/03_Factures/2025/Facture_CL1019_202509.pdf,Facture_CL1019_202509.pdf,pdf,1707,Document,Migrated,MIGRATED,,,SRC-38018056,a1ac6036-c05d-7b62-d337-264b16646a40,12,a09f76b5-a170-b338-3926-3059f28c105d,1,6513270e-269e-0d37-f2a7-4de452e6b438,DEMO-SRV01
\\DEMO-SRV01\FileServer\01_Clients\CL1019_Brasserie_Grand_Nord\03_Factures\2025\Facture_CL1019_202510.pdf,https://m365x71797824.sharepoint.com/sites/MigrationFileServer/Clients/CL1019_Brasserie_Grand_Nord/03_Factures/2025/Facture_CL1019_202510.pdf,Facture_CL1019_202510.pdf,pdf,1705,Document,Migrated,MIGRATED,,,SRC-28086561,19918b8a-7a24-3b32-4990-c224a1dbbd89,12,a09f76b5-a170-b338-3926-3059f28c105d,1,6513270e-269e-0d37-f2a7-4de452e6b438,DEMO-SRV01
\\DEMO-SRV01\FileServer\01_Clients\CL1019_Brasserie_Grand_Nord\03_Factures\2025\Facture_CL1019_202511.pdf,https://m365x71797824.sharepoint.com/sites/MigrationFileServer/Clients/CL1019_Brasserie_Grand_Nord/03_Factures/2025/Facture_CL1019_202511.pdf,Facture_CL1019_202511.pdf,pdf,1704,Document,Migrated,MIGRATED,,,SRC-96227144,c1e299a3-cabe-5e52-190d-78d321f59868,12,a09f76b5-a170-b338-3926-3059f28c105d,1,6513270e-269e-0d37-f2a7-4de452e6b438,DEMO-SRV01
\\DEMO-SRV01\FileServer\01_Clients\CL1019_Brasserie_Grand_Nord\03_Factures\2026\Facture_CL1019_202601.pdf,https://m365x71797824.sharepoint.com/sites/MigrationFileServer/Clients/CL1019_Brasserie_Grand_Nord/03_Factures/2026/Facture_CL1019_202601.pdf,Facture_CL1019_202601.pdf,pdf,1705,Document,Migrated,MIGRATED,,,SRC-26640992,51b315ec-4b61-b0fd-347a-7325a5753d8b,13,a09f76b5-a170-b338-3926-3059f28c105d,1,6513270e-269e-0d37-f2a7-4de452e6b438,DEMO-SRV01
\\DEMO-SRV01\FileServer\01_Clients\CL1019_Brasserie_Grand_Nord\03_Factures\2026\Facture_CL1019_202602.pdf,https://m365x71797824.sharepoint.com/sites/MigrationFileServer/Clients/CL1019_Brasserie_Grand_Nord/03_Factures/2026/Facture_CL1019_202602.pdf,Facture_CL1019_202602.pdf,pdf,1704,Document,Migrated,MIGRATED,,,SRC-24540687,055ae98e-42db-5b4b-6c7b-e37e5625e671,13,a09f76b5-a170-b338-3926-3059f28c105d,1,6513270e-269e-0d37-f2a7-4de452e6b438,DEMO-SRV01
\\DEMO-SRV01\FileServer\01_Clients\CL1019_Brasserie_Grand_Nord\03_Factures\2026\Facture_CL1019_202608.pdf,https://m365x71797824.sharepoint.com/sites/MigrationFileServer/Clients/CL1019_Brasserie_Grand_Nord/03_Factures/2026/Facture_CL1019_202608.pdf,Facture_CL1019_202608.pdf,pdf,1707,Document,Migrated,MIGRATED,,,SRC-64789670,4858079e-ee1a-ddc8-41b7-3d5459d4a28c,13,a09f76b5-a170-b338-3926-3059f28c105d,1,6513270e-269e-0d37-f2a7-4de452e6b438,DEMO-SRV01
\\DEMO-SRV01\FileServer\01_Clients\CL1019_Brasserie_Grand_Nord\04_Correspondance\Echange_01.eml.txt,https://m365x71797824.sharepoint.com/sites/MigrationFileServer/Clients/CL1019_Brasserie_Grand_Nord/04_Correspondance/Echange_01.eml.txt,Echange_01.eml.txt,txt,106,Document,Migrated,MIGRATED,,,SRC-12161664,5e36d760-c285-a8c6-b73c-30c80c647801,13,a09f76b5-a170-b338-3926-3059f28c105d,1,6513270e-269e-0d37-f2a7-4de452e6b438,DEMO-SRV01
\\DEMO-SRV01\FileServer\01_Clients\CL1019_Brasserie_Grand_Nord\04_Correspondance\Echange_02.eml.txt,https://m365x71797824.sharepoint.com/sites/MigrationFileServer/Clients/CL1019_Brasserie_Grand_Nord/04_Correspondance/Echange_02.eml.txt,Echange_02.eml.txt,txt,106,Document,Migrated,MIGRATED,,,SRC-52362828,f6c8a64a-c4ec-bfa2-5221-cbdae90ba887,13,a09f76b5-a170-b338-3926-3059f28c105d,1,6513270e-269e-0d37-f2a7-4de452e6b438,DEMO-SRV01
\\DEMO-SRV01\FileServer\01_Clients\CL1019_Brasserie_Grand_Nord\04_Correspondance\Echange_03.eml.txt,https://m365x71797824.sharepoint.com/sites/MigrationFileServer/Clients/CL1019_Brasserie_Grand_Nord/04_Correspondance/Echange_03.eml.txt,Echange_03.eml.txt,txt,106,Document,Migrated,MIGRATED,,,SRC-85692776,d9f3dd45-79e0-8f86-80f4-edd89a1d3876,13,a09f76b5-a170-b338-3926-3059f28c105d,1,6513270e-269e-0d37-f2a7-4de452e6b438,DEMO-SRV01
\\DEMO-SRV01\FileServer\01_Clients\CL1019_Brasserie_Grand_Nord\05_Projets\Deploiement_Teams\Compte_rendu_COPIL.docx,https://m365x71797824.sharepoint.com/sites/MigrationFileServer/Clients/CL1019_Brasserie_Grand_Nord/05_Projets/Deploiement_Teams/Compte_rendu_COPIL.docx,Compte_rendu_COPIL.docx,docx,36733,Document,Migrated,MIGRATED,,,SRC-70421527,07ee64fe-bee3-3d4a-9e47-539449a35964,13,a09f76b5-a170-b338-3926-3059f28c105d,1,6513270e-269e-0d37-f2a7-4de452e6b438,DEMO-SRV01
\\DEMO-SRV01\FileServer\01_Clients\CL1019_Brasserie_Grand_Nord\05_Projets\Deploiement_Teams\Planning_Deploiement_Teams.xlsx,https://m365x71797824.sharepoint.com/sites/MigrationFileServer/Clients/CL1019_Brasserie_Grand_Nord/05_Projets/Deploiement_Teams/Planning_Deploiement_Teams.xlsx,Planning_Deploiement_Teams.xlsx,xlsx,5136,Document,Migrated,MIGRATED,,,SRC-7078098,6fbb28f3-07ff-e38e-69b5-2fc2c9ff9090,13,a09f76b5-a170-b338-3926-3059f28c105d,1,6513270e-269e-0d37-f2a7-4de452e6b438,DEMO-SRV01
\\DEMO-SRV01\FileServer\01_Clients\CL1019_Brasserie_Grand_Nord\05_Projets\Deploiement_Teams\Presentation_lancement_Deploiement_Teams.pptx,https://m365x71797824.sharepoint.com/sites/MigrationFileServer/Clients/CL1019_Brasserie_Grand_Nord/05_Projets/Deploiement_Teams/Presentation_lancement_Deploiement_Teams.pptx,Presentation_lancement_Deploiement_Teams.pptx,pptx,29174,Document,Migrated,MIGRATED,,,SRC-94764939,58c6aeea-192a-2829-c5e5-064184c46f72,13,a09f76b5-a170-b338-3926-3059f28c105d,1,6513270e-269e-0d37-f2a7-4de452e6b438,DEMO-SRV01
\\DEMO-SRV01\FileServer\01_Clients\CL1019_Brasserie_Grand_Nord\05_Projets\Refonte_site_web\Compte_rendu_COPIL.docx,https://m365x71797824.sharepoint.com/sites/MigrationFileServer/Clients/CL1019_Brasserie_Grand_Nord/05_Projets/Refonte_site_web/Compte_rendu_COPIL.docx,Compte_rendu_COPIL.docx,docx,36732,Document,Migrated,MIGRATED,,,SRC-49928215,89b28a18-0c51-66f0-b464-9035780c8fb0,13,a09f76b5-a170-b338-3926-3059f28c105d,1,6513270e-269e-0d37-f2a7-4de452e6b438,DEMO-SRV01
\\DEMO-SRV01\FileServer\01_Clients\CL1019_Brasserie_Grand_Nord\05_Projets\Refonte_site_web\Planning_Refonte_site_web.xlsx,https://m365x71797824.sharepoint.com/sites/MigrationFileServer/Clients/CL1019_Brasserie_Grand_Nord/05_Projets/Refonte_site_web/Planning_Refonte_site_web.xlsx,Planning_Refonte_site_web.xlsx,xlsx,5142,Document,Migrated,MIGRATED,,,SRC-53947039,dcbbb757-b6e2-4482-3771-690c90ebc2c3,13,a09f76b5-a170-b338-3926-3059f28c105d,1,6513270e-269e-0d37-f2a7-4de452e6b438,DEMO-SRV01
\\DEMO-SRV01\FileServer\01_Clients\CL1019_Brasserie_Grand_Nord\05_Projets\Refonte_site_web\Presentation_lancement_Refonte_site_web.pptx,https://m365x71797824.sharepoint.com/sites/MigrationFileServer/Clients/CL1019_Brasserie_Grand_Nord/05_Projets/Refonte_site_web/Presentation_lancement_Refonte_site_web.pptx,Presentation_lancement_Refonte_site_web.pptx,pptx,29177,Document,Migrated,MIGRATED,,,SRC-66865090,d1df24d0-9315-1cf9-1744-8971d3eca751,13,a09f76b5-a170-b338-3926-3059f28c105d,1,6513270e-269e-0d37-f2a7-4de452e6b438,DEMO-SRV01
