"Code","Gravite","Categorie","Bibliotheque","DossierRacine","TypeElement","Chemin","CheminRelatif","Nom","Extension","TailleOctets","DateModification","LongueurCheminCible","Detail"
"FORMS_RACINE","Bloquant","Nommage et chemins","Commun","05_Commun","Dossier","C:\DemoMigration\FileServer\05_Commun\forms","05_Commun\forms","forms","","","","39","Dossier forms à la racine de la bibliothèque"
"CHEMIN_400","Bloquant","Nommage et chemins","Archives","06_Archives","Dossier","C:\DemoMigration\FileServer\06_Archives\2018\01_Projet_Refonte_Systeme_Information_Phase_2_Documentation_Technique_Detaillee_Version_Finale\02_Projet_Refonte_Systeme_Information_Phase_2_Documentation_Technique_Detaillee_Version_Finale\03_Projet_Refonte_Systeme_Information_Phase_2_Documentation_Technique_Detaillee_Version_Finale\04_Projet_Refonte_Systeme_Information_Phase_2_Documentation_Technique_Detaillee_Version_Finale","06_Archives\2018\01_Projet_Refonte_Systeme_Information_Phase_2_Documentation_Technique_Detaillee_Version_Finale\02_Projet_Refonte_Systeme_Information_Phase_2_Documentation_Technique_Detaillee_Version_Finale\03_Projet_Refonte_Systeme_Information_Phase_2_Documentation_Technique_Detaillee_Version_Finale\04_Projet_Refonte_Systeme_Information_Phase_2_Documentation_Technique_Detaillee_Version_Finale","04_Projet_Refonte_Systeme_Information_Phase_2_Documentation_Technique_Detaillee_Version_Finale","","","","420","420 caractères"
"CHEMIN_400","Bloquant","Nommage et chemins","Archives","06_Archives","Dossier","C:\DemoMigration\FileServer\06_Archives\2018\01_Projet_Refonte_Systeme_Information_Phase_2_Documentation_Technique_Detaillee_Version_Finale\02_Projet_Refonte_Systeme_Information_Phase_2_Documentation_Technique_Detaillee_Version_Finale\03_Projet_Refonte_Systeme_Information_Phase_2_Documentation_Technique_Detaillee_Version_Finale\04_Projet_Refonte_Systeme_Information_Phase_2_Documentation_Technique_Detaillee_Version_Finale\05_Projet_Refonte_Systeme_Information_Phase_2_Documentation_Technique_Detaillee_Version_Finale","06_Archives\2018\01_Projet_Refonte_Systeme_Information_Phase_2_Documentation_Technique_Detaillee_Version_Finale\02_Projet_Refonte_Systeme_Information_Phase_2_Documentation_Technique_Detaillee_Version_Finale\03_Projet_Refonte_Systeme_Information_Phase_2_Documentation_Technique_Detaillee_Version_Finale\04_Projet_Refonte_Systeme_Information_Phase_2_Documentation_Technique_Detaillee_Version_Finale\05_Projet_Refonte_Systeme_Information_Phase_2_Documentation_Technique_Detaillee_Version_Finale","05_Projet_Refonte_Systeme_Information_Phase_2_Documentation_Technique_Detaillee_Version_Finale","","","","515","515 caractères"
"NOM_RESERVE","Bloquant","Nommage et chemins","Clients","01_Clients","Fichier","C:\DemoMigration\FileServer\01_Clients\CL1000_Boulangeries_Ravel\01_Contrats\~$ntrat_cadre_CL1000.docx","01_Clients\CL1000_Boulangeries_Ravel\01_Contrats\~$ntrat_cadre_CL1000.docx","~$ntrat_cadre_CL1000.docx",".docx","4","2026-09-16T09:12:00","98","Nom : ~$ntrat_cadre_CL1000.docx"
"ANCIEN","Information","Nettoyage (ROT)","Clients","01_Clients","Fichier","C:\DemoMigration\FileServer\01_Clients\CL1000_Boulangeries_Ravel\04_Correspondance\Echange_02.eml.txt","01_Clients\CL1000_Boulangeries_Ravel\04_Correspondance\Echange_02.eml.txt","Echange_02.eml.txt",".txt","106","2019-12-22T21:35:48","97","Modifié le 22/12/2019"
"ANCIEN","Information","Nettoyage (ROT)","Clients","01_Clients","Fichier","C:\DemoMigration\FileServer\01_Clients\CL1001_Transports_Lemarchand\01_Contrats\Contrat_cadre_CL1001_2018.docx","01_Clients\CL1001_Transports_Lemarchand\01_Contrats\Contrat_cadre_CL1001_2018.docx","Contrat_cadre_CL1001_2018.docx",".docx","36786","2018-01-23T11:54:06","106","Modifié le 23/01/2018"
"ANCIEN","Information","Nettoyage (ROT)","Clients","01_Clients","Fichier","C:\DemoMigration\FileServer\01_Clients\CL1001_Transports_Lemarchand\01_Contrats\Contrat_cadre_CL1001_2018_signe.pdf","01_Clients\CL1001_Transports_Lemarchand\01_Contrats\Contrat_cadre_CL1001_2018_signe.pdf","Contrat_cadre_CL1001_2018_signe.pdf",".pdf","1665","2018-01-31T14:04:08","111","Modifié le 31/01/2018"
"ANCIEN","Information","Nettoyage (ROT)","Clients","01_Clients","Fichier","C:\DemoMigration\FileServer\01_Clients\CL1001_Transports_Lemarchand\04_Correspondance\Echange_01.eml.txt","01_Clients\CL1001_Transports_Lemarchand\04_Correspondance\Echange_01.eml.txt","Echange_01.eml.txt",".txt","106","2019-05-04T11:21:11","100","Modifié le 04/05/2019"
"ANCIEN","Information","Nettoyage (ROT)","Clients","01_Clients","Fichier","C:\DemoMigration\FileServer\01_Clients\CL1002_Clinique_Saint-Aubin\04_Correspondance\Echange_01.eml.txt","01_Clients\CL1002_Clinique_Saint-Aubin\04_Correspondance\Echange_01.eml.txt","Echange_01.eml.txt",".txt","106","2019-08-06T09:37:30","99","Modifié le 06/08/2019"
"ANCIEN","Information","Nettoyage (ROT)","Clients","01_Clients","Fichier","C:\DemoMigration\FileServer\01_Clients\CL1003_Hôtel_des_Tilleuls\01_Contrats\Contrat_cadre_CL1003_2018.docx","01_Clients\CL1003_Hôtel_des_Tilleuls\01_Contrats\Contrat_cadre_CL1003_2018.docx","Contrat_cadre_CL1003_2018.docx",".docx","36787","2018-09-13T20:56:02","103","Modifié le 13/09/2018"
"ANCIEN","Information","Nettoyage (ROT)","Clients","01_Clients","Fichier","C:\DemoMigration\FileServer\01_Clients\CL1003_Hôtel_des_Tilleuls\01_Contrats\Contrat_cadre_CL1003_2018_signe.pdf","01_Clients\CL1003_Hôtel_des_Tilleuls\01_Contrats\Contrat_cadre_CL1003_2018_signe.pdf","Contrat_cadre_CL1003_2018_signe.pdf",".pdf","1659","2018-09-15T19:33:58","108","Modifié le 15/09/2018"
"ANCIEN","Information","Nettoyage (ROT)","Clients","01_Clients","Fichier","C:\DemoMigration\FileServer\01_Clients\CL1003_Hôtel_des_Tilleuls\02_Devis\Devis_CL1003_2021-01.docx","01_Clients\CL1003_Hôtel_des_Tilleuls\02_Devis\Devis_CL1003_2021-01.docx","Devis_CL1003_2021-01.docx",".docx","36750","2021-03-19T08:01:31","95","Modifié le 19/03/2021"
"ANCIEN","Information","Nettoyage (ROT)","Clients","01_Clients","Fichier","C:\DemoMigration\FileServer\01_Clients\CL1003_Hôtel_des_Tilleuls\02_Devis\Modele_devis - Copie.docx","01_Clients\CL1003_Hôtel_des_Tilleuls\02_Devis\Modele_devis - Copie.docx","Modele_devis - Copie.docx",".docx","36722","2021-01-27T02:06:45","95","Modifié le 27/01/2021"
"ANCIEN","Information","Nettoyage (ROT)","Clients","01_Clients","Fichier","C:\DemoMigration\FileServer\01_Clients\CL1004_Menuiserie_Kerbrat\04_Correspondance\Echange_01.eml.txt","01_Clients\CL1004_Menuiserie_Kerbrat\04_Correspondance\Echange_01.eml.txt","Echange_01.eml.txt",".txt","106","2021-02-20T02:01:00","97","Modifié le 20/02/2021"
"ANCIEN","Information","Nettoyage (ROT)","Clients","01_Clients","Fichier","C:\DemoMigration\FileServer\01_Clients\CL1004_Menuiserie_Kerbrat\04_Correspondance\Echange_02.eml.txt","01_Clients\CL1004_Menuiserie_Kerbrat\04_Correspondance\Echange_02.eml.txt","Echange_02.eml.txt",".txt","106","2020-08-21T08:07:32","97","Modifié le 21/08/2020"
"ANCIEN","Information","Nettoyage (ROT)","Clients","01_Clients","Fichier","C:\DemoMigration\FileServer\01_Clients\CL1004_Menuiserie_Kerbrat\04_Correspondance\Echange_04.eml.txt","01_Clients\CL1004_Menuiserie_Kerbrat\04_Correspondance\Echange_04.eml.txt","Echange_04.eml.txt",".txt","106","2020-08-18T02:19:48","97","Modifié le 18/08/2020"
"ANCIEN","Information","Nettoyage (ROT)","Clients","01_Clients","Fichier","C:\DemoMigration\FileServer\01_Clients\CL1005_Laboratoires_Vauclair\01_Contrats\Contrat_cadre_CL1005_2019.docx","01_Clients\CL1005_Laboratoires_Vauclair\01_Contrats\Contrat_cadre_CL1005_2019.docx","Contrat_cadre_CL1005_2019.docx",".docx","36787","2019-12-01T15:50:24","106","Modifié le 01/12/2019"
"ANCIEN","Information","Nettoyage (ROT)","Clients","01_Clients","Fichier","C:\DemoMigration\FileServer\01_Clients\CL1005_Laboratoires_Vauclair\01_Contrats\Contrat_cadre_CL1005_2019_signe.pdf","01_Clients\CL1005_Laboratoires_Vauclair\01_Contrats\Contrat_cadre_CL1005_2019_signe.pdf","Contrat_cadre_CL1005_2019_signe.pdf",".pdf","1667","2019-06-05T14:51:50","111","Modifié le 05/06/2019"
"ANCIEN","Information","Nettoyage (ROT)","Clients","01_Clients","Fichier","C:\DemoMigration\FileServer\01_Clients\CL1005_Laboratoires_Vauclair\02_Devis\Devis_CL1005_2019-01.docx","01_Clients\CL1005_Laboratoires_Vauclair\02_Devis\Devis_CL1005_2019-01.docx","Devis_CL1005_2019-01.docx",".docx","36747","2019-08-07T14:02:42","98","Modifié le 07/08/2019"
"ANCIEN","Information","Nettoyage (ROT)","Clients","01_Clients","Fichier","C:\DemoMigration\FileServer\01_Clients\CL1006_Cabinet_Delorme_Avocats\01_Contrats\Contrat_cadre_CL1006_2021.docx","01_Clients\CL1006_Cabinet_Delorme_Avocats\01_Contrats\Contrat_cadre_CL1006_2021.docx","Contrat_cadre_CL1006_2021.docx",".docx","36788","2021-09-14T07:05:37","108","Modifié le 14/09/2021"
"ANCIEN","Information","Nettoyage (ROT)","Clients","01_Clients","Fichier","C:\DemoMigration\FileServer\01_Clients\CL1006_Cabinet_Delorme_Avocats\01_Contrats\Contrat_cadre_CL1006_2021_signe.pdf","01_Clients\CL1006_Cabinet_Delorme_Avocats\01_Contrats\Contrat_cadre_CL1006_2021_signe.pdf","Contrat_cadre_CL1006_2021_signe.pdf",".pdf","1660","2021-06-23T10:07:24","113","Modifié le 23/06/2021"
"ANCIEN","Information","Nettoyage (ROT)","Clients","01_Clients","Fichier","C:\DemoMigration\FileServer\01_Clients\CL1007_Pharmacie_du_Port\01_Contrats\Contrat_cadre_CL1007_2021_signe.pdf","01_Clients\CL1007_Pharmacie_du_Port\01_Contrats\Contrat_cadre_CL1007_2021_signe.pdf","Contrat_cadre_CL1007_2021_signe.pdf",".pdf","1660","2021-04-10T19:08:05","107","Modifié le 10/04/2021"
"ANCIEN","Information","Nettoyage (ROT)","Clients","01_Clients","Fichier","C:\DemoMigration\FileServer\01_Clients\CL1008_Garage_Morvan\01_Contrats\Contrat_cadre_CL1008_2017.docx","01_Clients\CL1008_Garage_Morvan\01_Contrats\Contrat_cadre_CL1008_2017.docx","Contrat_cadre_CL1008_2017.docx",".docx","36781","2017-06-09T13:00:50","98","Modifié le 09/06/2017"
"ANCIEN","Information","Nettoyage (ROT)","Clients","01_Clients","Fichier","C:\DemoMigration\FileServer\01_Clients\CL1008_Garage_Morvan\01_Contrats\Contrat_cadre_CL1008_2017_signe.pdf","01_Clients\CL1008_Garage_Morvan\01_Contrats\Contrat_cadre_CL1008_2017_signe.pdf","Contrat_cadre_CL1008_2017_signe.pdf",".pdf","1665","2017-10-19T09:09:21","103","Modifié le 19/10/2017"
"ANCIEN","Information","Nettoyage (ROT)","Clients","01_Clients","Fichier","C:\DemoMigration\FileServer\01_Clients\CL1008_Garage_Morvan\02_Devis\Devis_CL1008_2019-02.docx","01_Clients\CL1008_Garage_Morvan\02_Devis\Devis_CL1008_2019-02.docx","Devis_CL1008_2019-02.docx",".docx","36745","2019-02-12T00:40:06","90","Modifié le 12/02/2019"
"ANCIEN","Information","Nettoyage (ROT)","Clients","01_Clients","Fichier","C:\DemoMigration\FileServer\01_Clients\CL1008_Garage_Morvan\02_Devis\Devis_CL1008_2021-01.docx","01_Clients\CL1008_Garage_Morvan\02_Devis\Devis_CL1008_2021-01.docx","Devis_CL1008_2021-01.docx",".docx","36747","2021-02-10T05:37:38","90","Modifié le 10/02/2021"
"ANCIEN","Information","Nettoyage (ROT)","Clients","01_Clients","Fichier","C:\DemoMigration\FileServer\01_Clients\CL1008_Garage_Morvan\04_Correspondance\Echange_02.eml.txt","01_Clients\CL1008_Garage_Morvan\04_Correspondance\Echange_02.eml.txt","Echange_02.eml.txt",".txt","106","2019-11-25T21:43:39","92","Modifié le 25/11/2019"
"ANCIEN","Information","Nettoyage (ROT)","Clients","01_Clients","Fichier","C:\DemoMigration\FileServer\01_Clients\CL1010_Vignobles_de_Sancerre-Est\01_Contrats\Contrat_cadre_CL1010_2017.docx","01_Clients\CL1010_Vignobles_de_Sancerre-Est\01_Contrats\Contrat_cadre_CL1010_2017.docx","Contrat_cadre_CL1010_2017.docx",".docx","36787","2017-09-07T00:13:18","110","Modifié le 07/09/2017"
"ANCIEN","Information","Nettoyage (ROT)","Clients","01_Clients","Fichier","C:\DemoMigration\FileServer\01_Clients\CL1010_Vignobles_de_Sancerre-Est\01_Contrats\Contrat_cadre_CL1010_2017_signe.pdf","01_Clients\CL1010_Vignobles_de_Sancerre-Est\01_Contrats\Contrat_cadre_CL1010_2017_signe.pdf","Contrat_cadre_CL1010_2017_signe.pdf",".pdf","1664","2017-08-04T08:41:39","115","Modifié le 04/08/2017"
"ANCIEN","Information","Nettoyage (ROT)","Clients","01_Clients","Fichier","C:\DemoMigration\FileServer\01_Clients\CL1010_Vignobles_de_Sancerre-Est\02_Devis\Devis_CL1010_2018-01.docx","01_Clients\CL1010_Vignobles_de_Sancerre-Est\02_Devis\Devis_CL1010_2018-01.docx","Devis_CL1010_2018-01.docx",".docx","36749","2018-03-04T06:13:09","102","Modifié le 04/03/2018"
"ANCIEN","Information","Nettoyage (ROT)","Clients","01_Clients","Fichier","C:\DemoMigration\FileServer\01_Clients\CL1010_Vignobles_de_Sancerre-Est\02_Devis\Devis_CL1010_2019-02.docx","01_Clients\CL1010_Vignobles_de_Sancerre-Est\02_Devis\Devis_CL1010_2019-02.docx","Devis_CL1010_2019-02.docx",".docx","36747","2019-12-20T14:31:16","102","Modifié le 20/12/2019"
"ANCIEN","Information","Nettoyage (ROT)","Clients","01_Clients","Fichier","C:\DemoMigration\FileServer\01_Clients\CL1011_Agence_Horizon_Voyages\01_Contrats\Contrat_cadre_CL1011_2021_signe.pdf","01_Clients\CL1011_Agence_Horizon_Voyages\01_Contrats\Contrat_cadre_CL1011_2021_signe.pdf","Contrat_cadre_CL1011_2021_signe.pdf",".pdf","1664","2021-01-13T02:15:05","112","Modifié le 13/01/2021"
"ANCIEN","Information","Nettoyage (ROT)","Clients","01_Clients","Fichier","C:\DemoMigration\FileServer\01_Clients\CL1013_BTP_Rhône_Ouvrages\01_Contrats\Contrat_cadre_CL1013_2019.docx","01_Clients\CL1013_BTP_Rhône_Ouvrages\01_Contrats\Contrat_cadre_CL1013_2019.docx","Contrat_cadre_CL1013_2019.docx",".docx","36786","2019-08-05T17:44:40","103","Modifié le 05/08/2019"
"ANCIEN","Information","Nettoyage (ROT)","Clients","01_Clients","Fichier","C:\DemoMigration\FileServer\01_Clients\CL1013_BTP_Rhône_Ouvrages\01_Contrats\Contrat_cadre_CL1013_2019_signe.pdf","01_Clients\CL1013_BTP_Rhône_Ouvrages\01_Contrats\Contrat_cadre_CL1013_2019_signe.pdf","Contrat_cadre_CL1013_2019_signe.pdf",".pdf","1659","2019-10-27T11:51:54","108","Modifié le 27/10/2019"
"ANCIEN","Information","Nettoyage (ROT)","Clients","01_Clients","Fichier","C:\DemoMigration\FileServer\01_Clients\CL1013_BTP_Rhône_Ouvrages\04_Correspondance\Echange_02.eml.txt","01_Clients\CL1013_BTP_Rhône_Ouvrages\04_Correspondance\Echange_02.eml.txt","Echange_02.eml.txt",".txt","106","2020-11-17T03:42:46","97","Modifié le 17/11/2020"
"ANCIEN","Information","Nettoyage (ROT)","Clients","01_Clients","Fichier","C:\DemoMigration\FileServer\01_Clients\CL1014_École_Montessori_Les_Lilas\01_Contrats\Contrat_cadre_CL1014_2020.docx","01_Clients\CL1014_École_Montessori_Les_Lilas\01_Contrats\Contrat_cadre_CL1014_2020.docx","Contrat_cadre_CL1014_2020.docx",".docx","36790","2020-02-15T03:26:07","111","Modifié le 15/02/2020"
"ANCIEN","Information","Nettoyage (ROT)","Clients","01_Clients","Fichier","C:\DemoMigration\FileServer\01_Clients\CL1014_École_Montessori_Les_Lilas\01_Contrats\Contrat_cadre_CL1014_2020_signe.pdf","01_Clients\CL1014_École_Montessori_Les_Lilas\01_Contrats\Contrat_cadre_CL1014_2020_signe.pdf","Contrat_cadre_CL1014_2020_signe.pdf",".pdf","1664","2020-08-14T11:19:49","116","Modifié le 14/08/2020"
"ANCIEN","Information","Nettoyage (ROT)","Clients","01_Clients","Fichier","C:\DemoMigration\FileServer\01_Clients\CL1014_École_Montessori_Les_Lilas\02_Devis\Devis_CL1014_2020-02.docx","01_Clients\CL1014_École_Montessori_Les_Lilas\02_Devis\Devis_CL1014_2020-02.docx","Devis_CL1014_2020-02.docx",".docx","36749","2020-11-09T08:59:46","103","Modifié le 09/11/2020"
"ANCIEN","Information","Nettoyage (ROT)","Clients","01_Clients","Fichier","C:\DemoMigration\FileServer\01_Clients\CL1015_Studio_Archipel\01_Contrats\Contrat_cadre_CL1015_2019.docx","01_Clients\CL1015_Studio_Archipel\01_Contrats\Contrat_cadre_CL1015_2019.docx","Contrat_cadre_CL1015_2019.docx",".docx","36779","2019-12-20T00:26:22","100","Modifié le 20/12/2019"
"ANCIEN","Information","Nettoyage (ROT)","Clients","01_Clients","Fichier","C:\DemoMigration\FileServer\01_Clients\CL1015_Studio_Archipel\01_Contrats\Contrat_cadre_CL1015_2019_signe.pdf","01_Clients\CL1015_Studio_Archipel\01_Contrats\Contrat_cadre_CL1015_2019_signe.pdf","Contrat_cadre_CL1015_2019_signe.pdf",".pdf","1664","2019-10-15T23:02:59","105","Modifié le 15/10/2019"
"ANCIEN","Information","Nettoyage (ROT)","Clients","01_Clients","Fichier","C:\DemoMigration\FileServer\01_Clients\CL1015_Studio_Archipel\04_Correspondance\Echange_01.eml.txt","01_Clients\CL1015_Studio_Archipel\04_Correspondance\Echange_01.eml.txt","Echange_01.eml.txt",".txt","106","2019-05-13T04:53:21","94","Modifié le 13/05/2019"
"ANCIEN","Information","Nettoyage (ROT)","Clients","01_Clients","Fichier","C:\DemoMigration\FileServer\01_Clients\CL1016_Coopérative_Agricole_Val_dOise\04_Correspondance\Echange_01.eml.txt","01_Clients\CL1016_Coopérative_Agricole_Val_dOise\04_Correspondance\Echange_01.eml.txt","Echange_01.eml.txt",".txt","106","2021-01-21T22:24:22","109","Modifié le 21/01/2021"
"ANCIEN","Information","Nettoyage (ROT)","Clients","01_Clients","Fichier","C:\DemoMigration\FileServer\01_Clients\CL1017_Mutuelle_Solidaris_Ouest\04_Correspondance\Echange_01.eml.txt","01_Clients\CL1017_Mutuelle_Solidaris_Ouest\04_Correspondance\Echange_01.eml.txt","Echange_01.eml.txt",".txt","106","2019-12-18T17:37:25","103","Modifié le 18/12/2019"
"ANCIEN","Information","Nettoyage (ROT)","Clients","01_Clients","Fichier","C:\DemoMigration\FileServer\01_Clients\CL1017_Mutuelle_Solidaris_Ouest\04_Correspondance\Echange_04.eml.txt","01_Clients\CL1017_Mutuelle_Solidaris_Ouest\04_Correspondance\Echange_04.eml.txt","Echange_04.eml.txt",".txt","106","2019-05-10T06:42:19","103","Modifié le 10/05/2019"
"ANCIEN","Information","Nettoyage (ROT)","Clients","01_Clients","Fichier","C:\DemoMigration\FileServer\01_Clients\CL1018_Librairie_La_Plume\01_Contrats\Contrat_cadre_CL1018_2021.docx","01_Clients\CL1018_Librairie_La_Plume\01_Contrats\Contrat_cadre_CL1018_2021.docx","Contrat_cadre_CL1018_2021.docx",".docx","36785","2021-05-17T05:50:14","103","Modifié le 17/05/2021"
"ANCIEN","Information","Nettoyage (ROT)","Clients","01_Clients","Fichier","C:\DemoMigration\FileServer\01_Clients\CL1018_Librairie_La_Plume\01_Contrats\Contrat_cadre_CL1018_2021_signe.pdf","01_Clients\CL1018_Librairie_La_Plume\01_Contrats\Contrat_cadre_CL1018_2021_signe.pdf","Contrat_cadre_CL1018_2021_signe.pdf",".pdf","1665","2021-07-29T05:41:12","108","Modifié le 29/07/2021"
"ANCIEN","Information","Nettoyage (ROT)","Clients","01_Clients","Fichier","C:\DemoMigration\FileServer\01_Clients\CL1019_Brasserie_Grand_Nord\01_Contrats\Contrat_cadre_CL1019_2019.docx","01_Clients\CL1019_Brasserie_Grand_Nord\01_Contrats\Contrat_cadre_CL1019_2019.docx","Contrat_cadre_CL1019_2019.docx",".docx","36784","2019-09-08T08:17:57","105","Modifié le 08/09/2019"
"ANCIEN","Information","Nettoyage (ROT)","Clients","01_Clients","Fichier","C:\DemoMigration\FileServer\01_Clients\CL1019_Brasserie_Grand_Nord\01_Contrats\Contrat_cadre_CL1019_2019_signe.pdf","01_Clients\CL1019_Brasserie_Grand_Nord\01_Contrats\Contrat_cadre_CL1019_2019_signe.pdf","Contrat_cadre_CL1019_2019_signe.pdf",".pdf","1664","2019-08-22T09:43:02","110","Modifié le 22/08/2019"
"ANCIEN","Information","Nettoyage (ROT)","Clients","01_Clients","Fichier","C:\DemoMigration\FileServer\01_Clients\CL1019_Brasserie_Grand_Nord\02_Devis\Devis_CL1019_2019-01.docx","01_Clients\CL1019_Brasserie_Grand_Nord\02_Devis\Devis_CL1019_2019-01.docx","Devis_CL1019_2019-01.docx",".docx","36748","2019-08-24T16:58:06","97","Modifié le 24/08/2019"
"ANCIEN","Information","Nettoyage (ROT)","RH","02_RH_Collaborateurs","Fichier","C:\DemoMigration\FileServer\02_RH_Collaborateurs\01_Dossiers_Individuels\ANDRÉ_Clara\Contrat_de_travail_ANDRÉ.pdf","02_RH_Collaborateurs\01_Dossiers_Individuels\ANDRÉ_Clara\Contrat_de_travail_ANDRÉ.pdf","Contrat_de_travail_ANDRÉ.pdf",".pdf","1729","2016-03-30T06:41:06","94","Modifié le 30/03/2016"
"ANCIEN","Information","Nettoyage (ROT)","RH","02_RH_Collaborateurs","Fichier","C:\DemoMigration\FileServer\02_RH_Collaborateurs\01_Dossiers_Individuels\BERNARD_Camille\Contrat_de_travail_BERNARD.pdf","02_RH_Collaborateurs\01_Dossiers_Individuels\BERNARD_Camille\Contrat_de_travail_BERNARD.pdf","Contrat_de_travail_BERNARD.pdf",".pdf","1723","2016-01-09T21:03:43","100","Modifié le 09/01/2016"
"ANCIEN","Information","Nettoyage (ROT)","RH","02_RH_Collaborateurs","Fichier","C:\DemoMigration\FileServer\02_RH_Collaborateurs\01_Dossiers_Individuels\BERNARD_Sophie\Contrat_de_travail_BERNARD.pdf","02_RH_Collaborateurs\01_Dossiers_Individuels\BERNARD_Sophie\Contrat_de_travail_BERNARD.pdf","Contrat_de_travail_BERNARD.pdf",".pdf","1727","2014-10-09T06:30:46","99","Modifié le 09/10/2014"
"ANCIEN","Information","Nettoyage (ROT)","RH","02_RH_Collaborateurs","Fichier","C:\DemoMigration\FileServer\02_RH_Collaborateurs\01_Dossiers_Individuels\BLANC_Léa\Contrat_de_travail_BLANC.pdf","02_RH_Collaborateurs\01_Dossiers_Individuels\BLANC_Léa\Contrat_de_travail_BLANC.pdf","Contrat_de_travail_BLANC.pdf",".pdf","1723","2019-10-23T02:44:45","92","Modifié le 23/10/2019"
"ANCIEN","Information","Nettoyage (ROT)","RH","02_RH_Collaborateurs","Fichier","C:\DemoMigration\FileServer\02_RH_Collaborateurs\01_Dossiers_Individuels\BLANC_Pauline\Contrat_de_travail_BLANC.pdf","02_RH_Collaborateurs\01_Dossiers_Individuels\BLANC_Pauline\Contrat_de_travail_BLANC.pdf","Contrat_de_travail_BLANC.pdf",".pdf","1730","2012-04-28T20:05:14","96","Modifié le 28/04/2012"
"ANCIEN","Information","Nettoyage (ROT)","RH","02_RH_Collaborateurs","Fichier","C:\DemoMigration\FileServer\02_RH_Collaborateurs\01_Dossiers_Individuels\BLANC_Sarah\Contrat_de_travail_BLANC.pdf","02_RH_Collaborateurs\01_Dossiers_Individuels\BLANC_Sarah\Contrat_de_travail_BLANC.pdf","Contrat_de_travail_BLANC.pdf",".pdf","1735","2012-07-20T05:15:53","94","Modifié le 20/07/2012"
"ANCIEN","Information","Nettoyage (ROT)","RH","02_RH_Collaborateurs","Fichier","C:\DemoMigration\FileServer\02_RH_Collaborateurs\01_Dossiers_Individuels\DUBOIS_Emma\Contrat_de_travail_DUBOIS.pdf","02_RH_Collaborateurs\01_Dossiers_Individuels\DUBOIS_Emma\Contrat_de_travail_DUBOIS.pdf","Contrat_de_travail_DUBOIS.pdf",".pdf","1722","2020-11-24T17:12:05","95","Modifié le 24/11/2020"
"ANCIEN","Information","Nettoyage (ROT)","RH","02_RH_Collaborateurs","Fichier","C:\DemoMigration\FileServer\02_RH_Collaborateurs\01_Dossiers_Individuels\DUPONT_Antoine\Contrat_de_travail_DUPONT.pdf","02_RH_Collaborateurs\01_Dossiers_Individuels\DUPONT_Antoine\Contrat_de_travail_DUPONT.pdf","Contrat_de_travail_DUPONT.pdf",".pdf","1734","2015-01-30T12:56:13","98","Modifié le 30/01/2015"
"ANCIEN","Information","Nettoyage (ROT)","RH","02_RH_Collaborateurs","Fichier","C:\DemoMigration\FileServer\02_RH_Collaborateurs\01_Dossiers_Individuels\DUPONT_Thomas\Contrat_de_travail_DUPONT.pdf","02_RH_Collaborateurs\01_Dossiers_Individuels\DUPONT_Thomas\Contrat_de_travail_DUPONT.pdf","Contrat_de_travail_DUPONT.pdf",".pdf","1733","2019-01-16T10:09:48","97","Modifié le 16/01/2019"
"ANCIEN","Information","Nettoyage (ROT)","RH","02_RH_Collaborateurs","Fichier","C:\DemoMigration\FileServer\02_RH_Collaborateurs\01_Dossiers_Individuels\FAURE_Romain\Contrat_de_travail_FAURE.pdf","02_RH_Collaborateurs\01_Dossiers_Individuels\FAURE_Romain\Contrat_de_travail_FAURE.pdf","Contrat_de_travail_FAURE.pdf",".pdf","1724","2018-06-20T19:33:05","95","Modifié le 20/06/2018"
"ANCIEN","Information","Nettoyage (ROT)","RH","02_RH_Collaborateurs","Fichier","C:\DemoMigration\FileServer\02_RH_Collaborateurs\01_Dossiers_Individuels\FOURNIER_Hugo\Contrat_de_travail_FOURNIER.pdf","02_RH_Collaborateurs\01_Dossiers_Individuels\FOURNIER_Hugo\Contrat_de_travail_FOURNIER.pdf","Contrat_de_travail_FOURNIER.pdf",".pdf","1723","2012-06-10T22:47:30","99","Modifié le 10/06/2012"
"ANCIEN","Information","Nettoyage (ROT)","RH","02_RH_Collaborateurs","Fichier","C:\DemoMigration\FileServer\02_RH_Collaborateurs\01_Dossiers_Individuels\GIRARD_Julien\Contrat_de_travail_GIRARD.pdf","02_RH_Collaborateurs\01_Dossiers_Individuels\GIRARD_Julien\Contrat_de_travail_GIRARD.pdf","Contrat_de_travail_GIRARD.pdf",".pdf","1725","2016-08-26T15:25:53","97","Modifié le 26/08/2016"
"ANCIEN","Information","Nettoyage (ROT)","RH","02_RH_Collaborateurs","Fichier","C:\DemoMigration\FileServer\02_RH_Collaborateurs\01_Dossiers_Individuels\LEROY_Marion\Contrat_de_travail_LEROY.pdf","02_RH_Collaborateurs\01_Dossiers_Individuels\LEROY_Marion\Contrat_de_travail_LEROY.pdf","Contrat_de_travail_LEROY.pdf",".pdf","1730","2012-12-18T18:51:09","95","Modifié le 18/12/2012"
"ANCIEN","Information","Nettoyage (ROT)","RH","02_RH_Collaborateurs","Fichier","C:\DemoMigration\FileServer\02_RH_Collaborateurs\01_Dossiers_Individuels\MULLER_Kevin\Contrat_de_travail_MULLER.pdf","02_RH_Collaborateurs\01_Dossiers_Individuels\MULLER_Kevin\Contrat_de_travail_MULLER.pdf","Contrat_de_travail_MULLER.pdf",".pdf","1720","2019-10-19T18:12:57","96","Modifié le 19/10/2019"
"ANCIEN","Information","Nettoyage (ROT)","RH","02_RH_Collaborateurs","Fichier","C:\DemoMigration\FileServer\02_RH_Collaborateurs\01_Dossiers_Individuels\ROUSSEAU_Pauline\Contrat_de_travail_ROUSSEAU.pdf","02_RH_Collaborateurs\01_Dossiers_Individuels\ROUSSEAU_Pauline\Contrat_de_travail_ROUSSEAU.pdf","Contrat_de_travail_ROUSSEAU.pdf",".pdf","1734","2014-08-23T16:30:05","102","Modifié le 23/08/2014"
"ANCIEN","Information","Nettoyage (ROT)","RH","02_RH_Collaborateurs","Fichier","C:\DemoMigration\FileServer\02_RH_Collaborateurs\01_Dossiers_Individuels\SIMON_Bastien\Contrat_de_travail_SIMON.pdf","02_RH_Collaborateurs\01_Dossiers_Individuels\SIMON_Bastien\Contrat_de_travail_SIMON.pdf","Contrat_de_travail_SIMON.pdf",".pdf","1720","2012-05-04T18:14:55","96","Modifié le 04/05/2012"
"ANCIEN","Information","Nettoyage (ROT)","RH","02_RH_Collaborateurs","Fichier","C:\DemoMigration\FileServer\02_RH_Collaborateurs\01_Dossiers_Individuels\VINCENT_Florian\Contrat_de_travail_VINCENT.pdf","02_RH_Collaborateurs\01_Dossiers_Individuels\VINCENT_Florian\Contrat_de_travail_VINCENT.pdf","Contrat_de_travail_VINCENT.pdf",".pdf","1722","2016-06-04T14:53:03","100","Modifié le 04/06/2016"
"ANCIEN","Information","Nettoyage (ROT)","RH","02_RH_Collaborateurs","Fichier","C:\DemoMigration\FileServer\02_RH_Collaborateurs\04_Politiques_RH\Politique_conges.docx","02_RH_Collaborateurs\04_Politiques_RH\Politique_conges.docx","Politique_conges.docx",".docx","36723","2021-06-26T03:52:21","68","Modifié le 26/06/2021"
"POINT_VIRGULE","Information","Nommage et chemins","Finance","03_Finance","Fichier","C:\DemoMigration\FileServer\03_Finance\Budget;version2.txt","03_Finance\Budget;version2.txt","Budget;version2.txt",".txt","14","2026-09-16T09:12:00","54","Nom : Budget;version2.txt"
"TEMPORAIRE","À traiter","Nettoyage (ROT)","Finance","03_Finance","Fichier","C:\DemoMigration\FileServer\03_Finance\Budgets\2026\~WRL0003.tmp","03_Finance\Budgets\2026\~WRL0003.tmp","~WRL0003.tmp",".tmp","1048576","2026-09-16T09:12:00","60","Extension .tmp"
"ESPACES","Bloquant","Nommage et chemins","Direction","04_Direction","Fichier","C:\DemoMigration\FileServer\04_Direction\ Note avec espace initial.txt","04_Direction\ Note avec espace initial.txt"," Note avec espace initial.txt",".txt","30","2026-09-16T09:12:00","66","Nom : ' Note avec espace initial.txt'"
"RACCOURCI","À traiter","Liens et formats","Direction","04_Direction","Fichier","C:\DemoMigration\FileServer\04_Direction\Raccourci vers Budgets.lnk","04_Direction\Raccourci vers Budgets.lnk","Raccourci vers Budgets.lnk",".lnk","1024","2026-09-16T09:12:00","63","Raccourci .lnk"
"CACHE_SYSTEME","À traiter","Accès aux fichiers","Direction","04_Direction","Fichier","C:\DemoMigration\FileServer\04_Direction\Strategie\Notes_personnelles_DG.txt","04_Direction\Strategie\Notes_personnelles_DG.txt","Notes_personnelles_DG.txt",".txt","31","2026-09-16T09:12:00","72","Hidden"
"DIESE_POURCENT","Information","Nommage et chemins","Direction","04_Direction","Fichier","C:\DemoMigration\FileServer\04_Direction\Strategie\Plan #1 - Transformation 100% cloud.docx","04_Direction\Strategie\Plan #1 - Transformation 100% cloud.docx","Plan #1 - Transformation 100% cloud.docx",".docx","36764","2026-05-03T00:00:00","87","Nom : Plan #1 - Transformation 100% cloud.docx"
"CACHE_SYSTEME","À traiter","Accès aux fichiers","Commun","05_Commun","Fichier","C:\DemoMigration\FileServer\05_Commun\Evenements\Seminaire_2025_Annecy\Thumbs.db","05_Commun\Evenements\Seminaire_2025_Annecy\Thumbs.db","Thumbs.db",".db","1048576","2026-09-16T09:12:00","76","Hidden, System"
"FICHIER_VIDE","Information","Nettoyage (ROT)","Commun","05_Commun","Fichier","C:\DemoMigration\FileServer\05_Commun\Modeles\Fichier_vide.txt","05_Commun\Modeles\Fichier_vide.txt","Fichier_vide.txt",".txt","0","2026-09-16T09:12:00","58","0 octet"
"EXECUTABLE","Information","Nettoyage (ROT)","Commun","05_Commun","Fichier","C:\DemoMigration\FileServer\05_Commun\Modeles\Installer_modeles.bat","05_Commun\Modeles\Installer_modeles.bat","Installer_modeles.bat",".bat","36","2026-09-16T09:12:00","63","Extension .bat"
"ANCIEN","Information","Nettoyage (ROT)","Commun","05_Commun","Fichier","C:\DemoMigration\FileServer\05_Commun\Modeles\Modele_compte_rendu.docx","05_Commun\Modeles\Modele_compte_rendu.docx","Modele_compte_rendu.docx",".docx","36726","2020-12-18T20:57:43","66","Modifié le 18/12/2020"
"ANCIEN","Information","Nettoyage (ROT)","Commun","05_Commun","Fichier","C:\DemoMigration\FileServer\05_Commun\Modeles\Modele_courrier.docx","05_Commun\Modeles\Modele_courrier.docx","Modele_courrier.docx",".docx","36725","2020-09-27T01:11:52","62","Modifié le 27/09/2020"
"ANCIEN","Information","Nettoyage (ROT)","Commun","05_Commun","Fichier","C:\DemoMigration\FileServer\05_Commun\Modeles\Modele_facture.docx","05_Commun\Modeles\Modele_facture.docx","Modele_facture.docx",".docx","36724","2020-12-29T00:27:34","61","Modifié le 29/12/2020"
"TYPE_SCRIPT","Bloquant","Taille et types","Commun","05_Commun","Fichier","C:\DemoMigration\FileServer\05_Commun\Procedures\Intranet_ancien.aspx","05_Commun\Procedures\Intranet_ancien.aspx","Intranet_ancien.aspx",".aspx","76","2026-09-16T09:12:00","65","Extension .aspx"
"LIENS_UNC","À traiter","Liens et formats","Commun","05_Commun","Fichier","C:\DemoMigration\FileServer\05_Commun\Procedures\Note_liens_serveur.docx","05_Commun\Procedures\Note_liens_serveur.docx","Note_liens_serveur.docx",".docx","36901","2024-03-12T00:00:00","68","2 lien(s) : file://srv-fichiers/commun/Procedures/Procedure_achats.pdf ; \\srv-fichiers\finance\Budgets\2026\Budget_previsionnel_2026.xlsx"
"ANCIEN","Information","Nettoyage (ROT)","Commun","05_Commun","Fichier","C:\DemoMigration\FileServer\05_Commun\Procedures\Procedure_accueil_nouvel_arrivant.pdf","05_Commun\Procedures\Procedure_accueil_nouvel_arrivant.pdf","Procedure_accueil_nouvel_arrivant.pdf",".pdf","1680","2019-11-11T17:20:18","82","Modifié le 11/11/2019"
"ANCIEN","Information","Nettoyage (ROT)","Commun","05_Commun","Fichier","C:\DemoMigration\FileServer\05_Commun\Procedures\Procedure_achats.pdf","05_Commun\Procedures\Procedure_achats.pdf","Procedure_achats.pdf",".pdf","1668","2020-12-08T00:55:04","65","Modifié le 08/12/2020"
"NOM_RESERVE","Bloquant","Nommage et chemins","Commun","05_Commun","Fichier","C:\DemoMigration\FileServer\05_Commun\Procedures\_vti_config_intranet.txt","05_Commun\Procedures\_vti_config_intranet.txt","_vti_config_intranet.txt",".txt","6","2026-09-16T09:12:00","69","Nom : _vti_config_intranet.txt"
"ANCIEN","Information","Nettoyage (ROT)","Archives","06_Archives","Fichier","C:\DemoMigration\FileServer\06_Archives\2009\Dossier_Boulangeries_009.xlsx","06_Archives\2009\Dossier_Boulangeries_009.xlsx","Dossier_Boulangeries_009.xlsx",".xlsx","4914","2009-08-06T11:11:37","70","Modifié le 06/08/2009"
"ANCIEN","Information","Nettoyage (ROT)","Archives","06_Archives","Fichier","C:\DemoMigration\FileServer\06_Archives\2009\Dossier_Boulangeries_012.pdf","06_Archives\2009\Dossier_Boulangeries_012.pdf","Dossier_Boulangeries_012.pdf",".pdf","1624","2009-10-05T03:20:51","69","Modifié le 05/10/2009"
"ANCIEN","Information","Nettoyage (ROT)","Archives","06_Archives","Fichier","C:\DemoMigration\FileServer\06_Archives\2009\Dossier_Boulangeries_016.pdf","06_Archives\2009\Dossier_Boulangeries_016.pdf","Dossier_Boulangeries_016.pdf",".pdf","1624","2009-08-25T17:49:55","69","Modifié le 25/08/2009"
"ANCIEN","Information","Nettoyage (ROT)","Archives","06_Archives","Fichier","C:\DemoMigration\FileServer\06_Archives\2009\Dossier_Boulangeries_026.pdf","06_Archives\2009\Dossier_Boulangeries_026.pdf","Dossier_Boulangeries_026.pdf",".pdf","1625","2009-12-08T11:40:54","69","Modifié le 08/12/2009"
"ANCIEN","Information","Nettoyage (ROT)","Archives","06_Archives","Fichier","C:\DemoMigration\FileServer\06_Archives\2009\Dossier_Cabinet_000.xlsx","06_Archives\2009\Dossier_Cabinet_000.xlsx","Dossier_Cabinet_000.xlsx",".xlsx","4914","2009-03-14T06:11:11","65","Modifié le 14/03/2009"
"ANCIEN","Information","Nettoyage (ROT)","Archives","06_Archives","Fichier","C:\DemoMigration\FileServer\06_Archives\2009\Dossier_Cabinet_001.txt","06_Archives\2009\Dossier_Cabinet_001.txt","Dossier_Cabinet_001.txt",".txt","31","2009-10-18T00:36:47","64","Modifié le 18/10/2009"
"ANCIEN","Information","Nettoyage (ROT)","Archives","06_Archives","Fichier","C:\DemoMigration\FileServer\06_Archives\2009\Dossier_Cabinet_002.pdf","06_Archives\2009\Dossier_Cabinet_002.pdf","Dossier_Cabinet_002.pdf",".pdf","1625","2009-05-24T18:46:47","64","Modifié le 24/05/2009"
"ANCIEN","Information","Nettoyage (ROT)","Archives","06_Archives","Fichier","C:\DemoMigration\FileServer\06_Archives\2009\Dossier_Cabinet_013.xlsx","06_Archives\2009\Dossier_Cabinet_013.xlsx","Dossier_Cabinet_013.xlsx",".xlsx","4914","2009-03-25T13:50:52","65","Modifié le 25/03/2009"
"ANCIEN","Information","Nettoyage (ROT)","Archives","06_Archives","Fichier","C:\DemoMigration\FileServer\06_Archives\2009\Dossier_Cabinet_018.docx","06_Archives\2009\Dossier_Cabinet_018.docx","Dossier_Cabinet_018.docx",".docx","36709","2009-10-11T15:38:17","65","Modifié le 11/10/2009"
"ANCIEN","Information","Nettoyage (ROT)","Archives","06_Archives","Fichier","C:\DemoMigration\FileServer\06_Archives\2009\Dossier_Cabinet_021.txt","06_Archives\2009\Dossier_Cabinet_021.txt","Dossier_Cabinet_021.txt",".txt","31","2009-05-29T01:53:13","64","Modifié le 29/05/2009"
"ANCIEN","Information","Nettoyage (ROT)","Archives","06_Archives","Fichier","C:\DemoMigration\FileServer\06_Archives\2009\Dossier_Clinique_015.txt","06_Archives\2009\Dossier_Clinique_015.txt","Dossier_Clinique_015.txt",".txt","31","2009-10-25T14:26:09","65","Modifié le 25/10/2009"
"ANCIEN","Information","Nettoyage (ROT)","Archives","06_Archives","Fichier","C:\DemoMigration\FileServer\06_Archives\2009\Dossier_Clinique_019.xlsx","06_Archives\2009\Dossier_Clinique_019.xlsx","Dossier_Clinique_019.xlsx",".xlsx","4913","2009-11-21T13:39:21","66","Modifié le 21/11/2009"
"ANCIEN","Information","Nettoyage (ROT)","Archives","06_Archives","Fichier","C:\DemoMigration\FileServer\06_Archives\2009\Dossier_Clinique_022.pdf","06_Archives\2009\Dossier_Clinique_022.pdf","Dossier_Clinique_022.pdf",".pdf","1625","2009-02-07T05:30:38","65","Modifié le 07/02/2009"
"ANCIEN","Information","Nettoyage (ROT)","Archives","06_Archives","Fichier","C:\DemoMigration\FileServer\06_Archives\2009\Dossier_Hôtel_004.pdf","06_Archives\2009\Dossier_Hôtel_004.pdf","Dossier_Hôtel_004.pdf",".pdf","1624","2009-11-05T23:07:45","62","Modifié le 05/11/2009"
"ANCIEN","Information","Nettoyage (ROT)","Archives","06_Archives","Fichier","C:\DemoMigration\FileServer\06_Archives\2009\Dossier_Hôtel_024.txt","06_Archives\2009\Dossier_Hôtel_024.txt","Dossier_Hôtel_024.txt",".txt","31","2009-03-30T00:26:23","62","Modifié le 30/03/2009"
"ANCIEN","Information","Nettoyage (ROT)","Archives","06_Archives","Fichier","C:\DemoMigration\FileServer\06_Archives\2009\Dossier_Laboratoires_003.pdf","06_Archives\2009\Dossier_Laboratoires_003.pdf","Dossier_Laboratoires_003.pdf",".pdf","1624","2009-01-30T22:04:08","69","Modifié le 30/01/2009"
"ANCIEN","Information","Nettoyage (ROT)","Archives","06_Archives","Fichier","C:\DemoMigration\FileServer\06_Archives\2009\Dossier_Laboratoires_006.xlsx","06_Archives\2009\Dossier_Laboratoires_006.xlsx","Dossier_Laboratoires_006.xlsx",".xlsx","4912","2009-10-06T16:11:10","70","Modifié le 06/10/2009"
"ANCIEN","Information","Nettoyage (ROT)","Archives","06_Archives","Fichier","C:\DemoMigration\FileServer\06_Archives\2009\Dossier_Laboratoires_010.docx","06_Archives\2009\Dossier_Laboratoires_010.docx","Dossier_Laboratoires_010.docx",".docx","36709","2009-07-05T02:28:49","70","Modifié le 05/07/2009"
"ANCIEN","Information","Nettoyage (ROT)","Archives","06_Archives","Fichier","C:\DemoMigration\FileServer\06_Archives\2009\Dossier_Laboratoires_011.docx","06_Archives\2009\Dossier_Laboratoires_011.docx","Dossier_Laboratoires_011.docx",".docx","36708","2009-01-26T09:41:27","70","Modifié le 26/01/2009"
"ANCIEN","Information","Nettoyage (ROT)","Archives","06_Archives","Fichier","C:\DemoMigration\FileServer\06_Archives\2009\Dossier_Laboratoires_014.pdf","06_Archives\2009\Dossier_Laboratoires_014.pdf","Dossier_Laboratoires_014.pdf",".pdf","1624","2009-04-01T07:39:24","69","Modifié le 01/04/2009"
"ANCIEN","Information","Nettoyage (ROT)","Archives","06_Archives","Fichier","C:\DemoMigration\FileServer\06_Archives\2009\Dossier_Laboratoires_025.docx","06_Archives\2009\Dossier_Laboratoires_025.docx","Dossier_Laboratoires_025.docx",".docx","36708","2009-06-25T10:24:19","70","Modifié le 25/06/2009"
"ANCIEN","Information","Nettoyage (ROT)","Archives","06_Archives","Fichier","C:\DemoMigration\FileServer\06_Archives\2009\Dossier_Laboratoires_027.docx","06_Archives\2009\Dossier_Laboratoires_027.docx","Dossier_Laboratoires_027.docx",".docx","36708","2009-02-07T02:02:03","70","Modifié le 07/02/2009"
"ANCIEN","Information","Nettoyage (ROT)","Archives","06_Archives","Fichier","C:\DemoMigration\FileServer\06_Archives\2009\Dossier_Menuiserie_023.txt","06_Archives\2009\Dossier_Menuiserie_023.txt","Dossier_Menuiserie_023.txt",".txt","31","2009-07-14T01:22:19","67","Modifié le 14/07/2009"
"ANCIEN","Information","Nettoyage (ROT)","Archives","06_Archives","Fichier","C:\DemoMigration\FileServer\06_Archives\2009\Dossier_Pharmacie_005.docx","06_Archives\2009\Dossier_Pharmacie_005.docx","Dossier_Pharmacie_005.docx",".docx","36708","2009-07-27T21:54:57","67","Modifié le 27/07/2009"
"ANCIEN","Information","Nettoyage (ROT)","Archives","06_Archives","Fichier","C:\DemoMigration\FileServer\06_Archives\2009\Dossier_Pharmacie_007.xlsx","06_Archives\2009\Dossier_Pharmacie_007.xlsx","Dossier_Pharmacie_007.xlsx",".xlsx","4913","2009-04-15T12:30:19","67","Modifié le 15/04/2009"
"ANCIEN","Information","Nettoyage (ROT)","Archives","06_Archives","Fichier","C:\DemoMigration\FileServer\06_Archives\2009\Dossier_Pharmacie_008.txt","06_Archives\2009\Dossier_Pharmacie_008.txt","Dossier_Pharmacie_008.txt",".txt","31","2009-07-13T01:36:53","66","Modifié le 13/07/2009"
"ANCIEN","Information","Nettoyage (ROT)","Archives","06_Archives","Fichier","C:\DemoMigration\FileServer\06_Archives\2009\Dossier_Transports_017.pdf","06_Archives\2009\Dossier_Transports_017.pdf","Dossier_Transports_017.pdf",".pdf","1625","2009-10-28T19:59:24","67","Modifié le 28/10/2009"
"ANCIEN","Information","Nettoyage (ROT)","Archives","06_Archives","Fichier","C:\DemoMigration\FileServer\06_Archives\2009\Dossier_Transports_020.txt","06_Archives\2009\Dossier_Transports_020.txt","Dossier_Transports_020.txt",".txt","31","2009-05-09T20:30:28","67","Modifié le 09/05/2009"
"ANCIEN","Information","Nettoyage (ROT)","Archives","06_Archives","Fichier","C:\DemoMigration\FileServer\06_Archives\2010\Dossier_Boulangeries_005.docx","06_Archives\2010\Dossier_Boulangeries_005.docx","Dossier_Boulangeries_005.docx",".docx","36708","2010-12-30T05:33:46","70","Modifié le 30/12/2010"
"ANCIEN","Information","Nettoyage (ROT)","Archives","06_Archives","Fichier","C:\DemoMigration\FileServer\06_Archives\2010\Dossier_Cabinet_011.xlsx","06_Archives\2010\Dossier_Cabinet_011.xlsx","Dossier_Cabinet_011.xlsx",".xlsx","4915","2010-01-17T03:39:01","65","Modifié le 17/01/2010"
"ANCIEN","Information","Nettoyage (ROT)","Archives","06_Archives","Fichier","C:\DemoMigration\FileServer\06_Archives\2010\Dossier_Clinique_002.txt","06_Archives\2010\Dossier_Clinique_002.txt","Dossier_Clinique_002.txt",".txt","31","2010-07-27T20:33:21","65","Modifié le 27/07/2010"
"ANCIEN","Information","Nettoyage (ROT)","Archives","06_Archives","Fichier","C:\DemoMigration\FileServer\06_Archives\2010\Dossier_Clinique_003.docx","06_Archives\2010\Dossier_Clinique_003.docx","Dossier_Clinique_003.docx",".docx","36708","2010-08-21T21:46:47","66","Modifié le 21/08/2010"
"ANCIEN","Information","Nettoyage (ROT)","Archives","06_Archives","Fichier","C:\DemoMigration\FileServer\06_Archives\2010\Dossier_Clinique_004.txt","06_Archives\2010\Dossier_Clinique_004.txt","Dossier_Clinique_004.txt",".txt","31","2010-07-17T00:38:47","65","Modifié le 17/07/2010"
"ANCIEN","Information","Nettoyage (ROT)","Archives","06_Archives","Fichier","C:\DemoMigration\FileServer\06_Archives\2010\Dossier_Hôtel_013.txt","06_Archives\2010\Dossier_Hôtel_013.txt","Dossier_Hôtel_013.txt",".txt","31","2010-04-20T17:39:52","62","Modifié le 20/04/2010"
"ANCIEN","Information","Nettoyage (ROT)","Archives","06_Archives","Fichier","C:\DemoMigration\FileServer\06_Archives\2010\Dossier_Laboratoires_000.docx","06_Archives\2010\Dossier_Laboratoires_000.docx","Dossier_Laboratoires_000.docx",".docx","36707","2010-05-30T10:09:45","70","Modifié le 30/05/2010"
"ANCIEN","Information","Nettoyage (ROT)","Archives","06_Archives","Fichier","C:\DemoMigration\FileServer\06_Archives\2010\Dossier_Laboratoires_010.xlsx","06_Archives\2010\Dossier_Laboratoires_010.xlsx","Dossier_Laboratoires_010.xlsx",".xlsx","4915","2010-02-24T21:46:11","70","Modifié le 24/02/2010"
"ANCIEN","Information","Nettoyage (ROT)","Archives","06_Archives","Fichier","C:\DemoMigration\FileServer\06_Archives\2010\Dossier_Menuiserie_006.pdf","06_Archives\2010\Dossier_Menuiserie_006.pdf","Dossier_Menuiserie_006.pdf",".pdf","1625","2010-02-11T20:32:06","67","Modifié le 11/02/2010"
"ANCIEN","Information","Nettoyage (ROT)","Archives","06_Archives","Fichier","C:\DemoMigration\FileServer\06_Archives\2010\Dossier_Menuiserie_014.xlsx","06_Archives\2010\Dossier_Menuiserie_014.xlsx","Dossier_Menuiserie_014.xlsx",".xlsx","4915","2010-09-01T05:54:18","68","Modifié le 01/09/2010"
"ANCIEN","Information","Nettoyage (ROT)","Archives","06_Archives","Fichier","C:\DemoMigration\FileServer\06_Archives\2010\Dossier_Pharmacie_008.pdf","06_Archives\2010\Dossier_Pharmacie_008.pdf","Dossier_Pharmacie_008.pdf",".pdf","1625","2010-12-27T15:14:22","66","Modifié le 27/12/2010"
"ANCIEN","Information","Nettoyage (ROT)","Archives","06_Archives","Fichier","C:\DemoMigration\FileServer\06_Archives\2010\Dossier_Transports_001.pdf","06_Archives\2010\Dossier_Transports_001.pdf","Dossier_Transports_001.pdf",".pdf","1624","2010-03-08T22:49:07","67","Modifié le 08/03/2010"
"ANCIEN","Information","Nettoyage (ROT)","Archives","06_Archives","Fichier","C:\DemoMigration\FileServer\06_Archives\2010\Dossier_Transports_007.xlsx","06_Archives\2010\Dossier_Transports_007.xlsx","Dossier_Transports_007.xlsx",".xlsx","4916","2010-07-13T06:26:38","68","Modifié le 13/07/2010"
"ANCIEN","Information","Nettoyage (ROT)","Archives","06_Archives","Fichier","C:\DemoMigration\FileServer\06_Archives\2010\Dossier_Transports_009.txt","06_Archives\2010\Dossier_Transports_009.txt","Dossier_Transports_009.txt",".txt","31","2010-09-17T16:46:59","67","Modifié le 17/09/2010"
"ANCIEN","Information","Nettoyage (ROT)","Archives","06_Archives","Fichier","C:\DemoMigration\FileServer\06_Archives\2010\Dossier_Transports_012.docx","06_Archives\2010\Dossier_Transports_012.docx","Dossier_Transports_012.docx",".docx","36708","2010-09-15T16:23:08","68","Modifié le 15/09/2010"
"ANCIEN","Information","Nettoyage (ROT)","Archives","06_Archives","Fichier","C:\DemoMigration\FileServer\06_Archives\2011\Dossier_Boulangeries_002.pdf","06_Archives\2011\Dossier_Boulangeries_002.pdf","Dossier_Boulangeries_002.pdf",".pdf","1624","2011-07-24T21:07:24","69","Modifié le 24/07/2011"
"ANCIEN","Information","Nettoyage (ROT)","Archives","06_Archives","Fichier","C:\DemoMigration\FileServer\06_Archives\2011\Dossier_Boulangeries_007.pdf","06_Archives\2011\Dossier_Boulangeries_007.pdf","Dossier_Boulangeries_007.pdf",".pdf","1625","2011-12-20T15:59:09","69","Modifié le 20/12/2011"
"ANCIEN","Information","Nettoyage (ROT)","Archives","06_Archives","Fichier","C:\DemoMigration\FileServer\06_Archives\2011\Dossier_Boulangeries_010.docx","06_Archives\2011\Dossier_Boulangeries_010.docx","Dossier_Boulangeries_010.docx",".docx","36707","2011-12-25T02:28:03","70","Modifié le 25/12/2011"
"ANCIEN","Information","Nettoyage (ROT)","Archives","06_Archives","Fichier","C:\DemoMigration\FileServer\06_Archives\2011\Dossier_Boulangeries_013.txt","06_Archives\2011\Dossier_Boulangeries_013.txt","Dossier_Boulangeries_013.txt",".txt","31","2011-03-02T13:21:48","69","Modifié le 02/03/2011"
"ANCIEN","Information","Nettoyage (ROT)","Archives","06_Archives","Fichier","C:\DemoMigration\FileServer\06_Archives\2011\Dossier_Boulangeries_016.txt","06_Archives\2011\Dossier_Boulangeries_016.txt","Dossier_Boulangeries_016.txt",".txt","31","2011-06-11T12:21:04","69","Modifié le 11/06/2011"
"ANCIEN","Information","Nettoyage (ROT)","Archives","06_Archives","Fichier","C:\DemoMigration\FileServer\06_Archives\2011\Dossier_Cabinet_001.txt","06_Archives\2011\Dossier_Cabinet_001.txt","Dossier_Cabinet_001.txt",".txt","31","2011-04-29T19:10:19","64","Modifié le 29/04/2011"
"ANCIEN","Information","Nettoyage (ROT)","Archives","06_Archives","Fichier","C:\DemoMigration\FileServer\06_Archives\2011\Dossier_Cabinet_006.docx","06_Archives\2011\Dossier_Cabinet_006.docx","Dossier_Cabinet_006.docx",".docx","36707","2011-10-14T19:41:33","65","Modifié le 14/10/2011"
"ANCIEN","Information","Nettoyage (ROT)","Archives","06_Archives","Fichier","C:\DemoMigration\FileServer\06_Archives\2011\Dossier_Cabinet_014.pdf","06_Archives\2011\Dossier_Cabinet_014.pdf","Dossier_Cabinet_014.pdf",".pdf","1625","2011-09-22T05:44:51","64","Modifié le 22/09/2011"
"ANCIEN","Information","Nettoyage (ROT)","Archives","06_Archives","Fichier","C:\DemoMigration\FileServer\06_Archives\2011\Dossier_Cabinet_018.docx","06_Archives\2011\Dossier_Cabinet_018.docx","Dossier_Cabinet_018.docx",".docx","36709","2011-01-17T05:35:53","65","Modifié le 17/01/2011"
"ANCIEN","Information","Nettoyage (ROT)","Archives","06_Archives","Fichier","C:\DemoMigration\FileServer\06_Archives\2011\Dossier_Clinique_012.pdf","06_Archives\2011\Dossier_Clinique_012.pdf","Dossier_Clinique_012.pdf",".pdf","1625","2011-06-01T10:16:42","65","Modifié le 01/06/2011"
"ANCIEN","Information","Nettoyage (ROT)","Archives","06_Archives","Fichier","C:\DemoMigration\FileServer\06_Archives\2011\Dossier_Clinique_026.txt","06_Archives\2011\Dossier_Clinique_026.txt","Dossier_Clinique_026.txt",".txt","31","2011-02-02T11:16:59","65","Modifié le 02/02/2011"
"ANCIEN","Information","Nettoyage (ROT)","Archives","06_Archives","Fichier","C:\DemoMigration\FileServer\06_Archives\2011\Dossier_Hôtel_008.xlsx","06_Archives\2011\Dossier_Hôtel_008.xlsx","Dossier_Hôtel_008.xlsx",".xlsx","4915","2011-10-04T16:08:52","63","Modifié le 04/10/2011"
"ANCIEN","Information","Nettoyage (ROT)","Archives","06_Archives","Fichier","C:\DemoMigration\FileServer\06_Archives\2011\Dossier_Hôtel_015.pdf","06_Archives\2011\Dossier_Hôtel_015.pdf","Dossier_Hôtel_015.pdf",".pdf","1623","2011-12-08T05:54:03","62","Modifié le 08/12/2011"
"ANCIEN","Information","Nettoyage (ROT)","Archives","06_Archives","Fichier","C:\DemoMigration\FileServer\06_Archives\2011\Dossier_Hôtel_017.pdf","06_Archives\2011\Dossier_Hôtel_017.pdf","Dossier_Hôtel_017.pdf",".pdf","1624","2011-11-14T04:25:31","62","Modifié le 14/11/2011"
"ANCIEN","Information","Nettoyage (ROT)","Archives","06_Archives","Fichier","C:\DemoMigration\FileServer\06_Archives\2011\Dossier_Hôtel_019.xlsx","06_Archives\2011\Dossier_Hôtel_019.xlsx","Dossier_Hôtel_019.xlsx",".xlsx","4915","2011-01-28T09:20:04","63","Modifié le 28/01/2011"
"ANCIEN","Information","Nettoyage (ROT)","Archives","06_Archives","Fichier","C:\DemoMigration\FileServer\06_Archives\2011\Dossier_Laboratoires_004.xlsx","06_Archives\2011\Dossier_Laboratoires_004.xlsx","Dossier_Laboratoires_004.xlsx",".xlsx","4915","2011-10-15T02:22:30","70","Modifié le 15/10/2011"
"ANCIEN","Information","Nettoyage (ROT)","Archives","06_Archives","Fichier","C:\DemoMigration\FileServer\06_Archives\2011\Dossier_Menuiserie_003.docx","06_Archives\2011\Dossier_Menuiserie_003.docx","Dossier_Menuiserie_003.docx",".docx","36708","2011-12-13T10:54:18","68","Modifié le 13/12/2011"
"ANCIEN","Information","Nettoyage (ROT)","Archives","06_Archives","Fichier","C:\DemoMigration\FileServer\06_Archives\2011\Dossier_Menuiserie_005.docx","06_Archives\2011\Dossier_Menuiserie_005.docx","Dossier_Menuiserie_005.docx",".docx","36708","2011-05-30T11:32:27","68","Modifié le 30/05/2011"
"ANCIEN","Information","Nettoyage (ROT)","Archives","06_Archives","Fichier","C:\DemoMigration\FileServer\06_Archives\2011\Dossier_Menuiserie_011.docx","06_Archives\2011\Dossier_Menuiserie_011.docx","Dossier_Menuiserie_011.docx",".docx","36709","2011-01-02T20:10:07","68","Modifié le 02/01/2011"
"ANCIEN","Information","Nettoyage (ROT)","Archives","06_Archives","Fichier","C:\DemoMigration\FileServer\06_Archives\2011\Dossier_Menuiserie_021.xlsx","06_Archives\2011\Dossier_Menuiserie_021.xlsx","Dossier_Menuiserie_021.xlsx",".xlsx","4915","2011-09-22T10:30:00","68","Modifié le 22/09/2011"
"ANCIEN","Information","Nettoyage (ROT)","Archives","06_Archives","Fichier","C:\DemoMigration\FileServer\06_Archives\2011\Dossier_Menuiserie_022.txt","06_Archives\2011\Dossier_Menuiserie_022.txt","Dossier_Menuiserie_022.txt",".txt","31","2011-07-28T06:18:22","67","Modifié le 28/07/2011"
"ANCIEN","Information","Nettoyage (ROT)","Archives","06_Archives","Fichier","C:\DemoMigration\FileServer\06_Archives\2011\Dossier_Pharmacie_000.docx","06_Archives\2011\Dossier_Pharmacie_000.docx","Dossier_Pharmacie_000.docx",".docx","36708","2011-01-10T06:09:01","67","Modifié le 10/01/2011"
"ANCIEN","Information","Nettoyage (ROT)","Archives","06_Archives","Fichier","C:\DemoMigration\FileServer\06_Archives\2011\Dossier_Pharmacie_009.xlsx","06_Archives\2011\Dossier_Pharmacie_009.xlsx","Dossier_Pharmacie_009.xlsx",".xlsx","4914","2011-03-22T06:55:40","67","Modifié le 22/03/2011"
"ANCIEN","Information","Nettoyage (ROT)","Archives","06_Archives","Fichier","C:\DemoMigration\FileServer\06_Archives\2011\Dossier_Pharmacie_020.xlsx","06_Archives\2011\Dossier_Pharmacie_020.xlsx","Dossier_Pharmacie_020.xlsx",".xlsx","4914","2011-01-26T19:49:40","67","Modifié le 26/01/2011"
"ANCIEN","Information","Nettoyage (ROT)","Archives","06_Archives","Fichier","C:\DemoMigration\FileServer\06_Archives\2011\Dossier_Pharmacie_024.docx","06_Archives\2011\Dossier_Pharmacie_024.docx","Dossier_Pharmacie_024.docx",".docx","36708","2011-03-19T23:28:53","67","Modifié le 19/03/2011"
"ANCIEN","Information","Nettoyage (ROT)","Archives","06_Archives","Fichier","C:\DemoMigration\FileServer\06_Archives\2011\Dossier_Pharmacie_025.txt","06_Archives\2011\Dossier_Pharmacie_025.txt","Dossier_Pharmacie_025.txt",".txt","31","2011-02-12T11:09:32","66","Modifié le 12/02/2011"
"ANCIEN","Information","Nettoyage (ROT)","Archives","06_Archives","Fichier","C:\DemoMigration\FileServer\06_Archives\2011\Dossier_Transports_023.pdf","06_Archives\2011\Dossier_Transports_023.pdf","Dossier_Transports_023.pdf",".pdf","1624","2011-10-23T12:56:03","67","Modifié le 23/10/2011"
"HORS_LIGNE","À traiter","Accès aux fichiers","Archives","06_Archives","Fichier","C:\DemoMigration\FileServer\06_Archives\2012\Archive_hors_ligne.pdf","06_Archives\2012\Archive_hors_ligne.pdf","Archive_hors_ligne.pdf",".pdf","23","2026-09-16T09:12:00","63","Offline"
"ANCIEN","Information","Nettoyage (ROT)","Archives","06_Archives","Fichier","C:\DemoMigration\FileServer\06_Archives\2012\Dossier_Boulangeries_002.docx","06_Archives\2012\Dossier_Boulangeries_002.docx","Dossier_Boulangeries_002.docx",".docx","36708","2012-02-29T07:21:55","70","Modifié le 29/02/2012"
"ANCIEN","Information","Nettoyage (ROT)","Archives","06_Archives","Fichier","C:\DemoMigration\FileServer\06_Archives\2012\Dossier_Boulangeries_006.txt","06_Archives\2012\Dossier_Boulangeries_006.txt","Dossier_Boulangeries_006.txt",".txt","31","2012-12-04T09:27:08","69","Modifié le 04/12/2012"
"ANCIEN","Information","Nettoyage (ROT)","Archives","06_Archives","Fichier","C:\DemoMigration\FileServer\06_Archives\2012\Dossier_Boulangeries_013.docx","06_Archives\2012\Dossier_Boulangeries_013.docx","Dossier_Boulangeries_013.docx",".docx","36708","2012-09-08T23:50:16","70","Modifié le 08/09/2012"
"ANCIEN","Information","Nettoyage (ROT)","Archives","06_Archives","Fichier","C:\DemoMigration\FileServer\06_Archives\2012\Dossier_Cabinet_004.docx","06_Archives\2012\Dossier_Cabinet_004.docx","Dossier_Cabinet_004.docx",".docx","36707","2012-05-27T14:10:36","65","Modifié le 27/05/2012"
"ANCIEN","Information","Nettoyage (ROT)","Archives","06_Archives","Fichier","C:\DemoMigration\FileServer\06_Archives\2012\Dossier_Cabinet_011.docx","06_Archives\2012\Dossier_Cabinet_011.docx","Dossier_Cabinet_011.docx",".docx","36707","2012-01-02T07:53:08","65","Modifié le 02/01/2012"
"ANCIEN","Information","Nettoyage (ROT)","Archives","06_Archives","Fichier","C:\DemoMigration\FileServer\06_Archives\2012\Dossier_Cabinet_018.xlsx","06_Archives\2012\Dossier_Cabinet_018.xlsx","Dossier_Cabinet_018.xlsx",".xlsx","4915","2012-04-09T21:22:47","65","Modifié le 09/04/2012"
"ANCIEN","Information","Nettoyage (ROT)","Archives","06_Archives","Fichier","C:\DemoMigration\FileServer\06_Archives\2012\Dossier_Cabinet_019.docx","06_Archives\2012\Dossier_Cabinet_019.docx","Dossier_Cabinet_019.docx",".docx","36708","2012-11-08T19:20:33","65","Modifié le 08/11/2012"
"ANCIEN","Information","Nettoyage (ROT)","Archives","06_Archives","Fichier","C:\DemoMigration\FileServer\06_Archives\2012\Dossier_Cabinet_020.txt","06_Archives\2012\Dossier_Cabinet_020.txt","Dossier_Cabinet_020.txt",".txt","31","2012-10-03T00:04:19","64","Modifié le 03/10/2012"
"ANCIEN","Information","Nettoyage (ROT)","Archives","06_Archives","Fichier","C:\DemoMigration\FileServer\06_Archives\2012\Dossier_Clinique_007.pdf","06_Archives\2012\Dossier_Clinique_007.pdf","Dossier_Clinique_007.pdf",".pdf","1624","2012-02-25T16:14:39","65","Modifié le 25/02/2012"
"ANCIEN","Information","Nettoyage (ROT)","Archives","06_Archives","Fichier","C:\DemoMigration\FileServer\06_Archives\2012\Dossier_Clinique_009.docx","06_Archives\2012\Dossier_Clinique_009.docx","Dossier_Clinique_009.docx",".docx","36708","2012-10-08T04:54:31","66","Modifié le 08/10/2012"
"ANCIEN","Information","Nettoyage (ROT)","Archives","06_Archives","Fichier","C:\DemoMigration\FileServer\06_Archives\2012\Dossier_Clinique_010.docx","06_Archives\2012\Dossier_Clinique_010.docx","Dossier_Clinique_010.docx",".docx","36708","2012-12-16T02:46:18","66","Modifié le 16/12/2012"
"ANCIEN","Information","Nettoyage (ROT)","Archives","06_Archives","Fichier","C:\DemoMigration\FileServer\06_Archives\2012\Dossier_Clinique_021.txt","06_Archives\2012\Dossier_Clinique_021.txt","Dossier_Clinique_021.txt",".txt","31","2012-11-22T06:37:44","65","Modifié le 22/11/2012"
"ANCIEN","Information","Nettoyage (ROT)","Archives","06_Archives","Fichier","C:\DemoMigration\FileServer\06_Archives\2012\Dossier_Hôtel_001.docx","06_Archives\2012\Dossier_Hôtel_001.docx","Dossier_Hôtel_001.docx",".docx","36709","2012-10-25T11:23:52","63","Modifié le 25/10/2012"
"ANCIEN","Information","Nettoyage (ROT)","Archives","06_Archives","Fichier","C:\DemoMigration\FileServer\06_Archives\2012\Dossier_Hôtel_005.docx","06_Archives\2012\Dossier_Hôtel_005.docx","Dossier_Hôtel_005.docx",".docx","36708","2012-03-12T10:39:39","63","Modifié le 12/03/2012"
"ANCIEN","Information","Nettoyage (ROT)","Archives","06_Archives","Fichier","C:\DemoMigration\FileServer\06_Archives\2012\Dossier_Hôtel_012.docx","06_Archives\2012\Dossier_Hôtel_012.docx","Dossier_Hôtel_012.docx",".docx","36708","2012-10-22T23:59:51","63","Modifié le 22/10/2012"
"ANCIEN","Information","Nettoyage (ROT)","Archives","06_Archives","Fichier","C:\DemoMigration\FileServer\06_Archives\2012\Dossier_Hôtel_017.pdf","06_Archives\2012\Dossier_Hôtel_017.pdf","Dossier_Hôtel_017.pdf",".pdf","1625","2012-02-26T01:58:28","62","Modifié le 26/02/2012"
"ANCIEN","Information","Nettoyage (ROT)","Archives","06_Archives","Fichier","C:\DemoMigration\FileServer\06_Archives\2012\Dossier_Laboratoires_000.txt","06_Archives\2012\Dossier_Laboratoires_000.txt","Dossier_Laboratoires_000.txt",".txt","31","2012-06-19T03:28:03","69","Modifié le 19/06/2012"
"ANCIEN","Information","Nettoyage (ROT)","Archives","06_Archives","Fichier","C:\DemoMigration\FileServer\06_Archives\2012\Dossier_Laboratoires_003.xlsx","06_Archives\2012\Dossier_Laboratoires_003.xlsx","Dossier_Laboratoires_003.xlsx",".xlsx","4915","2012-06-28T10:28:56","70","Modifié le 28/06/2012"
"ANCIEN","Information","Nettoyage (ROT)","Archives","06_Archives","Fichier","C:\DemoMigration\FileServer\06_Archives\2012\Dossier_Menuiserie_014.txt","06_Archives\2012\Dossier_Menuiserie_014.txt","Dossier_Menuiserie_014.txt",".txt","31","2012-09-23T06:20:53","67","Modifié le 23/09/2012"
"ANCIEN","Information","Nettoyage (ROT)","Archives","06_Archives","Fichier","C:\DemoMigration\FileServer\06_Archives\2012\Dossier_Pharmacie_015.xlsx","06_Archives\2012\Dossier_Pharmacie_015.xlsx","Dossier_Pharmacie_015.xlsx",".xlsx","4914","2012-08-25T21:55:30","67","Modifié le 25/08/2012"
"ANCIEN","Information","Nettoyage (ROT)","Archives","06_Archives","Fichier","C:\DemoMigration\FileServer\06_Archives\2012\Dossier_Pharmacie_016.txt","06_Archives\2012\Dossier_Pharmacie_016.txt","Dossier_Pharmacie_016.txt",".txt","31","2012-12-23T01:40:34","66","Modifié le 23/12/2012"
"ANCIEN","Information","Nettoyage (ROT)","Archives","06_Archives","Fichier","C:\DemoMigration\FileServer\06_Archives\2012\Dossier_Transports_008.docx","06_Archives\2012\Dossier_Transports_008.docx","Dossier_Transports_008.docx",".docx","36708","2012-09-22T22:27:07","68","Modifié le 22/09/2012"
"ANCIEN","Information","Nettoyage (ROT)","Archives","06_Archives","Fichier","C:\DemoMigration\FileServer\06_Archives\2013\Dossier_Boulangeries_007.txt","06_Archives\2013\Dossier_Boulangeries_007.txt","Dossier_Boulangeries_007.txt",".txt","31","2013-03-19T10:38:00","69","Modifié le 19/03/2013"
"ANCIEN","Information","Nettoyage (ROT)","Archives","06_Archives","Fichier","C:\DemoMigration\FileServer\06_Archives\2013\Dossier_Boulangeries_009.txt","06_Archives\2013\Dossier_Boulangeries_009.txt","Dossier_Boulangeries_009.txt",".txt","31","2013-09-27T12:15:56","69","Modifié le 27/09/2013"
"ANCIEN","Information","Nettoyage (ROT)","Archives","06_Archives","Fichier","C:\DemoMigration\FileServer\06_Archives\2013\Dossier_Boulangeries_015.docx","06_Archives\2013\Dossier_Boulangeries_015.docx","Dossier_Boulangeries_015.docx",".docx","36709","2013-05-09T17:53:03","70","Modifié le 09/05/2013"
"ANCIEN","Information","Nettoyage (ROT)","Archives","06_Archives","Fichier","C:\DemoMigration\FileServer\06_Archives\2013\Dossier_Cabinet_000.txt","06_Archives\2013\Dossier_Cabinet_000.txt","Dossier_Cabinet_000.txt",".txt","31","2013-06-28T20:55:51","64","Modifié le 28/06/2013"
"ANCIEN","Information","Nettoyage (ROT)","Archives","06_Archives","Fichier","C:\DemoMigration\FileServer\06_Archives\2013\Dossier_Cabinet_008.xlsx","06_Archives\2013\Dossier_Cabinet_008.xlsx","Dossier_Cabinet_008.xlsx",".xlsx","4916","2013-12-30T22:36:35","65","Modifié le 30/12/2013"
"ANCIEN","Information","Nettoyage (ROT)","Archives","06_Archives","Fichier","C:\DemoMigration\FileServer\06_Archives\2013\Dossier_Cabinet_011.xlsx","06_Archives\2013\Dossier_Cabinet_011.xlsx","Dossier_Cabinet_011.xlsx",".xlsx","4915","2013-08-12T08:01:58","65","Modifié le 12/08/2013"
"ANCIEN","Information","Nettoyage (ROT)","Archives","06_Archives","Fichier","C:\DemoMigration\FileServer\06_Archives\2013\Dossier_Cabinet_012.xlsx","06_Archives\2013\Dossier_Cabinet_012.xlsx","Dossier_Cabinet_012.xlsx",".xlsx","4916","2013-05-03T21:54:25","65","Modifié le 03/05/2013"
"ANCIEN","Information","Nettoyage (ROT)","Archives","06_Archives","Fichier","C:\DemoMigration\FileServer\06_Archives\2013\Dossier_Cabinet_020.xlsx","06_Archives\2013\Dossier_Cabinet_020.xlsx","Dossier_Cabinet_020.xlsx",".xlsx","4916","2013-02-15T23:56:42","65","Modifié le 15/02/2013"
"ANCIEN","Information","Nettoyage (ROT)","Archives","06_Archives","Fichier","C:\DemoMigration\FileServer\06_Archives\2013\Dossier_Cabinet_024.txt","06_Archives\2013\Dossier_Cabinet_024.txt","Dossier_Cabinet_024.txt",".txt","31","2013-07-05T04:50:39","64","Modifié le 05/07/2013"
"ANCIEN","Information","Nettoyage (ROT)","Archives","06_Archives","Fichier","C:\DemoMigration\FileServer\06_Archives\2013\Dossier_Clinique_002.txt","06_Archives\2013\Dossier_Clinique_002.txt","Dossier_Clinique_002.txt",".txt","31","2013-10-08T21:42:59","65","Modifié le 08/10/2013"
"ANCIEN","Information","Nettoyage (ROT)","Archives","06_Archives","Fichier","C:\DemoMigration\FileServer\06_Archives\2013\Dossier_Clinique_021.txt","06_Archives\2013\Dossier_Clinique_021.txt","Dossier_Clinique_021.txt",".txt","31","2013-08-07T03:05:18","65","Modifié le 07/08/2013"
"ANCIEN","Information","Nettoyage (ROT)","Archives","06_Archives","Fichier","C:\DemoMigration\FileServer\06_Archives\2013\Dossier_Hôtel_003.xlsx","06_Archives\2013\Dossier_Hôtel_003.xlsx","Dossier_Hôtel_003.xlsx",".xlsx","4915","2013-08-09T17:44:49","63","Modifié le 09/08/2013"
"ANCIEN","Information","Nettoyage (ROT)","Archives","06_Archives","Fichier","C:\DemoMigration\FileServer\06_Archives\2013\Dossier_Hôtel_016.pdf","06_Archives\2013\Dossier_Hôtel_016.pdf","Dossier_Hôtel_016.pdf",".pdf","1625","2013-10-16T18:42:29","62","Modifié le 16/10/2013"
"ANCIEN","Information","Nettoyage (ROT)","Archives","06_Archives","Fichier","C:\DemoMigration\FileServer\06_Archives\2013\Dossier_Hôtel_022.pdf","06_Archives\2013\Dossier_Hôtel_022.pdf","Dossier_Hôtel_022.pdf",".pdf","1625","2013-02-14T00:35:45","62","Modifié le 14/02/2013"
"ANCIEN","Information","Nettoyage (ROT)","Archives","06_Archives","Fichier","C:\DemoMigration\FileServer\06_Archives\2013\Dossier_Menuiserie_005.pdf","06_Archives\2013\Dossier_Menuiserie_005.pdf","Dossier_Menuiserie_005.pdf",".pdf","1625","2013-03-24T22:05:30","67","Modifié le 24/03/2013"
"ANCIEN","Information","Nettoyage (ROT)","Archives","06_Archives","Fichier","C:\DemoMigration\FileServer\06_Archives\2013\Dossier_Menuiserie_010.xlsx","06_Archives\2013\Dossier_Menuiserie_010.xlsx","Dossier_Menuiserie_010.xlsx",".xlsx","4916","2013-10-17T16:57:36","68","Modifié le 17/10/2013"
"ANCIEN","Information","Nettoyage (ROT)","Archives","06_Archives","Fichier","C:\DemoMigration\FileServer\06_Archives\2013\Dossier_Pharmacie_001.txt","06_Archives\2013\Dossier_Pharmacie_001.txt","Dossier_Pharmacie_001.txt",".txt","31","2013-05-22T04:37:38","66","Modifié le 22/05/2013"
"ANCIEN","Information","Nettoyage (ROT)","Archives","06_Archives","Fichier","C:\DemoMigration\FileServer\06_Archives\2013\Dossier_Pharmacie_004.pdf","06_Archives\2013\Dossier_Pharmacie_004.pdf","Dossier_Pharmacie_004.pdf",".pdf","1624","2013-08-01T21:38:44","66","Modifié le 01/08/2013"
"ANCIEN","Information","Nettoyage (ROT)","Archives","06_Archives","Fichier","C:\DemoMigration\FileServer\06_Archives\2013\Dossier_Pharmacie_006.docx","06_Archives\2013\Dossier_Pharmacie_006.docx","Dossier_Pharmacie_006.docx",".docx","36709","2013-04-27T15:11:16","67","Modifié le 27/04/2013"
"ANCIEN","Information","Nettoyage (ROT)","Archives","06_Archives","Fichier","C:\DemoMigration\FileServer\06_Archives\2013\Dossier_Pharmacie_013.xlsx","06_Archives\2013\Dossier_Pharmacie_013.xlsx","Dossier_Pharmacie_013.xlsx",".xlsx","4916","2013-05-03T19:20:01","67","Modifié le 03/05/2013"
"ANCIEN","Information","Nettoyage (ROT)","Archives","06_Archives","Fichier","C:\DemoMigration\FileServer\06_Archives\2013\Dossier_Pharmacie_018.txt","06_Archives\2013\Dossier_Pharmacie_018.txt","Dossier_Pharmacie_018.txt",".txt","31","2013-05-12T12:10:27","66","Modifié le 12/05/2013"
"ANCIEN","Information","Nettoyage (ROT)","Archives","06_Archives","Fichier","C:\DemoMigration\FileServer\06_Archives\2013\Dossier_Pharmacie_025.pdf","06_Archives\2013\Dossier_Pharmacie_025.pdf","Dossier_Pharmacie_025.pdf",".pdf","1625","2013-08-16T03:34:52","66","Modifié le 16/08/2013"
"ANCIEN","Information","Nettoyage (ROT)","Archives","06_Archives","Fichier","C:\DemoMigration\FileServer\06_Archives\2013\Dossier_Pharmacie_026.docx","06_Archives\2013\Dossier_Pharmacie_026.docx","Dossier_Pharmacie_026.docx",".docx","36708","2013-09-18T21:16:23","67","Modifié le 18/09/2013"
"ANCIEN","Information","Nettoyage (ROT)","Archives","06_Archives","Fichier","C:\DemoMigration\FileServer\06_Archives\2013\Dossier_Transports_014.docx","06_Archives\2013\Dossier_Transports_014.docx","Dossier_Transports_014.docx",".docx","36708","2013-11-02T15:01:11","68","Modifié le 02/11/2013"
"ANCIEN","Information","Nettoyage (ROT)","Archives","06_Archives","Fichier","C:\DemoMigration\FileServer\06_Archives\2013\Dossier_Transports_017.pdf","06_Archives\2013\Dossier_Transports_017.pdf","Dossier_Transports_017.pdf",".pdf","1625","2013-05-21T22:50:47","67","Modifié le 21/05/2013"
"ANCIEN","Information","Nettoyage (ROT)","Archives","06_Archives","Fichier","C:\DemoMigration\FileServer\06_Archives\2013\Dossier_Transports_019.pdf","06_Archives\2013\Dossier_Transports_019.pdf","Dossier_Transports_019.pdf",".pdf","1625","2013-11-08T14:18:46","67","Modifié le 08/11/2013"
"ANCIEN","Information","Nettoyage (ROT)","Archives","06_Archives","Fichier","C:\DemoMigration\FileServer\06_Archives\2013\Dossier_Transports_023.txt","06_Archives\2013\Dossier_Transports_023.txt","Dossier_Transports_023.txt",".txt","31","2013-10-21T11:23:15","67","Modifié le 21/10/2013"
"ANCIEN","Information","Nettoyage (ROT)","Archives","06_Archives","Fichier","C:\DemoMigration\FileServer\06_Archives\2014\Dossier_Boulangeries_005.pdf","06_Archives\2014\Dossier_Boulangeries_005.pdf","Dossier_Boulangeries_005.pdf",".pdf","1624","2014-07-10T03:29:13","69","Modifié le 10/07/2014"
"ANCIEN","Information","Nettoyage (ROT)","Archives","06_Archives","Fichier","C:\DemoMigration\FileServer\06_Archives\2014\Dossier_Boulangeries_009.docx","06_Archives\2014\Dossier_Boulangeries_009.docx","Dossier_Boulangeries_009.docx",".docx","36709","2014-04-28T13:27:57","70","Modifié le 28/04/2014"
"ANCIEN","Information","Nettoyage (ROT)","Archives","06_Archives","Fichier","C:\DemoMigration\FileServer\06_Archives\2014\Dossier_Boulangeries_015.docx","06_Archives\2014\Dossier_Boulangeries_015.docx","Dossier_Boulangeries_015.docx",".docx","36708","2014-11-11T20:47:06","70","Modifié le 11/11/2014"
"ANCIEN","Information","Nettoyage (ROT)","Archives","06_Archives","Fichier","C:\DemoMigration\FileServer\06_Archives\2014\Dossier_Cabinet_010.txt","06_Archives\2014\Dossier_Cabinet_010.txt","Dossier_Cabinet_010.txt",".txt","31","2014-01-14T23:23:14","64","Modifié le 14/01/2014"
"ANCIEN","Information","Nettoyage (ROT)","Archives","06_Archives","Fichier","C:\DemoMigration\FileServer\06_Archives\2014\Dossier_Clinique_001.txt","06_Archives\2014\Dossier_Clinique_001.txt","Dossier_Clinique_001.txt",".txt","31","2014-02-13T02:19:56","65","Modifié le 13/02/2014"
"ANCIEN","Information","Nettoyage (ROT)","Archives","06_Archives","Fichier","C:\DemoMigration\FileServer\06_Archives\2014\Dossier_Clinique_004.txt","06_Archives\2014\Dossier_Clinique_004.txt","Dossier_Clinique_004.txt",".txt","31","2014-05-22T20:03:34","65","Modifié le 22/05/2014"
"ANCIEN","Information","Nettoyage (ROT)","Archives","06_Archives","Fichier","C:\DemoMigration\FileServer\06_Archives\2014\Dossier_Hôtel_006.docx","06_Archives\2014\Dossier_Hôtel_006.docx","Dossier_Hôtel_006.docx",".docx","36709","2014-09-30T01:16:19","63","Modifié le 30/09/2014"
"ANCIEN","Information","Nettoyage (ROT)","Archives","06_Archives","Fichier","C:\DemoMigration\FileServer\06_Archives\2014\Dossier_Hôtel_013.pdf","06_Archives\2014\Dossier_Hôtel_013.pdf","Dossier_Hôtel_013.pdf",".pdf","1624","2014-07-09T20:13:47","62","Modifié le 09/07/2014"
"ANCIEN","Information","Nettoyage (ROT)","Archives","06_Archives","Fichier","C:\DemoMigration\FileServer\06_Archives\2014\Dossier_Hôtel_016.docx","06_Archives\2014\Dossier_Hôtel_016.docx","Dossier_Hôtel_016.docx",".docx","36707","2014-01-29T21:35:40","63","Modifié le 29/01/2014"
"ANCIEN","Information","Nettoyage (ROT)","Archives","06_Archives","Fichier","C:\DemoMigration\FileServer\06_Archives\2014\Dossier_Laboratoires_002.xlsx","06_Archives\2014\Dossier_Laboratoires_002.xlsx","Dossier_Laboratoires_002.xlsx",".xlsx","4916","2014-04-24T12:53:40","70","Modifié le 24/04/2014"
"ANCIEN","Information","Nettoyage (ROT)","Archives","06_Archives","Fichier","C:\DemoMigration\FileServer\06_Archives\2014\Dossier_Laboratoires_007.txt","06_Archives\2014\Dossier_Laboratoires_007.txt","Dossier_Laboratoires_007.txt",".txt","31","2014-01-16T17:04:29","69","Modifié le 16/01/2014"
"ANCIEN","Information","Nettoyage (ROT)","Archives","06_Archives","Fichier","C:\DemoMigration\FileServer\06_Archives\2014\Dossier_Laboratoires_011.txt","06_Archives\2014\Dossier_Laboratoires_011.txt","Dossier_Laboratoires_011.txt",".txt","31","2014-05-23T10:46:00","69","Modifié le 23/05/2014"
"ANCIEN","Information","Nettoyage (ROT)","Archives","06_Archives","Fichier","C:\DemoMigration\FileServer\06_Archives\2014\Dossier_Laboratoires_012.txt","06_Archives\2014\Dossier_Laboratoires_012.txt","Dossier_Laboratoires_012.txt",".txt","31","2014-02-21T09:29:57","69","Modifié le 21/02/2014"
"ANCIEN","Information","Nettoyage (ROT)","Archives","06_Archives","Fichier","C:\DemoMigration\FileServer\06_Archives\2014\Dossier_Pharmacie_003.pdf","06_Archives\2014\Dossier_Pharmacie_003.pdf","Dossier_Pharmacie_003.pdf",".pdf","1624","2014-01-07T04:42:58","66","Modifié le 07/01/2014"
"ANCIEN","Information","Nettoyage (ROT)","Archives","06_Archives","Fichier","C:\DemoMigration\FileServer\06_Archives\2014\Dossier_Transports_000.pdf","06_Archives\2014\Dossier_Transports_000.pdf","Dossier_Transports_000.pdf",".pdf","1624","2014-03-10T19:57:15","67","Modifié le 10/03/2014"
"ANCIEN","Information","Nettoyage (ROT)","Archives","06_Archives","Fichier","C:\DemoMigration\FileServer\06_Archives\2014\Dossier_Transports_008.txt","06_Archives\2014\Dossier_Transports_008.txt","Dossier_Transports_008.txt",".txt","31","2014-05-10T07:01:43","67","Modifié le 10/05/2014"
"ANCIEN","Information","Nettoyage (ROT)","Archives","06_Archives","Fichier","C:\DemoMigration\FileServer\06_Archives\2014\Dossier_Transports_014.txt","06_Archives\2014\Dossier_Transports_014.txt","Dossier_Transports_014.txt",".txt","31","2014-11-09T19:34:21","67","Modifié le 09/11/2014"
"ANCIEN","Information","Nettoyage (ROT)","Archives","06_Archives","Fichier","C:\DemoMigration\FileServer\06_Archives\2015\Dossier_Boulangeries_015.xlsx","06_Archives\2015\Dossier_Boulangeries_015.xlsx","Dossier_Boulangeries_015.xlsx",".xlsx","4915","2015-09-12T07:34:16","70","Modifié le 12/09/2015"
"ANCIEN","Information","Nettoyage (ROT)","Archives","06_Archives","Fichier","C:\DemoMigration\FileServer\06_Archives\2015\Dossier_Cabinet_005.docx","06_Archives\2015\Dossier_Cabinet_005.docx","Dossier_Cabinet_005.docx",".docx","36708","2015-11-04T10:10:44","65","Modifié le 04/11/2015"
"ANCIEN","Information","Nettoyage (ROT)","Archives","06_Archives","Fichier","C:\DemoMigration\FileServer\06_Archives\2015\Dossier_Clinique_004.docx","06_Archives\2015\Dossier_Clinique_004.docx","Dossier_Clinique_004.docx",".docx","36709","2015-02-05T14:44:31","66","Modifié le 05/02/2015"
"ANCIEN","Information","Nettoyage (ROT)","Archives","06_Archives","Fichier","C:\DemoMigration\FileServer\06_Archives\2015\Dossier_Hôtel_010.xlsx","06_Archives\2015\Dossier_Hôtel_010.xlsx","Dossier_Hôtel_010.xlsx",".xlsx","4915","2015-04-13T05:46:33","63","Modifié le 13/04/2015"
"ANCIEN","Information","Nettoyage (ROT)","Archives","06_Archives","Fichier","C:\DemoMigration\FileServer\06_Archives\2015\Dossier_Hôtel_014.pdf","06_Archives\2015\Dossier_Hôtel_014.pdf","Dossier_Hôtel_014.pdf",".pdf","1625","2015-06-15T15:29:07","62","Modifié le 15/06/2015"
"ANCIEN","Information","Nettoyage (ROT)","Archives","06_Archives","Fichier","C:\DemoMigration\FileServer\06_Archives\2015\Dossier_Laboratoires_001.docx","06_Archives\2015\Dossier_Laboratoires_001.docx","Dossier_Laboratoires_001.docx",".docx","36710","2015-12-04T22:28:30","70","Modifié le 04/12/2015"
"ANCIEN","Information","Nettoyage (ROT)","Archives","06_Archives","Fichier","C:\DemoMigration\FileServer\06_Archives\2015\Dossier_Laboratoires_012.xlsx","06_Archives\2015\Dossier_Laboratoires_012.xlsx","Dossier_Laboratoires_012.xlsx",".xlsx","4915","2015-10-21T17:05:55","70","Modifié le 21/10/2015"
"ANCIEN","Information","Nettoyage (ROT)","Archives","06_Archives","Fichier","C:\DemoMigration\FileServer\06_Archives\2015\Dossier_Menuiserie_013.txt","06_Archives\2015\Dossier_Menuiserie_013.txt","Dossier_Menuiserie_013.txt",".txt","31","2015-08-22T14:53:21","67","Modifié le 22/08/2015"
"ANCIEN","Information","Nettoyage (ROT)","Archives","06_Archives","Fichier","C:\DemoMigration\FileServer\06_Archives\2015\Dossier_Menuiserie_016.pdf","06_Archives\2015\Dossier_Menuiserie_016.pdf","Dossier_Menuiserie_016.pdf",".pdf","1627","2015-10-20T22:33:30","67","Modifié le 20/10/2015"
"ANCIEN","Information","Nettoyage (ROT)","Archives","06_Archives","Fichier","C:\DemoMigration\FileServer\06_Archives\2015\Dossier_Pharmacie_002.xlsx","06_Archives\2015\Dossier_Pharmacie_002.xlsx","Dossier_Pharmacie_002.xlsx",".xlsx","4914","2015-09-03T01:22:24","67","Modifié le 03/09/2015"
"ANCIEN","Information","Nettoyage (ROT)","Archives","06_Archives","Fichier","C:\DemoMigration\FileServer\06_Archives\2015\Dossier_Pharmacie_007.xlsx","06_Archives\2015\Dossier_Pharmacie_007.xlsx","Dossier_Pharmacie_007.xlsx",".xlsx","4915","2015-11-14T12:07:37","67","Modifié le 14/11/2015"
"ANCIEN","Information","Nettoyage (ROT)","Archives","06_Archives","Fichier","C:\DemoMigration\FileServer\06_Archives\2015\Dossier_Pharmacie_008.xlsx","06_Archives\2015\Dossier_Pharmacie_008.xlsx","Dossier_Pharmacie_008.xlsx",".xlsx","4915","2015-04-22T20:56:46","67","Modifié le 22/04/2015"
"ANCIEN","Information","Nettoyage (ROT)","Archives","06_Archives","Fichier","C:\DemoMigration\FileServer\06_Archives\2015\Dossier_Pharmacie_009.docx","06_Archives\2015\Dossier_Pharmacie_009.docx","Dossier_Pharmacie_009.docx",".docx","36707","2015-03-13T19:39:08","67","Modifié le 13/03/2015"
"ANCIEN","Information","Nettoyage (ROT)","Archives","06_Archives","Fichier","C:\DemoMigration\FileServer\06_Archives\2015\Dossier_Pharmacie_017.docx","06_Archives\2015\Dossier_Pharmacie_017.docx","Dossier_Pharmacie_017.docx",".docx","36709","2015-05-14T16:23:35","67","Modifié le 14/05/2015"
"ANCIEN","Information","Nettoyage (ROT)","Archives","06_Archives","Fichier","C:\DemoMigration\FileServer\06_Archives\2015\Dossier_Transports_000.xlsx","06_Archives\2015\Dossier_Transports_000.xlsx","Dossier_Transports_000.xlsx",".xlsx","4915","2015-12-02T10:10:40","68","Modifié le 02/12/2015"
"ANCIEN","Information","Nettoyage (ROT)","Archives","06_Archives","Fichier","C:\DemoMigration\FileServer\06_Archives\2015\Dossier_Transports_003.docx","06_Archives\2015\Dossier_Transports_003.docx","Dossier_Transports_003.docx",".docx","36709","2015-01-22T19:30:32","68","Modifié le 22/01/2015"
"ANCIEN","Information","Nettoyage (ROT)","Archives","06_Archives","Fichier","C:\DemoMigration\FileServer\06_Archives\2015\Dossier_Transports_006.docx","06_Archives\2015\Dossier_Transports_006.docx","Dossier_Transports_006.docx",".docx","36707","2015-05-31T06:10:41","68","Modifié le 31/05/2015"
"ANCIEN","Information","Nettoyage (ROT)","Archives","06_Archives","Fichier","C:\DemoMigration\FileServer\06_Archives\2015\Dossier_Transports_011.xlsx","06_Archives\2015\Dossier_Transports_011.xlsx","Dossier_Transports_011.xlsx",".xlsx","4915","2015-09-30T23:12:19","68","Modifié le 30/09/2015"
"ANCIEN","Information","Nettoyage (ROT)","Archives","06_Archives","Fichier","C:\DemoMigration\FileServer\06_Archives\2015\Dossier_Transports_018.txt","06_Archives\2015\Dossier_Transports_018.txt","Dossier_Transports_018.txt",".txt","31","2015-09-19T18:27:42","67","Modifié le 19/09/2015"
"ANCIEN","Information","Nettoyage (ROT)","Archives","06_Archives","Fichier","C:\DemoMigration\FileServer\06_Archives\2016\Dossier_Boulangeries_010.docx","06_Archives\2016\Dossier_Boulangeries_010.docx","Dossier_Boulangeries_010.docx",".docx","36708","2016-05-31T23:06:08","70","Modifié le 31/05/2016"
"ANCIEN","Information","Nettoyage (ROT)","Archives","06_Archives","Fichier","C:\DemoMigration\FileServer\06_Archives\2016\Dossier_Boulangeries_014.txt","06_Archives\2016\Dossier_Boulangeries_014.txt","Dossier_Boulangeries_014.txt",".txt","31","2016-05-17T05:38:29","69","Modifié le 17/05/2016"
"ANCIEN","Information","Nettoyage (ROT)","Archives","06_Archives","Fichier","C:\DemoMigration\FileServer\06_Archives\2016\Dossier_Boulangeries_026.txt","06_Archives\2016\Dossier_Boulangeries_026.txt","Dossier_Boulangeries_026.txt",".txt","31","2016-05-01T17:39:33","69","Modifié le 01/05/2016"
"ANCIEN","Information","Nettoyage (ROT)","Archives","06_Archives","Fichier","C:\DemoMigration\FileServer\06_Archives\2016\Dossier_Cabinet_007.txt","06_Archives\2016\Dossier_Cabinet_007.txt","Dossier_Cabinet_007.txt",".txt","31","2016-01-10T12:10:06","64","Modifié le 10/01/2016"
"ANCIEN","Information","Nettoyage (ROT)","Archives","06_Archives","Fichier","C:\DemoMigration\FileServer\06_Archives\2016\Dossier_Cabinet_013.txt","06_Archives\2016\Dossier_Cabinet_013.txt","Dossier_Cabinet_013.txt",".txt","31","2016-06-17T23:29:47","64","Modifié le 17/06/2016"
"ANCIEN","Information","Nettoyage (ROT)","Archives","06_Archives","Fichier","C:\DemoMigration\FileServer\06_Archives\2016\Dossier_Clinique_004.xlsx","06_Archives\2016\Dossier_Clinique_004.xlsx","Dossier_Clinique_004.xlsx",".xlsx","4916","2016-01-17T13:59:16","66","Modifié le 17/01/2016"
"ANCIEN","Information","Nettoyage (ROT)","Archives","06_Archives","Fichier","C:\DemoMigration\FileServer\06_Archives\2016\Dossier_Clinique_008.txt","06_Archives\2016\Dossier_Clinique_008.txt","Dossier_Clinique_008.txt",".txt","31","2016-06-04T02:50:52","65","Modifié le 04/06/2016"
"ANCIEN","Information","Nettoyage (ROT)","Archives","06_Archives","Fichier","C:\DemoMigration\FileServer\06_Archives\2016\Dossier_Clinique_009.xlsx","06_Archives\2016\Dossier_Clinique_009.xlsx","Dossier_Clinique_009.xlsx",".xlsx","4915","2016-08-18T06:34:29","66","Modifié le 18/08/2016"
"ANCIEN","Information","Nettoyage (ROT)","Archives","06_Archives","Fichier","C:\DemoMigration\FileServer\06_Archives\2016\Dossier_Clinique_024.xlsx","06_Archives\2016\Dossier_Clinique_024.xlsx","Dossier_Clinique_024.xlsx",".xlsx","4915","2016-05-04T23:41:55","66","Modifié le 04/05/2016"
"ANCIEN","Information","Nettoyage (ROT)","Archives","06_Archives","Fichier","C:\DemoMigration\FileServer\06_Archives\2016\Dossier_Clinique_027.txt","06_Archives\2016\Dossier_Clinique_027.txt","Dossier_Clinique_027.txt",".txt","31","2016-08-30T04:26:18","65","Modifié le 30/08/2016"
"ANCIEN","Information","Nettoyage (ROT)","Archives","06_Archives","Fichier","C:\DemoMigration\FileServer\06_Archives\2016\Dossier_Hôtel_011.pdf","06_Archives\2016\Dossier_Hôtel_011.pdf","Dossier_Hôtel_011.pdf",".pdf","1625","2016-01-09T10:04:42","62","Modifié le 09/01/2016"
"ANCIEN","Information","Nettoyage (ROT)","Archives","06_Archives","Fichier","C:\DemoMigration\FileServer\06_Archives\2016\Dossier_Hôtel_016.txt","06_Archives\2016\Dossier_Hôtel_016.txt","Dossier_Hôtel_016.txt",".txt","31","2016-06-10T16:37:13","62","Modifié le 10/06/2016"
"ANCIEN","Information","Nettoyage (ROT)","Archives","06_Archives","Fichier","C:\DemoMigration\FileServer\06_Archives\2016\Dossier_Hôtel_021.txt","06_Archives\2016\Dossier_Hôtel_021.txt","Dossier_Hôtel_021.txt",".txt","31","2016-03-22T08:16:16","62","Modifié le 22/03/2016"
"ANCIEN","Information","Nettoyage (ROT)","Archives","06_Archives","Fichier","C:\DemoMigration\FileServer\06_Archives\2016\Dossier_Hôtel_025.xlsx","06_Archives\2016\Dossier_Hôtel_025.xlsx","Dossier_Hôtel_025.xlsx",".xlsx","4915","2016-11-11T20:42:34","63","Modifié le 11/11/2016"
"ANCIEN","Information","Nettoyage (ROT)","Archives","06_Archives","Fichier","C:\DemoMigration\FileServer\06_Archives\2016\Dossier_Laboratoires_003.txt","06_Archives\2016\Dossier_Laboratoires_003.txt","Dossier_Laboratoires_003.txt",".txt","31","2016-07-31T00:18:51","69","Modifié le 31/07/2016"
"ANCIEN","Information","Nettoyage (ROT)","Archives","06_Archives","Fichier","C:\DemoMigration\FileServer\06_Archives\2016\Dossier_Laboratoires_017.xlsx","06_Archives\2016\Dossier_Laboratoires_017.xlsx","Dossier_Laboratoires_017.xlsx",".xlsx","4915","2016-09-01T20:18:14","70","Modifié le 01/09/2016"
"ANCIEN","Information","Nettoyage (ROT)","Archives","06_Archives","Fichier","C:\DemoMigration\FileServer\06_Archives\2016\Dossier_Laboratoires_019.pdf","06_Archives\2016\Dossier_Laboratoires_019.pdf","Dossier_Laboratoires_019.pdf",".pdf","1624","2016-11-09T10:56:36","69","Modifié le 09/11/2016"
"ANCIEN","Information","Nettoyage (ROT)","Archives","06_Archives","Fichier","C:\DemoMigration\FileServer\06_Archives\2016\Dossier_Laboratoires_022.xlsx","06_Archives\2016\Dossier_Laboratoires_022.xlsx","Dossier_Laboratoires_022.xlsx",".xlsx","4915","2016-09-03T04:06:35","70","Modifié le 03/09/2016"
"ANCIEN","Information","Nettoyage (ROT)","Archives","06_Archives","Fichier","C:\DemoMigration\FileServer\06_Archives\2016\Dossier_Laboratoires_023.pdf","06_Archives\2016\Dossier_Laboratoires_023.pdf","Dossier_Laboratoires_023.pdf",".pdf","1625","2016-08-12T04:04:42","69","Modifié le 12/08/2016"
"ANCIEN","Information","Nettoyage (ROT)","Archives","06_Archives","Fichier","C:\DemoMigration\FileServer\06_Archives\2016\Dossier_Menuiserie_001.docx","06_Archives\2016\Dossier_Menuiserie_001.docx","Dossier_Menuiserie_001.docx",".docx","36708","2016-10-09T09:31:09","68","Modifié le 09/10/2016"
"ANCIEN","Information","Nettoyage (ROT)","Archives","06_Archives","Fichier","C:\DemoMigration\FileServer\06_Archives\2016\Dossier_Menuiserie_012.pdf","06_Archives\2016\Dossier_Menuiserie_012.pdf","Dossier_Menuiserie_012.pdf",".pdf","1624","2016-03-29T10:41:02","67","Modifié le 29/03/2016"
"ANCIEN","Information","Nettoyage (ROT)","Archives","06_Archives","Fichier","C:\DemoMigration\FileServer\06_Archives\2016\Dossier_Pharmacie_002.pdf","06_Archives\2016\Dossier_Pharmacie_002.pdf","Dossier_Pharmacie_002.pdf",".pdf","1624","2016-05-23T20:46:57","66","Modifié le 23/05/2016"
"ANCIEN","Information","Nettoyage (ROT)","Archives","06_Archives","Fichier","C:\DemoMigration\FileServer\06_Archives\2016\Dossier_Pharmacie_005.txt","06_Archives\2016\Dossier_Pharmacie_005.txt","Dossier_Pharmacie_005.txt",".txt","31","2016-05-05T23:19:36","66","Modifié le 05/05/2016"
"ANCIEN","Information","Nettoyage (ROT)","Archives","06_Archives","Fichier","C:\DemoMigration\FileServer\06_Archives\2016\Dossier_Pharmacie_006.txt","06_Archives\2016\Dossier_Pharmacie_006.txt","Dossier_Pharmacie_006.txt",".txt","31","2016-06-24T14:35:22","66","Modifié le 24/06/2016"
"ANCIEN","Information","Nettoyage (ROT)","Archives","06_Archives","Fichier","C:\DemoMigration\FileServer\06_Archives\2016\Dossier_Pharmacie_015.pdf","06_Archives\2016\Dossier_Pharmacie_015.pdf","Dossier_Pharmacie_015.pdf",".pdf","1624","2016-08-24T01:16:16","66","Modifié le 24/08/2016"
"ANCIEN","Information","Nettoyage (ROT)","Archives","06_Archives","Fichier","C:\DemoMigration\FileServer\06_Archives\2016\Dossier_Pharmacie_020.pdf","06_Archives\2016\Dossier_Pharmacie_020.pdf","Dossier_Pharmacie_020.pdf",".pdf","1623","2016-01-25T12:22:03","66","Modifié le 25/01/2016"
"ANCIEN","Information","Nettoyage (ROT)","Archives","06_Archives","Fichier","C:\DemoMigration\FileServer\06_Archives\2016\Dossier_Pharmacie_028.txt","06_Archives\2016\Dossier_Pharmacie_028.txt","Dossier_Pharmacie_028.txt",".txt","31","2016-08-22T00:38:13","66","Modifié le 22/08/2016"
"ANCIEN","Information","Nettoyage (ROT)","Archives","06_Archives","Fichier","C:\DemoMigration\FileServer\06_Archives\2016\Dossier_Transports_000.docx","06_Archives\2016\Dossier_Transports_000.docx","Dossier_Transports_000.docx",".docx","36708","2016-05-03T15:41:05","68","Modifié le 03/05/2016"
"ANCIEN","Information","Nettoyage (ROT)","Archives","06_Archives","Fichier","C:\DemoMigration\FileServer\06_Archives\2016\Dossier_Transports_018.txt","06_Archives\2016\Dossier_Transports_018.txt","Dossier_Transports_018.txt",".txt","31","2016-08-20T16:09:51","67","Modifié le 20/08/2016"
"ANCIEN","Information","Nettoyage (ROT)","Archives","06_Archives","Fichier","C:\DemoMigration\FileServer\06_Archives\2017\Dossier_Boulangeries_006.pdf","06_Archives\2017\Dossier_Boulangeries_006.pdf","Dossier_Boulangeries_006.pdf",".pdf","1625","2017-10-13T15:18:32","69","Modifié le 13/10/2017"
"ANCIEN","Information","Nettoyage (ROT)","Archives","06_Archives","Fichier","C:\DemoMigration\FileServer\06_Archives\2017\Dossier_Boulangeries_009.docx","06_Archives\2017\Dossier_Boulangeries_009.docx","Dossier_Boulangeries_009.docx",".docx","36707","2017-09-11T01:40:41","70","Modifié le 11/09/2017"
"ANCIEN","Information","Nettoyage (ROT)","Archives","06_Archives","Fichier","C:\DemoMigration\FileServer\06_Archives\2017\Dossier_Boulangeries_014.pdf","06_Archives\2017\Dossier_Boulangeries_014.pdf","Dossier_Boulangeries_014.pdf",".pdf","1624","2017-02-18T02:58:15","69","Modifié le 18/02/2017"
"ANCIEN","Information","Nettoyage (ROT)","Archives","06_Archives","Fichier","C:\DemoMigration\FileServer\06_Archives\2017\Dossier_Boulangeries_016.txt","06_Archives\2017\Dossier_Boulangeries_016.txt","Dossier_Boulangeries_016.txt",".txt","31","2017-09-02T05:40:58","69","Modifié le 02/09/2017"
"ANCIEN","Information","Nettoyage (ROT)","Archives","06_Archives","Fichier","C:\DemoMigration\FileServer\06_Archives\2017\Dossier_Boulangeries_019.docx","06_Archives\2017\Dossier_Boulangeries_019.docx","Dossier_Boulangeries_019.docx",".docx","36709","2017-10-08T16:46:00","70","Modifié le 08/10/2017"
"ANCIEN","Information","Nettoyage (ROT)","Archives","06_Archives","Fichier","C:\DemoMigration\FileServer\06_Archives\2017\Dossier_Cabinet_011.txt","06_Archives\2017\Dossier_Cabinet_011.txt","Dossier_Cabinet_011.txt",".txt","31","2017-08-04T15:26:20","64","Modifié le 04/08/2017"
"ANCIEN","Information","Nettoyage (ROT)","Archives","06_Archives","Fichier","C:\DemoMigration\FileServer\06_Archives\2017\Dossier_Clinique_001.pdf","06_Archives\2017\Dossier_Clinique_001.pdf","Dossier_Clinique_001.pdf",".pdf","1624","2017-05-22T06:41:53","65","Modifié le 22/05/2017"
"ANCIEN","Information","Nettoyage (ROT)","Archives","06_Archives","Fichier","C:\DemoMigration\FileServer\06_Archives\2017\Dossier_Clinique_017.txt","06_Archives\2017\Dossier_Clinique_017.txt","Dossier_Clinique_017.txt",".txt","31","2017-05-07T20:13:48","65","Modifié le 07/05/2017"
"ANCIEN","Information","Nettoyage (ROT)","Archives","06_Archives","Fichier","C:\DemoMigration\FileServer\06_Archives\2017\Dossier_Clinique_021.docx","06_Archives\2017\Dossier_Clinique_021.docx","Dossier_Clinique_021.docx",".docx","36708","2017-10-05T05:35:58","66","Modifié le 05/10/2017"
"ANCIEN","Information","Nettoyage (ROT)","Archives","06_Archives","Fichier","C:\DemoMigration\FileServer\06_Archives\2017\Dossier_Hôtel_002.txt","06_Archives\2017\Dossier_Hôtel_002.txt","Dossier_Hôtel_002.txt",".txt","31","2017-03-28T17:37:02","62","Modifié le 28/03/2017"
"ANCIEN","Information","Nettoyage (ROT)","Archives","06_Archives","Fichier","C:\DemoMigration\FileServer\06_Archives\2017\Dossier_Hôtel_005.xlsx","06_Archives\2017\Dossier_Hôtel_005.xlsx","Dossier_Hôtel_005.xlsx",".xlsx","4916","2017-12-25T17:35:36","63","Modifié le 25/12/2017"
"ANCIEN","Information","Nettoyage (ROT)","Archives","06_Archives","Fichier","C:\DemoMigration\FileServer\06_Archives\2017\Dossier_Hôtel_007.pdf","06_Archives\2017\Dossier_Hôtel_007.pdf","Dossier_Hôtel_007.pdf",".pdf","1624","2017-11-04T01:56:41","62","Modifié le 04/11/2017"
"ANCIEN","Information","Nettoyage (ROT)","Archives","06_Archives","Fichier","C:\DemoMigration\FileServer\06_Archives\2017\Dossier_Laboratoires_010.docx","06_Archives\2017\Dossier_Laboratoires_010.docx","Dossier_Laboratoires_010.docx",".docx","36707","2017-06-30T13:33:00","70","Modifié le 30/06/2017"
"ANCIEN","Information","Nettoyage (ROT)","Archives","06_Archives","Fichier","C:\DemoMigration\FileServer\06_Archives\2017\Dossier_Laboratoires_015.txt","06_Archives\2017\Dossier_Laboratoires_015.txt","Dossier_Laboratoires_015.txt",".txt","31","2017-02-25T01:13:56","69","Modifié le 25/02/2017"
"ANCIEN","Information","Nettoyage (ROT)","Archives","06_Archives","Fichier","C:\DemoMigration\FileServer\06_Archives\2017\Dossier_Laboratoires_022.pdf","06_Archives\2017\Dossier_Laboratoires_022.pdf","Dossier_Laboratoires_022.pdf",".pdf","1624","2017-05-12T07:51:41","69","Modifié le 12/05/2017"
"ANCIEN","Information","Nettoyage (ROT)","Archives","06_Archives","Fichier","C:\DemoMigration\FileServer\06_Archives\2017\Dossier_Menuiserie_008.docx","06_Archives\2017\Dossier_Menuiserie_008.docx","Dossier_Menuiserie_008.docx",".docx","36708","2017-04-12T08:35:00","68","Modifié le 12/04/2017"
"ANCIEN","Information","Nettoyage (ROT)","Archives","06_Archives","Fichier","C:\DemoMigration\FileServer\06_Archives\2017\Dossier_Menuiserie_018.docx","06_Archives\2017\Dossier_Menuiserie_018.docx","Dossier_Menuiserie_018.docx",".docx","36708","2017-05-06T20:01:51","68","Modifié le 06/05/2017"
"ANCIEN","Information","Nettoyage (ROT)","Archives","06_Archives","Fichier","C:\DemoMigration\FileServer\06_Archives\2017\Dossier_Pharmacie_000.docx","06_Archives\2017\Dossier_Pharmacie_000.docx","Dossier_Pharmacie_000.docx",".docx","36708","2017-06-01T07:06:57","67","Modifié le 01/06/2017"
"ANCIEN","Information","Nettoyage (ROT)","Archives","06_Archives","Fichier","C:\DemoMigration\FileServer\06_Archives\2017\Dossier_Pharmacie_003.pdf","06_Archives\2017\Dossier_Pharmacie_003.pdf","Dossier_Pharmacie_003.pdf",".pdf","1624","2017-08-07T05:04:53","66","Modifié le 07/08/2017"
"ANCIEN","Information","Nettoyage (ROT)","Archives","06_Archives","Fichier","C:\DemoMigration\FileServer\06_Archives\2017\Dossier_Pharmacie_004.pdf","06_Archives\2017\Dossier_Pharmacie_004.pdf","Dossier_Pharmacie_004.pdf",".pdf","1624","2017-05-03T00:15:38","66","Modifié le 03/05/2017"
"ANCIEN","Information","Nettoyage (ROT)","Archives","06_Archives","Fichier","C:\DemoMigration\FileServer\06_Archives\2017\Dossier_Pharmacie_013.xlsx","06_Archives\2017\Dossier_Pharmacie_013.xlsx","Dossier_Pharmacie_013.xlsx",".xlsx","4916","2017-04-21T14:10:53","67","Modifié le 21/04/2017"
"ANCIEN","Information","Nettoyage (ROT)","Archives","06_Archives","Fichier","C:\DemoMigration\FileServer\06_Archives\2017\Dossier_Transports_012.pdf","06_Archives\2017\Dossier_Transports_012.pdf","Dossier_Transports_012.pdf",".pdf","1624","2017-12-30T20:34:07","67","Modifié le 30/12/2017"
"ANCIEN","Information","Nettoyage (ROT)","Archives","06_Archives","Fichier","C:\DemoMigration\FileServer\06_Archives\2017\Dossier_Transports_020.txt","06_Archives\2017\Dossier_Transports_020.txt","Dossier_Transports_020.txt",".txt","31","2017-12-26T23:47:18","67","Modifié le 26/12/2017"
"CHEMIN_400","Bloquant","Nommage et chemins","Archives","06_Archives","Fichier","C:\DemoMigration\FileServer\06_Archives\2018\01_Projet_Refonte_Systeme_Information_Phase_2_Documentation_Technique_Detaillee_Version_Finale\02_Projet_Refonte_Systeme_Information_Phase_2_Documentation_Technique_Detaillee_Version_Finale\03_Projet_Refonte_Systeme_Information_Phase_2_Documentation_Technique_Detaillee_Version_Finale\04_Projet_Refonte_Systeme_Information_Phase_2_Documentation_Technique_Detaillee_Version_Finale\05_Projet_Refonte_Systeme_Information_Phase_2_Documentation_Technique_Detaillee_Version_Finale\Specification_fonctionnelle_detaillee_module_facturation.txt","06_Archives\2018\01_Projet_Refonte_Systeme_Information_Phase_2_Documentation_Technique_Detaillee_Version_Finale\02_Projet_Refonte_Systeme_Information_Phase_2_Documentation_Technique_Detaillee_Version_Finale\03_Projet_Refonte_Systeme_Information_Phase_2_Documentation_Technique_Detaillee_Version_Finale\04_Projet_Refonte_Systeme_Information_Phase_2_Documentation_Technique_Detaillee_Version_Finale\05_Projet_Refonte_Systeme_Information_Phase_2_Documentation_Technique_Detaillee_Version_Finale\Specification_fonctionnelle_detaillee_module_facturation.txt","Specification_fonctionnelle_detaillee_module_facturation.txt",".txt","50","2026-09-16T09:12:00","576","576 caractères"
"ANCIEN","Information","Nettoyage (ROT)","Archives","06_Archives","Fichier","C:\DemoMigration\FileServer\06_Archives\2018\Dossier_Boulangeries_004.docx","06_Archives\2018\Dossier_Boulangeries_004.docx","Dossier_Boulangeries_004.docx",".docx","36708","2018-09-07T16:17:10","70","Modifié le 07/09/2018"
"ANCIEN","Information","Nettoyage (ROT)","Archives","06_Archives","Fichier","C:\DemoMigration\FileServer\06_Archives\2018\Dossier_Boulangeries_005.txt","06_Archives\2018\Dossier_Boulangeries_005.txt","Dossier_Boulangeries_005.txt",".txt","31","2018-01-17T09:06:27","69","Modifié le 17/01/2018"
"ANCIEN","Information","Nettoyage (ROT)","Archives","06_Archives","Fichier","C:\DemoMigration\FileServer\06_Archives\2018\Dossier_Boulangeries_007.txt","06_Archives\2018\Dossier_Boulangeries_007.txt","Dossier_Boulangeries_007.txt",".txt","31","2018-07-18T03:50:46","69","Modifié le 18/07/2018"
"ANCIEN","Information","Nettoyage (ROT)","Archives","06_Archives","Fichier","C:\DemoMigration\FileServer\06_Archives\2018\Dossier_Cabinet_000.txt","06_Archives\2018\Dossier_Cabinet_000.txt","Dossier_Cabinet_000.txt",".txt","31","2018-07-31T16:48:22","64","Modifié le 31/07/2018"
"ANCIEN","Information","Nettoyage (ROT)","Archives","06_Archives","Fichier","C:\DemoMigration\FileServer\06_Archives\2018\Dossier_Cabinet_008.docx","06_Archives\2018\Dossier_Cabinet_008.docx","Dossier_Cabinet_008.docx",".docx","36708","2018-08-02T14:39:40","65","Modifié le 02/08/2018"
"ANCIEN","Information","Nettoyage (ROT)","Archives","06_Archives","Fichier","C:\DemoMigration\FileServer\06_Archives\2018\Dossier_Cabinet_011.xlsx","06_Archives\2018\Dossier_Cabinet_011.xlsx","Dossier_Cabinet_011.xlsx",".xlsx","4916","2018-03-24T15:14:16","65","Modifié le 24/03/2018"
"ANCIEN","Information","Nettoyage (ROT)","Archives","06_Archives","Fichier","C:\DemoMigration\FileServer\06_Archives\2018\Dossier_Clinique_001.txt","06_Archives\2018\Dossier_Clinique_001.txt","Dossier_Clinique_001.txt",".txt","31","2018-08-01T20:38:20","65","Modifié le 01/08/2018"
"ANCIEN","Information","Nettoyage (ROT)","Archives","06_Archives","Fichier","C:\DemoMigration\FileServer\06_Archives\2018\Dossier_Clinique_002.txt","06_Archives\2018\Dossier_Clinique_002.txt","Dossier_Clinique_002.txt",".txt","31","2018-02-14T18:11:59","65","Modifié le 14/02/2018"
"ANCIEN","Information","Nettoyage (ROT)","Archives","06_Archives","Fichier","C:\DemoMigration\FileServer\06_Archives\2018\Dossier_Clinique_006.xlsx","06_Archives\2018\Dossier_Clinique_006.xlsx","Dossier_Clinique_006.xlsx",".xlsx","4915","2018-07-14T09:46:47","66","Modifié le 14/07/2018"
"ANCIEN","Information","Nettoyage (ROT)","Archives","06_Archives","Fichier","C:\DemoMigration\FileServer\06_Archives\2018\Dossier_Hôtel_003.xlsx","06_Archives\2018\Dossier_Hôtel_003.xlsx","Dossier_Hôtel_003.xlsx",".xlsx","4916","2018-01-22T22:45:01","63","Modifié le 22/01/2018"
"ANCIEN","Information","Nettoyage (ROT)","Archives","06_Archives","Fichier","C:\DemoMigration\FileServer\06_Archives\2018\Dossier_Hôtel_009.docx","06_Archives\2018\Dossier_Hôtel_009.docx","Dossier_Hôtel_009.docx",".docx","36709","2018-03-31T03:09:03","63","Modifié le 31/03/2018"
"ANCIEN","Information","Nettoyage (ROT)","Archives","06_Archives","Fichier","C:\DemoMigration\FileServer\06_Archives\2018\Dossier_Hôtel_013.xlsx","06_Archives\2018\Dossier_Hôtel_013.xlsx","Dossier_Hôtel_013.xlsx",".xlsx","4915","2018-10-20T21:23:15","63","Modifié le 20/10/2018"
"ANCIEN","Information","Nettoyage (ROT)","Archives","06_Archives","Fichier","C:\DemoMigration\FileServer\06_Archives\2018\Dossier_Hôtel_016.txt","06_Archives\2018\Dossier_Hôtel_016.txt","Dossier_Hôtel_016.txt",".txt","31","2018-03-13T18:45:34","62","Modifié le 13/03/2018"
"ANCIEN","Information","Nettoyage (ROT)","Archives","06_Archives","Fichier","C:\DemoMigration\FileServer\06_Archives\2018\Dossier_Laboratoires_014.xlsx","06_Archives\2018\Dossier_Laboratoires_014.xlsx","Dossier_Laboratoires_014.xlsx",".xlsx","4915","2018-12-15T17:17:48","70","Modifié le 15/12/2018"
"ANCIEN","Information","Nettoyage (ROT)","Archives","06_Archives","Fichier","C:\DemoMigration\FileServer\06_Archives\2018\Dossier_Menuiserie_012.pdf","06_Archives\2018\Dossier_Menuiserie_012.pdf","Dossier_Menuiserie_012.pdf",".pdf","1625","2018-08-05T00:44:39","67","Modifié le 05/08/2018"
"ANCIEN","Information","Nettoyage (ROT)","Archives","06_Archives","Fichier","C:\DemoMigration\FileServer\06_Archives\2018\Dossier_Pharmacie_015.pdf","06_Archives\2018\Dossier_Pharmacie_015.pdf","Dossier_Pharmacie_015.pdf",".pdf","1624","2018-01-12T04:35:54","66","Modifié le 12/01/2018"
"ANCIEN","Information","Nettoyage (ROT)","Archives","06_Archives","Fichier","C:\DemoMigration\FileServer\06_Archives\2018\Dossier_Transports_010.pdf","06_Archives\2018\Dossier_Transports_010.pdf","Dossier_Transports_010.pdf",".pdf","1625","2018-08-14T20:44:54","67","Modifié le 14/08/2018"
"PST","À traiter","Taille et types","Archives","06_Archives","Fichier","C:\DemoMigration\FileServer\06_Archives\Archive_messagerie_direction.pst","06_Archives\Archive_messagerie_direction.pst","Archive_messagerie_direction.pst",".pst","8388608","2017-02-09T00:00:00","68","8 Mo"
"ANCIEN","Information","Nettoyage (ROT)","Archives","06_Archives","Fichier","C:\DemoMigration\FileServer\06_Archives\Archive_messagerie_direction.pst","06_Archives\Archive_messagerie_direction.pst","Archive_messagerie_direction.pst",".pst","8388608","2017-02-09T00:00:00","68","Modifié le 09/02/2017"
"EXT_EXCLUE","Information","Taille et types","Archives","06_Archives","Fichier","C:\DemoMigration\FileServer\06_Archives\Sauvegarde_serveur_2016.bak","06_Archives\Sauvegarde_serveur_2016.bak","Sauvegarde_serveur_2016.bak",".bak","12582912","2016-11-04T00:00:00","63","Extension .bak"
"ANCIEN","Information","Nettoyage (ROT)","Archives","06_Archives","Fichier","C:\DemoMigration\FileServer\06_Archives\Sauvegarde_serveur_2016.bak","06_Archives\Sauvegarde_serveur_2016.bak","Sauvegarde_serveur_2016.bak",".bak","12582912","2016-11-04T00:00:00","63","Modifié le 04/11/2016"
"DOUBLON","Information","Nettoyage (ROT)","Finance","03_Finance","Fichier","C:\DemoMigration\FileServer\03_Finance\Modele_devis - Copie.docx","03_Finance\Modele_devis - Copie.docx","Modele_devis - Copie.docx",".docx","36722","2026-04-18T06:10:16","60","4 copies, original : 01_Clients\CL1003_Hôtel_des_Tilleuls\02_Devis\Modele_devis - Copie.docx"
"DOUBLON","Information","Nettoyage (ROT)","Direction","04_Direction","Fichier","C:\DemoMigration\FileServer\04_Direction\Strategie\Modele_devis - Copie.docx","04_Direction\Strategie\Modele_devis - Copie.docx","Modele_devis - Copie.docx",".docx","36722","2023-02-10T11:28:04","72","4 copies, original : 01_Clients\CL1003_Hôtel_des_Tilleuls\02_Devis\Modele_devis - Copie.docx"
"DOUBLON","Information","Nettoyage (ROT)","Commun","05_Commun","Fichier","C:\DemoMigration\FileServer\05_Commun\Modeles\Modele_devis.docx","05_Commun\Modeles\Modele_devis.docx","Modele_devis.docx",".docx","36722","2022-04-02T22:30:13","59","4 copies, original : 01_Clients\CL1003_Hôtel_des_Tilleuls\02_Devis\Modele_devis - Copie.docx"
"PERM_UNIQUE","Information","Autorisations","RH","02_RH_Collaborateurs","Dossier","C:\DemoMigration\FileServer\02_RH_Collaborateurs\02_Recrutement","02_RH_Collaborateurs\02_Recrutement","02_Recrutement","","","","44","2 entrée(s) explicite(s)"
"PERM_DENY","À traiter","Autorisations","RH","02_RH_Collaborateurs","Dossier","C:\DemoMigration\FileServer\02_RH_Collaborateurs\02_Recrutement","02_RH_Collaborateurs\02_Recrutement","02_Recrutement","","","","44","1 refus explicite(s)"
"PERM_SID_ORPHELIN","À traiter","Autorisations","RH","02_RH_Collaborateurs","Dossier","C:\DemoMigration\FileServer\02_RH_Collaborateurs\02_Recrutement","02_RH_Collaborateurs\02_Recrutement","02_Recrutement","","","","44","S-1-5-21-1111111111-2222222222-3333333333-1105"
"PERM_COMPTE_LOCAL","À traiter","Autorisations","RH","02_RH_Collaborateurs","Dossier","C:\DemoMigration\FileServer\02_RH_Collaborateurs\02_Recrutement","02_RH_Collaborateurs\02_Recrutement","02_Recrutement","","","","44","BUILTIN\Invités"
"PERM_UNIQUE","Information","Autorisations","Finance","03_Finance","Dossier","C:\DemoMigration\FileServer\03_Finance\Comptabilite","03_Finance\Comptabilite","Comptabilite","","","","47","1 entrée(s) explicite(s)"
"PERM_COMPTE_LOCAL","À traiter","Autorisations","Finance","03_Finance","Dossier","C:\DemoMigration\FileServer\03_Finance\Comptabilite","03_Finance\Comptabilite","Comptabilite","","","","47","AUTORITE NT\Utilisateurs authentifiés"
"PERM_AVANCEE","Information","Autorisations","Finance","03_Finance","Dossier","C:\DemoMigration\FileServer\03_Finance\Comptabilite","03_Finance\Comptabilite","Comptabilite","","","","47","AUTORITE NT\Utilisateurs authentifiés"
"PERM_UNIQUE","Information","Autorisations","Direction","04_Direction","Dossier","C:\DemoMigration\FileServer\04_Direction\Comite_de_direction","04_Direction\Comite_de_direction","Comite_de_direction","","","","56","3 entrée(s) explicite(s), héritage coupé"
"PERM_COMPTE_LOCAL","À traiter","Autorisations","Direction","04_Direction","Dossier","C:\DemoMigration\FileServer\04_Direction\Comite_de_direction","04_Direction\Comite_de_direction","Comite_de_direction","","","","56","BUILTIN\Administrateurs, AUTORITE NT\Système, DEMO-SRV01\aurelien"
