CheminComplet,CheminLocal,CheminRelatif,DossierRacine,Bibliotheque,CheminCible,Nom,Extension,TailleOctets,DateCreation,DateModification,Cache,Systeme,LongueurChemin,LongueurCheminCible,Profondeur,Anomalies,HashSHA256
\\DEMO-SRV01\FileServer\01_Clients\CL1000_Boulangeries_Ravel\01_Contrats\Contrat_cadre_CL1000_2022.docx,C:\DemoMigration\FileServer\01_Clients\CL1000_Boulangeries_Ravel\01_Contrats\Contrat_cadre_CL1000_2022.docx,01_Clients\CL1000_Boulangeries_Ravel\01_Contrats\Contrat_cadre_CL1000_2022.docx,01_Clients,Clients,/sites/MigrationFileServer/Clients/CL1000_Boulangeries_Ravel/01_Contrats/Contrat_cadre_CL1000_2022.docx,Contrat_cadre_CL1000_2022.docx,.docx,36784,2021-09-26T05:40:50,2022-02-13T05:40:50,False,False,103,103,3,,8D460BF0ED0B342A51E34E4E0F24D0656F1A0F494ECC1429B2330A61BF04F86C
\\DEMO-SRV01\FileServer\01_Clients\CL1000_Boulangeries_Ravel\01_Contrats\Contrat_cadre_CL1000_2022_signe.pdf,C:\DemoMigration\FileServer\01_Clients\CL1000_Boulangeries_Ravel\01_Contrats\Contrat_cadre_CL1000_2022_signe.pdf,01_Clients\CL1000_Boulangeries_Ravel\01_Contrats\Contrat_cadre_CL1000_2022_signe.pdf,01_Clients,Clients,/sites/MigrationFileServer/Clients/CL1000_Boulangeries_Ravel/01_Contrats/Contrat_cadre_CL1000_2022_signe.pdf,Contrat_cadre_CL1000_2022_signe.pdf,.pdf,1660,2021-03-25T02:33:27,2022-04-06T02:33:27,False,False,108,108,3,,8AFE88F926EC5C3B10C1BA8F9EB73FB81527BF90F450581E2A590D2797F5918C
\\DEMO-SRV01\FileServer\01_Clients\CL1000_Boulangeries_Ravel\01_Contrats\~$ntrat_cadre_CL1000.docx,C:\DemoMigration\FileServer\01_Clients\CL1000_Boulangeries_Ravel\01_Contrats\~$ntrat_cadre_CL1000.docx,01_Clients\CL1000_Boulangeries_Ravel\01_Contrats\~$ntrat_cadre_CL1000.docx,01_Clients,Clients,/sites/MigrationFileServer/Clients/CL1000_Boulangeries_Ravel/01_Contrats/~$ntrat_cadre_CL1000.docx,~$ntrat_cadre_CL1000.docx,.docx,4,2026-09-16T09:12:00,2026-09-16T09:12:00,False,False,98,98,3,Nom interdit SharePoint,9AD9711E148E8F17F2685CF35C4084815891E3F1F360C111BB35083A2623BB63
\\DEMO-SRV01\FileServer\01_Clients\CL1000_Boulangeries_Ravel\02_Devis\Devis_CL1000_2023-02.docx,C:\DemoMigration\FileServer\01_Clients\CL1000_Boulangeries_Ravel\02_Devis\Devis_CL1000_2023-02.docx,01_Clients\CL1000_Boulangeries_Ravel\02_Devis\Devis_CL1000_2023-02.docx,01_Clients,Clients,/sites/MigrationFileServer/Clients/CL1000_Boulangeries_Ravel/02_Devis/Devis_CL1000_2023-02.docx,Devis_CL1000_2023-02.docx,.docx,36749,2022-09-08T23:10:59,2023-08-06T23:10:59,False,False,95,95,3,,C66494A0DD144F2D05164744774BC7C7674CE01E729DB61A2A80670CC1DF4AB3
\\DEMO-SRV01\FileServer\01_Clients\CL1000_Boulangeries_Ravel\02_Devis\Devis_CL1000_2026-01.docx,C:\DemoMigration\FileServer\01_Clients\CL1000_Boulangeries_Ravel\02_Devis\Devis_CL1000_2026-01.docx,01_Clients\CL1000_Boulangeries_Ravel\02_Devis\Devis_CL1000_2026-01.docx,01_Clients,Clients,/sites/MigrationFileServer/Clients/CL1000_Boulangeries_Ravel/02_Devis/Devis_CL1000_2026-01.docx,Devis_CL1000_2026-01.docx,.docx,36746,2025-09-24T08:14:09,2026-01-13T08:14:09,False,False,95,95,3,,6C788D98C6C75DC592F58864AF8A4F539C2A95852EB870A738F993F1EA260277
\\DEMO-SRV01\FileServer\01_Clients\CL1000_Boulangeries_Ravel\03_Factures\2024\Facture_CL1000_202402.pdf,C:\DemoMigration\FileServer\01_Clients\CL1000_Boulangeries_Ravel\03_Factures\2024\Facture_CL1000_202402.pdf,01_Clients\CL1000_Boulangeries_Ravel\03_Factures\2024\Facture_CL1000_202402.pdf,01_Clients,Clients,/sites/MigrationFileServer/Clients/CL1000_Boulangeries_Ravel/03_Factures/2024/Facture_CL1000_202402.pdf,Facture_CL1000_202402.pdf,.pdf,1705,2024-02-06T10:00:00,2024-02-09T10:00:00,False,False,103,103,4,,BECF72DF69ECC7D4E1226CB0BB35E23066A2743A14700F2031F4276DE86E78DF
\\DEMO-SRV01\FileServer\01_Clients\CL1000_Boulangeries_Ravel\03_Factures\2024\Facture_CL1000_202404.pdf,C:\DemoMigration\FileServer\01_Clients\CL1000_Boulangeries_Ravel\03_Factures\2024\Facture_CL1000_202404.pdf,01_Clients\CL1000_Boulangeries_Ravel\03_Factures\2024\Facture_CL1000_202404.pdf,01_Clients,Clients,/sites/MigrationFileServer/Clients/CL1000_Boulangeries_Ravel/03_Factures/2024/Facture_CL1000_202404.pdf,Facture_CL1000_202404.pdf,.pdf,1703,2023-03-16T10:00:00,2024-04-09T10:00:00,False,False,103,103,4,,2CE0AF031AA493ED776D522CD1DC24BB3D30FD078D16D014F8EB733D90267A6C
\\DEMO-SRV01\FileServer\01_Clients\CL1000_Boulangeries_Ravel\03_Factures\2024\Facture_CL1000_202405.pdf,C:\DemoMigration\FileServer\01_Clients\CL1000_Boulangeries_Ravel\03_Factures\2024\Facture_CL1000_202405.pdf,01_Clients\CL1000_Boulangeries_Ravel\03_Factures\2024\Facture_CL1000_202405.pdf,01_Clients,Clients,/sites/MigrationFileServer/Clients/CL1000_Boulangeries_Ravel/03_Factures/2024/Facture_CL1000_202405.pdf,Facture_CL1000_202405.pdf,.pdf,1705,2023-11-10T10:00:00,2024-05-04T10:00:00,False,False,103,103,4,,1190A79E9F92E9BA30335094AFF0AABD759F21AD0F3CC3712F37571A06AA80E6
\\DEMO-SRV01\FileServer\01_Clients\CL1000_Boulangeries_Ravel\03_Factures\2024\Facture_CL1000_202409.pdf,C:\DemoMigration\FileServer\01_Clients\CL1000_Boulangeries_Ravel\03_Factures\2024\Facture_CL1000_202409.pdf,01_Clients\CL1000_Boulangeries_Ravel\03_Factures\2024\Facture_CL1000_202409.pdf,01_Clients,Clients,/sites/MigrationFileServer/Clients/CL1000_Boulangeries_Ravel/03_Factures/2024/Facture_CL1000_202409.pdf,Facture_CL1000_202409.pdf,.pdf,1704,2024-04-16T10:00:00,2024-09-13T10:00:00,False,False,103,103,4,,235227C57ED737B0BF7841F72BB71FFED3192DC53804030BB66CA21354D782F3
\\DEMO-SRV01\FileServer\01_Clients\CL1000_Boulangeries_Ravel\03_Factures\2025\Facture_CL1000_202503.pdf,C:\DemoMigration\FileServer\01_Clients\CL1000_Boulangeries_Ravel\03_Factures\2025\Facture_CL1000_202503.pdf,01_Clients\CL1000_Boulangeries_Ravel\03_Factures\2025\Facture_CL1000_202503.pdf,01_Clients,Clients,/sites/MigrationFileServer/Clients/CL1000_Boulangeries_Ravel/03_Factures/2025/Facture_CL1000_202503.pdf,Facture_CL1000_202503.pdf,.pdf,1704,2024-11-11T10:00:00,2025-03-10T10:00:00,False,False,103,103,4,,3E570B7FC26FBC400F0ABE9DD41FB76F6B123E5448232F9E84FFF29F3D16AB67
\\DEMO-SRV01\FileServer\01_Clients\CL1000_Boulangeries_Ravel\03_Factures\2025\Facture_CL1000_202505.pdf,C:\DemoMigration\FileServer\01_Clients\CL1000_Boulangeries_Ravel\03_Factures\2025\Facture_CL1000_202505.pdf,01_Clients\CL1000_Boulangeries_Ravel\03_Factures\2025\Facture_CL1000_202505.pdf,01_Clients,Clients,/sites/MigrationFileServer/Clients/CL1000_Boulangeries_Ravel/03_Factures/2025/Facture_CL1000_202505.pdf,Facture_CL1000_202505.pdf,.pdf,1704,2024-11-19T10:00:00,2025-05-27T10:00:00,False,False,103,103,4,,F85887D05BD4A75E958C5262BA0A71D8E7B9B23EF7EB8AA3BC3F8A0D16ABC9BA
\\DEMO-SRV01\FileServer\01_Clients\CL1000_Boulangeries_Ravel\03_Factures\2025\Facture_CL1000_202506.pdf,C:\DemoMigration\FileServer\01_Clients\CL1000_Boulangeries_Ravel\03_Factures\2025\Facture_CL1000_202506.pdf,01_Clients\CL1000_Boulangeries_Ravel\03_Factures\2025\Facture_CL1000_202506.pdf,01_Clients,Clients,/sites/MigrationFileServer/Clients/CL1000_Boulangeries_Ravel/03_Factures/2025/Facture_CL1000_202506.pdf,Facture_CL1000_202506.pdf,.pdf,1705,2024-07-27T10:00:00,2025-06-23T10:00:00,False,False,103,103,4,,9F04D01BA06CAD80F29C520FC664DA2451628283C025E3F136240C8A9FAC6F8F
\\DEMO-SRV01\FileServer\01_Clients\CL1000_Boulangeries_Ravel\03_Factures\2025\Facture_CL1000_202507.pdf,C:\DemoMigration\FileServer\01_Clients\CL1000_Boulangeries_Ravel\03_Factures\2025\Facture_CL1000_202507.pdf,01_Clients\CL1000_Boulangeries_Ravel\03_Factures\2025\Facture_CL1000_202507.pdf,01_Clients,Clients,/sites/MigrationFileServer/Clients/CL1000_Boulangeries_Ravel/03_Factures/2025/Facture_CL1000_202507.pdf,Facture_CL1000_202507.pdf,.pdf,1704,2025-04-26T10:00:00,2025-07-18T10:00:00,False,False,103,103,4,,9325860E45DBBCEC9D048272890FE46A3BA9FDE8CBD5760BCC407D555281D394
\\DEMO-SRV01\FileServer\01_Clients\CL1000_Boulangeries_Ravel\03_Factures\2025\Facture_CL1000_202508.pdf,C:\DemoMigration\FileServer\01_Clients\CL1000_Boulangeries_Ravel\03_Factures\2025\Facture_CL1000_202508.pdf,01_Clients\CL1000_Boulangeries_Ravel\03_Factures\2025\Facture_CL1000_202508.pdf,01_Clients,Clients,/sites/MigrationFileServer/Clients/CL1000_Boulangeries_Ravel/03_Factures/2025/Facture_CL1000_202508.pdf,Facture_CL1000_202508.pdf,.pdf,1703,2025-05-01T10:00:00,2025-08-21T10:00:00,False,False,103,103,4,,DACBC81B3C459C9A07BE114CA02509598078F1F9CE7425D832552B1418E235F0
\\DEMO-SRV01\FileServer\01_Clients\CL1000_Boulangeries_Ravel\03_Factures\2025\Facture_CL1000_202512.pdf,C:\DemoMigration\FileServer\01_Clients\CL1000_Boulangeries_Ravel\03_Factures\2025\Facture_CL1000_202512.pdf,01_Clients\CL1000_Boulangeries_Ravel\03_Factures\2025\Facture_CL1000_202512.pdf,01_Clients,Clients,/sites/MigrationFileServer/Clients/CL1000_Boulangeries_Ravel/03_Factures/2025/Facture_CL1000_202512.pdf,Facture_CL1000_202512.pdf,.pdf,1704,2025-11-08T10:00:00,2025-12-11T10:00:00,False,False,103,103,4,,D1EF401A2E8D4FD971397EC1D15D9B953E71BB42F1899EDFA6AE7B9744856CCC
\\DEMO-SRV01\FileServer\01_Clients\CL1000_Boulangeries_Ravel\03_Factures\2026\Facture_CL1000_202601.pdf,C:\DemoMigration\FileServer\01_Clients\CL1000_Boulangeries_Ravel\03_Factures\2026\Facture_CL1000_202601.pdf,01_Clients\CL1000_Boulangeries_Ravel\03_Factures\2026\Facture_CL1000_202601.pdf,01_Clients,Clients,/sites/MigrationFileServer/Clients/CL1000_Boulangeries_Ravel/03_Factures/2026/Facture_CL1000_202601.pdf,Facture_CL1000_202601.pdf,.pdf,1705,2025-02-22T10:00:00,2026-01-23T10:00:00,False,False,103,103,4,,65F74C8C1FD0E636EF651B227F0F2A704688EAFFC4EA9EEA252EC5F49238A6E6
\\DEMO-SRV01\FileServer\01_Clients\CL1000_Boulangeries_Ravel\03_Factures\2026\Facture_CL1000_202602.pdf,C:\DemoMigration\FileServer\01_Clients\CL1000_Boulangeries_Ravel\03_Factures\2026\Facture_CL1000_202602.pdf,01_Clients\CL1000_Boulangeries_Ravel\03_Factures\2026\Facture_CL1000_202602.pdf,01_Clients,Clients,/sites/MigrationFileServer/Clients/CL1000_Boulangeries_Ravel/03_Factures/2026/Facture_CL1000_202602.pdf,Facture_CL1000_202602.pdf,.pdf,1705,2025-10-09T10:00:00,2026-02-21T10:00:00,False,False,103,103,4,,634D7F4BD6A4480CBECA36C59EE7E81DF196A73E7B3CFB6FB4CC2DCC9B6974A5
\\DEMO-SRV01\FileServer\01_Clients\CL1000_Boulangeries_Ravel\03_Factures\2026\Facture_CL1000_202603.pdf,C:\DemoMigration\FileServer\01_Clients\CL1000_Boulangeries_Ravel\03_Factures\2026\Facture_CL1000_202603.pdf,01_Clients\CL1000_Boulangeries_Ravel\03_Factures\2026\Facture_CL1000_202603.pdf,01_Clients,Clients,/sites/MigrationFileServer/Clients/CL1000_Boulangeries_Ravel/03_Factures/2026/Facture_CL1000_202603.pdf,Facture_CL1000_202603.pdf,.pdf,1703,2025-05-23T10:00:00,2026-03-18T10:00:00,False,False,103,103,4,,4AAE2968997EDDE070C3CF1F3B9FBB5F3B051B37EA1B0EA5910C1DBE074D0B0E
\\DEMO-SRV01\FileServer\01_Clients\CL1000_Boulangeries_Ravel\03_Factures\2026\Facture_CL1000_202604.pdf,C:\DemoMigration\FileServer\01_Clients\CL1000_Boulangeries_Ravel\03_Factures\2026\Facture_CL1000_202604.pdf,01_Clients\CL1000_Boulangeries_Ravel\03_Factures\2026\Facture_CL1000_202604.pdf,01_Clients,Clients,/sites/MigrationFileServer/Clients/CL1000_Boulangeries_Ravel/03_Factures/2026/Facture_CL1000_202604.pdf,Facture_CL1000_202604.pdf,.pdf,1704,2026-02-01T10:00:00,2026-04-12T10:00:00,False,False,103,103,4,,AF120EF50C4F50B9B2D47D41D3729F00D17ACF1DA666E95AC2896376B28E6BD1
\\DEMO-SRV01\FileServer\01_Clients\CL1000_Boulangeries_Ravel\03_Factures\2026\Facture_CL1000_202605.pdf,C:\DemoMigration\FileServer\01_Clients\CL1000_Boulangeries_Ravel\03_Factures\2026\Facture_CL1000_202605.pdf,01_Clients\CL1000_Boulangeries_Ravel\03_Factures\2026\Facture_CL1000_202605.pdf,01_Clients,Clients,/sites/MigrationFileServer/Clients/CL1000_Boulangeries_Ravel/03_Factures/2026/Facture_CL1000_202605.pdf,Facture_CL1000_202605.pdf,.pdf,1704,2026-02-13T10:00:00,2026-05-02T10:00:00,False,False,103,103,4,,4C2CE9D72992D184F5A88A4A3307DAB3B86F7789FB8B809B400667F23CF1645D
\\DEMO-SRV01\FileServer\01_Clients\CL1000_Boulangeries_Ravel\03_Factures\2026\Facture_CL1000_202608.pdf,C:\DemoMigration\FileServer\01_Clients\CL1000_Boulangeries_Ravel\03_Factures\2026\Facture_CL1000_202608.pdf,01_Clients\CL1000_Boulangeries_Ravel\03_Factures\2026\Facture_CL1000_202608.pdf,01_Clients,Clients,/sites/MigrationFileServer/Clients/CL1000_Boulangeries_Ravel/03_Factures/2026/Facture_CL1000_202608.pdf,Facture_CL1000_202608.pdf,.pdf,1704,2025-12-17T10:00:00,2026-08-13T10:00:00,False,False,103,103,4,,CF41C8E88A9E4FAF8EAD22E9CD268807F37CD0C907FC1F545FB2AED340FFB52A
\\DEMO-SRV01\FileServer\01_Clients\CL1000_Boulangeries_Ravel\04_Correspondance\Echange_01.eml.txt,C:\DemoMigration\FileServer\01_Clients\CL1000_Boulangeries_Ravel\04_Correspondance\Echange_01.eml.txt,01_Clients\CL1000_Boulangeries_Ravel\04_Correspondance\Echange_01.eml.txt,01_Clients,Clients,/sites/MigrationFileServer/Clients/CL1000_Boulangeries_Ravel/04_Correspondance/Echange_01.eml.txt,Echange_01.eml.txt,.txt,106,2026-04-23T08:23:10,2026-04-28T08:23:10,False,False,97,97,3,,8D9EBE4DC9E62F429FD8C68A697E15A649DDBC0576B9650B3D22F65E885C6B1B
\\DEMO-SRV01\FileServer\01_Clients\CL1000_Boulangeries_Ravel\04_Correspondance\Echange_02.eml.txt,C:\DemoMigration\FileServer\01_Clients\CL1000_Boulangeries_Ravel\04_Correspondance\Echange_02.eml.txt,01_Clients\CL1000_Boulangeries_Ravel\04_Correspondance\Echange_02.eml.txt,01_Clients,Clients,/sites/MigrationFileServer/Clients/CL1000_Boulangeries_Ravel/04_Correspondance/Echange_02.eml.txt,Echange_02.eml.txt,.txt,106,2019-01-07T21:35:48,2019-12-22T21:35:48,False,False,97,97,3,,B5FCEAA5E939FCB69222AEC2AFDB3B99245A39D0103B95DFB9C8D0DC18E2F729
\\DEMO-SRV01\FileServer\01_Clients\CL1000_Boulangeries_Ravel\04_Correspondance\Echange_03.eml.txt,C:\DemoMigration\FileServer\01_Clients\CL1000_Boulangeries_Ravel\04_Correspondance\Echange_03.eml.txt,01_Clients\CL1000_Boulangeries_Ravel\04_Correspondance\Echange_03.eml.txt,01_Clients,Clients,/sites/MigrationFileServer/Clients/CL1000_Boulangeries_Ravel/04_Correspondance/Echange_03.eml.txt,Echange_03.eml.txt,.txt,106,2025-01-05T21:30:25,2025-05-21T21:30:25,False,False,97,97,3,,6653A982EC5B648C20CC34F566EB506F897E3745D77240F8028C59DADDA72838
\\DEMO-SRV01\FileServer\01_Clients\CL1000_Boulangeries_Ravel\05_Projets\Audit_securite\Compte_rendu_COPIL.docx,C:\DemoMigration\FileServer\01_Clients\CL1000_Boulangeries_Ravel\05_Projets\Audit_securite\Compte_rendu_COPIL.docx,01_Clients\CL1000_Boulangeries_Ravel\05_Projets\Audit_securite\Compte_rendu_COPIL.docx,01_Clients,Clients,/sites/MigrationFileServer/Clients/CL1000_Boulangeries_Ravel/05_Projets/Audit_securite/Compte_rendu_COPIL.docx,Compte_rendu_COPIL.docx,.docx,36733,2023-08-10T21:42:25,2024-04-25T21:42:25,False,False,110,110,4,,914AF6FA941DB30F11458182A951DBB26151159ACAC4FB7E5F4E07C6037825DA
\\DEMO-SRV01\FileServer\01_Clients\CL1000_Boulangeries_Ravel\05_Projets\Audit_securite\Planning_Audit_securite.xlsx,C:\DemoMigration\FileServer\01_Clients\CL1000_Boulangeries_Ravel\05_Projets\Audit_securite\Planning_Audit_securite.xlsx,01_Clients\CL1000_Boulangeries_Ravel\05_Projets\Audit_securite\Planning_Audit_securite.xlsx,01_Clients,Clients,/sites/MigrationFileServer/Clients/CL1000_Boulangeries_Ravel/05_Projets/Audit_securite/Planning_Audit_securite.xlsx,Planning_Audit_securite.xlsx,.xlsx,5132,2023-08-31T03:56:10,2024-07-16T03:56:10,False,False,115,115,4,,33635A6DEFE2FB9D872CB8FDD328C2EBFA5B5C152B7C66FD850B4B8AFD7C4C32
\\DEMO-SRV01\FileServer\01_Clients\CL1000_Boulangeries_Ravel\05_Projets\Audit_securite\Presentation_lancement_Audit_securite.pptx,C:\DemoMigration\FileServer\01_Clients\CL1000_Boulangeries_Ravel\05_Projets\Audit_securite\Presentation_lancement_Audit_securite.pptx,01_Clients\CL1000_Boulangeries_Ravel\05_Projets\Audit_securite\Presentation_lancement_Audit_securite.pptx,01_Clients,Clients,/sites/MigrationFileServer/Clients/CL1000_Boulangeries_Ravel/05_Projets/Audit_securite/Presentation_lancement_Audit_securite.pptx,Presentation_lancement_Audit_securite.pptx,.pptx,29175,2024-06-16T20:18:21,2024-06-17T20:18:21,False,False,129,129,4,,9D939566EA1C45476350C52812A2E27A75DD100B649CF909C45328538064DC87
\\DEMO-SRV01\FileServer\01_Clients\CL1000_Boulangeries_Ravel\05_Projets\Refonte_site_web\Compte_rendu_COPIL.docx,C:\DemoMigration\FileServer\01_Clients\CL1000_Boulangeries_Ravel\05_Projets\Refonte_site_web\Compte_rendu_COPIL.docx,01_Clients\CL1000_Boulangeries_Ravel\05_Projets\Refonte_site_web\Compte_rendu_COPIL.docx,01_Clients,Clients,/sites/MigrationFileServer/Clients/CL1000_Boulangeries_Ravel/05_Projets/Refonte_site_web/Compte_rendu_COPIL.docx,Compte_rendu_COPIL.docx,.docx,36732,2025-09-09T10:40:57,2026-02-13T10:40:57,False,False,112,112,4,,F78EA2192F8295AC164E42579F626735C02568DD730404C71E2017181BC5163B
\\DEMO-SRV01\FileServer\01_Clients\CL1000_Boulangeries_Ravel\05_Projets\Refonte_site_web\Planning_Refonte_site_web.xlsx,C:\DemoMigration\FileServer\01_Clients\CL1000_Boulangeries_Ravel\05_Projets\Refonte_site_web\Planning_Refonte_site_web.xlsx,01_Clients\CL1000_Boulangeries_Ravel\05_Projets\Refonte_site_web\Planning_Refonte_site_web.xlsx,01_Clients,Clients,/sites/MigrationFileServer/Clients/CL1000_Boulangeries_Ravel/05_Projets/Refonte_site_web/Planning_Refonte_site_web.xlsx,Planning_Refonte_site_web.xlsx,.xlsx,5134,2026-08-12T14:34:05,2026-08-21T14:34:05,False,False,119,119,4,,F8BD00A32046C7F106196A0D98174DAEA97FB1FFA36CD6DFAE578042184826F1
\\DEMO-SRV01\FileServer\01_Clients\CL1000_Boulangeries_Ravel\05_Projets\Refonte_site_web\Presentation_lancement_Refonte_site_web.pptx,C:\DemoMigration\FileServer\01_Clients\CL1000_Boulangeries_Ravel\05_Projets\Refonte_site_web\Presentation_lancement_Refonte_site_web.pptx,01_Clients\CL1000_Boulangeries_Ravel\05_Projets\Refonte_site_web\Presentation_lancement_Refonte_site_web.pptx,01_Clients,Clients,/sites/MigrationFileServer/Clients/CL1000_Boulangeries_Ravel/05_Projets/Refonte_site_web/Presentation_lancement_Refonte_site_web.pptx,Presentation_lancement_Refonte_site_web.pptx,.pptx,29176,2025-02-22T05:59:09,2026-03-19T05:59:09,False,False,133,133,4,,0273C1B043928F29AA803C137F65005E6FB32641C0AE4E0D2655B99DEADEBBAD
\\DEMO-SRV01\FileServer\01_Clients\CL1001_Transports_Lemarchand\01_Contrats\Contrat_cadre_CL1001_2018.docx,C:\DemoMigration\FileServer\01_Clients\CL1001_Transports_Lemarchand\01_Contrats\Contrat_cadre_CL1001_2018.docx,01_Clients\CL1001_Transports_Lemarchand\01_Contrats\Contrat_cadre_CL1001_2018.docx,01_Clients,Clients,/sites/MigrationFileServer/Clients/CL1001_Transports_Lemarchand/01_Contrats/Contrat_cadre_CL1001_2018.docx,Contrat_cadre_CL1001_2018.docx,.docx,36786,2017-04-08T11:54:06,2018-01-23T11:54:06,False,False,106,106,3,,0C9EADEE56E80F8E0542AF78B97233AE1FFF96D189EA5BDEA813ED71E19E2F02
\\DEMO-SRV01\FileServer\01_Clients\CL1001_Transports_Lemarchand\01_Contrats\Contrat_cadre_CL1001_2018_signe.pdf,C:\DemoMigration\FileServer\01_Clients\CL1001_Transports_Lemarchand\01_Contrats\Contrat_cadre_CL1001_2018_signe.pdf,01_Clients\CL1001_Transports_Lemarchand\01_Contrats\Contrat_cadre_CL1001_2018_signe.pdf,01_Clients,Clients,/sites/MigrationFileServer/Clients/CL1001_Transports_Lemarchand/01_Contrats/Contrat_cadre_CL1001_2018_signe.pdf,Contrat_cadre_CL1001_2018_signe.pdf,.pdf,1665,2017-05-28T14:04:08,2018-01-31T14:04:08,False,False,111,111,3,,1E2C3CE231420838D4BC3D96626AA2446CD7C166AF6362928E1EF8D099A8239C
\\DEMO-SRV01\FileServer\01_Clients\CL1001_Transports_Lemarchand\02_Devis\Devis_CL1001_2022-02.docx,C:\DemoMigration\FileServer\01_Clients\CL1001_Transports_Lemarchand\02_Devis\Devis_CL1001_2022-02.docx,01_Clients\CL1001_Transports_Lemarchand\02_Devis\Devis_CL1001_2022-02.docx,01_Clients,Clients,/sites/MigrationFileServer/Clients/CL1001_Transports_Lemarchand/02_Devis/Devis_CL1001_2022-02.docx,Devis_CL1001_2022-02.docx,.docx,36747,2021-09-11T07:55:53,2022-06-14T07:55:53,False,False,98,98,3,,3EB13005F7FAE42E1C7710A63C59F6698130B5C69495D6316274E8F4D076CE24
\\DEMO-SRV01\FileServer\01_Clients\CL1001_Transports_Lemarchand\02_Devis\Devis_CL1001_2026-01.docx,C:\DemoMigration\FileServer\01_Clients\CL1001_Transports_Lemarchand\02_Devis\Devis_CL1001_2026-01.docx,01_Clients\CL1001_Transports_Lemarchand\02_Devis\Devis_CL1001_2026-01.docx,01_Clients,Clients,/sites/MigrationFileServer/Clients/CL1001_Transports_Lemarchand/02_Devis/Devis_CL1001_2026-01.docx,Devis_CL1001_2026-01.docx,.docx,36747,2026-04-11T13:57:10,2026-07-04T13:57:10,False,False,98,98,3,,4CE4F5479EB01A781C1E46D4A32D443DFE70EBCB9510DF9E595692978E3CA9BE
\\DEMO-SRV01\FileServer\01_Clients\CL1001_Transports_Lemarchand\03_Factures\2024\Facture_CL1001_202404.pdf,C:\DemoMigration\FileServer\01_Clients\CL1001_Transports_Lemarchand\03_Factures\2024\Facture_CL1001_202404.pdf,01_Clients\CL1001_Transports_Lemarchand\03_Factures\2024\Facture_CL1001_202404.pdf,01_Clients,Clients,/sites/MigrationFileServer/Clients/CL1001_Transports_Lemarchand/03_Factures/2024/Facture_CL1001_202404.pdf,Facture_CL1001_202404.pdf,.pdf,1705,2023-07-23T10:00:00,2024-04-12T10:00:00,False,False,106,106,4,,888EE5013D189C1B9E17F43DCB1FDEA55223E2CF3D6D67447B81976BD3F2628C
\\DEMO-SRV01\FileServer\01_Clients\CL1001_Transports_Lemarchand\03_Factures\2024\Facture_CL1001_202405.pdf,C:\DemoMigration\FileServer\01_Clients\CL1001_Transports_Lemarchand\03_Factures\2024\Facture_CL1001_202405.pdf,01_Clients\CL1001_Transports_Lemarchand\03_Factures\2024\Facture_CL1001_202405.pdf,01_Clients,Clients,/sites/MigrationFileServer/Clients/CL1001_Transports_Lemarchand/03_Factures/2024/Facture_CL1001_202405.pdf,Facture_CL1001_202405.pdf,.pdf,1705,2023-07-07T10:00:00,2024-05-03T10:00:00,False,False,106,106,4,,320740345C4A155A3F0AFB716378FF232E80ED04C8E1B83C224197047C92A36B
\\DEMO-SRV01\FileServer\01_Clients\CL1001_Transports_Lemarchand\03_Factures\2024\Facture_CL1001_202408.pdf,C:\DemoMigration\FileServer\01_Clients\CL1001_Transports_Lemarchand\03_Factures\2024\Facture_CL1001_202408.pdf,01_Clients\CL1001_Transports_Lemarchand\03_Factures\2024\Facture_CL1001_202408.pdf,01_Clients,Clients,/sites/MigrationFileServer/Clients/CL1001_Transports_Lemarchand/03_Factures/2024/Facture_CL1001_202408.pdf,Facture_CL1001_202408.pdf,.pdf,1707,2024-07-17T10:00:00,2024-08-02T10:00:00,False,False,106,106,4,,1FD5A5E5EF6CB8E839E6B6118A8B9AD232A73E80A075414577D40AFDE4F7280C
\\DEMO-SRV01\FileServer\01_Clients\CL1001_Transports_Lemarchand\03_Factures\2024\Facture_CL1001_202410.pdf,C:\DemoMigration\FileServer\01_Clients\CL1001_Transports_Lemarchand\03_Factures\2024\Facture_CL1001_202410.pdf,01_Clients\CL1001_Transports_Lemarchand\03_Factures\2024\Facture_CL1001_202410.pdf,01_Clients,Clients,/sites/MigrationFileServer/Clients/CL1001_Transports_Lemarchand/03_Factures/2024/Facture_CL1001_202410.pdf,Facture_CL1001_202410.pdf,.pdf,1702,2024-01-20T10:00:00,2024-10-22T10:00:00,False,False,106,106,4,,9920186AE7286B0BC77D5F45CFC51E112565038F975715F80C2FCE99F8E41F74
\\DEMO-SRV01\FileServer\01_Clients\CL1001_Transports_Lemarchand\03_Factures\2024\Facture_CL1001_202411.pdf,C:\DemoMigration\FileServer\01_Clients\CL1001_Transports_Lemarchand\03_Factures\2024\Facture_CL1001_202411.pdf,01_Clients\CL1001_Transports_Lemarchand\03_Factures\2024\Facture_CL1001_202411.pdf,01_Clients,Clients,/sites/MigrationFileServer/Clients/CL1001_Transports_Lemarchand/03_Factures/2024/Facture_CL1001_202411.pdf,Facture_CL1001_202411.pdf,.pdf,1705,2024-07-18T10:00:00,2024-11-19T10:00:00,False,False,106,106,4,,ADC2008D832FD2D58777F3BB4ABDAC97B41E61F78F9238DB7CDB349BA5AB9C94
\\DEMO-SRV01\FileServer\01_Clients\CL1001_Transports_Lemarchand\03_Factures\2025\Facture_CL1001_202502.pdf,C:\DemoMigration\FileServer\01_Clients\CL1001_Transports_Lemarchand\03_Factures\2025\Facture_CL1001_202502.pdf,01_Clients\CL1001_Transports_Lemarchand\03_Factures\2025\Facture_CL1001_202502.pdf,01_Clients,Clients,/sites/MigrationFileServer/Clients/CL1001_Transports_Lemarchand/03_Factures/2025/Facture_CL1001_202502.pdf,Facture_CL1001_202502.pdf,.pdf,1708,2024-07-19T10:00:00,2025-02-14T10:00:00,False,False,106,106,4,,9749ED67BEACFE6A61B4B7F7040A5299061AC1E08864878AF071D2C4FE0F466C
\\DEMO-SRV01\FileServer\01_Clients\CL1001_Transports_Lemarchand\03_Factures\2025\Facture_CL1001_202503.pdf,C:\DemoMigration\FileServer\01_Clients\CL1001_Transports_Lemarchand\03_Factures\2025\Facture_CL1001_202503.pdf,01_Clients\CL1001_Transports_Lemarchand\03_Factures\2025\Facture_CL1001_202503.pdf,01_Clients,Clients,/sites/MigrationFileServer/Clients/CL1001_Transports_Lemarchand/03_Factures/2025/Facture_CL1001_202503.pdf,Facture_CL1001_202503.pdf,.pdf,1707,2024-04-26T10:00:00,2025-03-22T10:00:00,False,False,106,106,4,,4D726F112770CA067D88E780A95B1CAA156D75C751D07687A4E35192757DB10B
\\DEMO-SRV01\FileServer\01_Clients\CL1001_Transports_Lemarchand\03_Factures\2025\Facture_CL1001_202504.pdf,C:\DemoMigration\FileServer\01_Clients\CL1001_Transports_Lemarchand\03_Factures\2025\Facture_CL1001_202504.pdf,01_Clients\CL1001_Transports_Lemarchand\03_Factures\2025\Facture_CL1001_202504.pdf,01_Clients,Clients,/sites/MigrationFileServer/Clients/CL1001_Transports_Lemarchand/03_Factures/2025/Facture_CL1001_202504.pdf,Facture_CL1001_202504.pdf,.pdf,1707,2025-02-15T10:00:00,2025-04-11T10:00:00,False,False,106,106,4,,0BBD1D26235F9E82F7EFF478EF0C57B739C60F62747C5B44149E4B6138C224B9
\\DEMO-SRV01\FileServer\01_Clients\CL1001_Transports_Lemarchand\03_Factures\2025\Facture_CL1001_202505.pdf,C:\DemoMigration\FileServer\01_Clients\CL1001_Transports_Lemarchand\03_Factures\2025\Facture_CL1001_202505.pdf,01_Clients\CL1001_Transports_Lemarchand\03_Factures\2025\Facture_CL1001_202505.pdf,01_Clients,Clients,/sites/MigrationFileServer/Clients/CL1001_Transports_Lemarchand/03_Factures/2025/Facture_CL1001_202505.pdf,Facture_CL1001_202505.pdf,.pdf,1705,2025-02-11T10:00:00,2025-05-15T10:00:00,False,False,106,106,4,,BBF104CEA619064FD023A11219263D6778C644F7C0288E1A10AEDA3B1B3EA7C5
\\DEMO-SRV01\FileServer\01_Clients\CL1001_Transports_Lemarchand\03_Factures\2025\Facture_CL1001_202506.pdf,C:\DemoMigration\FileServer\01_Clients\CL1001_Transports_Lemarchand\03_Factures\2025\Facture_CL1001_202506.pdf,01_Clients\CL1001_Transports_Lemarchand\03_Factures\2025\Facture_CL1001_202506.pdf,01_Clients,Clients,/sites/MigrationFileServer/Clients/CL1001_Transports_Lemarchand/03_Factures/2025/Facture_CL1001_202506.pdf,Facture_CL1001_202506.pdf,.pdf,1705,2024-08-26T10:00:00,2025-06-03T10:00:00,False,False,106,106,4,,B843D8BE4412463D6C0265B041F1E8B9CA2341933BA3D838EFD9E721F76E7109
\\DEMO-SRV01\FileServer\01_Clients\CL1001_Transports_Lemarchand\03_Factures\2025\Facture_CL1001_202507.pdf,C:\DemoMigration\FileServer\01_Clients\CL1001_Transports_Lemarchand\03_Factures\2025\Facture_CL1001_202507.pdf,01_Clients\CL1001_Transports_Lemarchand\03_Factures\2025\Facture_CL1001_202507.pdf,01_Clients,Clients,/sites/MigrationFileServer/Clients/CL1001_Transports_Lemarchand/03_Factures/2025/Facture_CL1001_202507.pdf,Facture_CL1001_202507.pdf,.pdf,1705,2025-06-01T10:00:00,2025-07-18T10:00:00,False,False,106,106,4,,F763CB71BE12E736A0D417788D538D09F9C4BBE0595F3A54937DB93EC0DA3063
\\DEMO-SRV01\FileServer\01_Clients\CL1001_Transports_Lemarchand\03_Factures\2025\Facture_CL1001_202510.pdf,C:\DemoMigration\FileServer\01_Clients\CL1001_Transports_Lemarchand\03_Factures\2025\Facture_CL1001_202510.pdf,01_Clients\CL1001_Transports_Lemarchand\03_Factures\2025\Facture_CL1001_202510.pdf,01_Clients,Clients,/sites/MigrationFileServer/Clients/CL1001_Transports_Lemarchand/03_Factures/2025/Facture_CL1001_202510.pdf,Facture_CL1001_202510.pdf,.pdf,1707,2025-09-07T10:00:00,2025-10-07T10:00:00,False,False,106,106,4,,934C79F9E8F68CBD2D9157A178D5E3D255A6FE81143C7D3A4BA9E8D000471ACB
\\DEMO-SRV01\FileServer\01_Clients\CL1001_Transports_Lemarchand\03_Factures\2025\Facture_CL1001_202511.pdf,C:\DemoMigration\FileServer\01_Clients\CL1001_Transports_Lemarchand\03_Factures\2025\Facture_CL1001_202511.pdf,01_Clients\CL1001_Transports_Lemarchand\03_Factures\2025\Facture_CL1001_202511.pdf,01_Clients,Clients,/sites/MigrationFileServer/Clients/CL1001_Transports_Lemarchand/03_Factures/2025/Facture_CL1001_202511.pdf,Facture_CL1001_202511.pdf,.pdf,1705,2025-03-26T10:00:00,2025-11-13T10:00:00,False,False,106,106,4,,0D4AEDE973260257B1381ECD02A2DCC8AD277577C2B005C36547E9617479D873
\\DEMO-SRV01\FileServer\01_Clients\CL1001_Transports_Lemarchand\03_Factures\2025\Facture_CL1001_202512.pdf,C:\DemoMigration\FileServer\01_Clients\CL1001_Transports_Lemarchand\03_Factures\2025\Facture_CL1001_202512.pdf,01_Clients\CL1001_Transports_Lemarchand\03_Factures\2025\Facture_CL1001_202512.pdf,01_Clients,Clients,/sites/MigrationFileServer/Clients/CL1001_Transports_Lemarchand/03_Factures/2025/Facture_CL1001_202512.pdf,Facture_CL1001_202512.pdf,.pdf,1705,2025-03-15T10:00:00,2025-12-24T10:00:00,False,False,106,106,4,,7CC417A47673EFBDC4C7831AA026509410121E4F80F2F2E12336D22AA2B72309
\\DEMO-SRV01\FileServer\01_Clients\CL1001_Transports_Lemarchand\03_Factures\2026\Facture_CL1001_202602.pdf,C:\DemoMigration\FileServer\01_Clients\CL1001_Transports_Lemarchand\03_Factures\2026\Facture_CL1001_202602.pdf,01_Clients\CL1001_Transports_Lemarchand\03_Factures\2026\Facture_CL1001_202602.pdf,01_Clients,Clients,/sites/MigrationFileServer/Clients/CL1001_Transports_Lemarchand/03_Factures/2026/Facture_CL1001_202602.pdf,Facture_CL1001_202602.pdf,.pdf,1705,2025-04-17T10:00:00,2026-02-07T10:00:00,False,False,106,106,4,,CE0A4A74BBF3B647DBCCDEF6706F27106A8CEB28E1D0D6BDD2F850FCC4887562
\\DEMO-SRV01\FileServer\01_Clients\CL1001_Transports_Lemarchand\03_Factures\2026\Facture_CL1001_202604.pdf,C:\DemoMigration\FileServer\01_Clients\CL1001_Transports_Lemarchand\03_Factures\2026\Facture_CL1001_202604.pdf,01_Clients\CL1001_Transports_Lemarchand\03_Factures\2026\Facture_CL1001_202604.pdf,01_Clients,Clients,/sites/MigrationFileServer/Clients/CL1001_Transports_Lemarchand/03_Factures/2026/Facture_CL1001_202604.pdf,Facture_CL1001_202604.pdf,.pdf,1708,2025-07-19T10:00:00,2026-04-02T10:00:00,False,False,106,106,4,,5370F2E0F53FAC31F2B95260E4554C603EF9B934AA2E36228473DECCF90384D1
\\DEMO-SRV01\FileServer\01_Clients\CL1001_Transports_Lemarchand\03_Factures\2026\Facture_CL1001_202606.pdf,C:\DemoMigration\FileServer\01_Clients\CL1001_Transports_Lemarchand\03_Factures\2026\Facture_CL1001_202606.pdf,01_Clients\CL1001_Transports_Lemarchand\03_Factures\2026\Facture_CL1001_202606.pdf,01_Clients,Clients,/sites/MigrationFileServer/Clients/CL1001_Transports_Lemarchand/03_Factures/2026/Facture_CL1001_202606.pdf,Facture_CL1001_202606.pdf,.pdf,1705,2026-03-14T10:00:00,2026-06-17T10:00:00,False,False,106,106,4,,85D5700638BE47D33E8F7949BE975FAC5DCCB2950DB556DFB3F29DA53F6F32F4
\\DEMO-SRV01\FileServer\01_Clients\CL1001_Transports_Lemarchand\03_Factures\2026\Facture_CL1001_202607.pdf,C:\DemoMigration\FileServer\01_Clients\CL1001_Transports_Lemarchand\03_Factures\2026\Facture_CL1001_202607.pdf,01_Clients\CL1001_Transports_Lemarchand\03_Factures\2026\Facture_CL1001_202607.pdf,01_Clients,Clients,/sites/MigrationFileServer/Clients/CL1001_Transports_Lemarchand/03_Factures/2026/Facture_CL1001_202607.pdf,Facture_CL1001_202607.pdf,.pdf,1704,2026-05-28T10:00:00,2026-07-28T10:00:00,False,False,106,106,4,,AE74A0019B9477453A894CFEAB777A1C921CB6A2475618BCF10FBBAB62C28F96
\\DEMO-SRV01\FileServer\01_Clients\CL1001_Transports_Lemarchand\04_Correspondance\Echange_01.eml.txt,C:\DemoMigration\FileServer\01_Clients\CL1001_Transports_Lemarchand\04_Correspondance\Echange_01.eml.txt,01_Clients\CL1001_Transports_Lemarchand\04_Correspondance\Echange_01.eml.txt,01_Clients,Clients,/sites/MigrationFileServer/Clients/CL1001_Transports_Lemarchand/04_Correspondance/Echange_01.eml.txt,Echange_01.eml.txt,.txt,106,2018-06-21T11:21:11,2019-05-04T11:21:11,False,False,100,100,3,,78682904600A5DE28DE35D2A119C9F0132AC412F09E626DE26067FEF341140E2
\\DEMO-SRV01\FileServer\01_Clients\CL1001_Transports_Lemarchand\04_Correspondance\Echange_02.eml.txt,C:\DemoMigration\FileServer\01_Clients\CL1001_Transports_Lemarchand\04_Correspondance\Echange_02.eml.txt,01_Clients\CL1001_Transports_Lemarchand\04_Correspondance\Echange_02.eml.txt,01_Clients,Clients,/sites/MigrationFileServer/Clients/CL1001_Transports_Lemarchand/04_Correspondance/Echange_02.eml.txt,Echange_02.eml.txt,.txt,106,2023-10-11T09:17:45,2024-08-04T09:17:45,False,False,100,100,3,,BEC2411544EEC291F4D6812FB3A93F2D4E35F2567C4E3E46ACCC7537989AE418
\\DEMO-SRV01\FileServer\01_Clients\CL1001_Transports_Lemarchand\05_Projets\Audit_securite\Compte_rendu_COPIL.docx,C:\DemoMigration\FileServer\01_Clients\CL1001_Transports_Lemarchand\05_Projets\Audit_securite\Compte_rendu_COPIL.docx,01_Clients\CL1001_Transports_Lemarchand\05_Projets\Audit_securite\Compte_rendu_COPIL.docx,01_Clients,Clients,/sites/MigrationFileServer/Clients/CL1001_Transports_Lemarchand/05_Projets/Audit_securite/Compte_rendu_COPIL.docx,Compte_rendu_COPIL.docx,.docx,36732,2025-07-17T16:16:30,2026-04-21T16:16:30,False,False,113,113,4,,BC83582C3EB26394EE2509C5B52E9B4501BD1A5DE184BC4C8170E11168A10262
\\DEMO-SRV01\FileServer\01_Clients\CL1001_Transports_Lemarchand\05_Projets\Audit_securite\Planning_Audit_securite.xlsx,C:\DemoMigration\FileServer\01_Clients\CL1001_Transports_Lemarchand\05_Projets\Audit_securite\Planning_Audit_securite.xlsx,01_Clients\CL1001_Transports_Lemarchand\05_Projets\Audit_securite\Planning_Audit_securite.xlsx,01_Clients,Clients,/sites/MigrationFileServer/Clients/CL1001_Transports_Lemarchand/05_Projets/Audit_securite/Planning_Audit_securite.xlsx,Planning_Audit_securite.xlsx,.xlsx,5134,2025-07-22T17:10:53,2026-01-27T17:10:53,False,False,118,118,4,,A26FF658AE5412CA5ADB13447A61FDA52D07FE5060A923470F917053EDF47169
\\DEMO-SRV01\FileServer\01_Clients\CL1001_Transports_Lemarchand\05_Projets\Audit_securite\Presentation_lancement_Audit_securite.pptx,C:\DemoMigration\FileServer\01_Clients\CL1001_Transports_Lemarchand\05_Projets\Audit_securite\Presentation_lancement_Audit_securite.pptx,01_Clients\CL1001_Transports_Lemarchand\05_Projets\Audit_securite\Presentation_lancement_Audit_securite.pptx,01_Clients,Clients,/sites/MigrationFileServer/Clients/CL1001_Transports_Lemarchand/05_Projets/Audit_securite/Presentation_lancement_Audit_securite.pptx,Presentation_lancement_Audit_securite.pptx,.pptx,29174,2026-07-01T15:28:51,2026-08-07T15:28:51,False,False,132,132,4,,03B667D1B1CBC3A5B6A0843AE05308B93DC0B8EC614C4568866DB3FAED445826
\\DEMO-SRV01\FileServer\01_Clients\CL1001_Transports_Lemarchand\05_Projets\Tableau_de_bord\Compte_rendu_COPIL.docx,C:\DemoMigration\FileServer\01_Clients\CL1001_Transports_Lemarchand\05_Projets\Tableau_de_bord\Compte_rendu_COPIL.docx,01_Clients\CL1001_Transports_Lemarchand\05_Projets\Tableau_de_bord\Compte_rendu_COPIL.docx,01_Clients,Clients,/sites/MigrationFileServer/Clients/CL1001_Transports_Lemarchand/05_Projets/Tableau_de_bord/Compte_rendu_COPIL.docx,Compte_rendu_COPIL.docx,.docx,36730,2024-05-09T09:40:32,2024-12-29T09:40:32,False,False,114,114,4,,DD7C87AFFF26ECD133238FE74DE257FD3F619892EF5743329EB05D97504DE6C3
\\DEMO-SRV01\FileServer\01_Clients\CL1001_Transports_Lemarchand\05_Projets\Tableau_de_bord\Planning_Tableau_de_bord.xlsx,C:\DemoMigration\FileServer\01_Clients\CL1001_Transports_Lemarchand\05_Projets\Tableau_de_bord\Planning_Tableau_de_bord.xlsx,01_Clients\CL1001_Transports_Lemarchand\05_Projets\Tableau_de_bord\Planning_Tableau_de_bord.xlsx,01_Clients,Clients,/sites/MigrationFileServer/Clients/CL1001_Transports_Lemarchand/05_Projets/Tableau_de_bord/Planning_Tableau_de_bord.xlsx,Planning_Tableau_de_bord.xlsx,.xlsx,5140,2023-06-08T13:38:30,2024-06-26T13:38:30,False,False,120,120,4,,831E365DAF79D12BFFF30A6EB509404224924BBD7340DC8A9AD9388F6FF061AE
\\DEMO-SRV01\FileServer\01_Clients\CL1001_Transports_Lemarchand\05_Projets\Tableau_de_bord\Presentation_lancement_Tableau_de_bord.pptx,C:\DemoMigration\FileServer\01_Clients\CL1001_Transports_Lemarchand\05_Projets\Tableau_de_bord\Presentation_lancement_Tableau_de_bord.pptx,01_Clients\CL1001_Transports_Lemarchand\05_Projets\Tableau_de_bord\Presentation_lancement_Tableau_de_bord.pptx,01_Clients,Clients,/sites/MigrationFileServer/Clients/CL1001_Transports_Lemarchand/05_Projets/Tableau_de_bord/Presentation_lancement_Tableau_de_bord.pptx,Presentation_lancement_Tableau_de_bord.pptx,.pptx,29177,2023-10-12T07:50:01,2024-03-20T07:50:01,False,False,134,134,4,,9351372A587576E40FDF3B2C87C61FC8CEB3355C98AD787FA2624E034A7D87B5
\\DEMO-SRV01\FileServer\01_Clients\CL1002_Clinique_Saint-Aubin\01_Contrats\Contrat_cadre_CL1002_2022.docx,C:\DemoMigration\FileServer\01_Clients\CL1002_Clinique_Saint-Aubin\01_Contrats\Contrat_cadre_CL1002_2022.docx,01_Clients\CL1002_Clinique_Saint-Aubin\01_Contrats\Contrat_cadre_CL1002_2022.docx,01_Clients,Clients,/sites/MigrationFileServer/Clients/CL1002_Clinique_Saint-Aubin/01_Contrats/Contrat_cadre_CL1002_2022.docx,Contrat_cadre_CL1002_2022.docx,.docx,36786,2021-05-29T11:39:50,2022-04-28T11:39:50,False,False,105,105,3,,C9E120134ACB0B4E121E0E71D59E4C434BCE9F92C25C91081DE304450506AFB8
\\DEMO-SRV01\FileServer\01_Clients\CL1002_Clinique_Saint-Aubin\01_Contrats\Contrat_cadre_CL1002_2022_signe.pdf,C:\DemoMigration\FileServer\01_Clients\CL1002_Clinique_Saint-Aubin\01_Contrats\Contrat_cadre_CL1002_2022_signe.pdf,01_Clients\CL1002_Clinique_Saint-Aubin\01_Contrats\Contrat_cadre_CL1002_2022_signe.pdf,01_Clients,Clients,/sites/MigrationFileServer/Clients/CL1002_Clinique_Saint-Aubin/01_Contrats/Contrat_cadre_CL1002_2022_signe.pdf,Contrat_cadre_CL1002_2022_signe.pdf,.pdf,1658,2021-10-15T10:05:04,2022-07-25T10:05:04,False,False,110,110,3,,241422DB71AEDA4D6C82ED23BD1AAB58E60B05714A236EB473D53CF996B1C0DE
\\DEMO-SRV01\FileServer\01_Clients\CL1002_Clinique_Saint-Aubin\02_Devis\Devis_CL1002_2022-01.docx,C:\DemoMigration\FileServer\01_Clients\CL1002_Clinique_Saint-Aubin\02_Devis\Devis_CL1002_2022-01.docx,01_Clients\CL1002_Clinique_Saint-Aubin\02_Devis\Devis_CL1002_2022-01.docx,01_Clients,Clients,/sites/MigrationFileServer/Clients/CL1002_Clinique_Saint-Aubin/02_Devis/Devis_CL1002_2022-01.docx,Devis_CL1002_2022-01.docx,.docx,36749,2022-03-04T12:43:24,2022-12-12T12:43:24,False,False,97,97,3,,DD82AF9C1AD403CADE9DA850EC7FBE8B470D06A17AF2E86ED7D320C0F56F3803
\\DEMO-SRV01\FileServer\01_Clients\CL1002_Clinique_Saint-Aubin\02_Devis\Devis_CL1002_2023-02.docx,C:\DemoMigration\FileServer\01_Clients\CL1002_Clinique_Saint-Aubin\02_Devis\Devis_CL1002_2023-02.docx,01_Clients\CL1002_Clinique_Saint-Aubin\02_Devis\Devis_CL1002_2023-02.docx,01_Clients,Clients,/sites/MigrationFileServer/Clients/CL1002_Clinique_Saint-Aubin/02_Devis/Devis_CL1002_2023-02.docx,Devis_CL1002_2023-02.docx,.docx,36751,2022-12-09T19:12:38,2023-03-23T19:12:38,False,False,97,97,3,,465C024EE402986037231528416D5938CD61EEFE94C53C3351C9D3C614E37758
\\DEMO-SRV01\FileServer\01_Clients\CL1002_Clinique_Saint-Aubin\02_Devis\Devis_CL1002_2024-03.docx,C:\DemoMigration\FileServer\01_Clients\CL1002_Clinique_Saint-Aubin\02_Devis\Devis_CL1002_2024-03.docx,01_Clients\CL1002_Clinique_Saint-Aubin\02_Devis\Devis_CL1002_2024-03.docx,01_Clients,Clients,/sites/MigrationFileServer/Clients/CL1002_Clinique_Saint-Aubin/02_Devis/Devis_CL1002_2024-03.docx,Devis_CL1002_2024-03.docx,.docx,36748,2024-11-21T14:20:51,2024-12-17T14:20:51,False,False,97,97,3,,E6F9D96399F917F1C350BB4D85DD7C4443C33E784639B8A9B023648559613E1A
\\DEMO-SRV01\FileServer\01_Clients\CL1002_Clinique_Saint-Aubin\03_Factures\2024\Facture_CL1002_202401.pdf,C:\DemoMigration\FileServer\01_Clients\CL1002_Clinique_Saint-Aubin\03_Factures\2024\Facture_CL1002_202401.pdf,01_Clients\CL1002_Clinique_Saint-Aubin\03_Factures\2024\Facture_CL1002_202401.pdf,01_Clients,Clients,/sites/MigrationFileServer/Clients/CL1002_Clinique_Saint-Aubin/03_Factures/2024/Facture_CL1002_202401.pdf,Facture_CL1002_202401.pdf,.pdf,1704,2023-07-23T10:00:00,2024-01-09T10:00:00,False,False,105,105,4,,1623298D39D7DD8EC11686D86FA7C872DCBEF89A35811394F88223AE498B899E
\\DEMO-SRV01\FileServer\01_Clients\CL1002_Clinique_Saint-Aubin\03_Factures\2024\Facture_CL1002_202404.pdf,C:\DemoMigration\FileServer\01_Clients\CL1002_Clinique_Saint-Aubin\03_Factures\2024\Facture_CL1002_202404.pdf,01_Clients\CL1002_Clinique_Saint-Aubin\03_Factures\2024\Facture_CL1002_202404.pdf,01_Clients,Clients,/sites/MigrationFileServer/Clients/CL1002_Clinique_Saint-Aubin/03_Factures/2024/Facture_CL1002_202404.pdf,Facture_CL1002_202404.pdf,.pdf,1705,2023-07-06T10:00:00,2024-04-18T10:00:00,False,False,105,105,4,,15A03C6B672412C6649532BDF9320ED1F233B6E6ECE29DA73E1C84C726D3A1A5
\\DEMO-SRV01\FileServer\01_Clients\CL1002_Clinique_Saint-Aubin\03_Factures\2024\Facture_CL1002_202405.pdf,C:\DemoMigration\FileServer\01_Clients\CL1002_Clinique_Saint-Aubin\03_Factures\2024\Facture_CL1002_202405.pdf,01_Clients\CL1002_Clinique_Saint-Aubin\03_Factures\2024\Facture_CL1002_202405.pdf,01_Clients,Clients,/sites/MigrationFileServer/Clients/CL1002_Clinique_Saint-Aubin/03_Factures/2024/Facture_CL1002_202405.pdf,Facture_CL1002_202405.pdf,.pdf,1705,2023-08-18T10:00:00,2024-05-23T10:00:00,False,False,105,105,4,,F7B09C50EAA9C95E43B7E066EAE7D0A74433B6CB256967259328F4D9C0EBF457
\\DEMO-SRV01\FileServer\01_Clients\CL1002_Clinique_Saint-Aubin\03_Factures\2024\Facture_CL1002_202406.pdf,C:\DemoMigration\FileServer\01_Clients\CL1002_Clinique_Saint-Aubin\03_Factures\2024\Facture_CL1002_202406.pdf,01_Clients\CL1002_Clinique_Saint-Aubin\03_Factures\2024\Facture_CL1002_202406.pdf,01_Clients,Clients,/sites/MigrationFileServer/Clients/CL1002_Clinique_Saint-Aubin/03_Factures/2024/Facture_CL1002_202406.pdf,Facture_CL1002_202406.pdf,.pdf,1705,2024-04-14T10:00:00,2024-06-18T10:00:00,False,False,105,105,4,,28CFE704755E49556D30995713594D1327D828D14742DC82E8C3AE8AA311AFB1
\\DEMO-SRV01\FileServer\01_Clients\CL1002_Clinique_Saint-Aubin\03_Factures\2024\Facture_CL1002_202407.pdf,C:\DemoMigration\FileServer\01_Clients\CL1002_Clinique_Saint-Aubin\03_Factures\2024\Facture_CL1002_202407.pdf,01_Clients\CL1002_Clinique_Saint-Aubin\03_Factures\2024\Facture_CL1002_202407.pdf,01_Clients,Clients,/sites/MigrationFileServer/Clients/CL1002_Clinique_Saint-Aubin/03_Factures/2024/Facture_CL1002_202407.pdf,Facture_CL1002_202407.pdf,.pdf,1705,2024-07-06T10:00:00,2024-07-26T10:00:00,False,False,105,105,4,,ABE76394F55B385D6D304DA435B01C3BB0AD317D81534D38F24931704F9500CE
\\DEMO-SRV01\FileServer\01_Clients\CL1002_Clinique_Saint-Aubin\03_Factures\2024\Facture_CL1002_202409.pdf,C:\DemoMigration\FileServer\01_Clients\CL1002_Clinique_Saint-Aubin\03_Factures\2024\Facture_CL1002_202409.pdf,01_Clients\CL1002_Clinique_Saint-Aubin\03_Factures\2024\Facture_CL1002_202409.pdf,01_Clients,Clients,/sites/MigrationFileServer/Clients/CL1002_Clinique_Saint-Aubin/03_Factures/2024/Facture_CL1002_202409.pdf,Facture_CL1002_202409.pdf,.pdf,1705,2023-11-23T10:00:00,2024-09-04T10:00:00,False,False,105,105,4,,31617D34F221DCBAC9EBA3B36397D536F41EB77EEA89D95C52C086E2F5C6F76D
\\DEMO-SRV01\FileServer\01_Clients\CL1002_Clinique_Saint-Aubin\03_Factures\2024\Facture_CL1002_202411.pdf,C:\DemoMigration\FileServer\01_Clients\CL1002_Clinique_Saint-Aubin\03_Factures\2024\Facture_CL1002_202411.pdf,01_Clients\CL1002_Clinique_Saint-Aubin\03_Factures\2024\Facture_CL1002_202411.pdf,01_Clients,Clients,/sites/MigrationFileServer/Clients/CL1002_Clinique_Saint-Aubin/03_Factures/2024/Facture_CL1002_202411.pdf,Facture_CL1002_202411.pdf,.pdf,1705,2024-07-07T10:00:00,2024-11-05T10:00:00,False,False,105,105,4,,AA380643734BE985CA45084491F2B77432B050B676CEF9F0B2416D1441431611
\\DEMO-SRV01\FileServer\01_Clients\CL1002_Clinique_Saint-Aubin\03_Factures\2025\Facture_CL1002_202504.pdf,C:\DemoMigration\FileServer\01_Clients\CL1002_Clinique_Saint-Aubin\03_Factures\2025\Facture_CL1002_202504.pdf,01_Clients\CL1002_Clinique_Saint-Aubin\03_Factures\2025\Facture_CL1002_202504.pdf,01_Clients,Clients,/sites/MigrationFileServer/Clients/CL1002_Clinique_Saint-Aubin/03_Factures/2025/Facture_CL1002_202504.pdf,Facture_CL1002_202504.pdf,.pdf,1707,2024-09-13T10:00:00,2025-04-11T10:00:00,False,False,105,105,4,,EB8613EBBA745604D6FB7F3C9C9A91284C1C3022D084EA79858351DEA087226A
\\DEMO-SRV01\FileServer\01_Clients\CL1002_Clinique_Saint-Aubin\03_Factures\2025\Facture_CL1002_202508.pdf,C:\DemoMigration\FileServer\01_Clients\CL1002_Clinique_Saint-Aubin\03_Factures\2025\Facture_CL1002_202508.pdf,01_Clients\CL1002_Clinique_Saint-Aubin\03_Factures\2025\Facture_CL1002_202508.pdf,01_Clients,Clients,/sites/MigrationFileServer/Clients/CL1002_Clinique_Saint-Aubin/03_Factures/2025/Facture_CL1002_202508.pdf,Facture_CL1002_202508.pdf,.pdf,1707,2025-07-16T10:00:00,2025-08-04T10:00:00,False,False,105,105,4,,8E0CA0317FDBB9DDAB700DFB8F07AE2D181B683D24F3641C9F3E56F276E61F13
\\DEMO-SRV01\FileServer\01_Clients\CL1002_Clinique_Saint-Aubin\03_Factures\2025\Facture_CL1002_202510.pdf,C:\DemoMigration\FileServer\01_Clients\CL1002_Clinique_Saint-Aubin\03_Factures\2025\Facture_CL1002_202510.pdf,01_Clients\CL1002_Clinique_Saint-Aubin\03_Factures\2025\Facture_CL1002_202510.pdf,01_Clients,Clients,/sites/MigrationFileServer/Clients/CL1002_Clinique_Saint-Aubin/03_Factures/2025/Facture_CL1002_202510.pdf,Facture_CL1002_202510.pdf,.pdf,1705,2025-06-21T10:00:00,2025-10-15T10:00:00,False,False,105,105,4,,C824858D417550B0E00097379D8A6E422D702ACC465462B534D39794C4E458BA
\\DEMO-SRV01\FileServer\01_Clients\CL1002_Clinique_Saint-Aubin\03_Factures\2025\Facture_CL1002_202511.pdf,C:\DemoMigration\FileServer\01_Clients\CL1002_Clinique_Saint-Aubin\03_Factures\2025\Facture_CL1002_202511.pdf,01_Clients\CL1002_Clinique_Saint-Aubin\03_Factures\2025\Facture_CL1002_202511.pdf,01_Clients,Clients,/sites/MigrationFileServer/Clients/CL1002_Clinique_Saint-Aubin/03_Factures/2025/Facture_CL1002_202511.pdf,Facture_CL1002_202511.pdf,.pdf,1707,2025-10-09T10:00:00,2025-11-13T10:00:00,False,False,105,105,4,,BEAB4CD46269058B79D50D6FB887156B7C08B6FB7637A331583BCAB54F32EA1B
\\DEMO-SRV01\FileServer\01_Clients\CL1002_Clinique_Saint-Aubin\03_Factures\2026\Facture_CL1002_202601.pdf,C:\DemoMigration\FileServer\01_Clients\CL1002_Clinique_Saint-Aubin\03_Factures\2026\Facture_CL1002_202601.pdf,01_Clients\CL1002_Clinique_Saint-Aubin\03_Factures\2026\Facture_CL1002_202601.pdf,01_Clients,Clients,/sites/MigrationFileServer/Clients/CL1002_Clinique_Saint-Aubin/03_Factures/2026/Facture_CL1002_202601.pdf,Facture_CL1002_202601.pdf,.pdf,1704,2025-04-14T10:00:00,2026-01-13T10:00:00,False,False,105,105,4,,3AAD8340D5397669F81AB02856F0A1EAECAC96A996B12058CC2445FA004F4AC3
\\DEMO-SRV01\FileServer\01_Clients\CL1002_Clinique_Saint-Aubin\03_Factures\2026\Facture_CL1002_202602.pdf,C:\DemoMigration\FileServer\01_Clients\CL1002_Clinique_Saint-Aubin\03_Factures\2026\Facture_CL1002_202602.pdf,01_Clients\CL1002_Clinique_Saint-Aubin\03_Factures\2026\Facture_CL1002_202602.pdf,01_Clients,Clients,/sites/MigrationFileServer/Clients/CL1002_Clinique_Saint-Aubin/03_Factures/2026/Facture_CL1002_202602.pdf,Facture_CL1002_202602.pdf,.pdf,1705,2025-09-27T10:00:00,2026-02-09T10:00:00,False,False,105,105,4,,19BB06FBB98D0E7B92D215C632F0A9E434F65F385420550ACB9DFE271558AE9B
\\DEMO-SRV01\FileServer\01_Clients\CL1002_Clinique_Saint-Aubin\03_Factures\2026\Facture_CL1002_202603.pdf,C:\DemoMigration\FileServer\01_Clients\CL1002_Clinique_Saint-Aubin\03_Factures\2026\Facture_CL1002_202603.pdf,01_Clients\CL1002_Clinique_Saint-Aubin\03_Factures\2026\Facture_CL1002_202603.pdf,01_Clients,Clients,/sites/MigrationFileServer/Clients/CL1002_Clinique_Saint-Aubin/03_Factures/2026/Facture_CL1002_202603.pdf,Facture_CL1002_202603.pdf,.pdf,1705,2025-10-03T10:00:00,2026-03-12T10:00:00,False,False,105,105,4,,64473826E99C1A742ECF93039D0EAF260EA4FEE7F9A3C33AFF16E789E88F1E1E
\\DEMO-SRV01\FileServer\01_Clients\CL1002_Clinique_Saint-Aubin\03_Factures\2026\Facture_CL1002_202604.pdf,C:\DemoMigration\FileServer\01_Clients\CL1002_Clinique_Saint-Aubin\03_Factures\2026\Facture_CL1002_202604.pdf,01_Clients\CL1002_Clinique_Saint-Aubin\03_Factures\2026\Facture_CL1002_202604.pdf,01_Clients,Clients,/sites/MigrationFileServer/Clients/CL1002_Clinique_Saint-Aubin/03_Factures/2026/Facture_CL1002_202604.pdf,Facture_CL1002_202604.pdf,.pdf,1705,2025-06-13T10:00:00,2026-04-04T10:00:00,False,False,105,105,4,,DD167F79A9A188F3ED06D4C48F93A21E562D577DC1B3041DCCE0C193CBFDA2D1
\\DEMO-SRV01\FileServer\01_Clients\CL1002_Clinique_Saint-Aubin\03_Factures\2026\Facture_CL1002_202605.pdf,C:\DemoMigration\FileServer\01_Clients\CL1002_Clinique_Saint-Aubin\03_Factures\2026\Facture_CL1002_202605.pdf,01_Clients\CL1002_Clinique_Saint-Aubin\03_Factures\2026\Facture_CL1002_202605.pdf,01_Clients,Clients,/sites/MigrationFileServer/Clients/CL1002_Clinique_Saint-Aubin/03_Factures/2026/Facture_CL1002_202605.pdf,Facture_CL1002_202605.pdf,.pdf,1705,2025-08-12T10:00:00,2026-05-14T10:00:00,False,False,105,105,4,,3B9EA0D424D139FF9C819B6BE073AB3C078F3B20D46647807C2456ECE6261A3E
\\DEMO-SRV01\FileServer\01_Clients\CL1002_Clinique_Saint-Aubin\04_Correspondance\Echange_01.eml.txt,C:\DemoMigration\FileServer\01_Clients\CL1002_Clinique_Saint-Aubin\04_Correspondance\Echange_01.eml.txt,01_Clients\CL1002_Clinique_Saint-Aubin\04_Correspondance\Echange_01.eml.txt,01_Clients,Clients,/sites/MigrationFileServer/Clients/CL1002_Clinique_Saint-Aubin/04_Correspondance/Echange_01.eml.txt,Echange_01.eml.txt,.txt,106,2018-08-31T09:37:30,2019-08-06T09:37:30,False,False,99,99,3,,4FAE3FE35794E4B040ABFDA9ACAA97200793BF8541A7158D273F95B13C9D4B26
\\DEMO-SRV01\FileServer\01_Clients\CL1002_Clinique_Saint-Aubin\04_Correspondance\Echange_02.eml.txt,C:\DemoMigration\FileServer\01_Clients\CL1002_Clinique_Saint-Aubin\04_Correspondance\Echange_02.eml.txt,01_Clients\CL1002_Clinique_Saint-Aubin\04_Correspondance\Echange_02.eml.txt,01_Clients,Clients,/sites/MigrationFileServer/Clients/CL1002_Clinique_Saint-Aubin/04_Correspondance/Echange_02.eml.txt,Echange_02.eml.txt,.txt,106,2023-11-12T01:50:06,2024-04-20T01:50:06,False,False,99,99,3,,4715B7B6629862F4A283AAEB532EF011B6B538A4BCDADDABA2F0C1BBBF115348
\\DEMO-SRV01\FileServer\01_Clients\CL1002_Clinique_Saint-Aubin\05_Projets\Audit_securite\Compte_rendu_COPIL.docx,C:\DemoMigration\FileServer\01_Clients\CL1002_Clinique_Saint-Aubin\05_Projets\Audit_securite\Compte_rendu_COPIL.docx,01_Clients\CL1002_Clinique_Saint-Aubin\05_Projets\Audit_securite\Compte_rendu_COPIL.docx,01_Clients,Clients,/sites/MigrationFileServer/Clients/CL1002_Clinique_Saint-Aubin/05_Projets/Audit_securite/Compte_rendu_COPIL.docx,Compte_rendu_COPIL.docx,.docx,36732,2025-07-07T12:29:13,2026-07-18T12:29:13,False,False,112,112,4,,647886FC3C6884DAE0210312C8AD8083C1166FC31ED05BB406D307914E9552FB
\\DEMO-SRV01\FileServer\01_Clients\CL1002_Clinique_Saint-Aubin\05_Projets\Audit_securite\Planning_Audit_securite.xlsx,C:\DemoMigration\FileServer\01_Clients\CL1002_Clinique_Saint-Aubin\05_Projets\Audit_securite\Planning_Audit_securite.xlsx,01_Clients\CL1002_Clinique_Saint-Aubin\05_Projets\Audit_securite\Planning_Audit_securite.xlsx,01_Clients,Clients,/sites/MigrationFileServer/Clients/CL1002_Clinique_Saint-Aubin/05_Projets/Audit_securite/Planning_Audit_securite.xlsx,Planning_Audit_securite.xlsx,.xlsx,5136,2026-03-04T13:44:38,2026-06-21T13:44:38,False,False,117,117,4,,0EA0C871F010D708188543C9D3E64C3FCC9E6B202E71929F674F5E73C959B6FC
\\DEMO-SRV01\FileServer\01_Clients\CL1002_Clinique_Saint-Aubin\05_Projets\Audit_securite\Presentation_lancement_Audit_securite.pptx,C:\DemoMigration\FileServer\01_Clients\CL1002_Clinique_Saint-Aubin\05_Projets\Audit_securite\Presentation_lancement_Audit_securite.pptx,01_Clients\CL1002_Clinique_Saint-Aubin\05_Projets\Audit_securite\Presentation_lancement_Audit_securite.pptx,01_Clients,Clients,/sites/MigrationFileServer/Clients/CL1002_Clinique_Saint-Aubin/05_Projets/Audit_securite/Presentation_lancement_Audit_securite.pptx,Presentation_lancement_Audit_securite.pptx,.pptx,29174,2025-09-16T03:47:01,2026-01-01T03:47:01,False,False,131,131,4,,C021B383E9241F643A58DFAB3A97351B5D731CEDD9696AEC5A5335B9422B233F
\\DEMO-SRV01\FileServer\01_Clients\CL1002_Clinique_Saint-Aubin\05_Projets\Refonte_site_web\Compte_rendu_COPIL.docx,C:\DemoMigration\FileServer\01_Clients\CL1002_Clinique_Saint-Aubin\05_Projets\Refonte_site_web\Compte_rendu_COPIL.docx,01_Clients\CL1002_Clinique_Saint-Aubin\05_Projets\Refonte_site_web\Compte_rendu_COPIL.docx,01_Clients,Clients,/sites/MigrationFileServer/Clients/CL1002_Clinique_Saint-Aubin/05_Projets/Refonte_site_web/Compte_rendu_COPIL.docx,Compte_rendu_COPIL.docx,.docx,36732,2026-02-02T01:00:53,2026-08-28T01:00:53,False,False,114,114,4,,0D001C91E40E57A627B53921D75F52B0A2D34DA69AD2485F6AB693A194CD3A2E
\\DEMO-SRV01\FileServer\01_Clients\CL1002_Clinique_Saint-Aubin\05_Projets\Refonte_site_web\Planning_Refonte_site_web.xlsx,C:\DemoMigration\FileServer\01_Clients\CL1002_Clinique_Saint-Aubin\05_Projets\Refonte_site_web\Planning_Refonte_site_web.xlsx,01_Clients\CL1002_Clinique_Saint-Aubin\05_Projets\Refonte_site_web\Planning_Refonte_site_web.xlsx,01_Clients,Clients,/sites/MigrationFileServer/Clients/CL1002_Clinique_Saint-Aubin/05_Projets/Refonte_site_web/Planning_Refonte_site_web.xlsx,Planning_Refonte_site_web.xlsx,.xlsx,5134,2026-02-28T05:53:24,2026-05-28T05:53:24,False,False,121,121,4,,08A9CA4AC16E4E9D2DAB652F171327A7F4B8734C78BEB233FA889B8213B335AF
\\DEMO-SRV01\FileServer\01_Clients\CL1002_Clinique_Saint-Aubin\05_Projets\Refonte_site_web\Presentation_lancement_Refonte_site_web.pptx,C:\DemoMigration\FileServer\01_Clients\CL1002_Clinique_Saint-Aubin\05_Projets\Refonte_site_web\Presentation_lancement_Refonte_site_web.pptx,01_Clients\CL1002_Clinique_Saint-Aubin\05_Projets\Refonte_site_web\Presentation_lancement_Refonte_site_web.pptx,01_Clients,Clients,/sites/MigrationFileServer/Clients/CL1002_Clinique_Saint-Aubin/05_Projets/Refonte_site_web/Presentation_lancement_Refonte_site_web.pptx,Presentation_lancement_Refonte_site_web.pptx,.pptx,29177,2025-11-15T02:44:31,2026-05-01T02:44:31,False,False,135,135,4,,1C7068A870D3418487B1469C585C00F8345873AFC0194D250D7D6AA880E85835
\\DEMO-SRV01\FileServer\01_Clients\CL1003_Hôtel_des_Tilleuls\01_Contrats\Contrat_cadre_CL1003_2018.docx,C:\DemoMigration\FileServer\01_Clients\CL1003_Hôtel_des_Tilleuls\01_Contrats\Contrat_cadre_CL1003_2018.docx,01_Clients\CL1003_Hôtel_des_Tilleuls\01_Contrats\Contrat_cadre_CL1003_2018.docx,01_Clients,Clients,/sites/MigrationFileServer/Clients/CL1003_Hôtel_des_Tilleuls/01_Contrats/Contrat_cadre_CL1003_2018.docx,Contrat_cadre_CL1003_2018.docx,.docx,36787,2017-12-24T20:56:02,2018-09-13T20:56:02,False,False,103,103,3,,C983203FCC297578B9551A045E2778BEBE4A51C3DF81406D7078D45C40D06169
\\DEMO-SRV01\FileServer\01_Clients\CL1003_Hôtel_des_Tilleuls\01_Contrats\Contrat_cadre_CL1003_2018_signe.pdf,C:\DemoMigration\FileServer\01_Clients\CL1003_Hôtel_des_Tilleuls\01_Contrats\Contrat_cadre_CL1003_2018_signe.pdf,01_Clients\CL1003_Hôtel_des_Tilleuls\01_Contrats\Contrat_cadre_CL1003_2018_signe.pdf,01_Clients,Clients,/sites/MigrationFileServer/Clients/CL1003_Hôtel_des_Tilleuls/01_Contrats/Contrat_cadre_CL1003_2018_signe.pdf,Contrat_cadre_CL1003_2018_signe.pdf,.pdf,1659,2018-03-28T19:33:58,2018-09-15T19:33:58,False,False,108,108,3,,B32A0ED24FDE3C6ACA80BAB1E0E9CFCAE4C602D5BD57EE3616E5A6FBEFDA7ADA
\\DEMO-SRV01\FileServer\01_Clients\CL1003_Hôtel_des_Tilleuls\02_Devis\Devis_CL1003_2021-01.docx,C:\DemoMigration\FileServer\01_Clients\CL1003_Hôtel_des_Tilleuls\02_Devis\Devis_CL1003_2021-01.docx,01_Clients\CL1003_Hôtel_des_Tilleuls\02_Devis\Devis_CL1003_2021-01.docx,01_Clients,Clients,/sites/MigrationFileServer/Clients/CL1003_Hôtel_des_Tilleuls/02_Devis/Devis_CL1003_2021-01.docx,Devis_CL1003_2021-01.docx,.docx,36750,2021-02-24T08:01:31,2021-03-19T08:01:31,False,False,95,95,3,,919171C1F8249BC4F3039FA7EEF9886BF7C34830DDC535B6683E114F7A69C847
\\DEMO-SRV01\FileServer\01_Clients\CL1003_Hôtel_des_Tilleuls\02_Devis\Devis_CL1003_2021-02.docx,C:\DemoMigration\FileServer\01_Clients\CL1003_Hôtel_des_Tilleuls\02_Devis\Devis_CL1003_2021-02.docx,01_Clients\CL1003_Hôtel_des_Tilleuls\02_Devis\Devis_CL1003_2021-02.docx,01_Clients,Clients,/sites/MigrationFileServer/Clients/CL1003_Hôtel_des_Tilleuls/02_Devis/Devis_CL1003_2021-02.docx,Devis_CL1003_2021-02.docx,.docx,36746,2021-03-28T10:50:23,2021-10-26T10:50:23,False,False,95,95,3,,0A9EF71AEE2649EC4630EFBA26305C0AE33D762DF5B308ABB805CBD2D1E2AA4D
\\DEMO-SRV01\FileServer\01_Clients\CL1003_Hôtel_des_Tilleuls\02_Devis\Modele_devis - Copie.docx,C:\DemoMigration\FileServer\01_Clients\CL1003_Hôtel_des_Tilleuls\02_Devis\Modele_devis - Copie.docx,01_Clients\CL1003_Hôtel_des_Tilleuls\02_Devis\Modele_devis - Copie.docx,01_Clients,Clients,/sites/MigrationFileServer/Clients/CL1003_Hôtel_des_Tilleuls/02_Devis/Modele_devis - Copie.docx,Modele_devis - Copie.docx,.docx,36722,2021-01-17T02:06:45,2021-01-27T02:06:45,False,False,95,95,3,,143B3BAEEB3A805134BC888E97D37E2856E16BC2B305833459250CFE62D9A8E3
\\DEMO-SRV01\FileServer\01_Clients\CL1003_Hôtel_des_Tilleuls\03_Factures\2024\Facture_CL1003_202404.pdf,C:\DemoMigration\FileServer\01_Clients\CL1003_Hôtel_des_Tilleuls\03_Factures\2024\Facture_CL1003_202404.pdf,01_Clients\CL1003_Hôtel_des_Tilleuls\03_Factures\2024\Facture_CL1003_202404.pdf,01_Clients,Clients,/sites/MigrationFileServer/Clients/CL1003_Hôtel_des_Tilleuls/03_Factures/2024/Facture_CL1003_202404.pdf,Facture_CL1003_202404.pdf,.pdf,1708,2024-04-03T10:00:00,2024-04-05T10:00:00,False,False,103,103,4,,460A85917F0D67CE5175ACBD408D9549FB13C1126ED6751CF5EE7072A0AF845B
\\DEMO-SRV01\FileServer\01_Clients\CL1003_Hôtel_des_Tilleuls\03_Factures\2024\Facture_CL1003_202409.pdf,C:\DemoMigration\FileServer\01_Clients\CL1003_Hôtel_des_Tilleuls\03_Factures\2024\Facture_CL1003_202409.pdf,01_Clients\CL1003_Hôtel_des_Tilleuls\03_Factures\2024\Facture_CL1003_202409.pdf,01_Clients,Clients,/sites/MigrationFileServer/Clients/CL1003_Hôtel_des_Tilleuls/03_Factures/2024/Facture_CL1003_202409.pdf,Facture_CL1003_202409.pdf,.pdf,1707,2024-08-29T10:00:00,2024-09-23T10:00:00,False,False,103,103,4,,7D7D91590D1CAE4B7F7E0FA102F1D4D2350F879435BDFBB34143B69339A4C5DD
\\DEMO-SRV01\FileServer\01_Clients\CL1003_Hôtel_des_Tilleuls\03_Factures\2024\Facture_CL1003_202412.pdf,C:\DemoMigration\FileServer\01_Clients\CL1003_Hôtel_des_Tilleuls\03_Factures\2024\Facture_CL1003_202412.pdf,01_Clients\CL1003_Hôtel_des_Tilleuls\03_Factures\2024\Facture_CL1003_202412.pdf,01_Clients,Clients,/sites/MigrationFileServer/Clients/CL1003_Hôtel_des_Tilleuls/03_Factures/2024/Facture_CL1003_202412.pdf,Facture_CL1003_202412.pdf,.pdf,1707,2024-03-04T10:00:00,2024-12-15T10:00:00,False,False,103,103,4,,2F87F750124B72BA5E8413602F4B37C0D2C93CDBE7B7AF550C852E46D3A43862
\\DEMO-SRV01\FileServer\01_Clients\CL1003_Hôtel_des_Tilleuls\03_Factures\2025\Facture_CL1003_202506.pdf,C:\DemoMigration\FileServer\01_Clients\CL1003_Hôtel_des_Tilleuls\03_Factures\2025\Facture_CL1003_202506.pdf,01_Clients\CL1003_Hôtel_des_Tilleuls\03_Factures\2025\Facture_CL1003_202506.pdf,01_Clients,Clients,/sites/MigrationFileServer/Clients/CL1003_Hôtel_des_Tilleuls/03_Factures/2025/Facture_CL1003_202506.pdf,Facture_CL1003_202506.pdf,.pdf,1708,2025-03-29T10:00:00,2025-06-18T10:00:00,False,False,103,103,4,,BC163A0DFE982C3575AE8DDC7463614AD1843D77B2C6784E271DD4ABFA152021
\\DEMO-SRV01\FileServer\01_Clients\CL1003_Hôtel_des_Tilleuls\03_Factures\2025\Facture_CL1003_202508.pdf,C:\DemoMigration\FileServer\01_Clients\CL1003_Hôtel_des_Tilleuls\03_Factures\2025\Facture_CL1003_202508.pdf,01_Clients\CL1003_Hôtel_des_Tilleuls\03_Factures\2025\Facture_CL1003_202508.pdf,01_Clients,Clients,/sites/MigrationFileServer/Clients/CL1003_Hôtel_des_Tilleuls/03_Factures/2025/Facture_CL1003_202508.pdf,Facture_CL1003_202508.pdf,.pdf,1708,2025-03-20T10:00:00,2025-08-08T10:00:00,False,False,103,103,4,,AF675054BE5CF4D01169F857427C0E655E9ECEA30B08D488F1FE294A9D903722
\\DEMO-SRV01\FileServer\01_Clients\CL1003_Hôtel_des_Tilleuls\03_Factures\2025\Facture_CL1003_202510.pdf,C:\DemoMigration\FileServer\01_Clients\CL1003_Hôtel_des_Tilleuls\03_Factures\2025\Facture_CL1003_202510.pdf,01_Clients\CL1003_Hôtel_des_Tilleuls\03_Factures\2025\Facture_CL1003_202510.pdf,01_Clients,Clients,/sites/MigrationFileServer/Clients/CL1003_Hôtel_des_Tilleuls/03_Factures/2025/Facture_CL1003_202510.pdf,Facture_CL1003_202510.pdf,.pdf,1708,2024-10-09T10:00:00,2025-10-09T10:00:00,False,False,103,103,4,,EFFF463030A18128CD14E56891BCEB5DCD71C7AB9F7DB66C8CBE2972960D9F38
\\DEMO-SRV01\FileServer\01_Clients\CL1003_Hôtel_des_Tilleuls\03_Factures\2025\Facture_CL1003_202511.pdf,C:\DemoMigration\FileServer\01_Clients\CL1003_Hôtel_des_Tilleuls\03_Factures\2025\Facture_CL1003_202511.pdf,01_Clients\CL1003_Hôtel_des_Tilleuls\03_Factures\2025\Facture_CL1003_202511.pdf,01_Clients,Clients,/sites/MigrationFileServer/Clients/CL1003_Hôtel_des_Tilleuls/03_Factures/2025/Facture_CL1003_202511.pdf,Facture_CL1003_202511.pdf,.pdf,1707,2025-10-01T10:00:00,2025-11-11T10:00:00,False,False,103,103,4,,62F70510CF85D4832FE8E522F64E0D51F4949F8F5DF0E861A16B6366C5B6522C
\\DEMO-SRV01\FileServer\01_Clients\CL1003_Hôtel_des_Tilleuls\03_Factures\2025\Facture_CL1003_202512.pdf,C:\DemoMigration\FileServer\01_Clients\CL1003_Hôtel_des_Tilleuls\03_Factures\2025\Facture_CL1003_202512.pdf,01_Clients\CL1003_Hôtel_des_Tilleuls\03_Factures\2025\Facture_CL1003_202512.pdf,01_Clients,Clients,/sites/MigrationFileServer/Clients/CL1003_Hôtel_des_Tilleuls/03_Factures/2025/Facture_CL1003_202512.pdf,Facture_CL1003_202512.pdf,.pdf,1705,2025-09-05T10:00:00,2025-12-23T10:00:00,False,False,103,103,4,,801DBB2C4FD209B7D4CABE7BA73D1EA6F01F7F2828A84AAFF11E9D0D91B893D4
\\DEMO-SRV01\FileServer\01_Clients\CL1003_Hôtel_des_Tilleuls\03_Factures\2026\Facture_CL1003_202601.pdf,C:\DemoMigration\FileServer\01_Clients\CL1003_Hôtel_des_Tilleuls\03_Factures\2026\Facture_CL1003_202601.pdf,01_Clients\CL1003_Hôtel_des_Tilleuls\03_Factures\2026\Facture_CL1003_202601.pdf,01_Clients,Clients,/sites/MigrationFileServer/Clients/CL1003_Hôtel_des_Tilleuls/03_Factures/2026/Facture_CL1003_202601.pdf,Facture_CL1003_202601.pdf,.pdf,1708,2025-12-18T10:00:00,2026-01-18T10:00:00,False,False,103,103,4,,9FDF205B93F54C15841888302E9385BC6F70F6EAF8AD393C28115B5E5AACC13A
\\DEMO-SRV01\FileServer\01_Clients\CL1003_Hôtel_des_Tilleuls\03_Factures\2026\Facture_CL1003_202602.pdf,C:\DemoMigration\FileServer\01_Clients\CL1003_Hôtel_des_Tilleuls\03_Factures\2026\Facture_CL1003_202602.pdf,01_Clients\CL1003_Hôtel_des_Tilleuls\03_Factures\2026\Facture_CL1003_202602.pdf,01_Clients,Clients,/sites/MigrationFileServer/Clients/CL1003_Hôtel_des_Tilleuls/03_Factures/2026/Facture_CL1003_202602.pdf,Facture_CL1003_202602.pdf,.pdf,1708,2025-03-06T10:00:00,2026-02-25T10:00:00,False,False,103,103,4,,08846428E8DD3FFCD820F5255C606B7D901FB75FDD966F4EA8AF90531411930C
\\DEMO-SRV01\FileServer\01_Clients\CL1003_Hôtel_des_Tilleuls\03_Factures\2026\Facture_CL1003_202603.pdf,C:\DemoMigration\FileServer\01_Clients\CL1003_Hôtel_des_Tilleuls\03_Factures\2026\Facture_CL1003_202603.pdf,01_Clients\CL1003_Hôtel_des_Tilleuls\03_Factures\2026\Facture_CL1003_202603.pdf,01_Clients,Clients,/sites/MigrationFileServer/Clients/CL1003_Hôtel_des_Tilleuls/03_Factures/2026/Facture_CL1003_202603.pdf,Facture_CL1003_202603.pdf,.pdf,1709,2026-03-16T10:00:00,2026-03-19T10:00:00,False,False,103,103,4,,1CD82907755CC46B50E95E2CA83E276961FC44A700D7591D4554916CF7DEA656
\\DEMO-SRV01\FileServer\01_Clients\CL1003_Hôtel_des_Tilleuls\03_Factures\2026\Facture_CL1003_202605.pdf,C:\DemoMigration\FileServer\01_Clients\CL1003_Hôtel_des_Tilleuls\03_Factures\2026\Facture_CL1003_202605.pdf,01_Clients\CL1003_Hôtel_des_Tilleuls\03_Factures\2026\Facture_CL1003_202605.pdf,01_Clients,Clients,/sites/MigrationFileServer/Clients/CL1003_Hôtel_des_Tilleuls/03_Factures/2026/Facture_CL1003_202605.pdf,Facture_CL1003_202605.pdf,.pdf,1708,2025-05-10T10:00:00,2026-05-27T10:00:00,False,False,103,103,4,,A52AA658102825A491A41159484C35DB97FF750C92B8E7F0A879D1CA64C67249
\\DEMO-SRV01\FileServer\01_Clients\CL1003_Hôtel_des_Tilleuls\04_Correspondance\Echange_01.eml.txt,C:\DemoMigration\FileServer\01_Clients\CL1003_Hôtel_des_Tilleuls\04_Correspondance\Echange_01.eml.txt,01_Clients\CL1003_Hôtel_des_Tilleuls\04_Correspondance\Echange_01.eml.txt,01_Clients,Clients,/sites/MigrationFileServer/Clients/CL1003_Hôtel_des_Tilleuls/04_Correspondance/Echange_01.eml.txt,Echange_01.eml.txt,.txt,106,2022-01-11T02:17:09,2022-09-16T02:17:09,False,False,97,97,3,,CE91C68CBC8095D5565D1B74334DA74BB6C09B441913E9D76D06BFEB417362F1
\\DEMO-SRV01\FileServer\01_Clients\CL1003_Hôtel_des_Tilleuls\04_Correspondance\Echange_02.eml.txt,C:\DemoMigration\FileServer\01_Clients\CL1003_Hôtel_des_Tilleuls\04_Correspondance\Echange_02.eml.txt,01_Clients\CL1003_Hôtel_des_Tilleuls\04_Correspondance\Echange_02.eml.txt,01_Clients,Clients,/sites/MigrationFileServer/Clients/CL1003_Hôtel_des_Tilleuls/04_Correspondance/Echange_02.eml.txt,Echange_02.eml.txt,.txt,106,2020-12-03T07:38:06,2021-11-10T07:38:06,False,False,97,97,3,,1D41AB48C3662B71316B203A689A0BA9B1AD8BB2B3B68D10D05B7B8892AE6678
\\DEMO-SRV01\FileServer\01_Clients\CL1003_Hôtel_des_Tilleuls\04_Correspondance\Echange_03.eml.txt,C:\DemoMigration\FileServer\01_Clients\CL1003_Hôtel_des_Tilleuls\04_Correspondance\Echange_03.eml.txt,01_Clients\CL1003_Hôtel_des_Tilleuls\04_Correspondance\Echange_03.eml.txt,01_Clients,Clients,/sites/MigrationFileServer/Clients/CL1003_Hôtel_des_Tilleuls/04_Correspondance/Echange_03.eml.txt,Echange_03.eml.txt,.txt,106,2021-06-05T04:02:09,2022-06-10T04:02:09,False,False,97,97,3,,0B846CF24B27476B7D006DA218426D742A02D2D08C10F490EBB649B40D815493
\\DEMO-SRV01\FileServer\01_Clients\CL1003_Hôtel_des_Tilleuls\04_Correspondance\Echange_04.eml.txt,C:\DemoMigration\FileServer\01_Clients\CL1003_Hôtel_des_Tilleuls\04_Correspondance\Echange_04.eml.txt,01_Clients\CL1003_Hôtel_des_Tilleuls\04_Correspondance\Echange_04.eml.txt,01_Clients,Clients,/sites/MigrationFileServer/Clients/CL1003_Hôtel_des_Tilleuls/04_Correspondance/Echange_04.eml.txt,Echange_04.eml.txt,.txt,106,2022-10-19T03:08:07,2022-12-23T03:08:07,False,False,97,97,3,,F62C00451817A96F0289F2EE9501B83E8F9339658327DE198AE28EEC731410E3
\\DEMO-SRV01\FileServer\01_Clients\CL1003_Hôtel_des_Tilleuls\05_Projets\Refonte_site_web\Compte_rendu_COPIL.docx,C:\DemoMigration\FileServer\01_Clients\CL1003_Hôtel_des_Tilleuls\05_Projets\Refonte_site_web\Compte_rendu_COPIL.docx,01_Clients\CL1003_Hôtel_des_Tilleuls\05_Projets\Refonte_site_web\Compte_rendu_COPIL.docx,01_Clients,Clients,/sites/MigrationFileServer/Clients/CL1003_Hôtel_des_Tilleuls/05_Projets/Refonte_site_web/Compte_rendu_COPIL.docx,Compte_rendu_COPIL.docx,.docx,36732,2024-02-24T01:54:07,2025-03-29T01:54:07,False,False,112,112,4,,B834BD2684A5D678EEF3ECD10435DB53A156CCB6D70CD839E0CBF3271750E586
\\DEMO-SRV01\FileServer\01_Clients\CL1003_Hôtel_des_Tilleuls\05_Projets\Refonte_site_web\Planning_Refonte_site_web.xlsx,C:\DemoMigration\FileServer\01_Clients\CL1003_Hôtel_des_Tilleuls\05_Projets\Refonte_site_web\Planning_Refonte_site_web.xlsx,01_Clients\CL1003_Hôtel_des_Tilleuls\05_Projets\Refonte_site_web\Planning_Refonte_site_web.xlsx,01_Clients,Clients,/sites/MigrationFileServer/Clients/CL1003_Hôtel_des_Tilleuls/05_Projets/Refonte_site_web/Planning_Refonte_site_web.xlsx,Planning_Refonte_site_web.xlsx,.xlsx,5135,2024-07-26T05:28:22,2025-01-21T05:28:22,False,False,119,119,4,,A0CC9429F43C544B2692577ECC98FEDA964DD7F8169EDB6CB17A30775F875A26
\\DEMO-SRV01\FileServer\01_Clients\CL1003_Hôtel_des_Tilleuls\05_Projets\Refonte_site_web\Presentation_lancement_Refonte_site_web.pptx,C:\DemoMigration\FileServer\01_Clients\CL1003_Hôtel_des_Tilleuls\05_Projets\Refonte_site_web\Presentation_lancement_Refonte_site_web.pptx,01_Clients\CL1003_Hôtel_des_Tilleuls\05_Projets\Refonte_site_web\Presentation_lancement_Refonte_site_web.pptx,01_Clients,Clients,/sites/MigrationFileServer/Clients/CL1003_Hôtel_des_Tilleuls/05_Projets/Refonte_site_web/Presentation_lancement_Refonte_site_web.pptx,Presentation_lancement_Refonte_site_web.pptx,.pptx,29176,2024-09-16T01:32:22,2025-04-19T01:32:22,False,False,133,133,4,,223E39F05815D5D1A654AECC35798D3AC5A436EFD94BACFE0AA279612471650C
\\DEMO-SRV01\FileServer\01_Clients\CL1003_Hôtel_des_Tilleuls\05_Projets\Tableau_de_bord\Compte_rendu_COPIL.docx,C:\DemoMigration\FileServer\01_Clients\CL1003_Hôtel_des_Tilleuls\05_Projets\Tableau_de_bord\Compte_rendu_COPIL.docx,01_Clients\CL1003_Hôtel_des_Tilleuls\05_Projets\Tableau_de_bord\Compte_rendu_COPIL.docx,01_Clients,Clients,/sites/MigrationFileServer/Clients/CL1003_Hôtel_des_Tilleuls/05_Projets/Tableau_de_bord/Compte_rendu_COPIL.docx,Compte_rendu_COPIL.docx,.docx,36732,2024-10-03T04:49:00,2025-03-24T04:49:00,False,False,111,111,4,,1106860124CAC5235150481D5CCA7158482D4E4AC01A17C2407CC6E73460B862
\\DEMO-SRV01\FileServer\01_Clients\CL1003_Hôtel_des_Tilleuls\05_Projets\Tableau_de_bord\Planning_Tableau_de_bord.xlsx,C:\DemoMigration\FileServer\01_Clients\CL1003_Hôtel_des_Tilleuls\05_Projets\Tableau_de_bord\Planning_Tableau_de_bord.xlsx,01_Clients\CL1003_Hôtel_des_Tilleuls\05_Projets\Tableau_de_bord\Planning_Tableau_de_bord.xlsx,01_Clients,Clients,/sites/MigrationFileServer/Clients/CL1003_Hôtel_des_Tilleuls/05_Projets/Tableau_de_bord/Planning_Tableau_de_bord.xlsx,Planning_Tableau_de_bord.xlsx,.xlsx,5141,2024-08-06T12:41:12,2025-01-20T12:41:12,False,False,117,117,4,,BCD0B9701B730839AF4D90E31168D86B3985A292AFBD939815E09749DAD475C1
\\DEMO-SRV01\FileServer\01_Clients\CL1003_Hôtel_des_Tilleuls\05_Projets\Tableau_de_bord\Presentation_lancement_Tableau_de_bord.pptx,C:\DemoMigration\FileServer\01_Clients\CL1003_Hôtel_des_Tilleuls\05_Projets\Tableau_de_bord\Presentation_lancement_Tableau_de_bord.pptx,01_Clients\CL1003_Hôtel_des_Tilleuls\05_Projets\Tableau_de_bord\Presentation_lancement_Tableau_de_bord.pptx,01_Clients,Clients,/sites/MigrationFileServer/Clients/CL1003_Hôtel_des_Tilleuls/05_Projets/Tableau_de_bord/Presentation_lancement_Tableau_de_bord.pptx,Presentation_lancement_Tableau_de_bord.pptx,.pptx,29177,2025-08-05T20:50:25,2025-08-18T20:50:25,False,False,131,131,4,,9938843A1313F6ACD224DA001388549307936A95CC57999CB7AFDDCC6BFCE25A
\\DEMO-SRV01\FileServer\01_Clients\CL1004_Menuiserie_Kerbrat\01_Contrats\Contrat_cadre_CL1004_2022.docx,C:\DemoMigration\FileServer\01_Clients\CL1004_Menuiserie_Kerbrat\01_Contrats\Contrat_cadre_CL1004_2022.docx,01_Clients\CL1004_Menuiserie_Kerbrat\01_Contrats\Contrat_cadre_CL1004_2022.docx,01_Clients,Clients,/sites/MigrationFileServer/Clients/CL1004_Menuiserie_Kerbrat/01_Contrats/Contrat_cadre_CL1004_2022.docx,Contrat_cadre_CL1004_2022.docx,.docx,36784,2021-09-12T15:13:58,2022-01-16T15:13:58,False,False,103,103,3,,687936B4ADA347599D65D6DFA02BFB4AC319718BB29091B2F234725A05129349
\\DEMO-SRV01\FileServer\01_Clients\CL1004_Menuiserie_Kerbrat\01_Contrats\Contrat_cadre_CL1004_2022_signe.pdf,C:\DemoMigration\FileServer\01_Clients\CL1004_Menuiserie_Kerbrat\01_Contrats\Contrat_cadre_CL1004_2022_signe.pdf,01_Clients\CL1004_Menuiserie_Kerbrat\01_Contrats\Contrat_cadre_CL1004_2022_signe.pdf,01_Clients,Clients,/sites/MigrationFileServer/Clients/CL1004_Menuiserie_Kerbrat/01_Contrats/Contrat_cadre_CL1004_2022_signe.pdf,Contrat_cadre_CL1004_2022_signe.pdf,.pdf,1665,2021-05-05T10:10:34,2022-03-19T10:10:34,False,False,108,108,3,,2F1B97E088DF5C09227371402C8F91C4EC790AF134E16653D6FCC315CE35B408
\\DEMO-SRV01\FileServer\01_Clients\CL1004_Menuiserie_Kerbrat\02_Devis\Devis_CL1004_2023-01.docx,C:\DemoMigration\FileServer\01_Clients\CL1004_Menuiserie_Kerbrat\02_Devis\Devis_CL1004_2023-01.docx,01_Clients\CL1004_Menuiserie_Kerbrat\02_Devis\Devis_CL1004_2023-01.docx,01_Clients,Clients,/sites/MigrationFileServer/Clients/CL1004_Menuiserie_Kerbrat/02_Devis/Devis_CL1004_2023-01.docx,Devis_CL1004_2023-01.docx,.docx,36746,2022-10-26T10:11:12,2023-02-14T10:11:12,False,False,95,95,3,,5C1319AB3D646503403DB643BB1138CAB7ED62E4FC245FB5D57987FF5CA9691E
\\DEMO-SRV01\FileServer\01_Clients\CL1004_Menuiserie_Kerbrat\02_Devis\Devis_CL1004_2025-02.docx,C:\DemoMigration\FileServer\01_Clients\CL1004_Menuiserie_Kerbrat\02_Devis\Devis_CL1004_2025-02.docx,01_Clients\CL1004_Menuiserie_Kerbrat\02_Devis\Devis_CL1004_2025-02.docx,01_Clients,Clients,/sites/MigrationFileServer/Clients/CL1004_Menuiserie_Kerbrat/02_Devis/Devis_CL1004_2025-02.docx,Devis_CL1004_2025-02.docx,.docx,36751,2024-02-19T03:54:29,2025-03-07T03:54:29,False,False,95,95,3,,746D7D428E2CB021792B6E22906F7868361C8559061F10AEF1A6A5CC80185E32
\\DEMO-SRV01\FileServer\01_Clients\CL1004_Menuiserie_Kerbrat\03_Factures\2024\Facture_CL1004_202403.pdf,C:\DemoMigration\FileServer\01_Clients\CL1004_Menuiserie_Kerbrat\03_Factures\2024\Facture_CL1004_202403.pdf,01_Clients\CL1004_Menuiserie_Kerbrat\03_Factures\2024\Facture_CL1004_202403.pdf,01_Clients,Clients,/sites/MigrationFileServer/Clients/CL1004_Menuiserie_Kerbrat/03_Factures/2024/Facture_CL1004_202403.pdf,Facture_CL1004_202403.pdf,.pdf,1703,2023-10-12T10:00:00,2024-03-19T10:00:00,False,False,103,103,4,,31CFF9C64D4BE90577905467A57B0C4F30BE1BFFEF5E8199DE066F1445364485
\\DEMO-SRV01\FileServer\01_Clients\CL1004_Menuiserie_Kerbrat\03_Factures\2024\Facture_CL1004_202406.pdf,C:\DemoMigration\FileServer\01_Clients\CL1004_Menuiserie_Kerbrat\03_Factures\2024\Facture_CL1004_202406.pdf,01_Clients\CL1004_Menuiserie_Kerbrat\03_Factures\2024\Facture_CL1004_202406.pdf,01_Clients,Clients,/sites/MigrationFileServer/Clients/CL1004_Menuiserie_Kerbrat/03_Factures/2024/Facture_CL1004_202406.pdf,Facture_CL1004_202406.pdf,.pdf,1703,2023-06-20T10:00:00,2024-06-07T10:00:00,False,False,103,103,4,,40EB7FBA9A775DDA489D14FB94ABBB0D87CF6DBE7BA6E6B540EA5328C0F699A2
\\DEMO-SRV01\FileServer\01_Clients\CL1004_Menuiserie_Kerbrat\03_Factures\2024\Facture_CL1004_202408.pdf,C:\DemoMigration\FileServer\01_Clients\CL1004_Menuiserie_Kerbrat\03_Factures\2024\Facture_CL1004_202408.pdf,01_Clients\CL1004_Menuiserie_Kerbrat\03_Factures\2024\Facture_CL1004_202408.pdf,01_Clients,Clients,/sites/MigrationFileServer/Clients/CL1004_Menuiserie_Kerbrat/03_Factures/2024/Facture_CL1004_202408.pdf,Facture_CL1004_202408.pdf,.pdf,1705,2023-10-08T10:00:00,2024-08-10T10:00:00,False,False,103,103,4,,4E0BCC60C0D0E605921B486388902337562711EDB0B59745BA37221B201BA04C
\\DEMO-SRV01\FileServer\01_Clients\CL1004_Menuiserie_Kerbrat\03_Factures\2024\Facture_CL1004_202412.pdf,C:\DemoMigration\FileServer\01_Clients\CL1004_Menuiserie_Kerbrat\03_Factures\2024\Facture_CL1004_202412.pdf,01_Clients\CL1004_Menuiserie_Kerbrat\03_Factures\2024\Facture_CL1004_202412.pdf,01_Clients,Clients,/sites/MigrationFileServer/Clients/CL1004_Menuiserie_Kerbrat/03_Factures/2024/Facture_CL1004_202412.pdf,Facture_CL1004_202412.pdf,.pdf,1703,2024-04-07T10:00:00,2024-12-22T10:00:00,False,False,103,103,4,,69801A31D095542BF323B0913802D03D55C79F0369C2847789226333CB91A1C5
\\DEMO-SRV01\FileServer\01_Clients\CL1004_Menuiserie_Kerbrat\03_Factures\2025\Facture_CL1004_202502.pdf,C:\DemoMigration\FileServer\01_Clients\CL1004_Menuiserie_Kerbrat\03_Factures\2025\Facture_CL1004_202502.pdf,01_Clients\CL1004_Menuiserie_Kerbrat\03_Factures\2025\Facture_CL1004_202502.pdf,01_Clients,Clients,/sites/MigrationFileServer/Clients/CL1004_Menuiserie_Kerbrat/03_Factures/2025/Facture_CL1004_202502.pdf,Facture_CL1004_202502.pdf,.pdf,1703,2024-08-15T10:00:00,2025-02-16T10:00:00,False,False,103,103,4,,14199AC6F5566C42DD430054BA8D87F1D61354D9D6ECDEA8367F164FAB22FD06
\\DEMO-SRV01\FileServer\01_Clients\CL1004_Menuiserie_Kerbrat\03_Factures\2025\Facture_CL1004_202506.pdf,C:\DemoMigration\FileServer\01_Clients\CL1004_Menuiserie_Kerbrat\03_Factures\2025\Facture_CL1004_202506.pdf,01_Clients\CL1004_Menuiserie_Kerbrat\03_Factures\2025\Facture_CL1004_202506.pdf,01_Clients,Clients,/sites/MigrationFileServer/Clients/CL1004_Menuiserie_Kerbrat/03_Factures/2025/Facture_CL1004_202506.pdf,Facture_CL1004_202506.pdf,.pdf,1704,2024-09-19T10:00:00,2025-06-21T10:00:00,False,False,103,103,4,,4F9423CED58D166D55900F2D77CE598B0DC085C73F79942C24698722ADF81BE4
\\DEMO-SRV01\FileServer\01_Clients\CL1004_Menuiserie_Kerbrat\03_Factures\2025\Facture_CL1004_202508.pdf,C:\DemoMigration\FileServer\01_Clients\CL1004_Menuiserie_Kerbrat\03_Factures\2025\Facture_CL1004_202508.pdf,01_Clients\CL1004_Menuiserie_Kerbrat\03_Factures\2025\Facture_CL1004_202508.pdf,01_Clients,Clients,/sites/MigrationFileServer/Clients/CL1004_Menuiserie_Kerbrat/03_Factures/2025/Facture_CL1004_202508.pdf,Facture_CL1004_202508.pdf,.pdf,1704,2025-04-16T10:00:00,2025-08-19T10:00:00,False,False,103,103,4,,F1E6C48A573A691ABA658DD3068A5D40D6637E507F30778E59045DEAA3F313FB
\\DEMO-SRV01\FileServer\01_Clients\CL1004_Menuiserie_Kerbrat\03_Factures\2025\Facture_CL1004_202510.pdf,C:\DemoMigration\FileServer\01_Clients\CL1004_Menuiserie_Kerbrat\03_Factures\2025\Facture_CL1004_202510.pdf,01_Clients\CL1004_Menuiserie_Kerbrat\03_Factures\2025\Facture_CL1004_202510.pdf,01_Clients,Clients,/sites/MigrationFileServer/Clients/CL1004_Menuiserie_Kerbrat/03_Factures/2025/Facture_CL1004_202510.pdf,Facture_CL1004_202510.pdf,.pdf,1704,2024-12-21T10:00:00,2025-10-08T10:00:00,False,False,103,103,4,,749E4EB2B20380B6AA2472D06157D77D9201A8D5A72BA5C5F174884D4855F86E
\\DEMO-SRV01\FileServer\01_Clients\CL1004_Menuiserie_Kerbrat\03_Factures\2025\Facture_CL1004_202512.pdf,C:\DemoMigration\FileServer\01_Clients\CL1004_Menuiserie_Kerbrat\03_Factures\2025\Facture_CL1004_202512.pdf,01_Clients\CL1004_Menuiserie_Kerbrat\03_Factures\2025\Facture_CL1004_202512.pdf,01_Clients,Clients,/sites/MigrationFileServer/Clients/CL1004_Menuiserie_Kerbrat/03_Factures/2025/Facture_CL1004_202512.pdf,Facture_CL1004_202512.pdf,.pdf,1703,2025-04-23T10:00:00,2025-12-28T10:00:00,False,False,103,103,4,,F1B83459D0196109DB8F5C69474B98F9F75DCDC1E826B4D1B22C6B0F74C1E237
\\DEMO-SRV01\FileServer\01_Clients\CL1004_Menuiserie_Kerbrat\03_Factures\2026\Facture_CL1004_202601.pdf,C:\DemoMigration\FileServer\01_Clients\CL1004_Menuiserie_Kerbrat\03_Factures\2026\Facture_CL1004_202601.pdf,01_Clients\CL1004_Menuiserie_Kerbrat\03_Factures\2026\Facture_CL1004_202601.pdf,01_Clients,Clients,/sites/MigrationFileServer/Clients/CL1004_Menuiserie_Kerbrat/03_Factures/2026/Facture_CL1004_202601.pdf,Facture_CL1004_202601.pdf,.pdf,1704,2025-03-12T10:00:00,2026-01-11T10:00:00,False,False,103,103,4,,3ADE1C028A1CF6431B327825030435298B84B190B11E011E34E9C44F1C762985
\\DEMO-SRV01\FileServer\01_Clients\CL1004_Menuiserie_Kerbrat\03_Factures\2026\Facture_CL1004_202603.pdf,C:\DemoMigration\FileServer\01_Clients\CL1004_Menuiserie_Kerbrat\03_Factures\2026\Facture_CL1004_202603.pdf,01_Clients\CL1004_Menuiserie_Kerbrat\03_Factures\2026\Facture_CL1004_202603.pdf,01_Clients,Clients,/sites/MigrationFileServer/Clients/CL1004_Menuiserie_Kerbrat/03_Factures/2026/Facture_CL1004_202603.pdf,Facture_CL1004_202603.pdf,.pdf,1703,2025-03-04T10:00:00,2026-03-07T10:00:00,False,False,103,103,4,,0E1E6A10EED2D84C8A1E3000E92135379D773775BAF02BEACACEC63AE866CC4F
\\DEMO-SRV01\FileServer\01_Clients\CL1004_Menuiserie_Kerbrat\03_Factures\2026\Facture_CL1004_202604.pdf,C:\DemoMigration\FileServer\01_Clients\CL1004_Menuiserie_Kerbrat\03_Factures\2026\Facture_CL1004_202604.pdf,01_Clients\CL1004_Menuiserie_Kerbrat\03_Factures\2026\Facture_CL1004_202604.pdf,01_Clients,Clients,/sites/MigrationFileServer/Clients/CL1004_Menuiserie_Kerbrat/03_Factures/2026/Facture_CL1004_202604.pdf,Facture_CL1004_202604.pdf,.pdf,1703,2025-05-13T10:00:00,2026-04-08T10:00:00,False,False,103,103,4,,90844E8FB3AD14C45E93C75467CC17687E44452E171A7D28D71AE29B0159EF97
\\DEMO-SRV01\FileServer\01_Clients\CL1004_Menuiserie_Kerbrat\03_Factures\2026\Facture_CL1004_202606.pdf,C:\DemoMigration\FileServer\01_Clients\CL1004_Menuiserie_Kerbrat\03_Factures\2026\Facture_CL1004_202606.pdf,01_Clients\CL1004_Menuiserie_Kerbrat\03_Factures\2026\Facture_CL1004_202606.pdf,01_Clients,Clients,/sites/MigrationFileServer/Clients/CL1004_Menuiserie_Kerbrat/03_Factures/2026/Facture_CL1004_202606.pdf,Facture_CL1004_202606.pdf,.pdf,1703,2025-06-21T10:00:00,2026-06-10T10:00:00,False,False,103,103,4,,939D2BD1FB25A14D47D41CDFF6D4564A8A29AB711085EBDDBA2543267A5F7A38
\\DEMO-SRV01\FileServer\01_Clients\CL1004_Menuiserie_Kerbrat\03_Factures\2026\Facture_CL1004_202607.pdf,C:\DemoMigration\FileServer\01_Clients\CL1004_Menuiserie_Kerbrat\03_Factures\2026\Facture_CL1004_202607.pdf,01_Clients\CL1004_Menuiserie_Kerbrat\03_Factures\2026\Facture_CL1004_202607.pdf,01_Clients,Clients,/sites/MigrationFileServer/Clients/CL1004_Menuiserie_Kerbrat/03_Factures/2026/Facture_CL1004_202607.pdf,Facture_CL1004_202607.pdf,.pdf,1704,2025-10-14T10:00:00,2026-07-12T10:00:00,False,False,103,103,4,,A34FEE6EE99B2C347F770AAEF30EA75C7D05DCED3A40EFBE9AC619242E280F91
\\DEMO-SRV01\FileServer\01_Clients\CL1004_Menuiserie_Kerbrat\03_Factures\2026\Facture_CL1004_202608.pdf,C:\DemoMigration\FileServer\01_Clients\CL1004_Menuiserie_Kerbrat\03_Factures\2026\Facture_CL1004_202608.pdf,01_Clients\CL1004_Menuiserie_Kerbrat\03_Factures\2026\Facture_CL1004_202608.pdf,01_Clients,Clients,/sites/MigrationFileServer/Clients/CL1004_Menuiserie_Kerbrat/03_Factures/2026/Facture_CL1004_202608.pdf,Facture_CL1004_202608.pdf,.pdf,1705,2025-08-24T10:00:00,2026-08-18T10:00:00,False,False,103,103,4,,D1FB00FF2C68D4D182136BFC0444A9E05F24F5C7521F3BC4258142433AE0B713
\\DEMO-SRV01\FileServer\01_Clients\CL1004_Menuiserie_Kerbrat\04_Correspondance\Echange_01.eml.txt,C:\DemoMigration\FileServer\01_Clients\CL1004_Menuiserie_Kerbrat\04_Correspondance\Echange_01.eml.txt,01_Clients\CL1004_Menuiserie_Kerbrat\04_Correspondance\Echange_01.eml.txt,01_Clients,Clients,/sites/MigrationFileServer/Clients/CL1004_Menuiserie_Kerbrat/04_Correspondance/Echange_01.eml.txt,Echange_01.eml.txt,.txt,106,2020-10-25T02:01:00,2021-02-20T02:01:00,False,False,97,97,3,,F7CF6FDD7677DD8506D206650B9BE7A384F02FB3CA5AAF8DAAAF1EB7E04BFBF5
\\DEMO-SRV01\FileServer\01_Clients\CL1004_Menuiserie_Kerbrat\04_Correspondance\Echange_02.eml.txt,C:\DemoMigration\FileServer\01_Clients\CL1004_Menuiserie_Kerbrat\04_Correspondance\Echange_02.eml.txt,01_Clients\CL1004_Menuiserie_Kerbrat\04_Correspondance\Echange_02.eml.txt,01_Clients,Clients,/sites/MigrationFileServer/Clients/CL1004_Menuiserie_Kerbrat/04_Correspondance/Echange_02.eml.txt,Echange_02.eml.txt,.txt,106,2020-03-13T08:07:32,2020-08-21T08:07:32,False,False,97,97,3,,BCC05D9A714440542ABD7F79A1A23339EF16215683B6B884850C83398BAA39F7
\\DEMO-SRV01\FileServer\01_Clients\CL1004_Menuiserie_Kerbrat\04_Correspondance\Echange_03.eml.txt,C:\DemoMigration\FileServer\01_Clients\CL1004_Menuiserie_Kerbrat\04_Correspondance\Echange_03.eml.txt,01_Clients\CL1004_Menuiserie_Kerbrat\04_Correspondance\Echange_03.eml.txt,01_Clients,Clients,/sites/MigrationFileServer/Clients/CL1004_Menuiserie_Kerbrat/04_Correspondance/Echange_03.eml.txt,Echange_03.eml.txt,.txt,106,2022-06-28T20:54:46,2023-07-23T20:54:46,False,False,97,97,3,,27118A00371504A1A79DE1A9F65F306AD2909360975E80AEBCB304D6DE5687FD
\\DEMO-SRV01\FileServer\01_Clients\CL1004_Menuiserie_Kerbrat\04_Correspondance\Echange_04.eml.txt,C:\DemoMigration\FileServer\01_Clients\CL1004_Menuiserie_Kerbrat\04_Correspondance\Echange_04.eml.txt,01_Clients\CL1004_Menuiserie_Kerbrat\04_Correspondance\Echange_04.eml.txt,01_Clients,Clients,/sites/MigrationFileServer/Clients/CL1004_Menuiserie_Kerbrat/04_Correspondance/Echange_04.eml.txt,Echange_04.eml.txt,.txt,106,2020-04-30T02:19:48,2020-08-18T02:19:48,False,False,97,97,3,,C633F8469A7F4931E60E1F295274D39B7E961552D6D562A482FB0671ED29410A
\\DEMO-SRV01\FileServer\01_Clients\CL1004_Menuiserie_Kerbrat\05_Projets\Audit_securite\Compte_rendu_COPIL.docx,C:\DemoMigration\FileServer\01_Clients\CL1004_Menuiserie_Kerbrat\05_Projets\Audit_securite\Compte_rendu_COPIL.docx,01_Clients\CL1004_Menuiserie_Kerbrat\05_Projets\Audit_securite\Compte_rendu_COPIL.docx,01_Clients,Clients,/sites/MigrationFileServer/Clients/CL1004_Menuiserie_Kerbrat/05_Projets/Audit_securite/Compte_rendu_COPIL.docx,Compte_rendu_COPIL.docx,.docx,36732,2026-05-26T01:28:00,2026-06-21T01:28:00,False,False,110,110,4,,1FFC814F1B855664F61D07123A7D8A9CA5836ED000F9B66B1E17E0D032023415
\\DEMO-SRV01\FileServer\01_Clients\CL1004_Menuiserie_Kerbrat\05_Projets\Audit_securite\Planning_Audit_securite.xlsx,C:\DemoMigration\FileServer\01_Clients\CL1004_Menuiserie_Kerbrat\05_Projets\Audit_securite\Planning_Audit_securite.xlsx,01_Clients\CL1004_Menuiserie_Kerbrat\05_Projets\Audit_securite\Planning_Audit_securite.xlsx,01_Clients,Clients,/sites/MigrationFileServer/Clients/CL1004_Menuiserie_Kerbrat/05_Projets/Audit_securite/Planning_Audit_securite.xlsx,Planning_Audit_securite.xlsx,.xlsx,5141,2025-12-09T22:39:58,2026-08-11T22:39:58,False,False,115,115,4,,5E36B4975529058C4DC8C72D94D55CAB5465CB798BDA0FF1B5D3DE0D18751727
\\DEMO-SRV01\FileServer\01_Clients\CL1004_Menuiserie_Kerbrat\05_Projets\Audit_securite\Presentation_lancement_Audit_securite.pptx,C:\DemoMigration\FileServer\01_Clients\CL1004_Menuiserie_Kerbrat\05_Projets\Audit_securite\Presentation_lancement_Audit_securite.pptx,01_Clients\CL1004_Menuiserie_Kerbrat\05_Projets\Audit_securite\Presentation_lancement_Audit_securite.pptx,01_Clients,Clients,/sites/MigrationFileServer/Clients/CL1004_Menuiserie_Kerbrat/05_Projets/Audit_securite/Presentation_lancement_Audit_securite.pptx,Presentation_lancement_Audit_securite.pptx,.pptx,29174,2026-02-19T10:54:39,2026-04-24T10:54:39,False,False,129,129,4,,B430DCCBC319609B2238741A9E62C8D863CAB110334C6784ADEC194A40F52531
\\DEMO-SRV01\FileServer\01_Clients\CL1004_Menuiserie_Kerbrat\05_Projets\Deploiement_Teams\Compte_rendu_COPIL.docx,C:\DemoMigration\FileServer\01_Clients\CL1004_Menuiserie_Kerbrat\05_Projets\Deploiement_Teams\Compte_rendu_COPIL.docx,01_Clients\CL1004_Menuiserie_Kerbrat\05_Projets\Deploiement_Teams\Compte_rendu_COPIL.docx,01_Clients,Clients,/sites/MigrationFileServer/Clients/CL1004_Menuiserie_Kerbrat/05_Projets/Deploiement_Teams/Compte_rendu_COPIL.docx,Compte_rendu_COPIL.docx,.docx,36733,2026-03-21T12:46:00,2026-04-17T12:46:00,False,False,113,113,4,,EDE5C4D53BA31CE2EB3D5A6A3C6728E53F44850491B2DA83804FEC29088551B3
\\DEMO-SRV01\FileServer\01_Clients\CL1004_Menuiserie_Kerbrat\05_Projets\Deploiement_Teams\Planning_Deploiement_Teams.xlsx,C:\DemoMigration\FileServer\01_Clients\CL1004_Menuiserie_Kerbrat\05_Projets\Deploiement_Teams\Planning_Deploiement_Teams.xlsx,01_Clients\CL1004_Menuiserie_Kerbrat\05_Projets\Deploiement_Teams\Planning_Deploiement_Teams.xlsx,01_Clients,Clients,/sites/MigrationFileServer/Clients/CL1004_Menuiserie_Kerbrat/05_Projets/Deploiement_Teams/Planning_Deploiement_Teams.xlsx,Planning_Deploiement_Teams.xlsx,.xlsx,5138,2025-11-03T11:52:20,2026-01-06T11:52:20,False,False,121,121,4,,7E87D61B576278C6895DDA62E139313E54446D17FDDBBB640B38220B48DE25F5
\\DEMO-SRV01\FileServer\01_Clients\CL1004_Menuiserie_Kerbrat\05_Projets\Deploiement_Teams\Presentation_lancement_Deploiement_Teams.pptx,C:\DemoMigration\FileServer\01_Clients\CL1004_Menuiserie_Kerbrat\05_Projets\Deploiement_Teams\Presentation_lancement_Deploiement_Teams.pptx,01_Clients\CL1004_Menuiserie_Kerbrat\05_Projets\Deploiement_Teams\Presentation_lancement_Deploiement_Teams.pptx,01_Clients,Clients,/sites/MigrationFileServer/Clients/CL1004_Menuiserie_Kerbrat/05_Projets/Deploiement_Teams/Presentation_lancement_Deploiement_Teams.pptx,Presentation_lancement_Deploiement_Teams.pptx,.pptx,29173,2026-06-02T17:58:12,2026-07-23T17:58:12,False,False,135,135,4,,F212DB327DB8F085CC898FE10EC76073343DF2677FE9BC617B6C8EB39AB02B3B
\\DEMO-SRV01\FileServer\01_Clients\CL1005_Laboratoires_Vauclair\01_Contrats\Contrat_cadre_CL1005_2019.docx,C:\DemoMigration\FileServer\01_Clients\CL1005_Laboratoires_Vauclair\01_Contrats\Contrat_cadre_CL1005_2019.docx,01_Clients\CL1005_Laboratoires_Vauclair\01_Contrats\Contrat_cadre_CL1005_2019.docx,01_Clients,Clients,/sites/MigrationFileServer/Clients/CL1005_Laboratoires_Vauclair/01_Contrats/Contrat_cadre_CL1005_2019.docx,Contrat_cadre_CL1005_2019.docx,.docx,36787,2019-10-29T15:50:24,2019-12-01T15:50:24,False,False,106,106,3,,1A7F4D2AAD4C9C617B9FA36B8DED2F61B11CB24D951B5A791A66F562DD54D4B5
\\DEMO-SRV01\FileServer\01_Clients\CL1005_Laboratoires_Vauclair\01_Contrats\Contrat_cadre_CL1005_2019_signe.pdf,C:\DemoMigration\FileServer\01_Clients\CL1005_Laboratoires_Vauclair\01_Contrats\Contrat_cadre_CL1005_2019_signe.pdf,01_Clients\CL1005_Laboratoires_Vauclair\01_Contrats\Contrat_cadre_CL1005_2019_signe.pdf,01_Clients,Clients,/sites/MigrationFileServer/Clients/CL1005_Laboratoires_Vauclair/01_Contrats/Contrat_cadre_CL1005_2019_signe.pdf,Contrat_cadre_CL1005_2019_signe.pdf,.pdf,1667,2018-08-14T14:51:50,2019-06-05T14:51:50,False,False,111,111,3,,A22F14317A714F0D5AC58B3FD138AC989465A32842DD333D27CC4456B8775F83
\\DEMO-SRV01\FileServer\01_Clients\CL1005_Laboratoires_Vauclair\02_Devis\Devis_CL1005_2019-01.docx,C:\DemoMigration\FileServer\01_Clients\CL1005_Laboratoires_Vauclair\02_Devis\Devis_CL1005_2019-01.docx,01_Clients\CL1005_Laboratoires_Vauclair\02_Devis\Devis_CL1005_2019-01.docx,01_Clients,Clients,/sites/MigrationFileServer/Clients/CL1005_Laboratoires_Vauclair/02_Devis/Devis_CL1005_2019-01.docx,Devis_CL1005_2019-01.docx,.docx,36747,2019-06-25T14:02:42,2019-08-07T14:02:42,False,False,98,98,3,,FDA5FFA931C5FB4031BF8DFFB7302AE121AD12FD93B57D2ACD69666348AA946D
\\DEMO-SRV01\FileServer\01_Clients\CL1005_Laboratoires_Vauclair\02_Devis\Devis_CL1005_2022-02.docx,C:\DemoMigration\FileServer\01_Clients\CL1005_Laboratoires_Vauclair\02_Devis\Devis_CL1005_2022-02.docx,01_Clients\CL1005_Laboratoires_Vauclair\02_Devis\Devis_CL1005_2022-02.docx,01_Clients,Clients,/sites/MigrationFileServer/Clients/CL1005_Laboratoires_Vauclair/02_Devis/Devis_CL1005_2022-02.docx,Devis_CL1005_2022-02.docx,.docx,36747,2021-07-30T15:01:22,2022-06-11T15:01:22,False,False,98,98,3,,FE662599039DC3429826F57DCB27A3ECFC0BFADD30AD2D2B86C8DE29E13131EE
\\DEMO-SRV01\FileServer\01_Clients\CL1005_Laboratoires_Vauclair\02_Devis\Devis_CL1005_2022-03.docx,C:\DemoMigration\FileServer\01_Clients\CL1005_Laboratoires_Vauclair\02_Devis\Devis_CL1005_2022-03.docx,01_Clients\CL1005_Laboratoires_Vauclair\02_Devis\Devis_CL1005_2022-03.docx,01_Clients,Clients,/sites/MigrationFileServer/Clients/CL1005_Laboratoires_Vauclair/02_Devis/Devis_CL1005_2022-03.docx,Devis_CL1005_2022-03.docx,.docx,36748,2022-02-21T19:52:28,2022-12-19T19:52:28,False,False,98,98,3,,923F8C8DC47B8C0C0B3C8C63F025B6BF4CF86F2285C1651CD50F17AE104B9215
\\DEMO-SRV01\FileServer\01_Clients\CL1005_Laboratoires_Vauclair\02_Devis\Devis_CL1005_2025-04.docx,C:\DemoMigration\FileServer\01_Clients\CL1005_Laboratoires_Vauclair\02_Devis\Devis_CL1005_2025-04.docx,01_Clients\CL1005_Laboratoires_Vauclair\02_Devis\Devis_CL1005_2025-04.docx,01_Clients,Clients,/sites/MigrationFileServer/Clients/CL1005_Laboratoires_Vauclair/02_Devis/Devis_CL1005_2025-04.docx,Devis_CL1005_2025-04.docx,.docx,36750,2024-01-12T09:23:13,2025-01-24T09:23:13,False,False,98,98,3,,A1D2A347BC124BEACA09DA977801E95340A48E12357386E5728C08A742BB11AA
\\DEMO-SRV01\FileServer\01_Clients\CL1005_Laboratoires_Vauclair\03_Factures\2024\Facture_CL1005_202401.pdf,C:\DemoMigration\FileServer\01_Clients\CL1005_Laboratoires_Vauclair\03_Factures\2024\Facture_CL1005_202401.pdf,01_Clients\CL1005_Laboratoires_Vauclair\03_Factures\2024\Facture_CL1005_202401.pdf,01_Clients,Clients,/sites/MigrationFileServer/Clients/CL1005_Laboratoires_Vauclair/03_Factures/2024/Facture_CL1005_202401.pdf,Facture_CL1005_202401.pdf,.pdf,1705,2023-02-17T10:00:00,2024-01-21T10:00:00,False,False,106,106,4,,1175D25642CCD4D04F1D39C8A2D96FAA02862DAAA2E5F1E7A27D0097BAACC21D
\\DEMO-SRV01\FileServer\01_Clients\CL1005_Laboratoires_Vauclair\03_Factures\2024\Facture_CL1005_202402.pdf,C:\DemoMigration\FileServer\01_Clients\CL1005_Laboratoires_Vauclair\03_Factures\2024\Facture_CL1005_202402.pdf,01_Clients\CL1005_Laboratoires_Vauclair\03_Factures\2024\Facture_CL1005_202402.pdf,01_Clients,Clients,/sites/MigrationFileServer/Clients/CL1005_Laboratoires_Vauclair/03_Factures/2024/Facture_CL1005_202402.pdf,Facture_CL1005_202402.pdf,.pdf,1704,2024-02-17T10:00:00,2024-02-18T10:00:00,False,False,106,106,4,,6B5470E8872503ADDA88BF6A6282C8F8F0C4C4C7B1D79DC4A8A68292BC3E640E
\\DEMO-SRV01\FileServer\01_Clients\CL1005_Laboratoires_Vauclair\03_Factures\2024\Facture_CL1005_202403.pdf,C:\DemoMigration\FileServer\01_Clients\CL1005_Laboratoires_Vauclair\03_Factures\2024\Facture_CL1005_202403.pdf,01_Clients\CL1005_Laboratoires_Vauclair\03_Factures\2024\Facture_CL1005_202403.pdf,01_Clients,Clients,/sites/MigrationFileServer/Clients/CL1005_Laboratoires_Vauclair/03_Factures/2024/Facture_CL1005_202403.pdf,Facture_CL1005_202403.pdf,.pdf,1705,2023-11-19T10:00:00,2024-03-16T10:00:00,False,False,106,106,4,,84434A883F63119A26F32054FFB58485AB71E61C268D8C727C75D11250BF7CE8
\\DEMO-SRV01\FileServer\01_Clients\CL1005_Laboratoires_Vauclair\03_Factures\2024\Facture_CL1005_202404.pdf,C:\DemoMigration\FileServer\01_Clients\CL1005_Laboratoires_Vauclair\03_Factures\2024\Facture_CL1005_202404.pdf,01_Clients\CL1005_Laboratoires_Vauclair\03_Factures\2024\Facture_CL1005_202404.pdf,01_Clients,Clients,/sites/MigrationFileServer/Clients/CL1005_Laboratoires_Vauclair/03_Factures/2024/Facture_CL1005_202404.pdf,Facture_CL1005_202404.pdf,.pdf,1705,2023-05-13T10:00:00,2024-04-28T10:00:00,False,False,106,106,4,,03AA4B8461113ABE9409ED5BE32F0B63E2D1BABF50A72C6AAB391FC916176DDF
\\DEMO-SRV01\FileServer\01_Clients\CL1005_Laboratoires_Vauclair\03_Factures\2024\Facture_CL1005_202405.pdf,C:\DemoMigration\FileServer\01_Clients\CL1005_Laboratoires_Vauclair\03_Factures\2024\Facture_CL1005_202405.pdf,01_Clients\CL1005_Laboratoires_Vauclair\03_Factures\2024\Facture_CL1005_202405.pdf,01_Clients,Clients,/sites/MigrationFileServer/Clients/CL1005_Laboratoires_Vauclair/03_Factures/2024/Facture_CL1005_202405.pdf,Facture_CL1005_202405.pdf,.pdf,1705,2023-06-23T10:00:00,2024-05-26T10:00:00,False,False,106,106,4,,0756A21AF9DA2407D413AA678BE27C5EB285CE4407AE57986097E1CAF7998830
\\DEMO-SRV01\FileServer\01_Clients\CL1005_Laboratoires_Vauclair\03_Factures\2024\Facture_CL1005_202407.pdf,C:\DemoMigration\FileServer\01_Clients\CL1005_Laboratoires_Vauclair\03_Factures\2024\Facture_CL1005_202407.pdf,01_Clients\CL1005_Laboratoires_Vauclair\03_Factures\2024\Facture_CL1005_202407.pdf,01_Clients,Clients,/sites/MigrationFileServer/Clients/CL1005_Laboratoires_Vauclair/03_Factures/2024/Facture_CL1005_202407.pdf,Facture_CL1005_202407.pdf,.pdf,1707,2024-02-23T10:00:00,2024-07-08T10:00:00,False,False,106,106,4,,207A469CAADD56AEB18235D4FCD578C8D16142B5A503EC91F10618D67AA9CE2B
\\DEMO-SRV01\FileServer\01_Clients\CL1005_Laboratoires_Vauclair\03_Factures\2024\Facture_CL1005_202409.pdf,C:\DemoMigration\FileServer\01_Clients\CL1005_Laboratoires_Vauclair\03_Factures\2024\Facture_CL1005_202409.pdf,01_Clients\CL1005_Laboratoires_Vauclair\03_Factures\2024\Facture_CL1005_202409.pdf,01_Clients,Clients,/sites/MigrationFileServer/Clients/CL1005_Laboratoires_Vauclair/03_Factures/2024/Facture_CL1005_202409.pdf,Facture_CL1005_202409.pdf,.pdf,1705,2023-11-24T10:00:00,2024-09-10T10:00:00,False,False,106,106,4,,26FF005817B61283888C7388D424155098D4D48E84BDD0896CCEFD4B5DA6C0C0
\\DEMO-SRV01\FileServer\01_Clients\CL1005_Laboratoires_Vauclair\03_Factures\2024\Facture_CL1005_202411.pdf,C:\DemoMigration\FileServer\01_Clients\CL1005_Laboratoires_Vauclair\03_Factures\2024\Facture_CL1005_202411.pdf,01_Clients\CL1005_Laboratoires_Vauclair\03_Factures\2024\Facture_CL1005_202411.pdf,01_Clients,Clients,/sites/MigrationFileServer/Clients/CL1005_Laboratoires_Vauclair/03_Factures/2024/Facture_CL1005_202411.pdf,Facture_CL1005_202411.pdf,.pdf,1705,2024-06-24T10:00:00,2024-11-10T10:00:00,False,False,106,106,4,,E9C4168122EA12D590CD31CFA751A0EA1C2FB33A36A8A44587AE13950E9ADEBA
\\DEMO-SRV01\FileServer\01_Clients\CL1005_Laboratoires_Vauclair\03_Factures\2024\Facture_CL1005_202412.pdf,C:\DemoMigration\FileServer\01_Clients\CL1005_Laboratoires_Vauclair\03_Factures\2024\Facture_CL1005_202412.pdf,01_Clients\CL1005_Laboratoires_Vauclair\03_Factures\2024\Facture_CL1005_202412.pdf,01_Clients,Clients,/sites/MigrationFileServer/Clients/CL1005_Laboratoires_Vauclair/03_Factures/2024/Facture_CL1005_202412.pdf,Facture_CL1005_202412.pdf,.pdf,1707,2024-04-26T10:00:00,2024-12-03T10:00:00,False,False,106,106,4,,55BAE0B2F2EE0585F7927AC56CC0FFDCC5B7958F37CB805A9654DC947B25BEA0
\\DEMO-SRV01\FileServer\01_Clients\CL1005_Laboratoires_Vauclair\03_Factures\2025\Facture_CL1005_202503.pdf,C:\DemoMigration\FileServer\01_Clients\CL1005_Laboratoires_Vauclair\03_Factures\2025\Facture_CL1005_202503.pdf,01_Clients\CL1005_Laboratoires_Vauclair\03_Factures\2025\Facture_CL1005_202503.pdf,01_Clients,Clients,/sites/MigrationFileServer/Clients/CL1005_Laboratoires_Vauclair/03_Factures/2025/Facture_CL1005_202503.pdf,Facture_CL1005_202503.pdf,.pdf,1705,2024-06-01T10:00:00,2025-03-22T10:00:00,False,False,106,106,4,,C016286354EFD058194D461E49249E08BEC5FBBC5306F7E44FEF60B6D6B818B5
\\DEMO-SRV01\FileServer\01_Clients\CL1005_Laboratoires_Vauclair\03_Factures\2025\Facture_CL1005_202505.pdf,C:\DemoMigration\FileServer\01_Clients\CL1005_Laboratoires_Vauclair\03_Factures\2025\Facture_CL1005_202505.pdf,01_Clients\CL1005_Laboratoires_Vauclair\03_Factures\2025\Facture_CL1005_202505.pdf,01_Clients,Clients,/sites/MigrationFileServer/Clients/CL1005_Laboratoires_Vauclair/03_Factures/2025/Facture_CL1005_202505.pdf,Facture_CL1005_202505.pdf,.pdf,1707,2025-05-07T10:00:00,2025-05-27T10:00:00,False,False,106,106,4,,F3859F7F94B6B971DF7CDE9A2A7DC96FF984AD0D3004FD4D22F446ABF110A216
\\DEMO-SRV01\FileServer\01_Clients\CL1005_Laboratoires_Vauclair\03_Factures\2025\Facture_CL1005_202507.pdf,C:\DemoMigration\FileServer\01_Clients\CL1005_Laboratoires_Vauclair\03_Factures\2025\Facture_CL1005_202507.pdf,01_Clients\CL1005_Laboratoires_Vauclair\03_Factures\2025\Facture_CL1005_202507.pdf,01_Clients,Clients,/sites/MigrationFileServer/Clients/CL1005_Laboratoires_Vauclair/03_Factures/2025/Facture_CL1005_202507.pdf,Facture_CL1005_202507.pdf,.pdf,1705,2025-04-14T10:00:00,2025-07-15T10:00:00,False,False,106,106,4,,D0439FA082A7EC997A76000763F750BF48DC207AA38938D9C5D295722C8C8685
\\DEMO-SRV01\FileServer\01_Clients\CL1005_Laboratoires_Vauclair\03_Factures\2025\Facture_CL1005_202509.pdf,C:\DemoMigration\FileServer\01_Clients\CL1005_Laboratoires_Vauclair\03_Factures\2025\Facture_CL1005_202509.pdf,01_Clients\CL1005_Laboratoires_Vauclair\03_Factures\2025\Facture_CL1005_202509.pdf,01_Clients,Clients,/sites/MigrationFileServer/Clients/CL1005_Laboratoires_Vauclair/03_Factures/2025/Facture_CL1005_202509.pdf,Facture_CL1005_202509.pdf,.pdf,1704,2025-02-06T10:00:00,2025-09-03T10:00:00,False,False,106,106,4,,B086827E8DD7E39E69FA15F077C2F6A18FCA4FC05254DD4644A9FAA5299C9527
\\DEMO-SRV01\FileServer\01_Clients\CL1005_Laboratoires_Vauclair\03_Factures\2025\Facture_CL1005_202510.pdf,C:\DemoMigration\FileServer\01_Clients\CL1005_Laboratoires_Vauclair\03_Factures\2025\Facture_CL1005_202510.pdf,01_Clients\CL1005_Laboratoires_Vauclair\03_Factures\2025\Facture_CL1005_202510.pdf,01_Clients,Clients,/sites/MigrationFileServer/Clients/CL1005_Laboratoires_Vauclair/03_Factures/2025/Facture_CL1005_202510.pdf,Facture_CL1005_202510.pdf,.pdf,1705,2025-04-01T10:00:00,2025-10-28T10:00:00,False,False,106,106,4,,7178130CBD26419B4FF4DB4A2E1DDE0B2B303A6E4DE96BD24C69EA70C4744188
\\DEMO-SRV01\FileServer\01_Clients\CL1005_Laboratoires_Vauclair\03_Factures\2025\Facture_CL1005_202512.pdf,C:\DemoMigration\FileServer\01_Clients\CL1005_Laboratoires_Vauclair\03_Factures\2025\Facture_CL1005_202512.pdf,01_Clients\CL1005_Laboratoires_Vauclair\03_Factures\2025\Facture_CL1005_202512.pdf,01_Clients,Clients,/sites/MigrationFileServer/Clients/CL1005_Laboratoires_Vauclair/03_Factures/2025/Facture_CL1005_202512.pdf,Facture_CL1005_202512.pdf,.pdf,1707,2025-12-09T10:00:00,2025-12-27T10:00:00,False,False,106,106,4,,5FB240579484DDA73AC55A5BA5E4488028CD135D93F9369597123D9BB59D0EB9
\\DEMO-SRV01\FileServer\01_Clients\CL1005_Laboratoires_Vauclair\03_Factures\2026\Facture_CL1005_202601.pdf,C:\DemoMigration\FileServer\01_Clients\CL1005_Laboratoires_Vauclair\03_Factures\2026\Facture_CL1005_202601.pdf,01_Clients\CL1005_Laboratoires_Vauclair\03_Factures\2026\Facture_CL1005_202601.pdf,01_Clients,Clients,/sites/MigrationFileServer/Clients/CL1005_Laboratoires_Vauclair/03_Factures/2026/Facture_CL1005_202601.pdf,Facture_CL1005_202601.pdf,.pdf,1707,2024-12-12T10:00:00,2026-01-11T10:00:00,False,False,106,106,4,,146958FDB927976BF143FE932C83A569E390EE818E1BE32ED396494AE64EDD77
\\DEMO-SRV01\FileServer\01_Clients\CL1005_Laboratoires_Vauclair\03_Factures\2026\Facture_CL1005_202602.pdf,C:\DemoMigration\FileServer\01_Clients\CL1005_Laboratoires_Vauclair\03_Factures\2026\Facture_CL1005_202602.pdf,01_Clients\CL1005_Laboratoires_Vauclair\03_Factures\2026\Facture_CL1005_202602.pdf,01_Clients,Clients,/sites/MigrationFileServer/Clients/CL1005_Laboratoires_Vauclair/03_Factures/2026/Facture_CL1005_202602.pdf,Facture_CL1005_202602.pdf,.pdf,1707,2025-04-30T10:00:00,2026-02-01T10:00:00,False,False,106,106,4,,E567C7C1A7A346541920140C503D150E407DE5DD8453AA87F3FD639AD70EBBF1
\\DEMO-SRV01\FileServer\01_Clients\CL1005_Laboratoires_Vauclair\03_Factures\2026\Facture_CL1005_202603.pdf,C:\DemoMigration\FileServer\01_Clients\CL1005_Laboratoires_Vauclair\03_Factures\2026\Facture_CL1005_202603.pdf,01_Clients\CL1005_Laboratoires_Vauclair\03_Factures\2026\Facture_CL1005_202603.pdf,01_Clients,Clients,/sites/MigrationFileServer/Clients/CL1005_Laboratoires_Vauclair/03_Factures/2026/Facture_CL1005_202603.pdf,Facture_CL1005_202603.pdf,.pdf,1705,2025-02-23T10:00:00,2026-03-17T10:00:00,False,False,106,106,4,,0B64B65451872ECA20D7E7CD6C3EB3EF486A3E2C409D20470519FD8FF3A1F1B8
\\DEMO-SRV01\FileServer\01_Clients\CL1005_Laboratoires_Vauclair\03_Factures\2026\Facture_CL1005_202604.pdf,C:\DemoMigration\FileServer\01_Clients\CL1005_Laboratoires_Vauclair\03_Factures\2026\Facture_CL1005_202604.pdf,01_Clients\CL1005_Laboratoires_Vauclair\03_Factures\2026\Facture_CL1005_202604.pdf,01_Clients,Clients,/sites/MigrationFileServer/Clients/CL1005_Laboratoires_Vauclair/03_Factures/2026/Facture_CL1005_202604.pdf,Facture_CL1005_202604.pdf,.pdf,1704,2025-06-25T10:00:00,2026-04-02T10:00:00,False,False,106,106,4,,C151DA9338650E71C2382A43F19340A3D55B06023EB4C5BE9AD3988F4FD23DDC
\\DEMO-SRV01\FileServer\01_Clients\CL1005_Laboratoires_Vauclair\03_Factures\2026\Facture_CL1005_202605.pdf,C:\DemoMigration\FileServer\01_Clients\CL1005_Laboratoires_Vauclair\03_Factures\2026\Facture_CL1005_202605.pdf,01_Clients\CL1005_Laboratoires_Vauclair\03_Factures\2026\Facture_CL1005_202605.pdf,01_Clients,Clients,/sites/MigrationFileServer/Clients/CL1005_Laboratoires_Vauclair/03_Factures/2026/Facture_CL1005_202605.pdf,Facture_CL1005_202605.pdf,.pdf,1705,2026-05-09T10:00:00,2026-05-23T10:00:00,False,False,106,106,4,,04FF18EC44BF66A5159DD57091012696B3A51FBD908AD244D62D51D0A7E6CD37
\\DEMO-SRV01\FileServer\01_Clients\CL1005_Laboratoires_Vauclair\03_Factures\2026\Facture_CL1005_202608.pdf,C:\DemoMigration\FileServer\01_Clients\CL1005_Laboratoires_Vauclair\03_Factures\2026\Facture_CL1005_202608.pdf,01_Clients\CL1005_Laboratoires_Vauclair\03_Factures\2026\Facture_CL1005_202608.pdf,01_Clients,Clients,/sites/MigrationFileServer/Clients/CL1005_Laboratoires_Vauclair/03_Factures/2026/Facture_CL1005_202608.pdf,Facture_CL1005_202608.pdf,.pdf,1705,2026-01-22T10:00:00,2026-08-18T10:00:00,False,False,106,106,4,,14D16A3A7BB93E63F5A21CE67C1AA2D4792E1884E3D9BBD34F502B52E7CCF241
\\DEMO-SRV01\FileServer\01_Clients\CL1005_Laboratoires_Vauclair\04_Correspondance\Echange_01.eml.txt,C:\DemoMigration\FileServer\01_Clients\CL1005_Laboratoires_Vauclair\04_Correspondance\Echange_01.eml.txt,01_Clients\CL1005_Laboratoires_Vauclair\04_Correspondance\Echange_01.eml.txt,01_Clients,Clients,/sites/MigrationFileServer/Clients/CL1005_Laboratoires_Vauclair/04_Correspondance/Echange_01.eml.txt,Echange_01.eml.txt,.txt,106,2025-12-31T03:45:17,2026-02-27T03:45:17,False,False,100,100,3,,23416611A7DF7785A68A5E07B750B4DB5CAAE2AA4A87462B9D8054F29909BC99
\\DEMO-SRV01\FileServer\01_Clients\CL1005_Laboratoires_Vauclair\05_Projets\Deploiement_Teams\Compte_rendu_COPIL.docx,C:\DemoMigration\FileServer\01_Clients\CL1005_Laboratoires_Vauclair\05_Projets\Deploiement_Teams\Compte_rendu_COPIL.docx,01_Clients\CL1005_Laboratoires_Vauclair\05_Projets\Deploiement_Teams\Compte_rendu_COPIL.docx,01_Clients,Clients,/sites/MigrationFileServer/Clients/CL1005_Laboratoires_Vauclair/05_Projets/Deploiement_Teams/Compte_rendu_COPIL.docx,Compte_rendu_COPIL.docx,.docx,36733,2022-07-27T23:16:50,2023-05-29T23:16:50,False,False,116,116,4,,9A6D8BA337294D9F50FB7C0735052110A4B245CA8C8C470516FA7F6BE3627F26
\\DEMO-SRV01\FileServer\01_Clients\CL1005_Laboratoires_Vauclair\05_Projets\Deploiement_Teams\Planning_Deploiement_Teams.xlsx,C:\DemoMigration\FileServer\01_Clients\CL1005_Laboratoires_Vauclair\05_Projets\Deploiement_Teams\Planning_Deploiement_Teams.xlsx,01_Clients\CL1005_Laboratoires_Vauclair\05_Projets\Deploiement_Teams\Planning_Deploiement_Teams.xlsx,01_Clients,Clients,/sites/MigrationFileServer/Clients/CL1005_Laboratoires_Vauclair/05_Projets/Deploiement_Teams/Planning_Deploiement_Teams.xlsx,Planning_Deploiement_Teams.xlsx,.xlsx,5131,2023-01-21T15:44:12,2023-04-05T15:44:12,False,False,124,124,4,,68783A5B0036873BC057266DE70625A1438888CC863697A079B2BEA1EE78765F
\\DEMO-SRV01\FileServer\01_Clients\CL1005_Laboratoires_Vauclair\05_Projets\Deploiement_Teams\Presentation_lancement_Deploiement_Teams.pptx,C:\DemoMigration\FileServer\01_Clients\CL1005_Laboratoires_Vauclair\05_Projets\Deploiement_Teams\Presentation_lancement_Deploiement_Teams.pptx,01_Clients\CL1005_Laboratoires_Vauclair\05_Projets\Deploiement_Teams\Presentation_lancement_Deploiement_Teams.pptx,01_Clients,Clients,/sites/MigrationFileServer/Clients/CL1005_Laboratoires_Vauclair/05_Projets/Deploiement_Teams/Presentation_lancement_Deploiement_Teams.pptx,Presentation_lancement_Deploiement_Teams.pptx,.pptx,29174,2023-02-14T13:11:46,2023-07-13T13:11:46,False,False,138,138,4,,E6D40698D6D78699BC331D3765246114C0E3E5548FBB103E9B0B84BBC467E8CF
\\DEMO-SRV01\FileServer\01_Clients\CL1005_Laboratoires_Vauclair\05_Projets\Refonte_site_web\Compte_rendu_COPIL.docx,C:\DemoMigration\FileServer\01_Clients\CL1005_Laboratoires_Vauclair\05_Projets\Refonte_site_web\Compte_rendu_COPIL.docx,01_Clients\CL1005_Laboratoires_Vauclair\05_Projets\Refonte_site_web\Compte_rendu_COPIL.docx,01_Clients,Clients,/sites/MigrationFileServer/Clients/CL1005_Laboratoires_Vauclair/05_Projets/Refonte_site_web/Compte_rendu_COPIL.docx,Compte_rendu_COPIL.docx,.docx,36732,2025-06-24T20:15:01,2026-04-20T20:15:01,False,False,115,115,4,,539A098D9A22A33E4CB00CC8B53182DB3DE7C4476C93F4CC6DBAF00D0881A96F
\\DEMO-SRV01\FileServer\01_Clients\CL1005_Laboratoires_Vauclair\05_Projets\Refonte_site_web\Planning_Refonte_site_web.xlsx,C:\DemoMigration\FileServer\01_Clients\CL1005_Laboratoires_Vauclair\05_Projets\Refonte_site_web\Planning_Refonte_site_web.xlsx,01_Clients\CL1005_Laboratoires_Vauclair\05_Projets\Refonte_site_web\Planning_Refonte_site_web.xlsx,01_Clients,Clients,/sites/MigrationFileServer/Clients/CL1005_Laboratoires_Vauclair/05_Projets/Refonte_site_web/Planning_Refonte_site_web.xlsx,Planning_Refonte_site_web.xlsx,.xlsx,5138,2026-07-16T04:27:29,2026-07-17T04:27:29,False,False,122,122,4,,2B1D60817E2E2B8E0D8096F2C2B144DFC32217E805365F678FA80C428F87DA7D
\\DEMO-SRV01\FileServer\01_Clients\CL1005_Laboratoires_Vauclair\05_Projets\Refonte_site_web\Presentation_lancement_Refonte_site_web.pptx,C:\DemoMigration\FileServer\01_Clients\CL1005_Laboratoires_Vauclair\05_Projets\Refonte_site_web\Presentation_lancement_Refonte_site_web.pptx,01_Clients\CL1005_Laboratoires_Vauclair\05_Projets\Refonte_site_web\Presentation_lancement_Refonte_site_web.pptx,01_Clients,Clients,/sites/MigrationFileServer/Clients/CL1005_Laboratoires_Vauclair/05_Projets/Refonte_site_web/Presentation_lancement_Refonte_site_web.pptx,Presentation_lancement_Refonte_site_web.pptx,.pptx,29176,2025-10-05T00:20:59,2026-02-23T00:20:59,False,False,136,136,4,,32A10B01B77613FAD34784F3A62411F6F261EE7D50A405CB5369C0C3C6784158
\\DEMO-SRV01\FileServer\01_Clients\CL1006_Cabinet_Delorme_Avocats\01_Contrats\Contrat_cadre_CL1006_2021.docx,C:\DemoMigration\FileServer\01_Clients\CL1006_Cabinet_Delorme_Avocats\01_Contrats\Contrat_cadre_CL1006_2021.docx,01_Clients\CL1006_Cabinet_Delorme_Avocats\01_Contrats\Contrat_cadre_CL1006_2021.docx,01_Clients,Clients,/sites/MigrationFileServer/Clients/CL1006_Cabinet_Delorme_Avocats/01_Contrats/Contrat_cadre_CL1006_2021.docx,Contrat_cadre_CL1006_2021.docx,.docx,36788,2021-06-30T07:05:37,2021-09-14T07:05:37,False,False,108,108,3,,BC686055E74BBFE2B5B060ACD85612ED15902E33CF500E1EFED1930F0473B0F0
\\DEMO-SRV01\FileServer\01_Clients\CL1006_Cabinet_Delorme_Avocats\01_Contrats\Contrat_cadre_CL1006_2021_signe.pdf,C:\DemoMigration\FileServer\01_Clients\CL1006_Cabinet_Delorme_Avocats\01_Contrats\Contrat_cadre_CL1006_2021_signe.pdf,01_Clients\CL1006_Cabinet_Delorme_Avocats\01_Contrats\Contrat_cadre_CL1006_2021_signe.pdf,01_Clients,Clients,/sites/MigrationFileServer/Clients/CL1006_Cabinet_Delorme_Avocats/01_Contrats/Contrat_cadre_CL1006_2021_signe.pdf,Contrat_cadre_CL1006_2021_signe.pdf,.pdf,1660,2020-12-29T10:07:24,2021-06-23T10:07:24,False,False,113,113,3,,779A7CCE64D0D76CA14081F4FE5D0C0EB5791FD759C743587F0CAC253E302956
\\DEMO-SRV01\FileServer\01_Clients\CL1006_Cabinet_Delorme_Avocats\02_Devis\Devis_CL1006_2021-03.docx,C:\DemoMigration\FileServer\01_Clients\CL1006_Cabinet_Delorme_Avocats\02_Devis\Devis_CL1006_2021-03.docx,01_Clients\CL1006_Cabinet_Delorme_Avocats\02_Devis\Devis_CL1006_2021-03.docx,01_Clients,Clients,/sites/MigrationFileServer/Clients/CL1006_Cabinet_Delorme_Avocats/02_Devis/Devis_CL1006_2021-03.docx,Devis_CL1006_2021-03.docx,.docx,36750,2021-03-20T21:12:00,2021-10-01T21:12:00,False,False,100,100,3,,B387451768ADA27DF4A6CFD9402DC3C42EF282743D4D915614F56B90A28669A5
\\DEMO-SRV01\FileServer\01_Clients\CL1006_Cabinet_Delorme_Avocats\02_Devis\Devis_CL1006_2025-01.docx,C:\DemoMigration\FileServer\01_Clients\CL1006_Cabinet_Delorme_Avocats\02_Devis\Devis_CL1006_2025-01.docx,01_Clients\CL1006_Cabinet_Delorme_Avocats\02_Devis\Devis_CL1006_2025-01.docx,01_Clients,Clients,/sites/MigrationFileServer/Clients/CL1006_Cabinet_Delorme_Avocats/02_Devis/Devis_CL1006_2025-01.docx,Devis_CL1006_2025-01.docx,.docx,36748,2025-09-24T06:48:47,2025-12-29T06:48:47,False,False,100,100,3,,A63F4D28370ED437F748BFA0FED2FD419C566B1C30249940A37F997BAC39F84F
\\DEMO-SRV01\FileServer\01_Clients\CL1006_Cabinet_Delorme_Avocats\02_Devis\Devis_CL1006_2026-02.docx,C:\DemoMigration\FileServer\01_Clients\CL1006_Cabinet_Delorme_Avocats\02_Devis\Devis_CL1006_2026-02.docx,01_Clients\CL1006_Cabinet_Delorme_Avocats\02_Devis\Devis_CL1006_2026-02.docx,01_Clients,Clients,/sites/MigrationFileServer/Clients/CL1006_Cabinet_Delorme_Avocats/02_Devis/Devis_CL1006_2026-02.docx,Devis_CL1006_2026-02.docx,.docx,36747,2025-09-03T16:57:35,2026-04-01T16:57:35,False,False,100,100,3,,AD181BB9D1064CECFB734946AFE92C0BA46EA934D3E4500DA364C14B6BB6195C
\\DEMO-SRV01\FileServer\01_Clients\CL1006_Cabinet_Delorme_Avocats\03_Factures\2024\Facture_CL1006_202401.pdf,C:\DemoMigration\FileServer\01_Clients\CL1006_Cabinet_Delorme_Avocats\03_Factures\2024\Facture_CL1006_202401.pdf,01_Clients\CL1006_Cabinet_Delorme_Avocats\03_Factures\2024\Facture_CL1006_202401.pdf,01_Clients,Clients,/sites/MigrationFileServer/Clients/CL1006_Cabinet_Delorme_Avocats/03_Factures/2024/Facture_CL1006_202401.pdf,Facture_CL1006_202401.pdf,.pdf,1709,2023-11-11T10:00:00,2024-01-27T10:00:00,False,False,108,108,4,,A600A4359FD61652B5FC7069D055B511796E059A6ED8DBA6448BB9CCD5D33A0B
\\DEMO-SRV01\FileServer\01_Clients\CL1006_Cabinet_Delorme_Avocats\03_Factures\2024\Facture_CL1006_202402.pdf,C:\DemoMigration\FileServer\01_Clients\CL1006_Cabinet_Delorme_Avocats\03_Factures\2024\Facture_CL1006_202402.pdf,01_Clients\CL1006_Cabinet_Delorme_Avocats\03_Factures\2024\Facture_CL1006_202402.pdf,01_Clients,Clients,/sites/MigrationFileServer/Clients/CL1006_Cabinet_Delorme_Avocats/03_Factures/2024/Facture_CL1006_202402.pdf,Facture_CL1006_202402.pdf,.pdf,1708,2023-09-01T10:00:00,2024-02-17T10:00:00,False,False,108,108,4,,F1949B4A2513ED22CF38A8E9F17BA5972C10C46C638D8D260762A255E96207F6
\\DEMO-SRV01\FileServer\01_Clients\CL1006_Cabinet_Delorme_Avocats\03_Factures\2024\Facture_CL1006_202405.pdf,C:\DemoMigration\FileServer\01_Clients\CL1006_Cabinet_Delorme_Avocats\03_Factures\2024\Facture_CL1006_202405.pdf,01_Clients\CL1006_Cabinet_Delorme_Avocats\03_Factures\2024\Facture_CL1006_202405.pdf,01_Clients,Clients,/sites/MigrationFileServer/Clients/CL1006_Cabinet_Delorme_Avocats/03_Factures/2024/Facture_CL1006_202405.pdf,Facture_CL1006_202405.pdf,.pdf,1709,2024-03-03T10:00:00,2024-05-15T10:00:00,False,False,108,108,4,,57355975A898A338E8A6E452947F4689138A178A13E53035B3A585FCB1CA298D
\\DEMO-SRV01\FileServer\01_Clients\CL1006_Cabinet_Delorme_Avocats\03_Factures\2024\Facture_CL1006_202406.pdf,C:\DemoMigration\FileServer\01_Clients\CL1006_Cabinet_Delorme_Avocats\03_Factures\2024\Facture_CL1006_202406.pdf,01_Clients\CL1006_Cabinet_Delorme_Avocats\03_Factures\2024\Facture_CL1006_202406.pdf,01_Clients,Clients,/sites/MigrationFileServer/Clients/CL1006_Cabinet_Delorme_Avocats/03_Factures/2024/Facture_CL1006_202406.pdf,Facture_CL1006_202406.pdf,.pdf,1708,2023-05-02T10:00:00,2024-06-05T10:00:00,False,False,108,108,4,,68C22AB957CF98BA7B8E505261C6D2BEA83A27A3AB4DC7BDD4D4271C689D0EC0
\\DEMO-SRV01\FileServer\01_Clients\CL1006_Cabinet_Delorme_Avocats\03_Factures\2024\Facture_CL1006_202408.pdf,C:\DemoMigration\FileServer\01_Clients\CL1006_Cabinet_Delorme_Avocats\03_Factures\2024\Facture_CL1006_202408.pdf,01_Clients\CL1006_Cabinet_Delorme_Avocats\03_Factures\2024\Facture_CL1006_202408.pdf,01_Clients,Clients,/sites/MigrationFileServer/Clients/CL1006_Cabinet_Delorme_Avocats/03_Factures/2024/Facture_CL1006_202408.pdf,Facture_CL1006_202408.pdf,.pdf,1709,2024-03-06T10:00:00,2024-08-21T10:00:00,False,False,108,108,4,,95BAF10D8379EEFA6FC973B1EE3354BF38980851DD8E3235F16F3B5B02B20075
\\DEMO-SRV01\FileServer\01_Clients\CL1006_Cabinet_Delorme_Avocats\03_Factures\2024\Facture_CL1006_202411.pdf,C:\DemoMigration\FileServer\01_Clients\CL1006_Cabinet_Delorme_Avocats\03_Factures\2024\Facture_CL1006_202411.pdf,01_Clients\CL1006_Cabinet_Delorme_Avocats\03_Factures\2024\Facture_CL1006_202411.pdf,01_Clients,Clients,/sites/MigrationFileServer/Clients/CL1006_Cabinet_Delorme_Avocats/03_Factures/2024/Facture_CL1006_202411.pdf,Facture_CL1006_202411.pdf,.pdf,1707,2024-03-19T10:00:00,2024-11-23T10:00:00,False,False,108,108,4,,1946E785706A936CD2D22792C73ECEBBFEDF871DB9343D2A103825F8204675CC
\\DEMO-SRV01\FileServer\01_Clients\CL1006_Cabinet_Delorme_Avocats\03_Factures\2025\Facture_CL1006_202501.pdf,C:\DemoMigration\FileServer\01_Clients\CL1006_Cabinet_Delorme_Avocats\03_Factures\2025\Facture_CL1006_202501.pdf,01_Clients\CL1006_Cabinet_Delorme_Avocats\03_Factures\2025\Facture_CL1006_202501.pdf,01_Clients,Clients,/sites/MigrationFileServer/Clients/CL1006_Cabinet_Delorme_Avocats/03_Factures/2025/Facture_CL1006_202501.pdf,Facture_CL1006_202501.pdf,.pdf,1709,2024-08-27T10:00:00,2025-01-21T10:00:00,False,False,108,108,4,,0F55D77A359851D0C1985AB54523AB1598F1B55603ED4566A0F353126132207B
\\DEMO-SRV01\FileServer\01_Clients\CL1006_Cabinet_Delorme_Avocats\03_Factures\2025\Facture_CL1006_202504.pdf,C:\DemoMigration\FileServer\01_Clients\CL1006_Cabinet_Delorme_Avocats\03_Factures\2025\Facture_CL1006_202504.pdf,01_Clients\CL1006_Cabinet_Delorme_Avocats\03_Factures\2025\Facture_CL1006_202504.pdf,01_Clients,Clients,/sites/MigrationFileServer/Clients/CL1006_Cabinet_Delorme_Avocats/03_Factures/2025/Facture_CL1006_202504.pdf,Facture_CL1006_202504.pdf,.pdf,1709,2025-03-01T10:00:00,2025-04-21T10:00:00,False,False,108,108,4,,2D3D1A9D0BC7840E618980283AC95C159DCEBED431C4C74AB2DADFF3F93FAAD2
\\DEMO-SRV01\FileServer\01_Clients\CL1006_Cabinet_Delorme_Avocats\03_Factures\2025\Facture_CL1006_202505.pdf,C:\DemoMigration\FileServer\01_Clients\CL1006_Cabinet_Delorme_Avocats\03_Factures\2025\Facture_CL1006_202505.pdf,01_Clients\CL1006_Cabinet_Delorme_Avocats\03_Factures\2025\Facture_CL1006_202505.pdf,01_Clients,Clients,/sites/MigrationFileServer/Clients/CL1006_Cabinet_Delorme_Avocats/03_Factures/2025/Facture_CL1006_202505.pdf,Facture_CL1006_202505.pdf,.pdf,1709,2025-04-03T10:00:00,2025-05-01T10:00:00,False,False,108,108,4,,ECBE9D848902561032E7F816F581DC524D5D223B6B1B614CB2AB821FCF0464C7
\\DEMO-SRV01\FileServer\01_Clients\CL1006_Cabinet_Delorme_Avocats\03_Factures\2025\Facture_CL1006_202506.pdf,C:\DemoMigration\FileServer\01_Clients\CL1006_Cabinet_Delorme_Avocats\03_Factures\2025\Facture_CL1006_202506.pdf,01_Clients\CL1006_Cabinet_Delorme_Avocats\03_Factures\2025\Facture_CL1006_202506.pdf,01_Clients,Clients,/sites/MigrationFileServer/Clients/CL1006_Cabinet_Delorme_Avocats/03_Factures/2025/Facture_CL1006_202506.pdf,Facture_CL1006_202506.pdf,.pdf,1709,2024-11-07T10:00:00,2025-06-05T10:00:00,False,False,108,108,4,,CB2E36E494AC21B9A43DDCAE0625E28FF7ADB0A2731E517FF419288E33BB5B4E
\\DEMO-SRV01\FileServer\01_Clients\CL1006_Cabinet_Delorme_Avocats\03_Factures\2025\Facture_CL1006_202509.pdf,C:\DemoMigration\FileServer\01_Clients\CL1006_Cabinet_Delorme_Avocats\03_Factures\2025\Facture_CL1006_202509.pdf,01_Clients\CL1006_Cabinet_Delorme_Avocats\03_Factures\2025\Facture_CL1006_202509.pdf,01_Clients,Clients,/sites/MigrationFileServer/Clients/CL1006_Cabinet_Delorme_Avocats/03_Factures/2025/Facture_CL1006_202509.pdf,Facture_CL1006_202509.pdf,.pdf,1709,2024-10-14T10:00:00,2025-09-28T10:00:00,False,False,108,108,4,,7DBC0D480A4A73BAE43DFFACA9EB9C0BCC722951ED5FC418B3BD5FC70C30F7A1
\\DEMO-SRV01\FileServer\01_Clients\CL1006_Cabinet_Delorme_Avocats\03_Factures\2025\Facture_CL1006_202510.pdf,C:\DemoMigration\FileServer\01_Clients\CL1006_Cabinet_Delorme_Avocats\03_Factures\2025\Facture_CL1006_202510.pdf,01_Clients\CL1006_Cabinet_Delorme_Avocats\03_Factures\2025\Facture_CL1006_202510.pdf,01_Clients,Clients,/sites/MigrationFileServer/Clients/CL1006_Cabinet_Delorme_Avocats/03_Factures/2025/Facture_CL1006_202510.pdf,Facture_CL1006_202510.pdf,.pdf,1710,2024-11-13T10:00:00,2025-10-05T10:00:00,False,False,108,108,4,,FC5B663AB4D466817F5E53B3D7596E732C62C8D67AA5E59B08480853CB1248F1
\\DEMO-SRV01\FileServer\01_Clients\CL1006_Cabinet_Delorme_Avocats\03_Factures\2025\Facture_CL1006_202511.pdf,C:\DemoMigration\FileServer\01_Clients\CL1006_Cabinet_Delorme_Avocats\03_Factures\2025\Facture_CL1006_202511.pdf,01_Clients\CL1006_Cabinet_Delorme_Avocats\03_Factures\2025\Facture_CL1006_202511.pdf,01_Clients,Clients,/sites/MigrationFileServer/Clients/CL1006_Cabinet_Delorme_Avocats/03_Factures/2025/Facture_CL1006_202511.pdf,Facture_CL1006_202511.pdf,.pdf,1707,2025-03-08T10:00:00,2025-11-01T10:00:00,False,False,108,108,4,,70C5DAC1F2DF3E53763B9992CB3003BBE18CB1A029B08E1E5DE6F2B108918696
\\DEMO-SRV01\FileServer\01_Clients\CL1006_Cabinet_Delorme_Avocats\03_Factures\2026\Facture_CL1006_202602.pdf,C:\DemoMigration\FileServer\01_Clients\CL1006_Cabinet_Delorme_Avocats\03_Factures\2026\Facture_CL1006_202602.pdf,01_Clients\CL1006_Cabinet_Delorme_Avocats\03_Factures\2026\Facture_CL1006_202602.pdf,01_Clients,Clients,/sites/MigrationFileServer/Clients/CL1006_Cabinet_Delorme_Avocats/03_Factures/2026/Facture_CL1006_202602.pdf,Facture_CL1006_202602.pdf,.pdf,1709,2025-09-12T10:00:00,2026-02-12T10:00:00,False,False,108,108,4,,B35E32614620BC656371FFC0D1875A3D1226628D904A4B2962ABE683CD4BC16E
\\DEMO-SRV01\FileServer\01_Clients\CL1006_Cabinet_Delorme_Avocats\03_Factures\2026\Facture_CL1006_202604.pdf,C:\DemoMigration\FileServer\01_Clients\CL1006_Cabinet_Delorme_Avocats\03_Factures\2026\Facture_CL1006_202604.pdf,01_Clients\CL1006_Cabinet_Delorme_Avocats\03_Factures\2026\Facture_CL1006_202604.pdf,01_Clients,Clients,/sites/MigrationFileServer/Clients/CL1006_Cabinet_Delorme_Avocats/03_Factures/2026/Facture_CL1006_202604.pdf,Facture_CL1006_202604.pdf,.pdf,1705,2025-10-14T10:00:00,2026-04-28T10:00:00,False,False,108,108,4,,E360F70A94E69C814D7E9551D9EFF6668C0901C7588299359EA6C1C185325645
\\DEMO-SRV01\FileServer\01_Clients\CL1006_Cabinet_Delorme_Avocats\03_Factures\2026\Facture_CL1006_202606.pdf,C:\DemoMigration\FileServer\01_Clients\CL1006_Cabinet_Delorme_Avocats\03_Factures\2026\Facture_CL1006_202606.pdf,01_Clients\CL1006_Cabinet_Delorme_Avocats\03_Factures\2026\Facture_CL1006_202606.pdf,01_Clients,Clients,/sites/MigrationFileServer/Clients/CL1006_Cabinet_Delorme_Avocats/03_Factures/2026/Facture_CL1006_202606.pdf,Facture_CL1006_202606.pdf,.pdf,1709,2025-06-19T10:00:00,2026-06-12T10:00:00,False,False,108,108,4,,98E7A3E9C9DDF23FDA6E595C5C279B0673F21A832913C90AC1D73A05573FEDF0
\\DEMO-SRV01\FileServer\01_Clients\CL1006_Cabinet_Delorme_Avocats\03_Factures\2026\Facture_CL1006_202607.pdf,C:\DemoMigration\FileServer\01_Clients\CL1006_Cabinet_Delorme_Avocats\03_Factures\2026\Facture_CL1006_202607.pdf,01_Clients\CL1006_Cabinet_Delorme_Avocats\03_Factures\2026\Facture_CL1006_202607.pdf,01_Clients,Clients,/sites/MigrationFileServer/Clients/CL1006_Cabinet_Delorme_Avocats/03_Factures/2026/Facture_CL1006_202607.pdf,Facture_CL1006_202607.pdf,.pdf,1710,2026-07-18T10:00:00,2026-07-22T10:00:00,False,False,108,108,4,,E441C90078847310E0E608FF4E8032D0626CC101E24FBCCDEF3C51EBE2373A13
\\DEMO-SRV01\FileServer\01_Clients\CL1006_Cabinet_Delorme_Avocats\04_Correspondance\Echange_01.eml.txt,C:\DemoMigration\FileServer\01_Clients\CL1006_Cabinet_Delorme_Avocats\04_Correspondance\Echange_01.eml.txt,01_Clients\CL1006_Cabinet_Delorme_Avocats\04_Correspondance\Echange_01.eml.txt,01_Clients,Clients,/sites/MigrationFileServer/Clients/CL1006_Cabinet_Delorme_Avocats/04_Correspondance/Echange_01.eml.txt,Echange_01.eml.txt,.txt,106,2024-08-23T04:03:47,2025-05-04T04:03:47,False,False,102,102,3,,521C26A143747D50E8798615FA5035D6944BE59CBE1F97B566E8E3AA5EAE3F37
\\DEMO-SRV01\FileServer\01_Clients\CL1006_Cabinet_Delorme_Avocats\05_Projets\Audit_securite\Compte_rendu_COPIL.docx,C:\DemoMigration\FileServer\01_Clients\CL1006_Cabinet_Delorme_Avocats\05_Projets\Audit_securite\Compte_rendu_COPIL.docx,01_Clients\CL1006_Cabinet_Delorme_Avocats\05_Projets\Audit_securite\Compte_rendu_COPIL.docx,01_Clients,Clients,/sites/MigrationFileServer/Clients/CL1006_Cabinet_Delorme_Avocats/05_Projets/Audit_securite/Compte_rendu_COPIL.docx,Compte_rendu_COPIL.docx,.docx,36731,2025-06-05T07:26:42,2026-01-16T07:26:42,False,False,115,115,4,,4704832241EDB833563C0DCC43161171783428206521E17E18172F32C8BE6324
\\DEMO-SRV01\FileServer\01_Clients\CL1006_Cabinet_Delorme_Avocats\05_Projets\Audit_securite\Planning_Audit_securite.xlsx,C:\DemoMigration\FileServer\01_Clients\CL1006_Cabinet_Delorme_Avocats\05_Projets\Audit_securite\Planning_Audit_securite.xlsx,01_Clients\CL1006_Cabinet_Delorme_Avocats\05_Projets\Audit_securite\Planning_Audit_securite.xlsx,01_Clients,Clients,/sites/MigrationFileServer/Clients/CL1006_Cabinet_Delorme_Avocats/05_Projets/Audit_securite/Planning_Audit_securite.xlsx,Planning_Audit_securite.xlsx,.xlsx,5129,2025-04-08T02:52:29,2026-02-23T02:52:29,False,False,120,120,4,,177C3282652F56106B3C6B79B5AD19342179C68990422AE83EA7A9567D3F2BF3
\\DEMO-SRV01\FileServer\01_Clients\CL1006_Cabinet_Delorme_Avocats\05_Projets\Audit_securite\Presentation_lancement_Audit_securite.pptx,C:\DemoMigration\FileServer\01_Clients\CL1006_Cabinet_Delorme_Avocats\05_Projets\Audit_securite\Presentation_lancement_Audit_securite.pptx,01_Clients\CL1006_Cabinet_Delorme_Avocats\05_Projets\Audit_securite\Presentation_lancement_Audit_securite.pptx,01_Clients,Clients,/sites/MigrationFileServer/Clients/CL1006_Cabinet_Delorme_Avocats/05_Projets/Audit_securite/Presentation_lancement_Audit_securite.pptx,Presentation_lancement_Audit_securite.pptx,.pptx,29175,2026-02-09T19:52:09,2026-05-17T19:52:09,False,False,134,134,4,,15420392B719AE9C14CCDF4E8DEE8BF6CDED1E561584A527787C345A29EDE084
\\DEMO-SRV01\FileServer\01_Clients\CL1006_Cabinet_Delorme_Avocats\05_Projets\Migration_ERP\Compte_rendu_COPIL.docx,C:\DemoMigration\FileServer\01_Clients\CL1006_Cabinet_Delorme_Avocats\05_Projets\Migration_ERP\Compte_rendu_COPIL.docx,01_Clients\CL1006_Cabinet_Delorme_Avocats\05_Projets\Migration_ERP\Compte_rendu_COPIL.docx,01_Clients,Clients,/sites/MigrationFileServer/Clients/CL1006_Cabinet_Delorme_Avocats/05_Projets/Migration_ERP/Compte_rendu_COPIL.docx,Compte_rendu_COPIL.docx,.docx,36733,2022-03-11T09:12:17,2022-12-07T09:12:17,False,False,114,114,4,,E4D172F37EEFE64880EDF18356E2E2DF696E5FDD9828FDCBE8509ADCA905B3DA
\\DEMO-SRV01\FileServer\01_Clients\CL1006_Cabinet_Delorme_Avocats\05_Projets\Migration_ERP\Planning_Migration_ERP.xlsx,C:\DemoMigration\FileServer\01_Clients\CL1006_Cabinet_Delorme_Avocats\05_Projets\Migration_ERP\Planning_Migration_ERP.xlsx,01_Clients\CL1006_Cabinet_Delorme_Avocats\05_Projets\Migration_ERP\Planning_Migration_ERP.xlsx,01_Clients,Clients,/sites/MigrationFileServer/Clients/CL1006_Cabinet_Delorme_Avocats/05_Projets/Migration_ERP/Planning_Migration_ERP.xlsx,Planning_Migration_ERP.xlsx,.xlsx,5136,2021-06-16T23:32:35,2022-03-19T23:32:35,False,False,118,118,4,,A450A680915AE218B377FF8FD62CA5A70E44B2C047466DBD9DD9188F039331E3
\\DEMO-SRV01\FileServer\01_Clients\CL1006_Cabinet_Delorme_Avocats\05_Projets\Migration_ERP\Presentation_lancement_Migration_ERP.pptx,C:\DemoMigration\FileServer\01_Clients\CL1006_Cabinet_Delorme_Avocats\05_Projets\Migration_ERP\Presentation_lancement_Migration_ERP.pptx,01_Clients\CL1006_Cabinet_Delorme_Avocats\05_Projets\Migration_ERP\Presentation_lancement_Migration_ERP.pptx,01_Clients,Clients,/sites/MigrationFileServer/Clients/CL1006_Cabinet_Delorme_Avocats/05_Projets/Migration_ERP/Presentation_lancement_Migration_ERP.pptx,Presentation_lancement_Migration_ERP.pptx,.pptx,29175,2022-06-08T02:01:09,2022-08-14T02:01:09,False,False,132,132,4,,A571577449D3C493709049F2F914A5AAB7F87368F6A4971EAC00E239EFA1ED5F
\\DEMO-SRV01\FileServer\01_Clients\CL1007_Pharmacie_du_Port\01_Contrats\Contrat_cadre_CL1007_2021.docx,C:\DemoMigration\FileServer\01_Clients\CL1007_Pharmacie_du_Port\01_Contrats\Contrat_cadre_CL1007_2021.docx,01_Clients\CL1007_Pharmacie_du_Port\01_Contrats\Contrat_cadre_CL1007_2021.docx,01_Clients,Clients,/sites/MigrationFileServer/Clients/CL1007_Pharmacie_du_Port/01_Contrats/Contrat_cadre_CL1007_2021.docx,Contrat_cadre_CL1007_2021.docx,.docx,36782,2021-09-28T18:18:56,2021-12-21T18:18:56,False,False,102,102,3,,D73FDDBE513508546D6B40A2DE61E359BE750C9C16977064F31A44EB3C81252D
\\DEMO-SRV01\FileServer\01_Clients\CL1007_Pharmacie_du_Port\01_Contrats\Contrat_cadre_CL1007_2021_signe.pdf,C:\DemoMigration\FileServer\01_Clients\CL1007_Pharmacie_du_Port\01_Contrats\Contrat_cadre_CL1007_2021_signe.pdf,01_Clients\CL1007_Pharmacie_du_Port\01_Contrats\Contrat_cadre_CL1007_2021_signe.pdf,01_Clients,Clients,/sites/MigrationFileServer/Clients/CL1007_Pharmacie_du_Port/01_Contrats/Contrat_cadre_CL1007_2021_signe.pdf,Contrat_cadre_CL1007_2021_signe.pdf,.pdf,1660,2020-08-07T19:08:05,2021-04-10T19:08:05,False,False,107,107,3,,2325282F823652CC1CAE75FE34FA2A05D96B39E6D1123A77272483E36C6DE815
\\DEMO-SRV01\FileServer\01_Clients\CL1007_Pharmacie_du_Port\02_Devis\Devis_CL1007_2022-02.docx,C:\DemoMigration\FileServer\01_Clients\CL1007_Pharmacie_du_Port\02_Devis\Devis_CL1007_2022-02.docx,01_Clients\CL1007_Pharmacie_du_Port\02_Devis\Devis_CL1007_2022-02.docx,01_Clients,Clients,/sites/MigrationFileServer/Clients/CL1007_Pharmacie_du_Port/02_Devis/Devis_CL1007_2022-02.docx,Devis_CL1007_2022-02.docx,.docx,36747,2022-09-24T11:18:01,2022-11-09T11:18:01,False,False,94,94,3,,0164734B7C35DF169223222EB8BC79C47BA41012C59C2C2684B316EE77D355C6
\\DEMO-SRV01\FileServer\01_Clients\CL1007_Pharmacie_du_Port\02_Devis\Devis_CL1007_2024-03.docx,C:\DemoMigration\FileServer\01_Clients\CL1007_Pharmacie_du_Port\02_Devis\Devis_CL1007_2024-03.docx,01_Clients\CL1007_Pharmacie_du_Port\02_Devis\Devis_CL1007_2024-03.docx,01_Clients,Clients,/sites/MigrationFileServer/Clients/CL1007_Pharmacie_du_Port/02_Devis/Devis_CL1007_2024-03.docx,Devis_CL1007_2024-03.docx,.docx,36747,2023-03-10T23:55:49,2024-02-17T23:55:49,False,False,94,94,3,,B82F40F8A381C930022CD9B11C31193DFB5F87BB3A829141B6667F59EC4EFF0B
\\DEMO-SRV01\FileServer\01_Clients\CL1007_Pharmacie_du_Port\02_Devis\Devis_CL1007_2026-01.docx,C:\DemoMigration\FileServer\01_Clients\CL1007_Pharmacie_du_Port\02_Devis\Devis_CL1007_2026-01.docx,01_Clients\CL1007_Pharmacie_du_Port\02_Devis\Devis_CL1007_2026-01.docx,01_Clients,Clients,/sites/MigrationFileServer/Clients/CL1007_Pharmacie_du_Port/02_Devis/Devis_CL1007_2026-01.docx,Devis_CL1007_2026-01.docx,.docx,36749,2026-04-20T21:09:53,2026-07-01T21:09:53,False,False,94,94,3,,F68207DB8942C4D4EFCE98DC96DF74E0816AF5B46D279A52DF4A7914D502DD6D
\\DEMO-SRV01\FileServer\01_Clients\CL1007_Pharmacie_du_Port\03_Factures\2024\Facture_CL1007_202402.pdf,C:\DemoMigration\FileServer\01_Clients\CL1007_Pharmacie_du_Port\03_Factures\2024\Facture_CL1007_202402.pdf,01_Clients\CL1007_Pharmacie_du_Port\03_Factures\2024\Facture_CL1007_202402.pdf,01_Clients,Clients,/sites/MigrationFileServer/Clients/CL1007_Pharmacie_du_Port/03_Factures/2024/Facture_CL1007_202402.pdf,Facture_CL1007_202402.pdf,.pdf,1703,2023-12-28T10:00:00,2024-02-21T10:00:00,False,False,102,102,4,,B254CB032CDC3CBBE5085BF6D6C86C2ED5BDFD9EBF4DF6806B2268914FBB2A29
\\DEMO-SRV01\FileServer\01_Clients\CL1007_Pharmacie_du_Port\03_Factures\2024\Facture_CL1007_202404.pdf,C:\DemoMigration\FileServer\01_Clients\CL1007_Pharmacie_du_Port\03_Factures\2024\Facture_CL1007_202404.pdf,01_Clients\CL1007_Pharmacie_du_Port\03_Factures\2024\Facture_CL1007_202404.pdf,01_Clients,Clients,/sites/MigrationFileServer/Clients/CL1007_Pharmacie_du_Port/03_Factures/2024/Facture_CL1007_202404.pdf,Facture_CL1007_202404.pdf,.pdf,1704,2023-06-11T10:00:00,2024-04-18T10:00:00,False,False,102,102,4,,23E1D3B8615DB98CFDD75EE407D25CA60D4ED6E2BA5753DC2FC8C9429B4A1BBE
\\DEMO-SRV01\FileServer\01_Clients\CL1007_Pharmacie_du_Port\03_Factures\2024\Facture_CL1007_202405.pdf,C:\DemoMigration\FileServer\01_Clients\CL1007_Pharmacie_du_Port\03_Factures\2024\Facture_CL1007_202405.pdf,01_Clients\CL1007_Pharmacie_du_Port\03_Factures\2024\Facture_CL1007_202405.pdf,01_Clients,Clients,/sites/MigrationFileServer/Clients/CL1007_Pharmacie_du_Port/03_Factures/2024/Facture_CL1007_202405.pdf,Facture_CL1007_202405.pdf,.pdf,1704,2023-06-04T10:00:00,2024-05-27T10:00:00,False,False,102,102,4,,A10C8D54BFB21DE435B84165049C7169C51EA2921C1FA7D51495BA67E662018C
\\DEMO-SRV01\FileServer\01_Clients\CL1007_Pharmacie_du_Port\03_Factures\2024\Facture_CL1007_202406.pdf,C:\DemoMigration\FileServer\01_Clients\CL1007_Pharmacie_du_Port\03_Factures\2024\Facture_CL1007_202406.pdf,01_Clients\CL1007_Pharmacie_du_Port\03_Factures\2024\Facture_CL1007_202406.pdf,01_Clients,Clients,/sites/MigrationFileServer/Clients/CL1007_Pharmacie_du_Port/03_Factures/2024/Facture_CL1007_202406.pdf,Facture_CL1007_202406.pdf,.pdf,1703,2024-05-17T10:00:00,2024-06-05T10:00:00,False,False,102,102,4,,B194A879B40769C6E882C5E53F2C59D2DAAF67A6F44ADFEE21E90DB278B8A89F
\\DEMO-SRV01\FileServer\01_Clients\CL1007_Pharmacie_du_Port\03_Factures\2024\Facture_CL1007_202407.pdf,C:\DemoMigration\FileServer\01_Clients\CL1007_Pharmacie_du_Port\03_Factures\2024\Facture_CL1007_202407.pdf,01_Clients\CL1007_Pharmacie_du_Port\03_Factures\2024\Facture_CL1007_202407.pdf,01_Clients,Clients,/sites/MigrationFileServer/Clients/CL1007_Pharmacie_du_Port/03_Factures/2024/Facture_CL1007_202407.pdf,Facture_CL1007_202407.pdf,.pdf,1702,2023-10-03T10:00:00,2024-07-04T10:00:00,False,False,102,102,4,,4645619A01CBA0FBCC1A739C59F041BED6DE5CA966B260466108F1614F6997F2
\\DEMO-SRV01\FileServer\01_Clients\CL1007_Pharmacie_du_Port\03_Factures\2024\Facture_CL1007_202408.pdf,C:\DemoMigration\FileServer\01_Clients\CL1007_Pharmacie_du_Port\03_Factures\2024\Facture_CL1007_202408.pdf,01_Clients\CL1007_Pharmacie_du_Port\03_Factures\2024\Facture_CL1007_202408.pdf,01_Clients,Clients,/sites/MigrationFileServer/Clients/CL1007_Pharmacie_du_Port/03_Factures/2024/Facture_CL1007_202408.pdf,Facture_CL1007_202408.pdf,.pdf,1704,2023-09-01T10:00:00,2024-08-22T10:00:00,False,False,102,102,4,,144B1978336EB2C04F1F51EE91E3770190B18E6376A34FBA0B591E13882A8C20
\\DEMO-SRV01\FileServer\01_Clients\CL1007_Pharmacie_du_Port\03_Factures\2024\Facture_CL1007_202410.pdf,C:\DemoMigration\FileServer\01_Clients\CL1007_Pharmacie_du_Port\03_Factures\2024\Facture_CL1007_202410.pdf,01_Clients\CL1007_Pharmacie_du_Port\03_Factures\2024\Facture_CL1007_202410.pdf,01_Clients,Clients,/sites/MigrationFileServer/Clients/CL1007_Pharmacie_du_Port/03_Factures/2024/Facture_CL1007_202410.pdf,Facture_CL1007_202410.pdf,.pdf,1703,2023-11-05T10:00:00,2024-10-05T10:00:00,False,False,102,102,4,,BA925C17015382AA5BBC7DE8979E5D0A24C80EC5AE43BD1E473F09F93F5E5C3F
\\DEMO-SRV01\FileServer\01_Clients\CL1007_Pharmacie_du_Port\03_Factures\2024\Facture_CL1007_202411.pdf,C:\DemoMigration\FileServer\01_Clients\CL1007_Pharmacie_du_Port\03_Factures\2024\Facture_CL1007_202411.pdf,01_Clients\CL1007_Pharmacie_du_Port\03_Factures\2024\Facture_CL1007_202411.pdf,01_Clients,Clients,/sites/MigrationFileServer/Clients/CL1007_Pharmacie_du_Port/03_Factures/2024/Facture_CL1007_202411.pdf,Facture_CL1007_202411.pdf,.pdf,1702,2024-06-24T10:00:00,2024-11-14T10:00:00,False,False,102,102,4,,BE6880E3D82B6FF99B989CD34BC3B5100A966DBC3A430F91AA5C096DE68D46F3
\\DEMO-SRV01\FileServer\01_Clients\CL1007_Pharmacie_du_Port\03_Factures\2024\Facture_CL1007_202412.pdf,C:\DemoMigration\FileServer\01_Clients\CL1007_Pharmacie_du_Port\03_Factures\2024\Facture_CL1007_202412.pdf,01_Clients\CL1007_Pharmacie_du_Port\03_Factures\2024\Facture_CL1007_202412.pdf,01_Clients,Clients,/sites/MigrationFileServer/Clients/CL1007_Pharmacie_du_Port/03_Factures/2024/Facture_CL1007_202412.pdf,Facture_CL1007_202412.pdf,.pdf,1702,2024-08-17T10:00:00,2024-12-15T10:00:00,False,False,102,102,4,,F98AA93A432C81BDAFDD7CBE4127D6A93CB19BD06730C7C8573DDE9C08ED84FB
\\DEMO-SRV01\FileServer\01_Clients\CL1007_Pharmacie_du_Port\03_Factures\2025\Facture_CL1007_202502.pdf,C:\DemoMigration\FileServer\01_Clients\CL1007_Pharmacie_du_Port\03_Factures\2025\Facture_CL1007_202502.pdf,01_Clients\CL1007_Pharmacie_du_Port\03_Factures\2025\Facture_CL1007_202502.pdf,01_Clients,Clients,/sites/MigrationFileServer/Clients/CL1007_Pharmacie_du_Port/03_Factures/2025/Facture_CL1007_202502.pdf,Facture_CL1007_202502.pdf,.pdf,1704,2024-03-25T10:00:00,2025-02-18T10:00:00,False,False,102,102,4,,3F49E97FE5000351D56C11BFCE9E523E65BD318876096AD1B04F8933497441D6
\\DEMO-SRV01\FileServer\01_Clients\CL1007_Pharmacie_du_Port\03_Factures\2025\Facture_CL1007_202503.pdf,C:\DemoMigration\FileServer\01_Clients\CL1007_Pharmacie_du_Port\03_Factures\2025\Facture_CL1007_202503.pdf,01_Clients\CL1007_Pharmacie_du_Port\03_Factures\2025\Facture_CL1007_202503.pdf,01_Clients,Clients,/sites/MigrationFileServer/Clients/CL1007_Pharmacie_du_Port/03_Factures/2025/Facture_CL1007_202503.pdf,Facture_CL1007_202503.pdf,.pdf,1703,2024-07-18T10:00:00,2025-03-07T10:00:00,False,False,102,102,4,,F62F6C04DFB81D6B80787E2FE07AE9F96E0D4BA98145EF890EEAA420B430197F
\\DEMO-SRV01\FileServer\01_Clients\CL1007_Pharmacie_du_Port\03_Factures\2025\Facture_CL1007_202504.pdf,C:\DemoMigration\FileServer\01_Clients\CL1007_Pharmacie_du_Port\03_Factures\2025\Facture_CL1007_202504.pdf,01_Clients\CL1007_Pharmacie_du_Port\03_Factures\2025\Facture_CL1007_202504.pdf,01_Clients,Clients,/sites/MigrationFileServer/Clients/CL1007_Pharmacie_du_Port/03_Factures/2025/Facture_CL1007_202504.pdf,Facture_CL1007_202504.pdf,.pdf,1703,2025-04-11T10:00:00,2025-04-21T10:00:00,False,False,102,102,4,,B0F876CA448F4723729D289CCE4E9C1FC432A452B42DBE01466CC9420F025A22
\\DEMO-SRV01\FileServer\01_Clients\CL1007_Pharmacie_du_Port\03_Factures\2025\Facture_CL1007_202505.pdf,C:\DemoMigration\FileServer\01_Clients\CL1007_Pharmacie_du_Port\03_Factures\2025\Facture_CL1007_202505.pdf,01_Clients\CL1007_Pharmacie_du_Port\03_Factures\2025\Facture_CL1007_202505.pdf,01_Clients,Clients,/sites/MigrationFileServer/Clients/CL1007_Pharmacie_du_Port/03_Factures/2025/Facture_CL1007_202505.pdf,Facture_CL1007_202505.pdf,.pdf,1702,2025-01-20T10:00:00,2025-05-05T10:00:00,False,False,102,102,4,,DFA0D3247881622CF29A8AF0A03B155F7D9647E536EAC114E63E36ADDE267B2A
\\DEMO-SRV01\FileServer\01_Clients\CL1007_Pharmacie_du_Port\03_Factures\2025\Facture_CL1007_202506.pdf,C:\DemoMigration\FileServer\01_Clients\CL1007_Pharmacie_du_Port\03_Factures\2025\Facture_CL1007_202506.pdf,01_Clients\CL1007_Pharmacie_du_Port\03_Factures\2025\Facture_CL1007_202506.pdf,01_Clients,Clients,/sites/MigrationFileServer/Clients/CL1007_Pharmacie_du_Port/03_Factures/2025/Facture_CL1007_202506.pdf,Facture_CL1007_202506.pdf,.pdf,1703,2025-02-08T10:00:00,2025-06-07T10:00:00,False,False,102,102,4,,FB2D5E30107EC1D8B02009E32F33A8A90EE17878BA8D23308F7762DA9EBD4B15
\\DEMO-SRV01\FileServer\01_Clients\CL1007_Pharmacie_du_Port\03_Factures\2025\Facture_CL1007_202507.pdf,C:\DemoMigration\FileServer\01_Clients\CL1007_Pharmacie_du_Port\03_Factures\2025\Facture_CL1007_202507.pdf,01_Clients\CL1007_Pharmacie_du_Port\03_Factures\2025\Facture_CL1007_202507.pdf,01_Clients,Clients,/sites/MigrationFileServer/Clients/CL1007_Pharmacie_du_Port/03_Factures/2025/Facture_CL1007_202507.pdf,Facture_CL1007_202507.pdf,.pdf,1703,2025-05-07T10:00:00,2025-07-20T10:00:00,False,False,102,102,4,,66E164936D0B17900A563D93E71EF11237F7510DF83923B0C11D42C6F65EDD63
\\DEMO-SRV01\FileServer\01_Clients\CL1007_Pharmacie_du_Port\03_Factures\2025\Facture_CL1007_202509.pdf,C:\DemoMigration\FileServer\01_Clients\CL1007_Pharmacie_du_Port\03_Factures\2025\Facture_CL1007_202509.pdf,01_Clients\CL1007_Pharmacie_du_Port\03_Factures\2025\Facture_CL1007_202509.pdf,01_Clients,Clients,/sites/MigrationFileServer/Clients/CL1007_Pharmacie_du_Port/03_Factures/2025/Facture_CL1007_202509.pdf,Facture_CL1007_202509.pdf,.pdf,1704,2025-08-22T10:00:00,2025-09-04T10:00:00,False,False,102,102,4,,9D672E707F234A5E0E8833D6DC01359C3E0ED9F01C507A1527722B4085CD1FDC
\\DEMO-SRV01\FileServer\01_Clients\CL1007_Pharmacie_du_Port\03_Factures\2025\Facture_CL1007_202510.pdf,C:\DemoMigration\FileServer\01_Clients\CL1007_Pharmacie_du_Port\03_Factures\2025\Facture_CL1007_202510.pdf,01_Clients\CL1007_Pharmacie_du_Port\03_Factures\2025\Facture_CL1007_202510.pdf,01_Clients,Clients,/sites/MigrationFileServer/Clients/CL1007_Pharmacie_du_Port/03_Factures/2025/Facture_CL1007_202510.pdf,Facture_CL1007_202510.pdf,.pdf,1703,2025-05-14T10:00:00,2025-10-26T10:00:00,False,False,102,102,4,,7C75988837AC3B0D378B221DC575312B90A30F009919204CB918993977910E5F
\\DEMO-SRV01\FileServer\01_Clients\CL1007_Pharmacie_du_Port\03_Factures\2025\Facture_CL1007_202511.pdf,C:\DemoMigration\FileServer\01_Clients\CL1007_Pharmacie_du_Port\03_Factures\2025\Facture_CL1007_202511.pdf,01_Clients\CL1007_Pharmacie_du_Port\03_Factures\2025\Facture_CL1007_202511.pdf,01_Clients,Clients,/sites/MigrationFileServer/Clients/CL1007_Pharmacie_du_Port/03_Factures/2025/Facture_CL1007_202511.pdf,Facture_CL1007_202511.pdf,.pdf,1702,2025-02-09T10:00:00,2025-11-05T10:00:00,False,False,102,102,4,,3DA24FC99122D964849AE551F46720FB2A102B292718EC5543D402482971BD92
\\DEMO-SRV01\FileServer\01_Clients\CL1007_Pharmacie_du_Port\03_Factures\2025\Facture_CL1007_202512.pdf,C:\DemoMigration\FileServer\01_Clients\CL1007_Pharmacie_du_Port\03_Factures\2025\Facture_CL1007_202512.pdf,01_Clients\CL1007_Pharmacie_du_Port\03_Factures\2025\Facture_CL1007_202512.pdf,01_Clients,Clients,/sites/MigrationFileServer/Clients/CL1007_Pharmacie_du_Port/03_Factures/2025/Facture_CL1007_202512.pdf,Facture_CL1007_202512.pdf,.pdf,1702,2025-03-28T10:00:00,2025-12-15T10:00:00,False,False,102,102,4,,6C2710D52A4D6E8A54C5AF87528C15B1D06F1250ACFE2B72DE13D359DE2C1D61
\\DEMO-SRV01\FileServer\01_Clients\CL1007_Pharmacie_du_Port\03_Factures\2026\Facture_CL1007_202602.pdf,C:\DemoMigration\FileServer\01_Clients\CL1007_Pharmacie_du_Port\03_Factures\2026\Facture_CL1007_202602.pdf,01_Clients\CL1007_Pharmacie_du_Port\03_Factures\2026\Facture_CL1007_202602.pdf,01_Clients,Clients,/sites/MigrationFileServer/Clients/CL1007_Pharmacie_du_Port/03_Factures/2026/Facture_CL1007_202602.pdf,Facture_CL1007_202602.pdf,.pdf,1703,2025-03-20T10:00:00,2026-02-20T10:00:00,False,False,102,102,4,,E165939EB3EEBC3CA3A29DE22756FD7F2214D989FC94A5D8320BCED3974ABAF4
\\DEMO-SRV01\FileServer\01_Clients\CL1007_Pharmacie_du_Port\03_Factures\2026\Facture_CL1007_202603.pdf,C:\DemoMigration\FileServer\01_Clients\CL1007_Pharmacie_du_Port\03_Factures\2026\Facture_CL1007_202603.pdf,01_Clients\CL1007_Pharmacie_du_Port\03_Factures\2026\Facture_CL1007_202603.pdf,01_Clients,Clients,/sites/MigrationFileServer/Clients/CL1007_Pharmacie_du_Port/03_Factures/2026/Facture_CL1007_202603.pdf,Facture_CL1007_202603.pdf,.pdf,1703,2025-06-29T10:00:00,2026-03-01T10:00:00,False,False,102,102,4,,32B29C7F6754413727BAFABF8E496AC6BCDD67B0B474185F8AC4DD4291F0560E
\\DEMO-SRV01\FileServer\01_Clients\CL1007_Pharmacie_du_Port\03_Factures\2026\Facture_CL1007_202605.pdf,C:\DemoMigration\FileServer\01_Clients\CL1007_Pharmacie_du_Port\03_Factures\2026\Facture_CL1007_202605.pdf,01_Clients\CL1007_Pharmacie_du_Port\03_Factures\2026\Facture_CL1007_202605.pdf,01_Clients,Clients,/sites/MigrationFileServer/Clients/CL1007_Pharmacie_du_Port/03_Factures/2026/Facture_CL1007_202605.pdf,Facture_CL1007_202605.pdf,.pdf,1702,2026-04-16T10:00:00,2026-05-23T10:00:00,False,False,102,102,4,,B0C4426782AE140452B129B3C4BCF276EEDD2109D295B6983020183CC9643159
\\DEMO-SRV01\FileServer\01_Clients\CL1007_Pharmacie_du_Port\03_Factures\2026\Facture_CL1007_202607.pdf,C:\DemoMigration\FileServer\01_Clients\CL1007_Pharmacie_du_Port\03_Factures\2026\Facture_CL1007_202607.pdf,01_Clients\CL1007_Pharmacie_du_Port\03_Factures\2026\Facture_CL1007_202607.pdf,01_Clients,Clients,/sites/MigrationFileServer/Clients/CL1007_Pharmacie_du_Port/03_Factures/2026/Facture_CL1007_202607.pdf,Facture_CL1007_202607.pdf,.pdf,1700,2025-08-15T10:00:00,2026-07-05T10:00:00,False,False,102,102,4,,FA678901AE23A35FE87B20767CF554535A83F3E4262E83B2EF681DDFA9F59EB6
\\DEMO-SRV01\FileServer\01_Clients\CL1007_Pharmacie_du_Port\04_Correspondance\Echange_01.eml.txt,C:\DemoMigration\FileServer\01_Clients\CL1007_Pharmacie_du_Port\04_Correspondance\Echange_01.eml.txt,01_Clients\CL1007_Pharmacie_du_Port\04_Correspondance\Echange_01.eml.txt,01_Clients,Clients,/sites/MigrationFileServer/Clients/CL1007_Pharmacie_du_Port/04_Correspondance/Echange_01.eml.txt,Echange_01.eml.txt,.txt,106,2023-05-05T00:45:54,2024-01-31T00:45:54,False,False,96,96,3,,8B083D6B94B9AD69D151CC863D996EE31E1B894AC681153D7F1E958FAE437B51
\\DEMO-SRV01\FileServer\01_Clients\CL1007_Pharmacie_du_Port\04_Correspondance\Echange_02.eml.txt,C:\DemoMigration\FileServer\01_Clients\CL1007_Pharmacie_du_Port\04_Correspondance\Echange_02.eml.txt,01_Clients\CL1007_Pharmacie_du_Port\04_Correspondance\Echange_02.eml.txt,01_Clients,Clients,/sites/MigrationFileServer/Clients/CL1007_Pharmacie_du_Port/04_Correspondance/Echange_02.eml.txt,Echange_02.eml.txt,.txt,106,2022-06-15T16:37:13,2023-04-20T16:37:13,False,False,96,96,3,,EC79B76618F8DC54878F02484D190BA3A115FD26AF701EF7FA5B3843F8FB6B58
\\DEMO-SRV01\FileServer\01_Clients\CL1007_Pharmacie_du_Port\04_Correspondance\Echange_03.eml.txt,C:\DemoMigration\FileServer\01_Clients\CL1007_Pharmacie_du_Port\04_Correspondance\Echange_03.eml.txt,01_Clients\CL1007_Pharmacie_du_Port\04_Correspondance\Echange_03.eml.txt,01_Clients,Clients,/sites/MigrationFileServer/Clients/CL1007_Pharmacie_du_Port/04_Correspondance/Echange_03.eml.txt,Echange_03.eml.txt,.txt,106,2024-10-06T01:31:51,2025-09-30T01:31:51,False,False,96,96,3,,36E5B41562F925EAA218D7C4B77C5ECB5526CBFDF7D874FE6B94F4131A3BD03D
\\DEMO-SRV01\FileServer\01_Clients\CL1007_Pharmacie_du_Port\05_Projets\Migration_ERP\Compte_rendu_COPIL.docx,C:\DemoMigration\FileServer\01_Clients\CL1007_Pharmacie_du_Port\05_Projets\Migration_ERP\Compte_rendu_COPIL.docx,01_Clients\CL1007_Pharmacie_du_Port\05_Projets\Migration_ERP\Compte_rendu_COPIL.docx,01_Clients,Clients,/sites/MigrationFileServer/Clients/CL1007_Pharmacie_du_Port/05_Projets/Migration_ERP/Compte_rendu_COPIL.docx,Compte_rendu_COPIL.docx,.docx,36733,2024-08-29T02:21:53,2025-08-07T02:21:53,False,False,108,108,4,,0387FF78FF2771D19BE7CEDADB8AAD4A8BCF47204516E89D35B71F061920C22A
\\DEMO-SRV01\FileServer\01_Clients\CL1007_Pharmacie_du_Port\05_Projets\Migration_ERP\Planning_Migration_ERP.xlsx,C:\DemoMigration\FileServer\01_Clients\CL1007_Pharmacie_du_Port\05_Projets\Migration_ERP\Planning_Migration_ERP.xlsx,01_Clients\CL1007_Pharmacie_du_Port\05_Projets\Migration_ERP\Planning_Migration_ERP.xlsx,01_Clients,Clients,/sites/MigrationFileServer/Clients/CL1007_Pharmacie_du_Port/05_Projets/Migration_ERP/Planning_Migration_ERP.xlsx,Planning_Migration_ERP.xlsx,.xlsx,5129,2024-04-26T12:45:50,2025-02-20T12:45:50,False,False,112,112,4,,34D6A7507792D53B116230784F0082177DFFE8E7652F38DD5DCE3F20AB4C5A25
\\DEMO-SRV01\FileServer\01_Clients\CL1007_Pharmacie_du_Port\05_Projets\Migration_ERP\Presentation_lancement_Migration_ERP.pptx,C:\DemoMigration\FileServer\01_Clients\CL1007_Pharmacie_du_Port\05_Projets\Migration_ERP\Presentation_lancement_Migration_ERP.pptx,01_Clients\CL1007_Pharmacie_du_Port\05_Projets\Migration_ERP\Presentation_lancement_Migration_ERP.pptx,01_Clients,Clients,/sites/MigrationFileServer/Clients/CL1007_Pharmacie_du_Port/05_Projets/Migration_ERP/Presentation_lancement_Migration_ERP.pptx,Presentation_lancement_Migration_ERP.pptx,.pptx,29176,2024-12-15T01:43:40,2025-01-27T01:43:40,False,False,126,126,4,,BAB87EB079F40BB24045993A2C8890A8E1BEEC50D211476B62FECDF8C160BBB3
\\DEMO-SRV01\FileServer\01_Clients\CL1007_Pharmacie_du_Port\05_Projets\Refonte_site_web\Compte_rendu_COPIL.docx,C:\DemoMigration\FileServer\01_Clients\CL1007_Pharmacie_du_Port\05_Projets\Refonte_site_web\Compte_rendu_COPIL.docx,01_Clients\CL1007_Pharmacie_du_Port\05_Projets\Refonte_site_web\Compte_rendu_COPIL.docx,01_Clients,Clients,/sites/MigrationFileServer/Clients/CL1007_Pharmacie_du_Port/05_Projets/Refonte_site_web/Compte_rendu_COPIL.docx,Compte_rendu_COPIL.docx,.docx,36732,2025-01-21T23:44:42,2025-04-09T23:44:42,False,False,111,111,4,,203D0A96082AF3F9A91CD944222103B24D7828D4A8DFB603155A4D63C4A272D0
\\DEMO-SRV01\FileServer\01_Clients\CL1007_Pharmacie_du_Port\05_Projets\Refonte_site_web\Planning_Refonte_site_web.xlsx,C:\DemoMigration\FileServer\01_Clients\CL1007_Pharmacie_du_Port\05_Projets\Refonte_site_web\Planning_Refonte_site_web.xlsx,01_Clients\CL1007_Pharmacie_du_Port\05_Projets\Refonte_site_web\Planning_Refonte_site_web.xlsx,01_Clients,Clients,/sites/MigrationFileServer/Clients/CL1007_Pharmacie_du_Port/05_Projets/Refonte_site_web/Planning_Refonte_site_web.xlsx,Planning_Refonte_site_web.xlsx,.xlsx,5137,2024-05-27T09:09:42,2025-05-02T09:09:42,False,False,118,118,4,,05416A9E05E5779ACD0F1D22E5D0D5BAA54A28D9B0BA767FEAA887DB6E69F51B
\\DEMO-SRV01\FileServer\01_Clients\CL1007_Pharmacie_du_Port\05_Projets\Refonte_site_web\Presentation_lancement_Refonte_site_web.pptx,C:\DemoMigration\FileServer\01_Clients\CL1007_Pharmacie_du_Port\05_Projets\Refonte_site_web\Presentation_lancement_Refonte_site_web.pptx,01_Clients\CL1007_Pharmacie_du_Port\05_Projets\Refonte_site_web\Presentation_lancement_Refonte_site_web.pptx,01_Clients,Clients,/sites/MigrationFileServer/Clients/CL1007_Pharmacie_du_Port/05_Projets/Refonte_site_web/Presentation_lancement_Refonte_site_web.pptx,Presentation_lancement_Refonte_site_web.pptx,.pptx,29177,2024-11-26T08:47:48,2025-06-25T08:47:48,False,False,132,132,4,,93D766342D3D6A94889C7524CE4EA78A2201B19D0431FCDD8FC9A6485BE0C37E
\\DEMO-SRV01\FileServer\01_Clients\CL1008_Garage_Morvan\01_Contrats\Contrat_cadre_CL1008_2017.docx,C:\DemoMigration\FileServer\01_Clients\CL1008_Garage_Morvan\01_Contrats\Contrat_cadre_CL1008_2017.docx,01_Clients\CL1008_Garage_Morvan\01_Contrats\Contrat_cadre_CL1008_2017.docx,01_Clients,Clients,/sites/MigrationFileServer/Clients/CL1008_Garage_Morvan/01_Contrats/Contrat_cadre_CL1008_2017.docx,Contrat_cadre_CL1008_2017.docx,.docx,36781,2016-07-04T13:00:50,2017-06-09T13:00:50,False,False,98,98,3,,0470BBA09C7DF8701C7E272CD67F83D64C42B05D5FC3E387827E896981268E7C
\\DEMO-SRV01\FileServer\01_Clients\CL1008_Garage_Morvan\01_Contrats\Contrat_cadre_CL1008_2017_signe.pdf,C:\DemoMigration\FileServer\01_Clients\CL1008_Garage_Morvan\01_Contrats\Contrat_cadre_CL1008_2017_signe.pdf,01_Clients\CL1008_Garage_Morvan\01_Contrats\Contrat_cadre_CL1008_2017_signe.pdf,01_Clients,Clients,/sites/MigrationFileServer/Clients/CL1008_Garage_Morvan/01_Contrats/Contrat_cadre_CL1008_2017_signe.pdf,Contrat_cadre_CL1008_2017_signe.pdf,.pdf,1665,2016-10-15T09:09:21,2017-10-19T09:09:21,False,False,103,103,3,,0887A1DCF89C47C280E132FD8BB772B434ED4B422EA659BC248002E7C5FE4167
\\DEMO-SRV01\FileServer\01_Clients\CL1008_Garage_Morvan\02_Devis\Devis_CL1008_2019-02.docx,C:\DemoMigration\FileServer\01_Clients\CL1008_Garage_Morvan\02_Devis\Devis_CL1008_2019-02.docx,01_Clients\CL1008_Garage_Morvan\02_Devis\Devis_CL1008_2019-02.docx,01_Clients,Clients,/sites/MigrationFileServer/Clients/CL1008_Garage_Morvan/02_Devis/Devis_CL1008_2019-02.docx,Devis_CL1008_2019-02.docx,.docx,36745,2018-05-04T00:40:06,2019-02-12T00:40:06,False,False,90,90,3,,4832B8F9AC5F270CD1A0FAB9FE4A3C1A6A90795005F59B0E62412D63554969E5
\\DEMO-SRV01\FileServer\01_Clients\CL1008_Garage_Morvan\02_Devis\Devis_CL1008_2021-01.docx,C:\DemoMigration\FileServer\01_Clients\CL1008_Garage_Morvan\02_Devis\Devis_CL1008_2021-01.docx,01_Clients\CL1008_Garage_Morvan\02_Devis\Devis_CL1008_2021-01.docx,01_Clients,Clients,/sites/MigrationFileServer/Clients/CL1008_Garage_Morvan/02_Devis/Devis_CL1008_2021-01.docx,Devis_CL1008_2021-01.docx,.docx,36747,2020-10-25T05:37:38,2021-02-10T05:37:38,False,False,90,90,3,,341E8D7D58D4D4DAD0F9892027CA258AE9416EE3E0893043C17097DF74404247
\\DEMO-SRV01\FileServer\01_Clients\CL1008_Garage_Morvan\03_Factures\2024\Facture_CL1008_202401.pdf,C:\DemoMigration\FileServer\01_Clients\CL1008_Garage_Morvan\03_Factures\2024\Facture_CL1008_202401.pdf,01_Clients\CL1008_Garage_Morvan\03_Factures\2024\Facture_CL1008_202401.pdf,01_Clients,Clients,/sites/MigrationFileServer/Clients/CL1008_Garage_Morvan/03_Factures/2024/Facture_CL1008_202401.pdf,Facture_CL1008_202401.pdf,.pdf,1700,2023-06-14T10:00:00,2024-01-19T10:00:00,False,False,98,98,4,,D0E4B3D4A21E8655E917F13DC55394095A0696985676EC45ED0D8A762B61E7FF
\\DEMO-SRV01\FileServer\01_Clients\CL1008_Garage_Morvan\03_Factures\2024\Facture_CL1008_202407.pdf,C:\DemoMigration\FileServer\01_Clients\CL1008_Garage_Morvan\03_Factures\2024\Facture_CL1008_202407.pdf,01_Clients\CL1008_Garage_Morvan\03_Factures\2024\Facture_CL1008_202407.pdf,01_Clients,Clients,/sites/MigrationFileServer/Clients/CL1008_Garage_Morvan/03_Factures/2024/Facture_CL1008_202407.pdf,Facture_CL1008_202407.pdf,.pdf,1700,2024-07-13T10:00:00,2024-07-27T10:00:00,False,False,98,98,4,,F050B72BC675C8290D4A1FD8BC55F764DBFD66358BA339D1CE9F5A8D8FFCD825
\\DEMO-SRV01\FileServer\01_Clients\CL1008_Garage_Morvan\03_Factures\2024\Facture_CL1008_202408.pdf,C:\DemoMigration\FileServer\01_Clients\CL1008_Garage_Morvan\03_Factures\2024\Facture_CL1008_202408.pdf,01_Clients\CL1008_Garage_Morvan\03_Factures\2024\Facture_CL1008_202408.pdf,01_Clients,Clients,/sites/MigrationFileServer/Clients/CL1008_Garage_Morvan/03_Factures/2024/Facture_CL1008_202408.pdf,Facture_CL1008_202408.pdf,.pdf,1700,2024-02-13T10:00:00,2024-08-10T10:00:00,False,False,98,98,4,,DC6EC6A633F63CBB8DAAAD3B9B932472AA61AA3D1CEDA95BC9F08BDE0E35FEBD
\\DEMO-SRV01\FileServer\01_Clients\CL1008_Garage_Morvan\03_Factures\2024\Facture_CL1008_202409.pdf,C:\DemoMigration\FileServer\01_Clients\CL1008_Garage_Morvan\03_Factures\2024\Facture_CL1008_202409.pdf,01_Clients\CL1008_Garage_Morvan\03_Factures\2024\Facture_CL1008_202409.pdf,01_Clients,Clients,/sites/MigrationFileServer/Clients/CL1008_Garage_Morvan/03_Factures/2024/Facture_CL1008_202409.pdf,Facture_CL1008_202409.pdf,.pdf,1702,2024-08-15T10:00:00,2024-09-19T10:00:00,False,False,98,98,4,,0F03BCE373E06CFDA163D000AD28A864741F9DC0C5B143FCE8189170F553D9E2
\\DEMO-SRV01\FileServer\01_Clients\CL1008_Garage_Morvan\03_Factures\2024\Facture_CL1008_202410.pdf,C:\DemoMigration\FileServer\01_Clients\CL1008_Garage_Morvan\03_Factures\2024\Facture_CL1008_202410.pdf,01_Clients\CL1008_Garage_Morvan\03_Factures\2024\Facture_CL1008_202410.pdf,01_Clients,Clients,/sites/MigrationFileServer/Clients/CL1008_Garage_Morvan/03_Factures/2024/Facture_CL1008_202410.pdf,Facture_CL1008_202410.pdf,.pdf,1700,2024-01-04T10:00:00,2024-10-01T10:00:00,False,False,98,98,4,,CA29E2C576FCB1B2FE82BAE9D3FB6446E53A21B8CCCD973318405C7EA2CD1BD2
\\DEMO-SRV01\FileServer\01_Clients\CL1008_Garage_Morvan\03_Factures\2024\Facture_CL1008_202411.pdf,C:\DemoMigration\FileServer\01_Clients\CL1008_Garage_Morvan\03_Factures\2024\Facture_CL1008_202411.pdf,01_Clients\CL1008_Garage_Morvan\03_Factures\2024\Facture_CL1008_202411.pdf,01_Clients,Clients,/sites/MigrationFileServer/Clients/CL1008_Garage_Morvan/03_Factures/2024/Facture_CL1008_202411.pdf,Facture_CL1008_202411.pdf,.pdf,1699,2024-06-05T10:00:00,2024-11-11T10:00:00,False,False,98,98,4,,261E53DF1A0447E92EBD878EEA150542DC84C3B4CC833E3F90D8AD87D011D009
\\DEMO-SRV01\FileServer\01_Clients\CL1008_Garage_Morvan\03_Factures\2025\Facture_CL1008_202503.pdf,C:\DemoMigration\FileServer\01_Clients\CL1008_Garage_Morvan\03_Factures\2025\Facture_CL1008_202503.pdf,01_Clients\CL1008_Garage_Morvan\03_Factures\2025\Facture_CL1008_202503.pdf,01_Clients,Clients,/sites/MigrationFileServer/Clients/CL1008_Garage_Morvan/03_Factures/2025/Facture_CL1008_202503.pdf,Facture_CL1008_202503.pdf,.pdf,1700,2025-02-09T10:00:00,2025-03-06T10:00:00,False,False,98,98,4,,56040E4A78D520960AE79C3BC16F8A46CF43D82662E04650D0991C93FC7491FD
\\DEMO-SRV01\FileServer\01_Clients\CL1008_Garage_Morvan\03_Factures\2025\Facture_CL1008_202505.pdf,C:\DemoMigration\FileServer\01_Clients\CL1008_Garage_Morvan\03_Factures\2025\Facture_CL1008_202505.pdf,01_Clients\CL1008_Garage_Morvan\03_Factures\2025\Facture_CL1008_202505.pdf,01_Clients,Clients,/sites/MigrationFileServer/Clients/CL1008_Garage_Morvan/03_Factures/2025/Facture_CL1008_202505.pdf,Facture_CL1008_202505.pdf,.pdf,1700,2024-10-16T10:00:00,2025-05-16T10:00:00,False,False,98,98,4,,A5D914E259D2D390A727AD7F8DAC73D5616520C8BAF31E6E5E5D8D39C5868EB7
\\DEMO-SRV01\FileServer\01_Clients\CL1008_Garage_Morvan\03_Factures\2025\Facture_CL1008_202506.pdf,C:\DemoMigration\FileServer\01_Clients\CL1008_Garage_Morvan\03_Factures\2025\Facture_CL1008_202506.pdf,01_Clients\CL1008_Garage_Morvan\03_Factures\2025\Facture_CL1008_202506.pdf,01_Clients,Clients,/sites/MigrationFileServer/Clients/CL1008_Garage_Morvan/03_Factures/2025/Facture_CL1008_202506.pdf,Facture_CL1008_202506.pdf,.pdf,1702,2025-04-09T10:00:00,2025-06-04T10:00:00,False,False,98,98,4,,37E453448BB930577BF7C33F3BDB207146DE961275A4D423AEC0FAD6B47DCC9C
\\DEMO-SRV01\FileServer\01_Clients\CL1008_Garage_Morvan\03_Factures\2025\Facture_CL1008_202507.pdf,C:\DemoMigration\FileServer\01_Clients\CL1008_Garage_Morvan\03_Factures\2025\Facture_CL1008_202507.pdf,01_Clients\CL1008_Garage_Morvan\03_Factures\2025\Facture_CL1008_202507.pdf,01_Clients,Clients,/sites/MigrationFileServer/Clients/CL1008_Garage_Morvan/03_Factures/2025/Facture_CL1008_202507.pdf,Facture_CL1008_202507.pdf,.pdf,1702,2025-02-09T10:00:00,2025-07-16T10:00:00,False,False,98,98,4,,9092211C0D4C64928649D404C2EE98AEB94BB80AFBAC34DEC0209EDE5A6C0A3C
\\DEMO-SRV01\FileServer\01_Clients\CL1008_Garage_Morvan\03_Factures\2025\Facture_CL1008_202508.pdf,C:\DemoMigration\FileServer\01_Clients\CL1008_Garage_Morvan\03_Factures\2025\Facture_CL1008_202508.pdf,01_Clients\CL1008_Garage_Morvan\03_Factures\2025\Facture_CL1008_202508.pdf,01_Clients,Clients,/sites/MigrationFileServer/Clients/CL1008_Garage_Morvan/03_Factures/2025/Facture_CL1008_202508.pdf,Facture_CL1008_202508.pdf,.pdf,1700,2025-05-08T10:00:00,2025-08-20T10:00:00,False,False,98,98,4,,50361912938FB72D2BD065C8D8458BFFF48D756B61D857FF4B775D96CE419FDD
\\DEMO-SRV01\FileServer\01_Clients\CL1008_Garage_Morvan\03_Factures\2025\Facture_CL1008_202509.pdf,C:\DemoMigration\FileServer\01_Clients\CL1008_Garage_Morvan\03_Factures\2025\Facture_CL1008_202509.pdf,01_Clients\CL1008_Garage_Morvan\03_Factures\2025\Facture_CL1008_202509.pdf,01_Clients,Clients,/sites/MigrationFileServer/Clients/CL1008_Garage_Morvan/03_Factures/2025/Facture_CL1008_202509.pdf,Facture_CL1008_202509.pdf,.pdf,1700,2025-04-10T10:00:00,2025-09-05T10:00:00,False,False,98,98,4,,B32756D3129D3BD345F349E3CB2D99E5A260C03F33069CD848A63AB57330614B
\\DEMO-SRV01\FileServer\01_Clients\CL1008_Garage_Morvan\03_Factures\2025\Facture_CL1008_202510.pdf,C:\DemoMigration\FileServer\01_Clients\CL1008_Garage_Morvan\03_Factures\2025\Facture_CL1008_202510.pdf,01_Clients\CL1008_Garage_Morvan\03_Factures\2025\Facture_CL1008_202510.pdf,01_Clients,Clients,/sites/MigrationFileServer/Clients/CL1008_Garage_Morvan/03_Factures/2025/Facture_CL1008_202510.pdf,Facture_CL1008_202510.pdf,.pdf,1700,2025-08-19T10:00:00,2025-10-24T10:00:00,False,False,98,98,4,,85B2734A594680C0ED10DB95EDB406180B734B10D906CA0A2D026751BA07C1E4
\\DEMO-SRV01\FileServer\01_Clients\CL1008_Garage_Morvan\03_Factures\2025\Facture_CL1008_202511.pdf,C:\DemoMigration\FileServer\01_Clients\CL1008_Garage_Morvan\03_Factures\2025\Facture_CL1008_202511.pdf,01_Clients\CL1008_Garage_Morvan\03_Factures\2025\Facture_CL1008_202511.pdf,01_Clients,Clients,/sites/MigrationFileServer/Clients/CL1008_Garage_Morvan/03_Factures/2025/Facture_CL1008_202511.pdf,Facture_CL1008_202511.pdf,.pdf,1700,2024-12-10T10:00:00,2025-11-17T10:00:00,False,False,98,98,4,,2AAFE31046702F14AEBCDF235E08325C02B3B6F688F9148DAF63B18DFF2F0E47
\\DEMO-SRV01\FileServer\01_Clients\CL1008_Garage_Morvan\03_Factures\2026\Facture_CL1008_202601.pdf,C:\DemoMigration\FileServer\01_Clients\CL1008_Garage_Morvan\03_Factures\2026\Facture_CL1008_202601.pdf,01_Clients\CL1008_Garage_Morvan\03_Factures\2026\Facture_CL1008_202601.pdf,01_Clients,Clients,/sites/MigrationFileServer/Clients/CL1008_Garage_Morvan/03_Factures/2026/Facture_CL1008_202601.pdf,Facture_CL1008_202601.pdf,.pdf,1702,2025-05-12T10:00:00,2026-01-02T10:00:00,False,False,98,98,4,,FC41F022BCBD5E30FF51896B487B6094EF03D2F8EC8755ADC77ED7F1E21C3AB1
\\DEMO-SRV01\FileServer\01_Clients\CL1008_Garage_Morvan\03_Factures\2026\Facture_CL1008_202607.pdf,C:\DemoMigration\FileServer\01_Clients\CL1008_Garage_Morvan\03_Factures\2026\Facture_CL1008_202607.pdf,01_Clients\CL1008_Garage_Morvan\03_Factures\2026\Facture_CL1008_202607.pdf,01_Clients,Clients,/sites/MigrationFileServer/Clients/CL1008_Garage_Morvan/03_Factures/2026/Facture_CL1008_202607.pdf,Facture_CL1008_202607.pdf,.pdf,1702,2026-04-05T10:00:00,2026-07-01T10:00:00,False,False,98,98,4,,44A76F3C61B9C96B2458FC1807E87E02A94CEB526E7FD628D18D31A0AB74A7EC
\\DEMO-SRV01\FileServer\01_Clients\CL1008_Garage_Morvan\04_Correspondance\Echange_01.eml.txt,C:\DemoMigration\FileServer\01_Clients\CL1008_Garage_Morvan\04_Correspondance\Echange_01.eml.txt,01_Clients\CL1008_Garage_Morvan\04_Correspondance\Echange_01.eml.txt,01_Clients,Clients,/sites/MigrationFileServer/Clients/CL1008_Garage_Morvan/04_Correspondance/Echange_01.eml.txt,Echange_01.eml.txt,.txt,106,2021-12-15T05:41:32,2022-01-29T05:41:32,False,False,92,92,3,,A98038BB3482390740686864A65CEC7F76784F0130EBD853BCC86A00D79D8299
\\DEMO-SRV01\FileServer\01_Clients\CL1008_Garage_Morvan\04_Correspondance\Echange_02.eml.txt,C:\DemoMigration\FileServer\01_Clients\CL1008_Garage_Morvan\04_Correspondance\Echange_02.eml.txt,01_Clients\CL1008_Garage_Morvan\04_Correspondance\Echange_02.eml.txt,01_Clients,Clients,/sites/MigrationFileServer/Clients/CL1008_Garage_Morvan/04_Correspondance/Echange_02.eml.txt,Echange_02.eml.txt,.txt,106,2019-07-24T21:43:39,2019-11-25T21:43:39,False,False,92,92,3,,6D1666A31C2A0DB015C0AD1631D53ACF4D48C79F381B377DB6417DBA4D769C13
\\DEMO-SRV01\FileServer\01_Clients\CL1008_Garage_Morvan\04_Correspondance\Echange_03.eml.txt,C:\DemoMigration\FileServer\01_Clients\CL1008_Garage_Morvan\04_Correspondance\Echange_03.eml.txt,01_Clients\CL1008_Garage_Morvan\04_Correspondance\Echange_03.eml.txt,01_Clients,Clients,/sites/MigrationFileServer/Clients/CL1008_Garage_Morvan/04_Correspondance/Echange_03.eml.txt,Echange_03.eml.txt,.txt,106,2021-09-03T03:42:08,2022-05-29T03:42:08,False,False,92,92,3,,C9E963C604938068CE8EE01D6A993F273E84BD2ECCFD7FF5CA236C18412C8EF8
\\DEMO-SRV01\FileServer\01_Clients\CL1008_Garage_Morvan\04_Correspondance\Echange_04.eml.txt,C:\DemoMigration\FileServer\01_Clients\CL1008_Garage_Morvan\04_Correspondance\Echange_04.eml.txt,01_Clients\CL1008_Garage_Morvan\04_Correspondance\Echange_04.eml.txt,01_Clients,Clients,/sites/MigrationFileServer/Clients/CL1008_Garage_Morvan/04_Correspondance/Echange_04.eml.txt,Echange_04.eml.txt,.txt,106,2025-12-21T15:00:18,2026-05-28T15:00:18,False,False,92,92,3,,31E2AB7A5EC45A8C5579F33E18C5EDA1EB469D8D3A58F53E24A72831CDE0E4E4
\\DEMO-SRV01\FileServer\01_Clients\CL1008_Garage_Morvan\05_Projets\Audit_securite\Compte_rendu_COPIL.docx,C:\DemoMigration\FileServer\01_Clients\CL1008_Garage_Morvan\05_Projets\Audit_securite\Compte_rendu_COPIL.docx,01_Clients\CL1008_Garage_Morvan\05_Projets\Audit_securite\Compte_rendu_COPIL.docx,01_Clients,Clients,/sites/MigrationFileServer/Clients/CL1008_Garage_Morvan/05_Projets/Audit_securite/Compte_rendu_COPIL.docx,Compte_rendu_COPIL.docx,.docx,36730,2024-09-21T12:41:43,2024-11-12T12:41:43,False,False,105,105,4,,F749F169D68DD31961754FE00729B417E428470B71BE649861BA95E2A99819F7
\\DEMO-SRV01\FileServer\01_Clients\CL1008_Garage_Morvan\05_Projets\Audit_securite\Planning_Audit_securite.xlsx,C:\DemoMigration\FileServer\01_Clients\CL1008_Garage_Morvan\05_Projets\Audit_securite\Planning_Audit_securite.xlsx,01_Clients\CL1008_Garage_Morvan\05_Projets\Audit_securite\Planning_Audit_securite.xlsx,01_Clients,Clients,/sites/MigrationFileServer/Clients/CL1008_Garage_Morvan/05_Projets/Audit_securite/Planning_Audit_securite.xlsx,Planning_Audit_securite.xlsx,.xlsx,5138,2023-06-20T16:24:48,2024-05-15T16:24:48,False,False,110,110,4,,1791F9341DDA871E65AA7C6A9582B1AB1C89FE2FA75D01732887C2852F5915B7
\\DEMO-SRV01\FileServer\01_Clients\CL1008_Garage_Morvan\05_Projets\Audit_securite\Presentation_lancement_Audit_securite.pptx,C:\DemoMigration\FileServer\01_Clients\CL1008_Garage_Morvan\05_Projets\Audit_securite\Presentation_lancement_Audit_securite.pptx,01_Clients\CL1008_Garage_Morvan\05_Projets\Audit_securite\Presentation_lancement_Audit_securite.pptx,01_Clients,Clients,/sites/MigrationFileServer/Clients/CL1008_Garage_Morvan/05_Projets/Audit_securite/Presentation_lancement_Audit_securite.pptx,Presentation_lancement_Audit_securite.pptx,.pptx,29175,2024-02-11T13:54:17,2024-10-29T13:54:17,False,False,124,124,4,,AFC1764C30A29F0A256D8D0CD76A8B4B90DFF636355A8A2E3007BCA6C08BC628
\\DEMO-SRV01\FileServer\01_Clients\CL1008_Garage_Morvan\05_Projets\Migration_ERP\Compte_rendu_COPIL.docx,C:\DemoMigration\FileServer\01_Clients\CL1008_Garage_Morvan\05_Projets\Migration_ERP\Compte_rendu_COPIL.docx,01_Clients\CL1008_Garage_Morvan\05_Projets\Migration_ERP\Compte_rendu_COPIL.docx,01_Clients,Clients,/sites/MigrationFileServer/Clients/CL1008_Garage_Morvan/05_Projets/Migration_ERP/Compte_rendu_COPIL.docx,Compte_rendu_COPIL.docx,.docx,36731,2022-12-21T22:23:43,2023-08-07T22:23:43,False,False,104,104,4,,4F6A8CA27CA5298C5869B0911D6E769F4E53D42EF4E183263721166F81328700
\\DEMO-SRV01\FileServer\01_Clients\CL1008_Garage_Morvan\05_Projets\Migration_ERP\Planning_Migration_ERP.xlsx,C:\DemoMigration\FileServer\01_Clients\CL1008_Garage_Morvan\05_Projets\Migration_ERP\Planning_Migration_ERP.xlsx,01_Clients\CL1008_Garage_Morvan\05_Projets\Migration_ERP\Planning_Migration_ERP.xlsx,01_Clients,Clients,/sites/MigrationFileServer/Clients/CL1008_Garage_Morvan/05_Projets/Migration_ERP/Planning_Migration_ERP.xlsx,Planning_Migration_ERP.xlsx,.xlsx,5132,2022-08-11T20:54:24,2023-09-01T20:54:24,False,False,108,108,4,,DB2678447E432B94D830D3DC8D6C15D10E4321D08F88050F94F9FE2777DD0F39
\\DEMO-SRV01\FileServer\01_Clients\CL1008_Garage_Morvan\05_Projets\Migration_ERP\Presentation_lancement_Migration_ERP.pptx,C:\DemoMigration\FileServer\01_Clients\CL1008_Garage_Morvan\05_Projets\Migration_ERP\Presentation_lancement_Migration_ERP.pptx,01_Clients\CL1008_Garage_Morvan\05_Projets\Migration_ERP\Presentation_lancement_Migration_ERP.pptx,01_Clients,Clients,/sites/MigrationFileServer/Clients/CL1008_Garage_Morvan/05_Projets/Migration_ERP/Presentation_lancement_Migration_ERP.pptx,Presentation_lancement_Migration_ERP.pptx,.pptx,29175,2022-06-06T09:47:48,2023-04-10T09:47:48,False,False,122,122,4,,F7DFBB646195BD489C048B53F7A2AC0537F9C2C2DE376C6C310793C5DE59BA2D
\\DEMO-SRV01\FileServer\01_Clients\CL1009_Imprimerie_Castel\01_Contrats\Contrat_cadre_CL1009_2022.docx,C:\DemoMigration\FileServer\01_Clients\CL1009_Imprimerie_Castel\01_Contrats\Contrat_cadre_CL1009_2022.docx,01_Clients\CL1009_Imprimerie_Castel\01_Contrats\Contrat_cadre_CL1009_2022.docx,01_Clients,Clients,/sites/MigrationFileServer/Clients/CL1009_Imprimerie_Castel/01_Contrats/Contrat_cadre_CL1009_2022.docx,Contrat_cadre_CL1009_2022.docx,.docx,36783,2022-01-30T21:44:31,2022-12-25T21:44:31,False,False,102,102,3,,2A008500D9FDF54BFF84FBD22B4053F20A885A7AB39B5A951642AF6915D0C1C3
\\DEMO-SRV01\FileServer\01_Clients\CL1009_Imprimerie_Castel\01_Contrats\Contrat_cadre_CL1009_2022_signe.pdf,C:\DemoMigration\FileServer\01_Clients\CL1009_Imprimerie_Castel\01_Contrats\Contrat_cadre_CL1009_2022_signe.pdf,01_Clients\CL1009_Imprimerie_Castel\01_Contrats\Contrat_cadre_CL1009_2022_signe.pdf,01_Clients,Clients,/sites/MigrationFileServer/Clients/CL1009_Imprimerie_Castel/01_Contrats/Contrat_cadre_CL1009_2022_signe.pdf,Contrat_cadre_CL1009_2022_signe.pdf,.pdf,1660,2022-03-23T17:24:34,2022-09-04T17:24:34,False,False,107,107,3,,13983AFCBE89D0F983B56B138CB4113CD3A33EE0333944B0BA3C712B87BB822D
\\DEMO-SRV01\FileServer\01_Clients\CL1009_Imprimerie_Castel\02_Devis\Devis_CL1009_2022-04.docx,C:\DemoMigration\FileServer\01_Clients\CL1009_Imprimerie_Castel\02_Devis\Devis_CL1009_2022-04.docx,01_Clients\CL1009_Imprimerie_Castel\02_Devis\Devis_CL1009_2022-04.docx,01_Clients,Clients,/sites/MigrationFileServer/Clients/CL1009_Imprimerie_Castel/02_Devis/Devis_CL1009_2022-04.docx,Devis_CL1009_2022-04.docx,.docx,36748,2021-08-20T07:38:11,2022-05-30T07:38:11,False,False,94,94,3,,2B52BD1BFB6A4EAC4FCE8A59E7B518AE88F9397D011D0934F0FAE6B014A2AA07
\\DEMO-SRV01\FileServer\01_Clients\CL1009_Imprimerie_Castel\02_Devis\Devis_CL1009_2024-01.docx,C:\DemoMigration\FileServer\01_Clients\CL1009_Imprimerie_Castel\02_Devis\Devis_CL1009_2024-01.docx,01_Clients\CL1009_Imprimerie_Castel\02_Devis\Devis_CL1009_2024-01.docx,01_Clients,Clients,/sites/MigrationFileServer/Clients/CL1009_Imprimerie_Castel/02_Devis/Devis_CL1009_2024-01.docx,Devis_CL1009_2024-01.docx,.docx,36748,2024-01-28T02:39:40,2024-07-01T02:39:40,False,False,94,94,3,,99C538EAFB61E75F1F3300F94D9C468A33538A945C7E6C19C55BF6E2A4D4F5FA
\\DEMO-SRV01\FileServer\01_Clients\CL1009_Imprimerie_Castel\02_Devis\Devis_CL1009_2024-02.docx,C:\DemoMigration\FileServer\01_Clients\CL1009_Imprimerie_Castel\02_Devis\Devis_CL1009_2024-02.docx,01_Clients\CL1009_Imprimerie_Castel\02_Devis\Devis_CL1009_2024-02.docx,01_Clients,Clients,/sites/MigrationFileServer/Clients/CL1009_Imprimerie_Castel/02_Devis/Devis_CL1009_2024-02.docx,Devis_CL1009_2024-02.docx,.docx,36749,2023-11-23T00:43:21,2024-07-16T00:43:21,False,False,94,94,3,,AB5E5459F2DF3B672D95EA4BD1FF35E99D1FCF311755CB0A62BBCF27DF688680
\\DEMO-SRV01\FileServer\01_Clients\CL1009_Imprimerie_Castel\02_Devis\Devis_CL1009_2025-03.docx,C:\DemoMigration\FileServer\01_Clients\CL1009_Imprimerie_Castel\02_Devis\Devis_CL1009_2025-03.docx,01_Clients\CL1009_Imprimerie_Castel\02_Devis\Devis_CL1009_2025-03.docx,01_Clients,Clients,/sites/MigrationFileServer/Clients/CL1009_Imprimerie_Castel/02_Devis/Devis_CL1009_2025-03.docx,Devis_CL1009_2025-03.docx,.docx,36746,2024-12-24T23:58:28,2025-11-19T23:58:28,False,False,94,94,3,,9CBBCDE0B628690588CB97DA39BB125723A6E53637A5E79997E6E9FFCAA9BD41
\\DEMO-SRV01\FileServer\01_Clients\CL1009_Imprimerie_Castel\03_Factures\2024\Facture_CL1009_202403.pdf,C:\DemoMigration\FileServer\01_Clients\CL1009_Imprimerie_Castel\03_Factures\2024\Facture_CL1009_202403.pdf,01_Clients\CL1009_Imprimerie_Castel\03_Factures\2024\Facture_CL1009_202403.pdf,01_Clients,Clients,/sites/MigrationFileServer/Clients/CL1009_Imprimerie_Castel/03_Factures/2024/Facture_CL1009_202403.pdf,Facture_CL1009_202403.pdf,.pdf,1703,2023-10-07T10:00:00,2024-03-19T10:00:00,False,False,102,102,4,,AF8B04BB18F0B2EA36475CA1B5648E87E796B4C1D24E1F4B557B36FAE4F2FAB9
\\DEMO-SRV01\FileServer\01_Clients\CL1009_Imprimerie_Castel\03_Factures\2024\Facture_CL1009_202405.pdf,C:\DemoMigration\FileServer\01_Clients\CL1009_Imprimerie_Castel\03_Factures\2024\Facture_CL1009_202405.pdf,01_Clients\CL1009_Imprimerie_Castel\03_Factures\2024\Facture_CL1009_202405.pdf,01_Clients,Clients,/sites/MigrationFileServer/Clients/CL1009_Imprimerie_Castel/03_Factures/2024/Facture_CL1009_202405.pdf,Facture_CL1009_202405.pdf,.pdf,1704,2023-11-22T10:00:00,2024-05-15T10:00:00,False,False,102,102,4,,E448E50F20B4B2AF4FA43D5C449934ED8DF1D577A1332385138A7334C4E5A9CB
\\DEMO-SRV01\FileServer\01_Clients\CL1009_Imprimerie_Castel\03_Factures\2024\Facture_CL1009_202407.pdf,C:\DemoMigration\FileServer\01_Clients\CL1009_Imprimerie_Castel\03_Factures\2024\Facture_CL1009_202407.pdf,01_Clients\CL1009_Imprimerie_Castel\03_Factures\2024\Facture_CL1009_202407.pdf,01_Clients,Clients,/sites/MigrationFileServer/Clients/CL1009_Imprimerie_Castel/03_Factures/2024/Facture_CL1009_202407.pdf,Facture_CL1009_202407.pdf,.pdf,1703,2023-11-21T10:00:00,2024-07-02T10:00:00,False,False,102,102,4,,C7915DB77B1F624432D7BF3A8CBF847F5B27C82226F3130849976FC44950F4BB
\\DEMO-SRV01\FileServer\01_Clients\CL1009_Imprimerie_Castel\03_Factures\2024\Facture_CL1009_202409.pdf,C:\DemoMigration\FileServer\01_Clients\CL1009_Imprimerie_Castel\03_Factures\2024\Facture_CL1009_202409.pdf,01_Clients\CL1009_Imprimerie_Castel\03_Factures\2024\Facture_CL1009_202409.pdf,01_Clients,Clients,/sites/MigrationFileServer/Clients/CL1009_Imprimerie_Castel/03_Factures/2024/Facture_CL1009_202409.pdf,Facture_CL1009_202409.pdf,.pdf,1705,2024-04-21T10:00:00,2024-09-12T10:00:00,False,False,102,102,4,,087F16AD0F305A02D200661F32DAB32CFBF16A59F4BAA5E53164BCE14CB527B3
\\DEMO-SRV01\FileServer\01_Clients\CL1009_Imprimerie_Castel\03_Factures\2024\Facture_CL1009_202410.pdf,C:\DemoMigration\FileServer\01_Clients\CL1009_Imprimerie_Castel\03_Factures\2024\Facture_CL1009_202410.pdf,01_Clients\CL1009_Imprimerie_Castel\03_Factures\2024\Facture_CL1009_202410.pdf,01_Clients,Clients,/sites/MigrationFileServer/Clients/CL1009_Imprimerie_Castel/03_Factures/2024/Facture_CL1009_202410.pdf,Facture_CL1009_202410.pdf,.pdf,1703,2023-12-04T10:00:00,2024-10-22T10:00:00,False,False,102,102,4,,E5BFEA10A43888EBAB4F54430CA3D290A5F89A699D66BE92C5C7D6FFA3269CBD
\\DEMO-SRV01\FileServer\01_Clients\CL1009_Imprimerie_Castel\03_Factures\2024\Facture_CL1009_202412.pdf,C:\DemoMigration\FileServer\01_Clients\CL1009_Imprimerie_Castel\03_Factures\2024\Facture_CL1009_202412.pdf,01_Clients\CL1009_Imprimerie_Castel\03_Factures\2024\Facture_CL1009_202412.pdf,01_Clients,Clients,/sites/MigrationFileServer/Clients/CL1009_Imprimerie_Castel/03_Factures/2024/Facture_CL1009_202412.pdf,Facture_CL1009_202412.pdf,.pdf,1703,2024-08-15T10:00:00,2024-12-22T10:00:00,False,False,102,102,4,,80E14DF0CAD158D92807852DF5D0C92F4D1985FBDB482DE9B44B8951D94E3BD1
\\DEMO-SRV01\FileServer\01_Clients\CL1009_Imprimerie_Castel\03_Factures\2025\Facture_CL1009_202505.pdf,C:\DemoMigration\FileServer\01_Clients\CL1009_Imprimerie_Castel\03_Factures\2025\Facture_CL1009_202505.pdf,01_Clients\CL1009_Imprimerie_Castel\03_Factures\2025\Facture_CL1009_202505.pdf,01_Clients,Clients,/sites/MigrationFileServer/Clients/CL1009_Imprimerie_Castel/03_Factures/2025/Facture_CL1009_202505.pdf,Facture_CL1009_202505.pdf,.pdf,1704,2024-11-28T10:00:00,2025-05-05T10:00:00,False,False,102,102,4,,D6E38F084B59C61597CBEAE418A4938E80BE5401AFB873EDAC554B8AC40A9705
\\DEMO-SRV01\FileServer\01_Clients\CL1009_Imprimerie_Castel\03_Factures\2025\Facture_CL1009_202508.pdf,C:\DemoMigration\FileServer\01_Clients\CL1009_Imprimerie_Castel\03_Factures\2025\Facture_CL1009_202508.pdf,01_Clients\CL1009_Imprimerie_Castel\03_Factures\2025\Facture_CL1009_202508.pdf,01_Clients,Clients,/sites/MigrationFileServer/Clients/CL1009_Imprimerie_Castel/03_Factures/2025/Facture_CL1009_202508.pdf,Facture_CL1009_202508.pdf,.pdf,1703,2025-01-23T10:00:00,2025-08-03T10:00:00,False,False,102,102,4,,48DBBF71329EBD844C12DE568AD7562B78C2B76E03807A3DBE063E186FCABFE8
\\DEMO-SRV01\FileServer\01_Clients\CL1009_Imprimerie_Castel\03_Factures\2025\Facture_CL1009_202510.pdf,C:\DemoMigration\FileServer\01_Clients\CL1009_Imprimerie_Castel\03_Factures\2025\Facture_CL1009_202510.pdf,01_Clients\CL1009_Imprimerie_Castel\03_Factures\2025\Facture_CL1009_202510.pdf,01_Clients,Clients,/sites/MigrationFileServer/Clients/CL1009_Imprimerie_Castel/03_Factures/2025/Facture_CL1009_202510.pdf,Facture_CL1009_202510.pdf,.pdf,1704,2024-10-10T10:00:00,2025-10-23T10:00:00,False,False,102,102,4,,3F4C0321B3E37F164019A67EB49A4CB184D75AE6B0BE7F7D5CB0E221E01AA291
\\DEMO-SRV01\FileServer\01_Clients\CL1009_Imprimerie_Castel\03_Factures\2026\Facture_CL1009_202601.pdf,C:\DemoMigration\FileServer\01_Clients\CL1009_Imprimerie_Castel\03_Factures\2026\Facture_CL1009_202601.pdf,01_Clients\CL1009_Imprimerie_Castel\03_Factures\2026\Facture_CL1009_202601.pdf,01_Clients,Clients,/sites/MigrationFileServer/Clients/CL1009_Imprimerie_Castel/03_Factures/2026/Facture_CL1009_202601.pdf,Facture_CL1009_202601.pdf,.pdf,1703,2025-07-16T10:00:00,2026-01-17T10:00:00,False,False,102,102,4,,BB81DE8C6EE8F542ADB4124DB4497839222856E6398998C7AE0798D9EBB8EDFD
\\DEMO-SRV01\FileServer\01_Clients\CL1009_Imprimerie_Castel\03_Factures\2026\Facture_CL1009_202602.pdf,C:\DemoMigration\FileServer\01_Clients\CL1009_Imprimerie_Castel\03_Factures\2026\Facture_CL1009_202602.pdf,01_Clients\CL1009_Imprimerie_Castel\03_Factures\2026\Facture_CL1009_202602.pdf,01_Clients,Clients,/sites/MigrationFileServer/Clients/CL1009_Imprimerie_Castel/03_Factures/2026/Facture_CL1009_202602.pdf,Facture_CL1009_202602.pdf,.pdf,1704,2025-06-08T10:00:00,2026-02-11T10:00:00,False,False,102,102,4,,744CA3C0E393B50374C5C2E64A93C2F03305FA5B2D63784ED4E0416A4B2276B8
\\DEMO-SRV01\FileServer\01_Clients\CL1009_Imprimerie_Castel\03_Factures\2026\Facture_CL1009_202603.pdf,C:\DemoMigration\FileServer\01_Clients\CL1009_Imprimerie_Castel\03_Factures\2026\Facture_CL1009_202603.pdf,01_Clients\CL1009_Imprimerie_Castel\03_Factures\2026\Facture_CL1009_202603.pdf,01_Clients,Clients,/sites/MigrationFileServer/Clients/CL1009_Imprimerie_Castel/03_Factures/2026/Facture_CL1009_202603.pdf,Facture_CL1009_202603.pdf,.pdf,1704,2026-01-13T10:00:00,2026-03-05T10:00:00,False,False,102,102,4,,729EEF483E045B5AFF494C1A5F26693077A4FF699A7917659B7D1B5D2EE2A069
\\DEMO-SRV01\FileServer\01_Clients\CL1009_Imprimerie_Castel\03_Factures\2026\Facture_CL1009_202604.pdf,C:\DemoMigration\FileServer\01_Clients\CL1009_Imprimerie_Castel\03_Factures\2026\Facture_CL1009_202604.pdf,01_Clients\CL1009_Imprimerie_Castel\03_Factures\2026\Facture_CL1009_202604.pdf,01_Clients,Clients,/sites/MigrationFileServer/Clients/CL1009_Imprimerie_Castel/03_Factures/2026/Facture_CL1009_202604.pdf,Facture_CL1009_202604.pdf,.pdf,1703,2026-04-05T10:00:00,2026-04-24T10:00:00,False,False,102,102,4,,C10511171C29D7DA53F96A6426904C0FB239260299EA80423BBCFB27299992F1
\\DEMO-SRV01\FileServer\01_Clients\CL1009_Imprimerie_Castel\04_Correspondance\Echange_01.eml.txt,C:\DemoMigration\FileServer\01_Clients\CL1009_Imprimerie_Castel\04_Correspondance\Echange_01.eml.txt,01_Clients\CL1009_Imprimerie_Castel\04_Correspondance\Echange_01.eml.txt,01_Clients,Clients,/sites/MigrationFileServer/Clients/CL1009_Imprimerie_Castel/04_Correspondance/Echange_01.eml.txt,Echange_01.eml.txt,.txt,106,2025-02-06T21:34:49,2026-01-26T21:34:49,False,False,96,96,3,,837D51D6FDC1B8D9AA621DDC5047327F2861D9A83CF06605119422305C129B73
\\DEMO-SRV01\FileServer\01_Clients\CL1009_Imprimerie_Castel\04_Correspondance\Echange_02.eml.txt,C:\DemoMigration\FileServer\01_Clients\CL1009_Imprimerie_Castel\04_Correspondance\Echange_02.eml.txt,01_Clients\CL1009_Imprimerie_Castel\04_Correspondance\Echange_02.eml.txt,01_Clients,Clients,/sites/MigrationFileServer/Clients/CL1009_Imprimerie_Castel/04_Correspondance/Echange_02.eml.txt,Echange_02.eml.txt,.txt,106,2025-08-26T14:40:19,2025-11-18T14:40:19,False,False,96,96,3,,43C11FA59B4CE332C59E023184345E4CB794C0CBE602B64B7B47CAB024C644D1
\\DEMO-SRV01\FileServer\01_Clients\CL1009_Imprimerie_Castel\05_Projets\Deploiement_Teams\Compte_rendu_COPIL.docx,C:\DemoMigration\FileServer\01_Clients\CL1009_Imprimerie_Castel\05_Projets\Deploiement_Teams\Compte_rendu_COPIL.docx,01_Clients\CL1009_Imprimerie_Castel\05_Projets\Deploiement_Teams\Compte_rendu_COPIL.docx,01_Clients,Clients,/sites/MigrationFileServer/Clients/CL1009_Imprimerie_Castel/05_Projets/Deploiement_Teams/Compte_rendu_COPIL.docx,Compte_rendu_COPIL.docx,.docx,36732,2025-08-04T00:55:14,2025-11-11T00:55:14,False,False,112,112,4,,FD9660CAFEC96DC49D581CC96F0F6710C07F6A93E24E1A8F210BF68DE3E04FC9
\\DEMO-SRV01\FileServer\01_Clients\CL1009_Imprimerie_Castel\05_Projets\Deploiement_Teams\Planning_Deploiement_Teams.xlsx,C:\DemoMigration\FileServer\01_Clients\CL1009_Imprimerie_Castel\05_Projets\Deploiement_Teams\Planning_Deploiement_Teams.xlsx,01_Clients\CL1009_Imprimerie_Castel\05_Projets\Deploiement_Teams\Planning_Deploiement_Teams.xlsx,01_Clients,Clients,/sites/MigrationFileServer/Clients/CL1009_Imprimerie_Castel/05_Projets/Deploiement_Teams/Planning_Deploiement_Teams.xlsx,Planning_Deploiement_Teams.xlsx,.xlsx,5134,2024-10-25T21:03:55,2025-04-01T21:03:55,False,False,120,120,4,,1244D5CDF8DB52159DE2C461C499E453D8E0E1B897C4FC85C009A499E54E429E
\\DEMO-SRV01\FileServer\01_Clients\CL1009_Imprimerie_Castel\05_Projets\Deploiement_Teams\Presentation_lancement_Deploiement_Teams.pptx,C:\DemoMigration\FileServer\01_Clients\CL1009_Imprimerie_Castel\05_Projets\Deploiement_Teams\Presentation_lancement_Deploiement_Teams.pptx,01_Clients\CL1009_Imprimerie_Castel\05_Projets\Deploiement_Teams\Presentation_lancement_Deploiement_Teams.pptx,01_Clients,Clients,/sites/MigrationFileServer/Clients/CL1009_Imprimerie_Castel/05_Projets/Deploiement_Teams/Presentation_lancement_Deploiement_Teams.pptx,Presentation_lancement_Deploiement_Teams.pptx,.pptx,29174,2025-01-21T11:30:59,2025-05-22T11:30:59,False,False,134,134,4,,7F7616090399AE19A05D63D72A29DC42E7D1BF9F4031774D54E319E1431FCB1D
\\DEMO-SRV01\FileServer\01_Clients\CL1009_Imprimerie_Castel\05_Projets\Refonte_site_web\Compte_rendu_COPIL.docx,C:\DemoMigration\FileServer\01_Clients\CL1009_Imprimerie_Castel\05_Projets\Refonte_site_web\Compte_rendu_COPIL.docx,01_Clients\CL1009_Imprimerie_Castel\05_Projets\Refonte_site_web\Compte_rendu_COPIL.docx,01_Clients,Clients,/sites/MigrationFileServer/Clients/CL1009_Imprimerie_Castel/05_Projets/Refonte_site_web/Compte_rendu_COPIL.docx,Compte_rendu_COPIL.docx,.docx,36733,2024-07-02T04:16:38,2024-11-07T04:16:38,False,False,111,111,4,,95629B6ADC9A9E77D9DA07C00DA707517B07233AD8E76BC059F193ACDC88BB0F
\\DEMO-SRV01\FileServer\01_Clients\CL1009_Imprimerie_Castel\05_Projets\Refonte_site_web\Planning_Refonte_site_web.xlsx,C:\DemoMigration\FileServer\01_Clients\CL1009_Imprimerie_Castel\05_Projets\Refonte_site_web\Planning_Refonte_site_web.xlsx,01_Clients\CL1009_Imprimerie_Castel\05_Projets\Refonte_site_web\Planning_Refonte_site_web.xlsx,01_Clients,Clients,/sites/MigrationFileServer/Clients/CL1009_Imprimerie_Castel/05_Projets/Refonte_site_web/Planning_Refonte_site_web.xlsx,Planning_Refonte_site_web.xlsx,.xlsx,5129,2024-03-01T14:12:06,2024-06-11T14:12:06,False,False,118,118,4,,E6C54FDD39C74ACA6D86D3889C65AE3B5736E42A7F74C7865535FB351B653A1F
\\DEMO-SRV01\FileServer\01_Clients\CL1009_Imprimerie_Castel\05_Projets\Refonte_site_web\Presentation_lancement_Refonte_site_web.pptx,C:\DemoMigration\FileServer\01_Clients\CL1009_Imprimerie_Castel\05_Projets\Refonte_site_web\Presentation_lancement_Refonte_site_web.pptx,01_Clients\CL1009_Imprimerie_Castel\05_Projets\Refonte_site_web\Presentation_lancement_Refonte_site_web.pptx,01_Clients,Clients,/sites/MigrationFileServer/Clients/CL1009_Imprimerie_Castel/05_Projets/Refonte_site_web/Presentation_lancement_Refonte_site_web.pptx,Presentation_lancement_Refonte_site_web.pptx,.pptx,29177,2024-02-08T10:16:40,2024-09-20T10:16:40,False,False,132,132,4,,E15CA87FB5EADD1D7A0CB52D29D20DB864105872CF37995952ADC8ED0FDA47D3
\\DEMO-SRV01\FileServer\01_Clients\CL1010_Vignobles_de_Sancerre-Est\01_Contrats\Contrat_cadre_CL1010_2017.docx,C:\DemoMigration\FileServer\01_Clients\CL1010_Vignobles_de_Sancerre-Est\01_Contrats\Contrat_cadre_CL1010_2017.docx,01_Clients\CL1010_Vignobles_de_Sancerre-Est\01_Contrats\Contrat_cadre_CL1010_2017.docx,01_Clients,Clients,/sites/MigrationFileServer/Clients/CL1010_Vignobles_de_Sancerre-Est/01_Contrats/Contrat_cadre_CL1010_2017.docx,Contrat_cadre_CL1010_2017.docx,.docx,36787,2017-03-01T00:13:18,2017-09-07T00:13:18,False,False,110,110,3,,D6769234965239676EC4E4E1DF2E812BEA60E675C02D5E86A667096C53399A21
\\DEMO-SRV01\FileServer\01_Clients\CL1010_Vignobles_de_Sancerre-Est\01_Contrats\Contrat_cadre_CL1010_2017_signe.pdf,C:\DemoMigration\FileServer\01_Clients\CL1010_Vignobles_de_Sancerre-Est\01_Contrats\Contrat_cadre_CL1010_2017_signe.pdf,01_Clients\CL1010_Vignobles_de_Sancerre-Est\01_Contrats\Contrat_cadre_CL1010_2017_signe.pdf,01_Clients,Clients,/sites/MigrationFileServer/Clients/CL1010_Vignobles_de_Sancerre-Est/01_Contrats/Contrat_cadre_CL1010_2017_signe.pdf,Contrat_cadre_CL1010_2017_signe.pdf,.pdf,1664,2016-08-05T08:41:39,2017-08-04T08:41:39,False,False,115,115,3,,E6CB42F90CFCD72D4173385A6F18A08E0ACA41B17BE3C0D5F75F9B4C84394A06
\\DEMO-SRV01\FileServer\01_Clients\CL1010_Vignobles_de_Sancerre-Est\02_Devis\Devis_CL1010_2018-01.docx,C:\DemoMigration\FileServer\01_Clients\CL1010_Vignobles_de_Sancerre-Est\02_Devis\Devis_CL1010_2018-01.docx,01_Clients\CL1010_Vignobles_de_Sancerre-Est\02_Devis\Devis_CL1010_2018-01.docx,01_Clients,Clients,/sites/MigrationFileServer/Clients/CL1010_Vignobles_de_Sancerre-Est/02_Devis/Devis_CL1010_2018-01.docx,Devis_CL1010_2018-01.docx,.docx,36749,2017-06-15T06:13:09,2018-03-04T06:13:09,False,False,102,102,3,,59447DE6CA86B6150AFAA258A08FA200BACC9F9117DC899047731EEFFE873EA9
\\DEMO-SRV01\FileServer\01_Clients\CL1010_Vignobles_de_Sancerre-Est\02_Devis\Devis_CL1010_2019-02.docx,C:\DemoMigration\FileServer\01_Clients\CL1010_Vignobles_de_Sancerre-Est\02_Devis\Devis_CL1010_2019-02.docx,01_Clients\CL1010_Vignobles_de_Sancerre-Est\02_Devis\Devis_CL1010_2019-02.docx,01_Clients,Clients,/sites/MigrationFileServer/Clients/CL1010_Vignobles_de_Sancerre-Est/02_Devis/Devis_CL1010_2019-02.docx,Devis_CL1010_2019-02.docx,.docx,36747,2019-05-04T14:31:16,2019-12-20T14:31:16,False,False,102,102,3,,854568C6C1D94D3E38526CEE68F7719872262DD39435111F50562801E3AD7979
\\DEMO-SRV01\FileServer\01_Clients\CL1010_Vignobles_de_Sancerre-Est\02_Devis\Devis_CL1010_2022-03.docx,C:\DemoMigration\FileServer\01_Clients\CL1010_Vignobles_de_Sancerre-Est\02_Devis\Devis_CL1010_2022-03.docx,01_Clients\CL1010_Vignobles_de_Sancerre-Est\02_Devis\Devis_CL1010_2022-03.docx,01_Clients,Clients,/sites/MigrationFileServer/Clients/CL1010_Vignobles_de_Sancerre-Est/02_Devis/Devis_CL1010_2022-03.docx,Devis_CL1010_2022-03.docx,.docx,36745,2022-02-03T23:13:07,2022-06-03T23:13:07,False,False,102,102,3,,8D77DC9BF8598E73044E7AE1A6E99E736A3F2194F50572137BAA7FAD5E1FDB19
\\DEMO-SRV01\FileServer\01_Clients\CL1010_Vignobles_de_Sancerre-Est\02_Devis\Devis_CL1010_2023-04.docx,C:\DemoMigration\FileServer\01_Clients\CL1010_Vignobles_de_Sancerre-Est\02_Devis\Devis_CL1010_2023-04.docx,01_Clients\CL1010_Vignobles_de_Sancerre-Est\02_Devis\Devis_CL1010_2023-04.docx,01_Clients,Clients,/sites/MigrationFileServer/Clients/CL1010_Vignobles_de_Sancerre-Est/02_Devis/Devis_CL1010_2023-04.docx,Devis_CL1010_2023-04.docx,.docx,36746,2022-11-22T22:43:37,2023-01-11T22:43:37,False,False,102,102,3,,2B6FA8BD80CA7814B4EC64A8CC6AFD8E25728679D514FBB7F5CED1510AA03DD2
\\DEMO-SRV01\FileServer\01_Clients\CL1010_Vignobles_de_Sancerre-Est\03_Factures\2024\Facture_CL1010_202404.pdf,C:\DemoMigration\FileServer\01_Clients\CL1010_Vignobles_de_Sancerre-Est\03_Factures\2024\Facture_CL1010_202404.pdf,01_Clients\CL1010_Vignobles_de_Sancerre-Est\03_Factures\2024\Facture_CL1010_202404.pdf,01_Clients,Clients,/sites/MigrationFileServer/Clients/CL1010_Vignobles_de_Sancerre-Est/03_Factures/2024/Facture_CL1010_202404.pdf,Facture_CL1010_202404.pdf,.pdf,1708,2024-02-16T10:00:00,2024-04-27T10:00:00,False,False,110,110,4,,EEDAD9418C20CBC0417A488830D36C4B443A4B2DA7A6F73035C252A4A7D4C0F4
\\DEMO-SRV01\FileServer\01_Clients\CL1010_Vignobles_de_Sancerre-Est\03_Factures\2024\Facture_CL1010_202406.pdf,C:\DemoMigration\FileServer\01_Clients\CL1010_Vignobles_de_Sancerre-Est\03_Factures\2024\Facture_CL1010_202406.pdf,01_Clients\CL1010_Vignobles_de_Sancerre-Est\03_Factures\2024\Facture_CL1010_202406.pdf,01_Clients,Clients,/sites/MigrationFileServer/Clients/CL1010_Vignobles_de_Sancerre-Est/03_Factures/2024/Facture_CL1010_202406.pdf,Facture_CL1010_202406.pdf,.pdf,1707,2024-02-14T10:00:00,2024-06-03T10:00:00,False,False,110,110,4,,7B5026C1A01A5839441A548657E5CA6E8D96631DE3827FCDD73B6E0325D87D26
\\DEMO-SRV01\FileServer\01_Clients\CL1010_Vignobles_de_Sancerre-Est\03_Factures\2024\Facture_CL1010_202408.pdf,C:\DemoMigration\FileServer\01_Clients\CL1010_Vignobles_de_Sancerre-Est\03_Factures\2024\Facture_CL1010_202408.pdf,01_Clients\CL1010_Vignobles_de_Sancerre-Est\03_Factures\2024\Facture_CL1010_202408.pdf,01_Clients,Clients,/sites/MigrationFileServer/Clients/CL1010_Vignobles_de_Sancerre-Est/03_Factures/2024/Facture_CL1010_202408.pdf,Facture_CL1010_202408.pdf,.pdf,1709,2023-07-17T10:00:00,2024-08-17T10:00:00,False,False,110,110,4,,26962C6CF4B648B76CDB540FCF070BE3084ECBCF0EFB0D3AE81A79602F5B8621
\\DEMO-SRV01\FileServer\01_Clients\CL1010_Vignobles_de_Sancerre-Est\03_Factures\2024\Facture_CL1010_202409.pdf,C:\DemoMigration\FileServer\01_Clients\CL1010_Vignobles_de_Sancerre-Est\03_Factures\2024\Facture_CL1010_202409.pdf,01_Clients\CL1010_Vignobles_de_Sancerre-Est\03_Factures\2024\Facture_CL1010_202409.pdf,01_Clients,Clients,/sites/MigrationFileServer/Clients/CL1010_Vignobles_de_Sancerre-Est/03_Factures/2024/Facture_CL1010_202409.pdf,Facture_CL1010_202409.pdf,.pdf,1709,2023-10-11T10:00:00,2024-09-02T10:00:00,False,False,110,110,4,,5B6C00C28E46DF9609FC55CBC889FE9E295DF46400485035518DD5BF84D2B646
\\DEMO-SRV01\FileServer\01_Clients\CL1010_Vignobles_de_Sancerre-Est\03_Factures\2024\Facture_CL1010_202411.pdf,C:\DemoMigration\FileServer\01_Clients\CL1010_Vignobles_de_Sancerre-Est\03_Factures\2024\Facture_CL1010_202411.pdf,01_Clients\CL1010_Vignobles_de_Sancerre-Est\03_Factures\2024\Facture_CL1010_202411.pdf,01_Clients,Clients,/sites/MigrationFileServer/Clients/CL1010_Vignobles_de_Sancerre-Est/03_Factures/2024/Facture_CL1010_202411.pdf,Facture_CL1010_202411.pdf,.pdf,1708,2024-11-08T10:00:00,2024-11-16T10:00:00,False,False,110,110,4,,A47AC6FB279E3735F3A4A122515E2E3F391502DB121EF5A7BBF099A03CFED67E
\\DEMO-SRV01\FileServer\01_Clients\CL1010_Vignobles_de_Sancerre-Est\03_Factures\2025\Facture_CL1010_202503.pdf,C:\DemoMigration\FileServer\01_Clients\CL1010_Vignobles_de_Sancerre-Est\03_Factures\2025\Facture_CL1010_202503.pdf,01_Clients\CL1010_Vignobles_de_Sancerre-Est\03_Factures\2025\Facture_CL1010_202503.pdf,01_Clients,Clients,/sites/MigrationFileServer/Clients/CL1010_Vignobles_de_Sancerre-Est/03_Factures/2025/Facture_CL1010_202503.pdf,Facture_CL1010_202503.pdf,.pdf,1708,2024-08-11T10:00:00,2025-03-12T10:00:00,False,False,110,110,4,,BDE2A0C47FAFB48529A6F873419519CACA20C2970F222C230F6A738EF60F736F
\\DEMO-SRV01\FileServer\01_Clients\CL1010_Vignobles_de_Sancerre-Est\03_Factures\2025\Facture_CL1010_202504.pdf,C:\DemoMigration\FileServer\01_Clients\CL1010_Vignobles_de_Sancerre-Est\03_Factures\2025\Facture_CL1010_202504.pdf,01_Clients\CL1010_Vignobles_de_Sancerre-Est\03_Factures\2025\Facture_CL1010_202504.pdf,01_Clients,Clients,/sites/MigrationFileServer/Clients/CL1010_Vignobles_de_Sancerre-Est/03_Factures/2025/Facture_CL1010_202504.pdf,Facture_CL1010_202504.pdf,.pdf,1708,2025-03-14T10:00:00,2025-04-17T10:00:00,False,False,110,110,4,,58989062021F39BF87065E9C1229846338CD246E046351FFF4A1AEFABCDCB790
\\DEMO-SRV01\FileServer\01_Clients\CL1010_Vignobles_de_Sancerre-Est\03_Factures\2025\Facture_CL1010_202506.pdf,C:\DemoMigration\FileServer\01_Clients\CL1010_Vignobles_de_Sancerre-Est\03_Factures\2025\Facture_CL1010_202506.pdf,01_Clients\CL1010_Vignobles_de_Sancerre-Est\03_Factures\2025\Facture_CL1010_202506.pdf,01_Clients,Clients,/sites/MigrationFileServer/Clients/CL1010_Vignobles_de_Sancerre-Est/03_Factures/2025/Facture_CL1010_202506.pdf,Facture_CL1010_202506.pdf,.pdf,1708,2024-11-30T10:00:00,2025-06-17T10:00:00,False,False,110,110,4,,6CD2B3D8CFF91842B58BB51D936A2F4B706AD9035CB3E9BE9F3D4656C5DAD8BA
\\DEMO-SRV01\FileServer\01_Clients\CL1010_Vignobles_de_Sancerre-Est\03_Factures\2025\Facture_CL1010_202508.pdf,C:\DemoMigration\FileServer\01_Clients\CL1010_Vignobles_de_Sancerre-Est\03_Factures\2025\Facture_CL1010_202508.pdf,01_Clients\CL1010_Vignobles_de_Sancerre-Est\03_Factures\2025\Facture_CL1010_202508.pdf,01_Clients,Clients,/sites/MigrationFileServer/Clients/CL1010_Vignobles_de_Sancerre-Est/03_Factures/2025/Facture_CL1010_202508.pdf,Facture_CL1010_202508.pdf,.pdf,1708,2025-08-04T10:00:00,2025-08-12T10:00:00,False,False,110,110,4,,3C745C1FB86B8E7503A42F4B7617AA7BE1400CBFAA2F9636F7CC200B5859ED77
\\DEMO-SRV01\FileServer\01_Clients\CL1010_Vignobles_de_Sancerre-Est\03_Factures\2025\Facture_CL1010_202509.pdf,C:\DemoMigration\FileServer\01_Clients\CL1010_Vignobles_de_Sancerre-Est\03_Factures\2025\Facture_CL1010_202509.pdf,01_Clients\CL1010_Vignobles_de_Sancerre-Est\03_Factures\2025\Facture_CL1010_202509.pdf,01_Clients,Clients,/sites/MigrationFileServer/Clients/CL1010_Vignobles_de_Sancerre-Est/03_Factures/2025/Facture_CL1010_202509.pdf,Facture_CL1010_202509.pdf,.pdf,1709,2024-10-22T10:00:00,2025-09-08T10:00:00,False,False,110,110,4,,6F01D4AB593B28E203CF2EA322F72C1052438391A59BEB2622E8BAC941CD2BF5
\\DEMO-SRV01\FileServer\01_Clients\CL1010_Vignobles_de_Sancerre-Est\03_Factures\2025\Facture_CL1010_202510.pdf,C:\DemoMigration\FileServer\01_Clients\CL1010_Vignobles_de_Sancerre-Est\03_Factures\2025\Facture_CL1010_202510.pdf,01_Clients\CL1010_Vignobles_de_Sancerre-Est\03_Factures\2025\Facture_CL1010_202510.pdf,01_Clients,Clients,/sites/MigrationFileServer/Clients/CL1010_Vignobles_de_Sancerre-Est/03_Factures/2025/Facture_CL1010_202510.pdf,Facture_CL1010_202510.pdf,.pdf,1707,2025-10-03T10:00:00,2025-10-25T10:00:00,False,False,110,110,4,,A532FA75A2F14AB07D9D8B2050B818923BEB29C3F5BE9197B87BA902DA5B791A
\\DEMO-SRV01\FileServer\01_Clients\CL1010_Vignobles_de_Sancerre-Est\03_Factures\2025\Facture_CL1010_202511.pdf,C:\DemoMigration\FileServer\01_Clients\CL1010_Vignobles_de_Sancerre-Est\03_Factures\2025\Facture_CL1010_202511.pdf,01_Clients\CL1010_Vignobles_de_Sancerre-Est\03_Factures\2025\Facture_CL1010_202511.pdf,01_Clients,Clients,/sites/MigrationFileServer/Clients/CL1010_Vignobles_de_Sancerre-Est/03_Factures/2025/Facture_CL1010_202511.pdf,Facture_CL1010_202511.pdf,.pdf,1709,2024-10-19T10:00:00,2025-11-21T10:00:00,False,False,110,110,4,,213E3A95F929BB33DF8AD296D2EA531C657018CCED03DADDD926E2591CF87D7D
\\DEMO-SRV01\FileServer\01_Clients\CL1010_Vignobles_de_Sancerre-Est\03_Factures\2026\Facture_CL1010_202602.pdf,C:\DemoMigration\FileServer\01_Clients\CL1010_Vignobles_de_Sancerre-Est\03_Factures\2026\Facture_CL1010_202602.pdf,01_Clients\CL1010_Vignobles_de_Sancerre-Est\03_Factures\2026\Facture_CL1010_202602.pdf,01_Clients,Clients,/sites/MigrationFileServer/Clients/CL1010_Vignobles_de_Sancerre-Est/03_Factures/2026/Facture_CL1010_202602.pdf,Facture_CL1010_202602.pdf,.pdf,1708,2025-01-04T10:00:00,2026-02-05T10:00:00,False,False,110,110,4,,283DE9D8B3D0746BD262B74A3BBE637C66C8876DE56345709C94416D9A7EDCC9
\\DEMO-SRV01\FileServer\01_Clients\CL1010_Vignobles_de_Sancerre-Est\03_Factures\2026\Facture_CL1010_202604.pdf,C:\DemoMigration\FileServer\01_Clients\CL1010_Vignobles_de_Sancerre-Est\03_Factures\2026\Facture_CL1010_202604.pdf,01_Clients\CL1010_Vignobles_de_Sancerre-Est\03_Factures\2026\Facture_CL1010_202604.pdf,01_Clients,Clients,/sites/MigrationFileServer/Clients/CL1010_Vignobles_de_Sancerre-Est/03_Factures/2026/Facture_CL1010_202604.pdf,Facture_CL1010_202604.pdf,.pdf,1707,2026-04-05T10:00:00,2026-04-26T10:00:00,False,False,110,110,4,,0911595799F24F66AFB90301421ACE6705A8AA04967AEA94B3FF5A7D464CF652
\\DEMO-SRV01\FileServer\01_Clients\CL1010_Vignobles_de_Sancerre-Est\03_Factures\2026\Facture_CL1010_202605.pdf,C:\DemoMigration\FileServer\01_Clients\CL1010_Vignobles_de_Sancerre-Est\03_Factures\2026\Facture_CL1010_202605.pdf,01_Clients\CL1010_Vignobles_de_Sancerre-Est\03_Factures\2026\Facture_CL1010_202605.pdf,01_Clients,Clients,/sites/MigrationFileServer/Clients/CL1010_Vignobles_de_Sancerre-Est/03_Factures/2026/Facture_CL1010_202605.pdf,Facture_CL1010_202605.pdf,.pdf,1707,2025-08-08T10:00:00,2026-05-13T10:00:00,False,False,110,110,4,,3C56730C4525173C2566F12267338D32DF70E2C73BD5FDD0D247E802056D85C6
\\DEMO-SRV01\FileServer\01_Clients\CL1010_Vignobles_de_Sancerre-Est\03_Factures\2026\Facture_CL1010_202606.pdf,C:\DemoMigration\FileServer\01_Clients\CL1010_Vignobles_de_Sancerre-Est\03_Factures\2026\Facture_CL1010_202606.pdf,01_Clients\CL1010_Vignobles_de_Sancerre-Est\03_Factures\2026\Facture_CL1010_202606.pdf,01_Clients,Clients,/sites/MigrationFileServer/Clients/CL1010_Vignobles_de_Sancerre-Est/03_Factures/2026/Facture_CL1010_202606.pdf,Facture_CL1010_202606.pdf,.pdf,1707,2025-12-21T10:00:00,2026-06-21T10:00:00,False,False,110,110,4,,57F0A4F23CFC0EA87A993A7901B37767CA8468712FD4A79E7BE0F3FAE3EA8BD5
\\DEMO-SRV01\FileServer\01_Clients\CL1010_Vignobles_de_Sancerre-Est\03_Factures\2026\Facture_CL1010_202608.pdf,C:\DemoMigration\FileServer\01_Clients\CL1010_Vignobles_de_Sancerre-Est\03_Factures\2026\Facture_CL1010_202608.pdf,01_Clients\CL1010_Vignobles_de_Sancerre-Est\03_Factures\2026\Facture_CL1010_202608.pdf,01_Clients,Clients,/sites/MigrationFileServer/Clients/CL1010_Vignobles_de_Sancerre-Est/03_Factures/2026/Facture_CL1010_202608.pdf,Facture_CL1010_202608.pdf,.pdf,1708,2026-02-02T10:00:00,2026-08-09T10:00:00,False,False,110,110,4,,84A336EEEB5E9F19B37391FB53060469328636672A09F0A7012B1E2F778A7CC7
\\DEMO-SRV01\FileServer\01_Clients\CL1010_Vignobles_de_Sancerre-Est\04_Correspondance\Echange_01.eml.txt,C:\DemoMigration\FileServer\01_Clients\CL1010_Vignobles_de_Sancerre-Est\04_Correspondance\Echange_01.eml.txt,01_Clients\CL1010_Vignobles_de_Sancerre-Est\04_Correspondance\Echange_01.eml.txt,01_Clients,Clients,/sites/MigrationFileServer/Clients/CL1010_Vignobles_de_Sancerre-Est/04_Correspondance/Echange_01.eml.txt,Echange_01.eml.txt,.txt,106,2024-09-15T09:02:22,2025-04-28T09:02:22,False,False,104,104,3,,AEAF76514AAA3A1A24877E588A3EE78EDE15622427E69A42327CD0CBF75830E0
\\DEMO-SRV01\FileServer\01_Clients\CL1010_Vignobles_de_Sancerre-Est\04_Correspondance\Echange_02.eml.txt,C:\DemoMigration\FileServer\01_Clients\CL1010_Vignobles_de_Sancerre-Est\04_Correspondance\Echange_02.eml.txt,01_Clients\CL1010_Vignobles_de_Sancerre-Est\04_Correspondance\Echange_02.eml.txt,01_Clients,Clients,/sites/MigrationFileServer/Clients/CL1010_Vignobles_de_Sancerre-Est/04_Correspondance/Echange_02.eml.txt,Echange_02.eml.txt,.txt,106,2021-10-25T06:19:25,2022-04-16T06:19:25,False,False,104,104,3,,DA3A06FD396E83C901F57D707286B2FEC8F92862A8276B6323A32F97D43FE162
\\DEMO-SRV01\FileServer\01_Clients\CL1010_Vignobles_de_Sancerre-Est\04_Correspondance\Echange_03.eml.txt,C:\DemoMigration\FileServer\01_Clients\CL1010_Vignobles_de_Sancerre-Est\04_Correspondance\Echange_03.eml.txt,01_Clients\CL1010_Vignobles_de_Sancerre-Est\04_Correspondance\Echange_03.eml.txt,01_Clients,Clients,/sites/MigrationFileServer/Clients/CL1010_Vignobles_de_Sancerre-Est/04_Correspondance/Echange_03.eml.txt,Echange_03.eml.txt,.txt,106,2022-04-02T15:35:39,2023-03-22T15:35:39,False,False,104,104,3,,D9585A5280CCAB8963C868A100C13F0D88FF3385C7EFE65CF1F1B6BF5E068A7F
\\DEMO-SRV01\FileServer\01_Clients\CL1010_Vignobles_de_Sancerre-Est\04_Correspondance\Echange_04.eml.txt,C:\DemoMigration\FileServer\01_Clients\CL1010_Vignobles_de_Sancerre-Est\04_Correspondance\Echange_04.eml.txt,01_Clients\CL1010_Vignobles_de_Sancerre-Est\04_Correspondance\Echange_04.eml.txt,01_Clients,Clients,/sites/MigrationFileServer/Clients/CL1010_Vignobles_de_Sancerre-Est/04_Correspondance/Echange_04.eml.txt,Echange_04.eml.txt,.txt,106,2025-01-21T02:19:01,2025-10-13T02:19:01,False,False,104,104,3,,96CF2DE5CBB8425BF0066EB76C23ED125D57567886E3DFBE4C72819CC6D78539
\\DEMO-SRV01\FileServer\01_Clients\CL1010_Vignobles_de_Sancerre-Est\05_Projets\Audit_securite\Compte_rendu_COPIL.docx,C:\DemoMigration\FileServer\01_Clients\CL1010_Vignobles_de_Sancerre-Est\05_Projets\Audit_securite\Compte_rendu_COPIL.docx,01_Clients\CL1010_Vignobles_de_Sancerre-Est\05_Projets\Audit_securite\Compte_rendu_COPIL.docx,01_Clients,Clients,/sites/MigrationFileServer/Clients/CL1010_Vignobles_de_Sancerre-Est/05_Projets/Audit_securite/Compte_rendu_COPIL.docx,Compte_rendu_COPIL.docx,.docx,36731,2024-10-18T17:06:11,2025-10-06T17:06:11,False,False,117,117,4,,8AEF7F993CC84A0799674E7919D7348CA51F08113BFB6135504B75517243B83B
\\DEMO-SRV01\FileServer\01_Clients\CL1010_Vignobles_de_Sancerre-Est\05_Projets\Audit_securite\Planning_Audit_securite.xlsx,C:\DemoMigration\FileServer\01_Clients\CL1010_Vignobles_de_Sancerre-Est\05_Projets\Audit_securite\Planning_Audit_securite.xlsx,01_Clients\CL1010_Vignobles_de_Sancerre-Est\05_Projets\Audit_securite\Planning_Audit_securite.xlsx,01_Clients,Clients,/sites/MigrationFileServer/Clients/CL1010_Vignobles_de_Sancerre-Est/05_Projets/Audit_securite/Planning_Audit_securite.xlsx,Planning_Audit_securite.xlsx,.xlsx,5136,2024-06-21T19:33:50,2025-04-25T19:33:50,False,False,122,122,4,,D05ECAF0ED8C59D4D5D9004FA15556ACF4149EC5A9A585755366F879C8447C76
\\DEMO-SRV01\FileServer\01_Clients\CL1010_Vignobles_de_Sancerre-Est\05_Projets\Audit_securite\Presentation_lancement_Audit_securite.pptx,C:\DemoMigration\FileServer\01_Clients\CL1010_Vignobles_de_Sancerre-Est\05_Projets\Audit_securite\Presentation_lancement_Audit_securite.pptx,01_Clients\CL1010_Vignobles_de_Sancerre-Est\05_Projets\Audit_securite\Presentation_lancement_Audit_securite.pptx,01_Clients,Clients,/sites/MigrationFileServer/Clients/CL1010_Vignobles_de_Sancerre-Est/05_Projets/Audit_securite/Presentation_lancement_Audit_securite.pptx,Presentation_lancement_Audit_securite.pptx,.pptx,29176,2024-10-31T15:39:10,2025-01-31T15:39:10,False,False,136,136,4,,DDEB28A6E747064FC3412D1E4DD2F9C8DD5B90C88203C709876459FA1C2B002A
\\DEMO-SRV01\FileServer\01_Clients\CL1010_Vignobles_de_Sancerre-Est\05_Projets\Refonte_site_web\Compte_rendu_COPIL.docx,C:\DemoMigration\FileServer\01_Clients\CL1010_Vignobles_de_Sancerre-Est\05_Projets\Refonte_site_web\Compte_rendu_COPIL.docx,01_Clients\CL1010_Vignobles_de_Sancerre-Est\05_Projets\Refonte_site_web\Compte_rendu_COPIL.docx,01_Clients,Clients,/sites/MigrationFileServer/Clients/CL1010_Vignobles_de_Sancerre-Est/05_Projets/Refonte_site_web/Compte_rendu_COPIL.docx,Compte_rendu_COPIL.docx,.docx,36732,2025-03-16T15:53:14,2025-09-18T15:53:14,False,False,119,119,4,,69C1BEB92555DFDF1CBC7C8DD55BB255475D3C19BE8C402FFFE7F7497D8DB2EF
\\DEMO-SRV01\FileServer\01_Clients\CL1010_Vignobles_de_Sancerre-Est\05_Projets\Refonte_site_web\Planning_Refonte_site_web.xlsx,C:\DemoMigration\FileServer\01_Clients\CL1010_Vignobles_de_Sancerre-Est\05_Projets\Refonte_site_web\Planning_Refonte_site_web.xlsx,01_Clients\CL1010_Vignobles_de_Sancerre-Est\05_Projets\Refonte_site_web\Planning_Refonte_site_web.xlsx,01_Clients,Clients,/sites/MigrationFileServer/Clients/CL1010_Vignobles_de_Sancerre-Est/05_Projets/Refonte_site_web/Planning_Refonte_site_web.xlsx,Planning_Refonte_site_web.xlsx,.xlsx,5139,2025-09-27T09:06:28,2025-11-04T09:06:28,False,False,126,126,4,,7F4079A2FAEC5183A7DF6EECCE3DFE6B6281B481F5062374CB555056037DE392
\\DEMO-SRV01\FileServer\01_Clients\CL1010_Vignobles_de_Sancerre-Est\05_Projets\Refonte_site_web\Presentation_lancement_Refonte_site_web.pptx,C:\DemoMigration\FileServer\01_Clients\CL1010_Vignobles_de_Sancerre-Est\05_Projets\Refonte_site_web\Presentation_lancement_Refonte_site_web.pptx,01_Clients\CL1010_Vignobles_de_Sancerre-Est\05_Projets\Refonte_site_web\Presentation_lancement_Refonte_site_web.pptx,01_Clients,Clients,/sites/MigrationFileServer/Clients/CL1010_Vignobles_de_Sancerre-Est/05_Projets/Refonte_site_web/Presentation_lancement_Refonte_site_web.pptx,Presentation_lancement_Refonte_site_web.pptx,.pptx,29177,2024-05-10T12:39:19,2025-05-17T12:39:19,False,False,140,140,4,,D4C0DCA5EE2B8B99A6909BCC76D44280E12CDF43394FE56DC25CAC3596A19D90
\\DEMO-SRV01\FileServer\01_Clients\CL1011_Agence_Horizon_Voyages\01_Contrats\Contrat_cadre_CL1011_2021.docx,C:\DemoMigration\FileServer\01_Clients\CL1011_Agence_Horizon_Voyages\01_Contrats\Contrat_cadre_CL1011_2021.docx,01_Clients\CL1011_Agence_Horizon_Voyages\01_Contrats\Contrat_cadre_CL1011_2021.docx,01_Clients,Clients,/sites/MigrationFileServer/Clients/CL1011_Agence_Horizon_Voyages/01_Contrats/Contrat_cadre_CL1011_2021.docx,Contrat_cadre_CL1011_2021.docx,.docx,36788,2021-08-19T02:45:20,2021-11-08T02:45:20,False,False,107,107,3,,2AED06BA08219E89DA3CA4ED1D0B9BA81B7FBBC2C6B68F02B4D3BB50C702DEF7
\\DEMO-SRV01\FileServer\01_Clients\CL1011_Agence_Horizon_Voyages\01_Contrats\Contrat_cadre_CL1011_2021_signe.pdf,C:\DemoMigration\FileServer\01_Clients\CL1011_Agence_Horizon_Voyages\01_Contrats\Contrat_cadre_CL1011_2021_signe.pdf,01_Clients\CL1011_Agence_Horizon_Voyages\01_Contrats\Contrat_cadre_CL1011_2021_signe.pdf,01_Clients,Clients,/sites/MigrationFileServer/Clients/CL1011_Agence_Horizon_Voyages/01_Contrats/Contrat_cadre_CL1011_2021_signe.pdf,Contrat_cadre_CL1011_2021_signe.pdf,.pdf,1664,2020-03-08T02:15:05,2021-01-13T02:15:05,False,False,112,112,3,,010C696FEC536ED67D4253591C1E65322E60DAC91C28F96A2EADEA46FDF0669A
\\DEMO-SRV01\FileServer\01_Clients\CL1011_Agence_Horizon_Voyages\02_Devis\Devis_CL1011_2023-02.docx,C:\DemoMigration\FileServer\01_Clients\CL1011_Agence_Horizon_Voyages\02_Devis\Devis_CL1011_2023-02.docx,01_Clients\CL1011_Agence_Horizon_Voyages\02_Devis\Devis_CL1011_2023-02.docx,01_Clients,Clients,/sites/MigrationFileServer/Clients/CL1011_Agence_Horizon_Voyages/02_Devis/Devis_CL1011_2023-02.docx,Devis_CL1011_2023-02.docx,.docx,36748,2022-01-31T13:51:11,2023-01-13T13:51:11,False,False,99,99,3,,535EA420E7A8AA7F20D40B0325E0D9CF723303FA918313002468B7C93252D064
\\DEMO-SRV01\FileServer\01_Clients\CL1011_Agence_Horizon_Voyages\02_Devis\Devis_CL1011_2024-01.docx,C:\DemoMigration\FileServer\01_Clients\CL1011_Agence_Horizon_Voyages\02_Devis\Devis_CL1011_2024-01.docx,01_Clients\CL1011_Agence_Horizon_Voyages\02_Devis\Devis_CL1011_2024-01.docx,01_Clients,Clients,/sites/MigrationFileServer/Clients/CL1011_Agence_Horizon_Voyages/02_Devis/Devis_CL1011_2024-01.docx,Devis_CL1011_2024-01.docx,.docx,36745,2023-09-27T15:38:10,2024-04-01T15:38:10,False,False,99,99,3,,8E6A95999273497005E2563FC8DCCCC9F31C2C34E3D13995F6ECE37B7B54E4B1
\\DEMO-SRV01\FileServer\01_Clients\CL1011_Agence_Horizon_Voyages\02_Devis\Devis_CL1011_2024-03.docx,C:\DemoMigration\FileServer\01_Clients\CL1011_Agence_Horizon_Voyages\02_Devis\Devis_CL1011_2024-03.docx,01_Clients\CL1011_Agence_Horizon_Voyages\02_Devis\Devis_CL1011_2024-03.docx,01_Clients,Clients,/sites/MigrationFileServer/Clients/CL1011_Agence_Horizon_Voyages/02_Devis/Devis_CL1011_2024-03.docx,Devis_CL1011_2024-03.docx,.docx,36751,2024-08-14T08:27:46,2024-10-23T08:27:46,False,False,99,99,3,,77461F513FF0410E87E662F0B45FE1DCF279E501A930F7B15C6CAE2C08774A66
\\DEMO-SRV01\FileServer\01_Clients\CL1011_Agence_Horizon_Voyages\02_Devis\Devis_CL1011_2025-04.docx,C:\DemoMigration\FileServer\01_Clients\CL1011_Agence_Horizon_Voyages\02_Devis\Devis_CL1011_2025-04.docx,01_Clients\CL1011_Agence_Horizon_Voyages\02_Devis\Devis_CL1011_2025-04.docx,01_Clients,Clients,/sites/MigrationFileServer/Clients/CL1011_Agence_Horizon_Voyages/02_Devis/Devis_CL1011_2025-04.docx,Devis_CL1011_2025-04.docx,.docx,36751,2025-07-14T06:20:41,2025-09-10T06:20:41,False,False,99,99,3,,5495C431085B78BDA1D73E174C63DF6CCCB6E4A2FB8582DED43E4F06B8B5D52E
\\DEMO-SRV01\FileServer\01_Clients\CL1011_Agence_Horizon_Voyages\03_Factures\2024\Facture_CL1011_202401.pdf,C:\DemoMigration\FileServer\01_Clients\CL1011_Agence_Horizon_Voyages\03_Factures\2024\Facture_CL1011_202401.pdf,01_Clients\CL1011_Agence_Horizon_Voyages\03_Factures\2024\Facture_CL1011_202401.pdf,01_Clients,Clients,/sites/MigrationFileServer/Clients/CL1011_Agence_Horizon_Voyages/03_Factures/2024/Facture_CL1011_202401.pdf,Facture_CL1011_202401.pdf,.pdf,1709,2023-04-05T10:00:00,2024-01-17T10:00:00,False,False,107,107,4,,0CD715C20D54B434DC2489FFA1F9BE19E6B9D1C932C9CFA5F36E60870A524F7A
\\DEMO-SRV01\FileServer\01_Clients\CL1011_Agence_Horizon_Voyages\03_Factures\2024\Facture_CL1011_202402.pdf,C:\DemoMigration\FileServer\01_Clients\CL1011_Agence_Horizon_Voyages\03_Factures\2024\Facture_CL1011_202402.pdf,01_Clients\CL1011_Agence_Horizon_Voyages\03_Factures\2024\Facture_CL1011_202402.pdf,01_Clients,Clients,/sites/MigrationFileServer/Clients/CL1011_Agence_Horizon_Voyages/03_Factures/2024/Facture_CL1011_202402.pdf,Facture_CL1011_202402.pdf,.pdf,1707,2023-04-16T10:00:00,2024-02-23T10:00:00,False,False,107,107,4,,9AD196CDA904192B1CFBAFB7A9FF46C7C506BA649C9E7868DCC10C540AEFA01B
\\DEMO-SRV01\FileServer\01_Clients\CL1011_Agence_Horizon_Voyages\03_Factures\2024\Facture_CL1011_202403.pdf,C:\DemoMigration\FileServer\01_Clients\CL1011_Agence_Horizon_Voyages\03_Factures\2024\Facture_CL1011_202403.pdf,01_Clients\CL1011_Agence_Horizon_Voyages\03_Factures\2024\Facture_CL1011_202403.pdf,01_Clients,Clients,/sites/MigrationFileServer/Clients/CL1011_Agence_Horizon_Voyages/03_Factures/2024/Facture_CL1011_202403.pdf,Facture_CL1011_202403.pdf,.pdf,1710,2024-01-07T10:00:00,2024-03-16T10:00:00,False,False,107,107,4,,BFAC9C2FC8D564C884D0D91695FF170A644E96D6BC994D16F27015BC40F981A5
\\DEMO-SRV01\FileServer\01_Clients\CL1011_Agence_Horizon_Voyages\03_Factures\2024\Facture_CL1011_202405.pdf,C:\DemoMigration\FileServer\01_Clients\CL1011_Agence_Horizon_Voyages\03_Factures\2024\Facture_CL1011_202405.pdf,01_Clients\CL1011_Agence_Horizon_Voyages\03_Factures\2024\Facture_CL1011_202405.pdf,01_Clients,Clients,/sites/MigrationFileServer/Clients/CL1011_Agence_Horizon_Voyages/03_Factures/2024/Facture_CL1011_202405.pdf,Facture_CL1011_202405.pdf,.pdf,1710,2023-06-01T10:00:00,2024-05-15T10:00:00,False,False,107,107,4,,188776D05AC11F3F23F11F76B6BA9B65D1D8EE2A5D8198B516CCCFCF1E757B07
\\DEMO-SRV01\FileServer\01_Clients\CL1011_Agence_Horizon_Voyages\03_Factures\2024\Facture_CL1011_202410.pdf,C:\DemoMigration\FileServer\01_Clients\CL1011_Agence_Horizon_Voyages\03_Factures\2024\Facture_CL1011_202410.pdf,01_Clients\CL1011_Agence_Horizon_Voyages\03_Factures\2024\Facture_CL1011_202410.pdf,01_Clients,Clients,/sites/MigrationFileServer/Clients/CL1011_Agence_Horizon_Voyages/03_Factures/2024/Facture_CL1011_202410.pdf,Facture_CL1011_202410.pdf,.pdf,1709,2023-10-12T10:00:00,2024-10-10T10:00:00,False,False,107,107,4,,7B974FEFAF0027C351A015BA6E15A700BCD8FA0A69CCBD011BD340FF30C0D1AC
\\DEMO-SRV01\FileServer\01_Clients\CL1011_Agence_Horizon_Voyages\03_Factures\2025\Facture_CL1011_202501.pdf,C:\DemoMigration\FileServer\01_Clients\CL1011_Agence_Horizon_Voyages\03_Factures\2025\Facture_CL1011_202501.pdf,01_Clients\CL1011_Agence_Horizon_Voyages\03_Factures\2025\Facture_CL1011_202501.pdf,01_Clients,Clients,/sites/MigrationFileServer/Clients/CL1011_Agence_Horizon_Voyages/03_Factures/2025/Facture_CL1011_202501.pdf,Facture_CL1011_202501.pdf,.pdf,1708,2024-09-28T10:00:00,2025-01-08T10:00:00,False,False,107,107,4,,C2F3D8CC67A43D887C4EB63715BF9FA30F772F7556E65C6F01D52B16B41D95D5
\\DEMO-SRV01\FileServer\01_Clients\CL1011_Agence_Horizon_Voyages\03_Factures\2025\Facture_CL1011_202503.pdf,C:\DemoMigration\FileServer\01_Clients\CL1011_Agence_Horizon_Voyages\03_Factures\2025\Facture_CL1011_202503.pdf,01_Clients\CL1011_Agence_Horizon_Voyages\03_Factures\2025\Facture_CL1011_202503.pdf,01_Clients,Clients,/sites/MigrationFileServer/Clients/CL1011_Agence_Horizon_Voyages/03_Factures/2025/Facture_CL1011_202503.pdf,Facture_CL1011_202503.pdf,.pdf,1712,2024-09-05T10:00:00,2025-03-12T10:00:00,False,False,107,107,4,,3F6C6C32963711A1B60B6AB1E416C9A39FA4A9AC860A69CF7009B3A829A67B7B
\\DEMO-SRV01\FileServer\01_Clients\CL1011_Agence_Horizon_Voyages\03_Factures\2025\Facture_CL1011_202504.pdf,C:\DemoMigration\FileServer\01_Clients\CL1011_Agence_Horizon_Voyages\03_Factures\2025\Facture_CL1011_202504.pdf,01_Clients\CL1011_Agence_Horizon_Voyages\03_Factures\2025\Facture_CL1011_202504.pdf,01_Clients,Clients,/sites/MigrationFileServer/Clients/CL1011_Agence_Horizon_Voyages/03_Factures/2025/Facture_CL1011_202504.pdf,Facture_CL1011_202504.pdf,.pdf,1712,2025-02-20T10:00:00,2025-04-05T10:00:00,False,False,107,107,4,,A31274755EB7145FC8BD302B8598B4FC98D2585847DB0F171ABBC917CA3F8611
\\DEMO-SRV01\FileServer\01_Clients\CL1011_Agence_Horizon_Voyages\03_Factures\2025\Facture_CL1011_202505.pdf,C:\DemoMigration\FileServer\01_Clients\CL1011_Agence_Horizon_Voyages\03_Factures\2025\Facture_CL1011_202505.pdf,01_Clients\CL1011_Agence_Horizon_Voyages\03_Factures\2025\Facture_CL1011_202505.pdf,01_Clients,Clients,/sites/MigrationFileServer/Clients/CL1011_Agence_Horizon_Voyages/03_Factures/2025/Facture_CL1011_202505.pdf,Facture_CL1011_202505.pdf,.pdf,1710,2024-08-27T10:00:00,2025-05-23T10:00:00,False,False,107,107,4,,150FCF9AB96ABBB921477EB7A3B1AB550533CF4224F5F061EFA0337A13BBFF76
\\DEMO-SRV01\FileServer\01_Clients\CL1011_Agence_Horizon_Voyages\03_Factures\2025\Facture_CL1011_202506.pdf,C:\DemoMigration\FileServer\01_Clients\CL1011_Agence_Horizon_Voyages\03_Factures\2025\Facture_CL1011_202506.pdf,01_Clients\CL1011_Agence_Horizon_Voyages\03_Factures\2025\Facture_CL1011_202506.pdf,01_Clients,Clients,/sites/MigrationFileServer/Clients/CL1011_Agence_Horizon_Voyages/03_Factures/2025/Facture_CL1011_202506.pdf,Facture_CL1011_202506.pdf,.pdf,1710,2025-01-08T10:00:00,2025-06-19T10:00:00,False,False,107,107,4,,3FA3A2457C107696F2554342582D2C05E5E46EF66B86711538E999FA5449CAF0
\\DEMO-SRV01\FileServer\01_Clients\CL1011_Agence_Horizon_Voyages\03_Factures\2025\Facture_CL1011_202508.pdf,C:\DemoMigration\FileServer\01_Clients\CL1011_Agence_Horizon_Voyages\03_Factures\2025\Facture_CL1011_202508.pdf,01_Clients\CL1011_Agence_Horizon_Voyages\03_Factures\2025\Facture_CL1011_202508.pdf,01_Clients,Clients,/sites/MigrationFileServer/Clients/CL1011_Agence_Horizon_Voyages/03_Factures/2025/Facture_CL1011_202508.pdf,Facture_CL1011_202508.pdf,.pdf,1709,2024-07-09T10:00:00,2025-08-12T10:00:00,False,False,107,107,4,,5F40F34D05FFC08DFA0D52B850AED79F02C823454F6AF4D2CC492265A15BE3D9
\\DEMO-SRV01\FileServer\01_Clients\CL1011_Agence_Horizon_Voyages\03_Factures\2025\Facture_CL1011_202512.pdf,C:\DemoMigration\FileServer\01_Clients\CL1011_Agence_Horizon_Voyages\03_Factures\2025\Facture_CL1011_202512.pdf,01_Clients\CL1011_Agence_Horizon_Voyages\03_Factures\2025\Facture_CL1011_202512.pdf,01_Clients,Clients,/sites/MigrationFileServer/Clients/CL1011_Agence_Horizon_Voyages/03_Factures/2025/Facture_CL1011_202512.pdf,Facture_CL1011_202512.pdf,.pdf,1710,2025-10-26T10:00:00,2025-12-28T10:00:00,False,False,107,107,4,,CA19E209E3D0F04F7537293D5C02A0451DD192ABF78B39A7737C5576300A6174
\\DEMO-SRV01\FileServer\01_Clients\CL1011_Agence_Horizon_Voyages\03_Factures\2026\Facture_CL1011_202601.pdf,C:\DemoMigration\FileServer\01_Clients\CL1011_Agence_Horizon_Voyages\03_Factures\2026\Facture_CL1011_202601.pdf,01_Clients\CL1011_Agence_Horizon_Voyages\03_Factures\2026\Facture_CL1011_202601.pdf,01_Clients,Clients,/sites/MigrationFileServer/Clients/CL1011_Agence_Horizon_Voyages/03_Factures/2026/Facture_CL1011_202601.pdf,Facture_CL1011_202601.pdf,.pdf,1710,2025-01-08T10:00:00,2026-01-06T10:00:00,False,False,107,107,4,,8E60AA4ABBA84175D401EB5D61030C3E87AEEDF1E863E09345C4390D40F97802
\\DEMO-SRV01\FileServer\01_Clients\CL1011_Agence_Horizon_Voyages\03_Factures\2026\Facture_CL1011_202602.pdf,C:\DemoMigration\FileServer\01_Clients\CL1011_Agence_Horizon_Voyages\03_Factures\2026\Facture_CL1011_202602.pdf,01_Clients\CL1011_Agence_Horizon_Voyages\03_Factures\2026\Facture_CL1011_202602.pdf,01_Clients,Clients,/sites/MigrationFileServer/Clients/CL1011_Agence_Horizon_Voyages/03_Factures/2026/Facture_CL1011_202602.pdf,Facture_CL1011_202602.pdf,.pdf,1709,2026-01-08T10:00:00,2026-02-17T10:00:00,False,False,107,107,4,,903C051E4020E01C6648DE9819EE85CFE93470A101CA833B1E972E4960C0845A
\\DEMO-SRV01\FileServer\01_Clients\CL1011_Agence_Horizon_Voyages\03_Factures\2026\Facture_CL1011_202603.pdf,C:\DemoMigration\FileServer\01_Clients\CL1011_Agence_Horizon_Voyages\03_Factures\2026\Facture_CL1011_202603.pdf,01_Clients\CL1011_Agence_Horizon_Voyages\03_Factures\2026\Facture_CL1011_202603.pdf,01_Clients,Clients,/sites/MigrationFileServer/Clients/CL1011_Agence_Horizon_Voyages/03_Factures/2026/Facture_CL1011_202603.pdf,Facture_CL1011_202603.pdf,.pdf,1709,2025-05-02T10:00:00,2026-03-18T10:00:00,False,False,107,107,4,,26D9EA8F992AEEDB1E2D2478B83857386C7C032CAEA7CFBCE72A2D276BB50DAB
\\DEMO-SRV01\FileServer\01_Clients\CL1011_Agence_Horizon_Voyages\03_Factures\2026\Facture_CL1011_202604.pdf,C:\DemoMigration\FileServer\01_Clients\CL1011_Agence_Horizon_Voyages\03_Factures\2026\Facture_CL1011_202604.pdf,01_Clients\CL1011_Agence_Horizon_Voyages\03_Factures\2026\Facture_CL1011_202604.pdf,01_Clients,Clients,/sites/MigrationFileServer/Clients/CL1011_Agence_Horizon_Voyages/03_Factures/2026/Facture_CL1011_202604.pdf,Facture_CL1011_202604.pdf,.pdf,1710,2025-06-18T10:00:00,2026-04-17T10:00:00,False,False,107,107,4,,13CFBACCC707F8CD3E7629F23468C1F587C5CEF8E34192B4DAF1E6371E0B1957
\\DEMO-SRV01\FileServer\01_Clients\CL1011_Agence_Horizon_Voyages\03_Factures\2026\Facture_CL1011_202606.pdf,C:\DemoMigration\FileServer\01_Clients\CL1011_Agence_Horizon_Voyages\03_Factures\2026\Facture_CL1011_202606.pdf,01_Clients\CL1011_Agence_Horizon_Voyages\03_Factures\2026\Facture_CL1011_202606.pdf,01_Clients,Clients,/sites/MigrationFileServer/Clients/CL1011_Agence_Horizon_Voyages/03_Factures/2026/Facture_CL1011_202606.pdf,Facture_CL1011_202606.pdf,.pdf,1709,2026-01-03T10:00:00,2026-06-24T10:00:00,False,False,107,107,4,,8097795B898AEB35ED747AAF36274C6272D0168AFFF534799566760266B72C80
\\DEMO-SRV01\FileServer\01_Clients\CL1011_Agence_Horizon_Voyages\04_Correspondance\Echange_01.eml.txt,C:\DemoMigration\FileServer\01_Clients\CL1011_Agence_Horizon_Voyages\04_Correspondance\Echange_01.eml.txt,01_Clients\CL1011_Agence_Horizon_Voyages\04_Correspondance\Echange_01.eml.txt,01_Clients,Clients,/sites/MigrationFileServer/Clients/CL1011_Agence_Horizon_Voyages/04_Correspondance/Echange_01.eml.txt,Echange_01.eml.txt,.txt,106,2023-05-18T22:15:24,2024-06-15T22:15:24,False,False,101,101,3,,8B858972957618BEA9AD8786386A8D5072F3B651FA068BFE783FDEAE027370FC
\\DEMO-SRV01\FileServer\01_Clients\CL1011_Agence_Horizon_Voyages\05_Projets\Audit_securite\Compte_rendu_COPIL.docx,C:\DemoMigration\FileServer\01_Clients\CL1011_Agence_Horizon_Voyages\05_Projets\Audit_securite\Compte_rendu_COPIL.docx,01_Clients\CL1011_Agence_Horizon_Voyages\05_Projets\Audit_securite\Compte_rendu_COPIL.docx,01_Clients,Clients,/sites/MigrationFileServer/Clients/CL1011_Agence_Horizon_Voyages/05_Projets/Audit_securite/Compte_rendu_COPIL.docx,Compte_rendu_COPIL.docx,.docx,36733,2024-11-21T13:37:22,2025-12-01T13:37:22,False,False,114,114,4,,006FFF1BA0389442C5525C84032379DA214D36E35F8E91F0301ED1B428FA9420
\\DEMO-SRV01\FileServer\01_Clients\CL1011_Agence_Horizon_Voyages\05_Projets\Audit_securite\Planning_Audit_securite.xlsx,C:\DemoMigration\FileServer\01_Clients\CL1011_Agence_Horizon_Voyages\05_Projets\Audit_securite\Planning_Audit_securite.xlsx,01_Clients\CL1011_Agence_Horizon_Voyages\05_Projets\Audit_securite\Planning_Audit_securite.xlsx,01_Clients,Clients,/sites/MigrationFileServer/Clients/CL1011_Agence_Horizon_Voyages/05_Projets/Audit_securite/Planning_Audit_securite.xlsx,Planning_Audit_securite.xlsx,.xlsx,5134,2024-12-04T02:49:28,2025-05-13T02:49:28,False,False,119,119,4,,30F94A625174000696D4A6BA75814E38A0436A72DD75D504BD018DBDC193DA49
\\DEMO-SRV01\FileServer\01_Clients\CL1011_Agence_Horizon_Voyages\05_Projets\Audit_securite\Presentation_lancement_Audit_securite.pptx,C:\DemoMigration\FileServer\01_Clients\CL1011_Agence_Horizon_Voyages\05_Projets\Audit_securite\Presentation_lancement_Audit_securite.pptx,01_Clients\CL1011_Agence_Horizon_Voyages\05_Projets\Audit_securite\Presentation_lancement_Audit_securite.pptx,01_Clients,Clients,/sites/MigrationFileServer/Clients/CL1011_Agence_Horizon_Voyages/05_Projets/Audit_securite/Presentation_lancement_Audit_securite.pptx,Presentation_lancement_Audit_securite.pptx,.pptx,29175,2024-05-09T12:17:04,2025-04-26T12:17:04,False,False,133,133,4,,316181292955C67C91517F9206E61327FA8DEDD70A55E5B2B5B9D1F80B810ED3
\\DEMO-SRV01\FileServer\01_Clients\CL1011_Agence_Horizon_Voyages\05_Projets\Tableau_de_bord\Compte_rendu_COPIL.docx,C:\DemoMigration\FileServer\01_Clients\CL1011_Agence_Horizon_Voyages\05_Projets\Tableau_de_bord\Compte_rendu_COPIL.docx,01_Clients\CL1011_Agence_Horizon_Voyages\05_Projets\Tableau_de_bord\Compte_rendu_COPIL.docx,01_Clients,Clients,/sites/MigrationFileServer/Clients/CL1011_Agence_Horizon_Voyages/05_Projets/Tableau_de_bord/Compte_rendu_COPIL.docx,Compte_rendu_COPIL.docx,.docx,36731,2022-04-21T02:25:39,2023-04-06T02:25:39,False,False,115,115,4,,FFBF0DDA9FF66C4CF647EC3FD2A1D2970F6984E4EC75FDF55D07C4CAE63B1779
\\DEMO-SRV01\FileServer\01_Clients\CL1011_Agence_Horizon_Voyages\05_Projets\Tableau_de_bord\Planning_Tableau_de_bord.xlsx,C:\DemoMigration\FileServer\01_Clients\CL1011_Agence_Horizon_Voyages\05_Projets\Tableau_de_bord\Planning_Tableau_de_bord.xlsx,01_Clients\CL1011_Agence_Horizon_Voyages\05_Projets\Tableau_de_bord\Planning_Tableau_de_bord.xlsx,01_Clients,Clients,/sites/MigrationFileServer/Clients/CL1011_Agence_Horizon_Voyages/05_Projets/Tableau_de_bord/Planning_Tableau_de_bord.xlsx,Planning_Tableau_de_bord.xlsx,.xlsx,5139,2023-01-03T07:00:34,2023-09-07T07:00:34,False,False,121,121,4,,E70DC1059D12E765D2BC267672C372DD846C1127D29152360228CDF0F476D5A9
\\DEMO-SRV01\FileServer\01_Clients\CL1011_Agence_Horizon_Voyages\05_Projets\Tableau_de_bord\Presentation_lancement_Tableau_de_bord.pptx,C:\DemoMigration\FileServer\01_Clients\CL1011_Agence_Horizon_Voyages\05_Projets\Tableau_de_bord\Presentation_lancement_Tableau_de_bord.pptx,01_Clients\CL1011_Agence_Horizon_Voyages\05_Projets\Tableau_de_bord\Presentation_lancement_Tableau_de_bord.pptx,01_Clients,Clients,/sites/MigrationFileServer/Clients/CL1011_Agence_Horizon_Voyages/05_Projets/Tableau_de_bord/Presentation_lancement_Tableau_de_bord.pptx,Presentation_lancement_Tableau_de_bord.pptx,.pptx,29177,2022-12-13T20:34:33,2023-10-25T20:34:33,False,False,135,135,4,,204DE854A2D5D9F72E9B053E32AB2DE45787A5EE7E882646CA5E14EB8E4CA8CE
\\DEMO-SRV01\FileServer\01_Clients\CL1012_Fromagerie_Bellecombe\01_Contrats\Contrat_cadre_CL1012_2023.docx,C:\DemoMigration\FileServer\01_Clients\CL1012_Fromagerie_Bellecombe\01_Contrats\Contrat_cadre_CL1012_2023.docx,01_Clients\CL1012_Fromagerie_Bellecombe\01_Contrats\Contrat_cadre_CL1012_2023.docx,01_Clients,Clients,/sites/MigrationFileServer/Clients/CL1012_Fromagerie_Bellecombe/01_Contrats/Contrat_cadre_CL1012_2023.docx,Contrat_cadre_CL1012_2023.docx,.docx,36785,2023-03-10T03:05:12,2023-05-15T03:05:12,False,False,106,106,3,,18BD73078103D9AEA537AC60D0C1519EB4336FB16C0D2FADAAB3CC0773DEC8AD
\\DEMO-SRV01\FileServer\01_Clients\CL1012_Fromagerie_Bellecombe\01_Contrats\Contrat_cadre_CL1012_2023_signe.pdf,C:\DemoMigration\FileServer\01_Clients\CL1012_Fromagerie_Bellecombe\01_Contrats\Contrat_cadre_CL1012_2023_signe.pdf,01_Clients\CL1012_Fromagerie_Bellecombe\01_Contrats\Contrat_cadre_CL1012_2023_signe.pdf,01_Clients,Clients,/sites/MigrationFileServer/Clients/CL1012_Fromagerie_Bellecombe/01_Contrats/Contrat_cadre_CL1012_2023_signe.pdf,Contrat_cadre_CL1012_2023_signe.pdf,.pdf,1660,2023-01-09T09:54:41,2023-10-23T09:54:41,False,False,111,111,3,,C1F7B44A58E5E79AD1AA7E2534F2F499AD7ABB4EE570E3DEA59AF45802158600
\\DEMO-SRV01\FileServer\01_Clients\CL1012_Fromagerie_Bellecombe\02_Devis\Devis_CL1012_2023-02.docx,C:\DemoMigration\FileServer\01_Clients\CL1012_Fromagerie_Bellecombe\02_Devis\Devis_CL1012_2023-02.docx,01_Clients\CL1012_Fromagerie_Bellecombe\02_Devis\Devis_CL1012_2023-02.docx,01_Clients,Clients,/sites/MigrationFileServer/Clients/CL1012_Fromagerie_Bellecombe/02_Devis/Devis_CL1012_2023-02.docx,Devis_CL1012_2023-02.docx,.docx,36745,2022-10-28T04:32:09,2023-05-30T04:32:09,False,False,98,98,3,,60F50CAEC430F423128249164562372A9FE98C2D9E2D03BCEB7A00234113D708
\\DEMO-SRV01\FileServer\01_Clients\CL1012_Fromagerie_Bellecombe\02_Devis\Devis_CL1012_2025-01.docx,C:\DemoMigration\FileServer\01_Clients\CL1012_Fromagerie_Bellecombe\02_Devis\Devis_CL1012_2025-01.docx,01_Clients\CL1012_Fromagerie_Bellecombe\02_Devis\Devis_CL1012_2025-01.docx,01_Clients,Clients,/sites/MigrationFileServer/Clients/CL1012_Fromagerie_Bellecombe/02_Devis/Devis_CL1012_2025-01.docx,Devis_CL1012_2025-01.docx,.docx,36749,2025-02-01T21:01:00,2025-04-14T21:01:00,False,False,98,98,3,,19F7EF9895551D5B3366FAC9421310AE1450A53E08FC9F87250A668595829291
\\DEMO-SRV01\FileServer\01_Clients\CL1012_Fromagerie_Bellecombe\03_Factures\2024\Facture_CL1012_202401.pdf,C:\DemoMigration\FileServer\01_Clients\CL1012_Fromagerie_Bellecombe\03_Factures\2024\Facture_CL1012_202401.pdf,01_Clients\CL1012_Fromagerie_Bellecombe\03_Factures\2024\Facture_CL1012_202401.pdf,01_Clients,Clients,/sites/MigrationFileServer/Clients/CL1012_Fromagerie_Bellecombe/03_Factures/2024/Facture_CL1012_202401.pdf,Facture_CL1012_202401.pdf,.pdf,1707,2023-03-17T10:00:00,2024-01-06T10:00:00,False,False,106,106,4,,4B15D29EDAFD152270152D4306E492605F368071BC21F8E2EFC3EFF7F45442ED
\\DEMO-SRV01\FileServer\01_Clients\CL1012_Fromagerie_Bellecombe\03_Factures\2024\Facture_CL1012_202403.pdf,C:\DemoMigration\FileServer\01_Clients\CL1012_Fromagerie_Bellecombe\03_Factures\2024\Facture_CL1012_202403.pdf,01_Clients\CL1012_Fromagerie_Bellecombe\03_Factures\2024\Facture_CL1012_202403.pdf,01_Clients,Clients,/sites/MigrationFileServer/Clients/CL1012_Fromagerie_Bellecombe/03_Factures/2024/Facture_CL1012_202403.pdf,Facture_CL1012_202403.pdf,.pdf,1705,2023-10-12T10:00:00,2024-03-17T10:00:00,False,False,106,106,4,,1A5A8F97C7DA53059C500318F8436E0DB3652E9AA6DE4BD3E06B037674A92B84
\\DEMO-SRV01\FileServer\01_Clients\CL1012_Fromagerie_Bellecombe\03_Factures\2024\Facture_CL1012_202404.pdf,C:\DemoMigration\FileServer\01_Clients\CL1012_Fromagerie_Bellecombe\03_Factures\2024\Facture_CL1012_202404.pdf,01_Clients\CL1012_Fromagerie_Bellecombe\03_Factures\2024\Facture_CL1012_202404.pdf,01_Clients,Clients,/sites/MigrationFileServer/Clients/CL1012_Fromagerie_Bellecombe/03_Factures/2024/Facture_CL1012_202404.pdf,Facture_CL1012_202404.pdf,.pdf,1705,2023-12-12T10:00:00,2024-04-13T10:00:00,False,False,106,106,4,,192646AE55EB2382444B017B59C4FBD8ED1FAD26D173E9256AC433BE14B66B41
\\DEMO-SRV01\FileServer\01_Clients\CL1012_Fromagerie_Bellecombe\03_Factures\2024\Facture_CL1012_202405.pdf,C:\DemoMigration\FileServer\01_Clients\CL1012_Fromagerie_Bellecombe\03_Factures\2024\Facture_CL1012_202405.pdf,01_Clients\CL1012_Fromagerie_Bellecombe\03_Factures\2024\Facture_CL1012_202405.pdf,01_Clients,Clients,/sites/MigrationFileServer/Clients/CL1012_Fromagerie_Bellecombe/03_Factures/2024/Facture_CL1012_202405.pdf,Facture_CL1012_202405.pdf,.pdf,1705,2023-07-02T10:00:00,2024-05-02T10:00:00,False,False,106,106,4,,2FE475B0A4A9215F172147F65B757CD9C6EF036D194AD1F6F662D10231260EB4
\\DEMO-SRV01\FileServer\01_Clients\CL1012_Fromagerie_Bellecombe\03_Factures\2024\Facture_CL1012_202408.pdf,C:\DemoMigration\FileServer\01_Clients\CL1012_Fromagerie_Bellecombe\03_Factures\2024\Facture_CL1012_202408.pdf,01_Clients\CL1012_Fromagerie_Bellecombe\03_Factures\2024\Facture_CL1012_202408.pdf,01_Clients,Clients,/sites/MigrationFileServer/Clients/CL1012_Fromagerie_Bellecombe/03_Factures/2024/Facture_CL1012_202408.pdf,Facture_CL1012_202408.pdf,.pdf,1705,2024-06-21T10:00:00,2024-08-28T10:00:00,False,False,106,106,4,,9EA29C175A5002E3409FF24A0CFEFD73D70504111EB153ADD2B90FE042F91AC0
\\DEMO-SRV01\FileServer\01_Clients\CL1012_Fromagerie_Bellecombe\03_Factures\2024\Facture_CL1012_202412.pdf,C:\DemoMigration\FileServer\01_Clients\CL1012_Fromagerie_Bellecombe\03_Factures\2024\Facture_CL1012_202412.pdf,01_Clients\CL1012_Fromagerie_Bellecombe\03_Factures\2024\Facture_CL1012_202412.pdf,01_Clients,Clients,/sites/MigrationFileServer/Clients/CL1012_Fromagerie_Bellecombe/03_Factures/2024/Facture_CL1012_202412.pdf,Facture_CL1012_202412.pdf,.pdf,1707,2024-06-17T10:00:00,2024-12-19T10:00:00,False,False,106,106,4,,960962248CF0FBD9DD2831226F8458AC0D59D95783376018431BC517770CBC73
\\DEMO-SRV01\FileServer\01_Clients\CL1012_Fromagerie_Bellecombe\03_Factures\2025\Facture_CL1012_202502.pdf,C:\DemoMigration\FileServer\01_Clients\CL1012_Fromagerie_Bellecombe\03_Factures\2025\Facture_CL1012_202502.pdf,01_Clients\CL1012_Fromagerie_Bellecombe\03_Factures\2025\Facture_CL1012_202502.pdf,01_Clients,Clients,/sites/MigrationFileServer/Clients/CL1012_Fromagerie_Bellecombe/03_Factures/2025/Facture_CL1012_202502.pdf,Facture_CL1012_202502.pdf,.pdf,1705,2024-04-12T10:00:00,2025-02-25T10:00:00,False,False,106,106,4,,423E7EBB9D0F820D9285E47B2483E6AEE2330778B85EB0B048FD6DAF8498B567
\\DEMO-SRV01\FileServer\01_Clients\CL1012_Fromagerie_Bellecombe\03_Factures\2025\Facture_CL1012_202504.pdf,C:\DemoMigration\FileServer\01_Clients\CL1012_Fromagerie_Bellecombe\03_Factures\2025\Facture_CL1012_202504.pdf,01_Clients\CL1012_Fromagerie_Bellecombe\03_Factures\2025\Facture_CL1012_202504.pdf,01_Clients,Clients,/sites/MigrationFileServer/Clients/CL1012_Fromagerie_Bellecombe/03_Factures/2025/Facture_CL1012_202504.pdf,Facture_CL1012_202504.pdf,.pdf,1707,2024-10-22T10:00:00,2025-04-13T10:00:00,False,False,106,106,4,,8FAD5FEC7BC31F421A4C89C1CFBC372EB5969BD2DF7E36DC605BE3460AC6A17F
\\DEMO-SRV01\FileServer\01_Clients\CL1012_Fromagerie_Bellecombe\03_Factures\2025\Facture_CL1012_202506.pdf,C:\DemoMigration\FileServer\01_Clients\CL1012_Fromagerie_Bellecombe\03_Factures\2025\Facture_CL1012_202506.pdf,01_Clients\CL1012_Fromagerie_Bellecombe\03_Factures\2025\Facture_CL1012_202506.pdf,01_Clients,Clients,/sites/MigrationFileServer/Clients/CL1012_Fromagerie_Bellecombe/03_Factures/2025/Facture_CL1012_202506.pdf,Facture_CL1012_202506.pdf,.pdf,1707,2024-10-07T10:00:00,2025-06-20T10:00:00,False,False,106,106,4,,6BE54BF663A3474A0A4DF2149521D330DA98245D416D7FEB544BE291FE8B05AA
\\DEMO-SRV01\FileServer\01_Clients\CL1012_Fromagerie_Bellecombe\03_Factures\2025\Facture_CL1012_202507.pdf,C:\DemoMigration\FileServer\01_Clients\CL1012_Fromagerie_Bellecombe\03_Factures\2025\Facture_CL1012_202507.pdf,01_Clients\CL1012_Fromagerie_Bellecombe\03_Factures\2025\Facture_CL1012_202507.pdf,01_Clients,Clients,/sites/MigrationFileServer/Clients/CL1012_Fromagerie_Bellecombe/03_Factures/2025/Facture_CL1012_202507.pdf,Facture_CL1012_202507.pdf,.pdf,1705,2024-11-23T10:00:00,2025-07-23T10:00:00,False,False,106,106,4,,F38D425E32D449E7111784EC5BB6BD22BD8BB0A61318C6B45DD517936F2A4621
\\DEMO-SRV01\FileServer\01_Clients\CL1012_Fromagerie_Bellecombe\03_Factures\2025\Facture_CL1012_202508.pdf,C:\DemoMigration\FileServer\01_Clients\CL1012_Fromagerie_Bellecombe\03_Factures\2025\Facture_CL1012_202508.pdf,01_Clients\CL1012_Fromagerie_Bellecombe\03_Factures\2025\Facture_CL1012_202508.pdf,01_Clients,Clients,/sites/MigrationFileServer/Clients/CL1012_Fromagerie_Bellecombe/03_Factures/2025/Facture_CL1012_202508.pdf,Facture_CL1012_202508.pdf,.pdf,1708,2024-10-08T10:00:00,2025-08-17T10:00:00,False,False,106,106,4,,B1DD4FA36B6D9B1B95D6F57F53E5E51C0A09E909C166E2EB85979F6E5729EBB9
\\DEMO-SRV01\FileServer\01_Clients\CL1012_Fromagerie_Bellecombe\03_Factures\2025\Facture_CL1012_202509.pdf,C:\DemoMigration\FileServer\01_Clients\CL1012_Fromagerie_Bellecombe\03_Factures\2025\Facture_CL1012_202509.pdf,01_Clients\CL1012_Fromagerie_Bellecombe\03_Factures\2025\Facture_CL1012_202509.pdf,01_Clients,Clients,/sites/MigrationFileServer/Clients/CL1012_Fromagerie_Bellecombe/03_Factures/2025/Facture_CL1012_202509.pdf,Facture_CL1012_202509.pdf,.pdf,1705,2025-04-20T10:00:00,2025-09-20T10:00:00,False,False,106,106,4,,D25501EF09BBB3A95F34DAC8346949F348821AE9374D629C2FBF19AFA06FF9A4
\\DEMO-SRV01\FileServer\01_Clients\CL1012_Fromagerie_Bellecombe\03_Factures\2025\Facture_CL1012_202511.pdf,C:\DemoMigration\FileServer\01_Clients\CL1012_Fromagerie_Bellecombe\03_Factures\2025\Facture_CL1012_202511.pdf,01_Clients\CL1012_Fromagerie_Bellecombe\03_Factures\2025\Facture_CL1012_202511.pdf,01_Clients,Clients,/sites/MigrationFileServer/Clients/CL1012_Fromagerie_Bellecombe/03_Factures/2025/Facture_CL1012_202511.pdf,Facture_CL1012_202511.pdf,.pdf,1705,2025-06-16T10:00:00,2025-11-16T10:00:00,False,False,106,106,4,,69E00EB72F30EB2D71E1E9D84A5F851E1AD0EBD028CA136BE4EBF00F62F55533
\\DEMO-SRV01\FileServer\01_Clients\CL1012_Fromagerie_Bellecombe\03_Factures\2025\Facture_CL1012_202512.pdf,C:\DemoMigration\FileServer\01_Clients\CL1012_Fromagerie_Bellecombe\03_Factures\2025\Facture_CL1012_202512.pdf,01_Clients\CL1012_Fromagerie_Bellecombe\03_Factures\2025\Facture_CL1012_202512.pdf,01_Clients,Clients,/sites/MigrationFileServer/Clients/CL1012_Fromagerie_Bellecombe/03_Factures/2025/Facture_CL1012_202512.pdf,Facture_CL1012_202512.pdf,.pdf,1705,2025-05-12T10:00:00,2025-12-11T10:00:00,False,False,106,106,4,,E66AB0B957ABF72A872A6B068D9F27AB3A7FC9FAC4CBB852E48388E8143FA347
\\DEMO-SRV01\FileServer\01_Clients\CL1012_Fromagerie_Bellecombe\03_Factures\2026\Facture_CL1012_202605.pdf,C:\DemoMigration\FileServer\01_Clients\CL1012_Fromagerie_Bellecombe\03_Factures\2026\Facture_CL1012_202605.pdf,01_Clients\CL1012_Fromagerie_Bellecombe\03_Factures\2026\Facture_CL1012_202605.pdf,01_Clients,Clients,/sites/MigrationFileServer/Clients/CL1012_Fromagerie_Bellecombe/03_Factures/2026/Facture_CL1012_202605.pdf,Facture_CL1012_202605.pdf,.pdf,1704,2025-04-19T10:00:00,2026-05-21T10:00:00,False,False,106,106,4,,C1487042C347EB86CDEED80648540A755D13BE5FFABFAB2DE7F7A5C57974DD06
\\DEMO-SRV01\FileServer\01_Clients\CL1012_Fromagerie_Bellecombe\03_Factures\2026\Facture_CL1012_202607.pdf,C:\DemoMigration\FileServer\01_Clients\CL1012_Fromagerie_Bellecombe\03_Factures\2026\Facture_CL1012_202607.pdf,01_Clients\CL1012_Fromagerie_Bellecombe\03_Factures\2026\Facture_CL1012_202607.pdf,01_Clients,Clients,/sites/MigrationFileServer/Clients/CL1012_Fromagerie_Bellecombe/03_Factures/2026/Facture_CL1012_202607.pdf,Facture_CL1012_202607.pdf,.pdf,1707,2025-08-28T10:00:00,2026-07-16T10:00:00,False,False,106,106,4,,F81A79F6B24DD771AA7EC035D3C9F7C521E32382D068258D83C23C20519AC3D3
\\DEMO-SRV01\FileServer\01_Clients\CL1012_Fromagerie_Bellecombe\04_Correspondance\Echange_01.eml.txt,C:\DemoMigration\FileServer\01_Clients\CL1012_Fromagerie_Bellecombe\04_Correspondance\Echange_01.eml.txt,01_Clients\CL1012_Fromagerie_Bellecombe\04_Correspondance\Echange_01.eml.txt,01_Clients,Clients,/sites/MigrationFileServer/Clients/CL1012_Fromagerie_Bellecombe/04_Correspondance/Echange_01.eml.txt,Echange_01.eml.txt,.txt,106,2024-06-13T22:40:34,2024-10-15T22:40:34,False,False,100,100,3,,7C24996F95CB79E97AB2A61887E77719443247304ED1C485681F0C3401D4AE48
\\DEMO-SRV01\FileServer\01_Clients\CL1012_Fromagerie_Bellecombe\04_Correspondance\Echange_02.eml.txt,C:\DemoMigration\FileServer\01_Clients\CL1012_Fromagerie_Bellecombe\04_Correspondance\Echange_02.eml.txt,01_Clients\CL1012_Fromagerie_Bellecombe\04_Correspondance\Echange_02.eml.txt,01_Clients,Clients,/sites/MigrationFileServer/Clients/CL1012_Fromagerie_Bellecombe/04_Correspondance/Echange_02.eml.txt,Echange_02.eml.txt,.txt,106,2024-10-21T10:37:30,2024-12-16T10:37:30,False,False,100,100,3,,772535B84BFEEFE8247D93467FEBF400E2DB52C7563E9B9CCD18449018D2CBD5
\\DEMO-SRV01\FileServer\01_Clients\CL1012_Fromagerie_Bellecombe\04_Correspondance\Echange_03.eml.txt,C:\DemoMigration\FileServer\01_Clients\CL1012_Fromagerie_Bellecombe\04_Correspondance\Echange_03.eml.txt,01_Clients\CL1012_Fromagerie_Bellecombe\04_Correspondance\Echange_03.eml.txt,01_Clients,Clients,/sites/MigrationFileServer/Clients/CL1012_Fromagerie_Bellecombe/04_Correspondance/Echange_03.eml.txt,Echange_03.eml.txt,.txt,106,2022-04-25T06:13:09,2022-10-02T06:13:09,False,False,100,100,3,,D9989FF8ED723561F41BA1FCE99A0DEFCC2B7AA9BD1B936F626A03FE454713B8
\\DEMO-SRV01\FileServer\01_Clients\CL1012_Fromagerie_Bellecombe\04_Correspondance\Echange_04.eml.txt,C:\DemoMigration\FileServer\01_Clients\CL1012_Fromagerie_Bellecombe\04_Correspondance\Echange_04.eml.txt,01_Clients\CL1012_Fromagerie_Bellecombe\04_Correspondance\Echange_04.eml.txt,01_Clients,Clients,/sites/MigrationFileServer/Clients/CL1012_Fromagerie_Bellecombe/04_Correspondance/Echange_04.eml.txt,Echange_04.eml.txt,.txt,106,2021-07-19T00:32:15,2022-07-07T00:32:15,False,False,100,100,3,,C41CCB0B29F44319B3A01478B2BC23EEABB3F09B5FBF5BE747389CF92A28C5E1
\\DEMO-SRV01\FileServer\01_Clients\CL1012_Fromagerie_Bellecombe\05_Projets\Deploiement_Teams\Compte_rendu_COPIL.docx,C:\DemoMigration\FileServer\01_Clients\CL1012_Fromagerie_Bellecombe\05_Projets\Deploiement_Teams\Compte_rendu_COPIL.docx,01_Clients\CL1012_Fromagerie_Bellecombe\05_Projets\Deploiement_Teams\Compte_rendu_COPIL.docx,01_Clients,Clients,/sites/MigrationFileServer/Clients/CL1012_Fromagerie_Bellecombe/05_Projets/Deploiement_Teams/Compte_rendu_COPIL.docx,Compte_rendu_COPIL.docx,.docx,36732,2025-03-04T00:53:08,2025-07-08T00:53:08,False,False,116,116,4,,B87BC987F504B5C6B293BD76037B21D753542C41F584EAA09B6831CB94141CD5
\\DEMO-SRV01\FileServer\01_Clients\CL1012_Fromagerie_Bellecombe\05_Projets\Deploiement_Teams\Planning_Deploiement_Teams.xlsx,C:\DemoMigration\FileServer\01_Clients\CL1012_Fromagerie_Bellecombe\05_Projets\Deploiement_Teams\Planning_Deploiement_Teams.xlsx,01_Clients\CL1012_Fromagerie_Bellecombe\05_Projets\Deploiement_Teams\Planning_Deploiement_Teams.xlsx,01_Clients,Clients,/sites/MigrationFileServer/Clients/CL1012_Fromagerie_Bellecombe/05_Projets/Deploiement_Teams/Planning_Deploiement_Teams.xlsx,Planning_Deploiement_Teams.xlsx,.xlsx,5139,2025-01-01T02:35:04,2025-11-09T02:35:04,False,False,124,124,4,,86C702C52669622FE80EFD873E82601B9E5E266C1162B06C77964CF8358A0E6E
\\DEMO-SRV01\FileServer\01_Clients\CL1012_Fromagerie_Bellecombe\05_Projets\Deploiement_Teams\Presentation_lancement_Deploiement_Teams.pptx,C:\DemoMigration\FileServer\01_Clients\CL1012_Fromagerie_Bellecombe\05_Projets\Deploiement_Teams\Presentation_lancement_Deploiement_Teams.pptx,01_Clients\CL1012_Fromagerie_Bellecombe\05_Projets\Deploiement_Teams\Presentation_lancement_Deploiement_Teams.pptx,01_Clients,Clients,/sites/MigrationFileServer/Clients/CL1012_Fromagerie_Bellecombe/05_Projets/Deploiement_Teams/Presentation_lancement_Deploiement_Teams.pptx,Presentation_lancement_Deploiement_Teams.pptx,.pptx,29174,2025-03-17T05:36:48,2025-12-21T05:36:48,False,False,138,138,4,,C1F8921666E38929C619A58F092380BF18DEEE2B0603DEECE959273FB0F5D106
\\DEMO-SRV01\FileServer\01_Clients\CL1012_Fromagerie_Bellecombe\05_Projets\Migration_ERP\Compte_rendu_COPIL.docx,C:\DemoMigration\FileServer\01_Clients\CL1012_Fromagerie_Bellecombe\05_Projets\Migration_ERP\Compte_rendu_COPIL.docx,01_Clients\CL1012_Fromagerie_Bellecombe\05_Projets\Migration_ERP\Compte_rendu_COPIL.docx,01_Clients,Clients,/sites/MigrationFileServer/Clients/CL1012_Fromagerie_Bellecombe/05_Projets/Migration_ERP/Compte_rendu_COPIL.docx,Compte_rendu_COPIL.docx,.docx,36731,2026-04-27T01:48:07,2026-07-24T01:48:07,False,False,112,112,4,,E2F39FBE929A31A4D14F63BF0F2428D40A741394BABAE797E1D57C4340535689
\\DEMO-SRV01\FileServer\01_Clients\CL1012_Fromagerie_Bellecombe\05_Projets\Migration_ERP\Planning_Migration_ERP.xlsx,C:\DemoMigration\FileServer\01_Clients\CL1012_Fromagerie_Bellecombe\05_Projets\Migration_ERP\Planning_Migration_ERP.xlsx,01_Clients\CL1012_Fromagerie_Bellecombe\05_Projets\Migration_ERP\Planning_Migration_ERP.xlsx,01_Clients,Clients,/sites/MigrationFileServer/Clients/CL1012_Fromagerie_Bellecombe/05_Projets/Migration_ERP/Planning_Migration_ERP.xlsx,Planning_Migration_ERP.xlsx,.xlsx,5132,2025-09-05T05:40:52,2026-05-07T05:40:52,False,False,116,116,4,,B62A7C9405751FFFD38088A07EC9AB6946AB11260D444EA9F040909C14E0A631
\\DEMO-SRV01\FileServer\01_Clients\CL1012_Fromagerie_Bellecombe\05_Projets\Migration_ERP\Presentation_lancement_Migration_ERP.pptx,C:\DemoMigration\FileServer\01_Clients\CL1012_Fromagerie_Bellecombe\05_Projets\Migration_ERP\Presentation_lancement_Migration_ERP.pptx,01_Clients\CL1012_Fromagerie_Bellecombe\05_Projets\Migration_ERP\Presentation_lancement_Migration_ERP.pptx,01_Clients,Clients,/sites/MigrationFileServer/Clients/CL1012_Fromagerie_Bellecombe/05_Projets/Migration_ERP/Presentation_lancement_Migration_ERP.pptx,Presentation_lancement_Migration_ERP.pptx,.pptx,29176,2025-08-15T11:23:18,2026-08-26T11:23:18,False,False,130,130,4,,F61FFB8D4B09F55BC0BB27452E9E25A5D548F452D7A047A3DFC32EA17F1AE1EE
\\DEMO-SRV01\FileServer\01_Clients\CL1013_BTP_Rhône_Ouvrages\01_Contrats\Contrat_cadre_CL1013_2019.docx,C:\DemoMigration\FileServer\01_Clients\CL1013_BTP_Rhône_Ouvrages\01_Contrats\Contrat_cadre_CL1013_2019.docx,01_Clients\CL1013_BTP_Rhône_Ouvrages\01_Contrats\Contrat_cadre_CL1013_2019.docx,01_Clients,Clients,/sites/MigrationFileServer/Clients/CL1013_BTP_Rhône_Ouvrages/01_Contrats/Contrat_cadre_CL1013_2019.docx,Contrat_cadre_CL1013_2019.docx,.docx,36786,2019-03-06T17:44:40,2019-08-05T17:44:40,False,False,103,103,3,,331C9275F1CC1594843042994D1C3C3826BA91991FB207D73A0AC471F7AD571D
\\DEMO-SRV01\FileServer\01_Clients\CL1013_BTP_Rhône_Ouvrages\01_Contrats\Contrat_cadre_CL1013_2019_signe.pdf,C:\DemoMigration\FileServer\01_Clients\CL1013_BTP_Rhône_Ouvrages\01_Contrats\Contrat_cadre_CL1013_2019_signe.pdf,01_Clients\CL1013_BTP_Rhône_Ouvrages\01_Contrats\Contrat_cadre_CL1013_2019_signe.pdf,01_Clients,Clients,/sites/MigrationFileServer/Clients/CL1013_BTP_Rhône_Ouvrages/01_Contrats/Contrat_cadre_CL1013_2019_signe.pdf,Contrat_cadre_CL1013_2019_signe.pdf,.pdf,1659,2019-07-13T11:51:54,2019-10-27T11:51:54,False,False,108,108,3,,F1BAD101061582099FEEC67513B56CED5DB2A741B7706D8E306BEC2C51F69DE4
\\DEMO-SRV01\FileServer\01_Clients\CL1013_BTP_Rhône_Ouvrages\02_Devis\Devis_CL1013_2023-02.docx,C:\DemoMigration\FileServer\01_Clients\CL1013_BTP_Rhône_Ouvrages\02_Devis\Devis_CL1013_2023-02.docx,01_Clients\CL1013_BTP_Rhône_Ouvrages\02_Devis\Devis_CL1013_2023-02.docx,01_Clients,Clients,/sites/MigrationFileServer/Clients/CL1013_BTP_Rhône_Ouvrages/02_Devis/Devis_CL1013_2023-02.docx,Devis_CL1013_2023-02.docx,.docx,36749,2023-03-02T18:34:35,2023-09-20T18:34:35,False,False,95,95,3,,86F95F728670E3C57DBFC3795B1877A89EDD810C3A09FF55109CF05EB3591B81
\\DEMO-SRV01\FileServer\01_Clients\CL1013_BTP_Rhône_Ouvrages\02_Devis\Devis_CL1013_2024-03.docx,C:\DemoMigration\FileServer\01_Clients\CL1013_BTP_Rhône_Ouvrages\02_Devis\Devis_CL1013_2024-03.docx,01_Clients\CL1013_BTP_Rhône_Ouvrages\02_Devis\Devis_CL1013_2024-03.docx,01_Clients,Clients,/sites/MigrationFileServer/Clients/CL1013_BTP_Rhône_Ouvrages/02_Devis/Devis_CL1013_2024-03.docx,Devis_CL1013_2024-03.docx,.docx,36748,2024-03-12T16:54:32,2024-04-21T16:54:32,False,False,95,95,3,,C2934FECF0DC4ACF681D8331621A9EEF3314ABB880B80A0029B23A945FE585AE
\\DEMO-SRV01\FileServer\01_Clients\CL1013_BTP_Rhône_Ouvrages\02_Devis\Devis_CL1013_2024-04.docx,C:\DemoMigration\FileServer\01_Clients\CL1013_BTP_Rhône_Ouvrages\02_Devis\Devis_CL1013_2024-04.docx,01_Clients\CL1013_BTP_Rhône_Ouvrages\02_Devis\Devis_CL1013_2024-04.docx,01_Clients,Clients,/sites/MigrationFileServer/Clients/CL1013_BTP_Rhône_Ouvrages/02_Devis/Devis_CL1013_2024-04.docx,Devis_CL1013_2024-04.docx,.docx,36746,2024-07-06T05:41:58,2024-10-17T05:41:58,False,False,95,95,3,,F54F123A0E2F6B0BC5F032187005FFD7D0002A485A709EA3D97CB41AD1D553B5
\\DEMO-SRV01\FileServer\01_Clients\CL1013_BTP_Rhône_Ouvrages\02_Devis\Devis_CL1013_2026-01.docx,C:\DemoMigration\FileServer\01_Clients\CL1013_BTP_Rhône_Ouvrages\02_Devis\Devis_CL1013_2026-01.docx,01_Clients\CL1013_BTP_Rhône_Ouvrages\02_Devis\Devis_CL1013_2026-01.docx,01_Clients,Clients,/sites/MigrationFileServer/Clients/CL1013_BTP_Rhône_Ouvrages/02_Devis/Devis_CL1013_2026-01.docx,Devis_CL1013_2026-01.docx,.docx,36751,2025-08-02T16:07:22,2026-08-06T16:07:22,False,False,95,95,3,,BB46A109604E171115FC1ACD0202DAC87B6B931F3A2F5F2A5CA8094250DB3E05
\\DEMO-SRV01\FileServer\01_Clients\CL1013_BTP_Rhône_Ouvrages\03_Factures\2024\Facture_CL1013_202402.pdf,C:\DemoMigration\FileServer\01_Clients\CL1013_BTP_Rhône_Ouvrages\03_Factures\2024\Facture_CL1013_202402.pdf,01_Clients\CL1013_BTP_Rhône_Ouvrages\03_Factures\2024\Facture_CL1013_202402.pdf,01_Clients,Clients,/sites/MigrationFileServer/Clients/CL1013_BTP_Rhône_Ouvrages/03_Factures/2024/Facture_CL1013_202402.pdf,Facture_CL1013_202402.pdf,.pdf,1707,2023-03-31T10:00:00,2024-02-09T10:00:00,False,False,103,103,4,,C4238A8CEA753CF12E6BCD411DCD58DD64439AC016E969D216659A0ED9D9CF3B
\\DEMO-SRV01\FileServer\01_Clients\CL1013_BTP_Rhône_Ouvrages\03_Factures\2024\Facture_CL1013_202404.pdf,C:\DemoMigration\FileServer\01_Clients\CL1013_BTP_Rhône_Ouvrages\03_Factures\2024\Facture_CL1013_202404.pdf,01_Clients\CL1013_BTP_Rhône_Ouvrages\03_Factures\2024\Facture_CL1013_202404.pdf,01_Clients,Clients,/sites/MigrationFileServer/Clients/CL1013_BTP_Rhône_Ouvrages/03_Factures/2024/Facture_CL1013_202404.pdf,Facture_CL1013_202404.pdf,.pdf,1710,2023-12-20T10:00:00,2024-04-17T10:00:00,False,False,103,103,4,,025E09856109E5434BD9CCE9BB6C05D8DC8D4CA7349209D5439E80FEF30A84E6
\\DEMO-SRV01\FileServer\01_Clients\CL1013_BTP_Rhône_Ouvrages\03_Factures\2024\Facture_CL1013_202405.pdf,C:\DemoMigration\FileServer\01_Clients\CL1013_BTP_Rhône_Ouvrages\03_Factures\2024\Facture_CL1013_202405.pdf,01_Clients\CL1013_BTP_Rhône_Ouvrages\03_Factures\2024\Facture_CL1013_202405.pdf,01_Clients,Clients,/sites/MigrationFileServer/Clients/CL1013_BTP_Rhône_Ouvrages/03_Factures/2024/Facture_CL1013_202405.pdf,Facture_CL1013_202405.pdf,.pdf,1709,2023-06-10T10:00:00,2024-05-23T10:00:00,False,False,103,103,4,,2F3C672B9855EFEAB3CF292F1444D3454E5BC3E5226353EAC4EE7B9A0E7EFFA3
\\DEMO-SRV01\FileServer\01_Clients\CL1013_BTP_Rhône_Ouvrages\03_Factures\2024\Facture_CL1013_202407.pdf,C:\DemoMigration\FileServer\01_Clients\CL1013_BTP_Rhône_Ouvrages\03_Factures\2024\Facture_CL1013_202407.pdf,01_Clients\CL1013_BTP_Rhône_Ouvrages\03_Factures\2024\Facture_CL1013_202407.pdf,01_Clients,Clients,/sites/MigrationFileServer/Clients/CL1013_BTP_Rhône_Ouvrages/03_Factures/2024/Facture_CL1013_202407.pdf,Facture_CL1013_202407.pdf,.pdf,1710,2023-11-06T10:00:00,2024-07-06T10:00:00,False,False,103,103,4,,6311C08AE63069575A35E40B67351008E102905DAF0ADA43757BD506AFE45F23
\\DEMO-SRV01\FileServer\01_Clients\CL1013_BTP_Rhône_Ouvrages\03_Factures\2024\Facture_CL1013_202408.pdf,C:\DemoMigration\FileServer\01_Clients\CL1013_BTP_Rhône_Ouvrages\03_Factures\2024\Facture_CL1013_202408.pdf,01_Clients\CL1013_BTP_Rhône_Ouvrages\03_Factures\2024\Facture_CL1013_202408.pdf,01_Clients,Clients,/sites/MigrationFileServer/Clients/CL1013_BTP_Rhône_Ouvrages/03_Factures/2024/Facture_CL1013_202408.pdf,Facture_CL1013_202408.pdf,.pdf,1707,2023-09-15T10:00:00,2024-08-10T10:00:00,False,False,103,103,4,,A80E73B90AF8DC31BEC188BA551484BD8E0F0844CF273C9AA7DDBA9483C22C41
\\DEMO-SRV01\FileServer\01_Clients\CL1013_BTP_Rhône_Ouvrages\03_Factures\2024\Facture_CL1013_202409.pdf,C:\DemoMigration\FileServer\01_Clients\CL1013_BTP_Rhône_Ouvrages\03_Factures\2024\Facture_CL1013_202409.pdf,01_Clients\CL1013_BTP_Rhône_Ouvrages\03_Factures\2024\Facture_CL1013_202409.pdf,01_Clients,Clients,/sites/MigrationFileServer/Clients/CL1013_BTP_Rhône_Ouvrages/03_Factures/2024/Facture_CL1013_202409.pdf,Facture_CL1013_202409.pdf,.pdf,1709,2023-12-23T10:00:00,2024-09-21T10:00:00,False,False,103,103,4,,520E8E8B1432BAAFF3C3797295A9430A410C10802046EC3F44BF70D11FCE28AD
\\DEMO-SRV01\FileServer\01_Clients\CL1013_BTP_Rhône_Ouvrages\03_Factures\2024\Facture_CL1013_202412.pdf,C:\DemoMigration\FileServer\01_Clients\CL1013_BTP_Rhône_Ouvrages\03_Factures\2024\Facture_CL1013_202412.pdf,01_Clients\CL1013_BTP_Rhône_Ouvrages\03_Factures\2024\Facture_CL1013_202412.pdf,01_Clients,Clients,/sites/MigrationFileServer/Clients/CL1013_BTP_Rhône_Ouvrages/03_Factures/2024/Facture_CL1013_202412.pdf,Facture_CL1013_202412.pdf,.pdf,1710,2024-09-15T10:00:00,2024-12-14T10:00:00,False,False,103,103,4,,F6A620E88B73F1530068731832BDC00668F58BBB7EEBF40DE646C0D6E9D742B3
\\DEMO-SRV01\FileServer\01_Clients\CL1013_BTP_Rhône_Ouvrages\03_Factures\2025\Facture_CL1013_202502.pdf,C:\DemoMigration\FileServer\01_Clients\CL1013_BTP_Rhône_Ouvrages\03_Factures\2025\Facture_CL1013_202502.pdf,01_Clients\CL1013_BTP_Rhône_Ouvrages\03_Factures\2025\Facture_CL1013_202502.pdf,01_Clients,Clients,/sites/MigrationFileServer/Clients/CL1013_BTP_Rhône_Ouvrages/03_Factures/2025/Facture_CL1013_202502.pdf,Facture_CL1013_202502.pdf,.pdf,1712,2024-02-09T10:00:00,2025-02-26T10:00:00,False,False,103,103,4,,AF44F1511BCF26A356D90A07B7E70A584E24317A8CD9C365D7F2699A5E3B02E9
\\DEMO-SRV01\FileServer\01_Clients\CL1013_BTP_Rhône_Ouvrages\03_Factures\2025\Facture_CL1013_202506.pdf,C:\DemoMigration\FileServer\01_Clients\CL1013_BTP_Rhône_Ouvrages\03_Factures\2025\Facture_CL1013_202506.pdf,01_Clients\CL1013_BTP_Rhône_Ouvrages\03_Factures\2025\Facture_CL1013_202506.pdf,01_Clients,Clients,/sites/MigrationFileServer/Clients/CL1013_BTP_Rhône_Ouvrages/03_Factures/2025/Facture_CL1013_202506.pdf,Facture_CL1013_202506.pdf,.pdf,1710,2024-12-15T10:00:00,2025-06-04T10:00:00,False,False,103,103,4,,9D350ECCF0445BDB8847BF81B113D09D668CA96483BBBF26A781241EE6B1C00A
\\DEMO-SRV01\FileServer\01_Clients\CL1013_BTP_Rhône_Ouvrages\03_Factures\2025\Facture_CL1013_202507.pdf,C:\DemoMigration\FileServer\01_Clients\CL1013_BTP_Rhône_Ouvrages\03_Factures\2025\Facture_CL1013_202507.pdf,01_Clients\CL1013_BTP_Rhône_Ouvrages\03_Factures\2025\Facture_CL1013_202507.pdf,01_Clients,Clients,/sites/MigrationFileServer/Clients/CL1013_BTP_Rhône_Ouvrages/03_Factures/2025/Facture_CL1013_202507.pdf,Facture_CL1013_202507.pdf,.pdf,1710,2025-05-11T10:00:00,2025-07-18T10:00:00,False,False,103,103,4,,0900135BEB456A62A3DD664CB2B3358EFE477191BD0C166E10C19E69A4DE895A
\\DEMO-SRV01\FileServer\01_Clients\CL1013_BTP_Rhône_Ouvrages\03_Factures\2025\Facture_CL1013_202509.pdf,C:\DemoMigration\FileServer\01_Clients\CL1013_BTP_Rhône_Ouvrages\03_Factures\2025\Facture_CL1013_202509.pdf,01_Clients\CL1013_BTP_Rhône_Ouvrages\03_Factures\2025\Facture_CL1013_202509.pdf,01_Clients,Clients,/sites/MigrationFileServer/Clients/CL1013_BTP_Rhône_Ouvrages/03_Factures/2025/Facture_CL1013_202509.pdf,Facture_CL1013_202509.pdf,.pdf,1709,2024-08-26T10:00:00,2025-09-04T10:00:00,False,False,103,103,4,,4655CF09A31E46EBD0742EF1ABAE6CB43DDB506AB775172D72A20A08490E106F
\\DEMO-SRV01\FileServer\01_Clients\CL1013_BTP_Rhône_Ouvrages\03_Factures\2025\Facture_CL1013_202510.pdf,C:\DemoMigration\FileServer\01_Clients\CL1013_BTP_Rhône_Ouvrages\03_Factures\2025\Facture_CL1013_202510.pdf,01_Clients\CL1013_BTP_Rhône_Ouvrages\03_Factures\2025\Facture_CL1013_202510.pdf,01_Clients,Clients,/sites/MigrationFileServer/Clients/CL1013_BTP_Rhône_Ouvrages/03_Factures/2025/Facture_CL1013_202510.pdf,Facture_CL1013_202510.pdf,.pdf,1709,2025-04-17T10:00:00,2025-10-06T10:00:00,False,False,103,103,4,,08A53C5D95A808C742C13704E31E02B16FCB116721045882E281B63D51BA1760
\\DEMO-SRV01\FileServer\01_Clients\CL1013_BTP_Rhône_Ouvrages\03_Factures\2026\Facture_CL1013_202602.pdf,C:\DemoMigration\FileServer\01_Clients\CL1013_BTP_Rhône_Ouvrages\03_Factures\2026\Facture_CL1013_202602.pdf,01_Clients\CL1013_BTP_Rhône_Ouvrages\03_Factures\2026\Facture_CL1013_202602.pdf,01_Clients,Clients,/sites/MigrationFileServer/Clients/CL1013_BTP_Rhône_Ouvrages/03_Factures/2026/Facture_CL1013_202602.pdf,Facture_CL1013_202602.pdf,.pdf,1712,2025-05-26T10:00:00,2026-02-13T10:00:00,False,False,103,103,4,,6EED7AA058EA2F08646A4A8D7A55106DA63F4C4C9F039AA681F2270B55DA5D2E
\\DEMO-SRV01\FileServer\01_Clients\CL1013_BTP_Rhône_Ouvrages\03_Factures\2026\Facture_CL1013_202603.pdf,C:\DemoMigration\FileServer\01_Clients\CL1013_BTP_Rhône_Ouvrages\03_Factures\2026\Facture_CL1013_202603.pdf,01_Clients\CL1013_BTP_Rhône_Ouvrages\03_Factures\2026\Facture_CL1013_202603.pdf,01_Clients,Clients,/sites/MigrationFileServer/Clients/CL1013_BTP_Rhône_Ouvrages/03_Factures/2026/Facture_CL1013_202603.pdf,Facture_CL1013_202603.pdf,.pdf,1709,2025-12-23T10:00:00,2026-03-04T10:00:00,False,False,103,103,4,,60722EA1F2352167683FB4AE282153A93AA161131B676D4721C98816188AAADE
\\DEMO-SRV01\FileServer\01_Clients\CL1013_BTP_Rhône_Ouvrages\03_Factures\2026\Facture_CL1013_202604.pdf,C:\DemoMigration\FileServer\01_Clients\CL1013_BTP_Rhône_Ouvrages\03_Factures\2026\Facture_CL1013_202604.pdf,01_Clients\CL1013_BTP_Rhône_Ouvrages\03_Factures\2026\Facture_CL1013_202604.pdf,01_Clients,Clients,/sites/MigrationFileServer/Clients/CL1013_BTP_Rhône_Ouvrages/03_Factures/2026/Facture_CL1013_202604.pdf,Facture_CL1013_202604.pdf,.pdf,1709,2025-12-02T10:00:00,2026-04-01T10:00:00,False,False,103,103,4,,F8D4B872B98B88BF1C2647CBF105E1B545F76A74E81C15ACAC4920BA10FFA3C0
\\DEMO-SRV01\FileServer\01_Clients\CL1013_BTP_Rhône_Ouvrages\03_Factures\2026\Facture_CL1013_202605.pdf,C:\DemoMigration\FileServer\01_Clients\CL1013_BTP_Rhône_Ouvrages\03_Factures\2026\Facture_CL1013_202605.pdf,01_Clients\CL1013_BTP_Rhône_Ouvrages\03_Factures\2026\Facture_CL1013_202605.pdf,01_Clients,Clients,/sites/MigrationFileServer/Clients/CL1013_BTP_Rhône_Ouvrages/03_Factures/2026/Facture_CL1013_202605.pdf,Facture_CL1013_202605.pdf,.pdf,1708,2025-05-06T10:00:00,2026-05-11T10:00:00,False,False,103,103,4,,02A55302AE940FB6A636F7D8FF37A79F8D011298948CE5B3C67BACB4893AB6C4
\\DEMO-SRV01\FileServer\01_Clients\CL1013_BTP_Rhône_Ouvrages\03_Factures\2026\Facture_CL1013_202607.pdf,C:\DemoMigration\FileServer\01_Clients\CL1013_BTP_Rhône_Ouvrages\03_Factures\2026\Facture_CL1013_202607.pdf,01_Clients\CL1013_BTP_Rhône_Ouvrages\03_Factures\2026\Facture_CL1013_202607.pdf,01_Clients,Clients,/sites/MigrationFileServer/Clients/CL1013_BTP_Rhône_Ouvrages/03_Factures/2026/Facture_CL1013_202607.pdf,Facture_CL1013_202607.pdf,.pdf,1709,2026-05-09T10:00:00,2026-07-08T10:00:00,False,False,103,103,4,,0E20241C5291F59BAE47C4B22774153DF613435359B77D62B3C2907823032062
\\DEMO-SRV01\FileServer\01_Clients\CL1013_BTP_Rhône_Ouvrages\03_Factures\2026\Facture_CL1013_202608.pdf,C:\DemoMigration\FileServer\01_Clients\CL1013_BTP_Rhône_Ouvrages\03_Factures\2026\Facture_CL1013_202608.pdf,01_Clients\CL1013_BTP_Rhône_Ouvrages\03_Factures\2026\Facture_CL1013_202608.pdf,01_Clients,Clients,/sites/MigrationFileServer/Clients/CL1013_BTP_Rhône_Ouvrages/03_Factures/2026/Facture_CL1013_202608.pdf,Facture_CL1013_202608.pdf,.pdf,1710,2025-08-27T10:00:00,2026-08-22T10:00:00,False,False,103,103,4,,C3DAF9EAF56D50DE16FD35F9B06F6780740E8BDD8F52F5E3500B593DE89A91C6
\\DEMO-SRV01\FileServer\01_Clients\CL1013_BTP_Rhône_Ouvrages\04_Correspondance\Echange_01.eml.txt,C:\DemoMigration\FileServer\01_Clients\CL1013_BTP_Rhône_Ouvrages\04_Correspondance\Echange_01.eml.txt,01_Clients\CL1013_BTP_Rhône_Ouvrages\04_Correspondance\Echange_01.eml.txt,01_Clients,Clients,/sites/MigrationFileServer/Clients/CL1013_BTP_Rhône_Ouvrages/04_Correspondance/Echange_01.eml.txt,Echange_01.eml.txt,.txt,106,2024-01-08T09:46:05,2024-06-07T09:46:05,False,False,97,97,3,,EFB8F13C163798524DBFE57A212495D357D9F580D4E1A0134773BDAC9C536F90
\\DEMO-SRV01\FileServer\01_Clients\CL1013_BTP_Rhône_Ouvrages\04_Correspondance\Echange_02.eml.txt,C:\DemoMigration\FileServer\01_Clients\CL1013_BTP_Rhône_Ouvrages\04_Correspondance\Echange_02.eml.txt,01_Clients\CL1013_BTP_Rhône_Ouvrages\04_Correspondance\Echange_02.eml.txt,01_Clients,Clients,/sites/MigrationFileServer/Clients/CL1013_BTP_Rhône_Ouvrages/04_Correspondance/Echange_02.eml.txt,Echange_02.eml.txt,.txt,106,2020-07-28T03:42:46,2020-11-17T03:42:46,False,False,97,97,3,,AF5DD79A6BE730F6780137EC21ED49E0AE46FD5E1E483B3CED916E4D54F491FB
\\DEMO-SRV01\FileServer\01_Clients\CL1013_BTP_Rhône_Ouvrages\04_Correspondance\Echange_03.eml.txt,C:\DemoMigration\FileServer\01_Clients\CL1013_BTP_Rhône_Ouvrages\04_Correspondance\Echange_03.eml.txt,01_Clients\CL1013_BTP_Rhône_Ouvrages\04_Correspondance\Echange_03.eml.txt,01_Clients,Clients,/sites/MigrationFileServer/Clients/CL1013_BTP_Rhône_Ouvrages/04_Correspondance/Echange_03.eml.txt,Echange_03.eml.txt,.txt,106,2022-11-08T15:49:36,2023-01-25T15:49:36,False,False,97,97,3,,46AA35D44FBF33FF74BB6FE6624A51B8EEF26BA98892FBA1BF06AB0EE8E297CB
\\DEMO-SRV01\FileServer\01_Clients\CL1013_BTP_Rhône_Ouvrages\05_Projets\Audit_securite\Compte_rendu_COPIL.docx,C:\DemoMigration\FileServer\01_Clients\CL1013_BTP_Rhône_Ouvrages\05_Projets\Audit_securite\Compte_rendu_COPIL.docx,01_Clients\CL1013_BTP_Rhône_Ouvrages\05_Projets\Audit_securite\Compte_rendu_COPIL.docx,01_Clients,Clients,/sites/MigrationFileServer/Clients/CL1013_BTP_Rhône_Ouvrages/05_Projets/Audit_securite/Compte_rendu_COPIL.docx,Compte_rendu_COPIL.docx,.docx,36732,2024-06-07T04:43:31,2025-02-28T04:43:31,False,False,110,110,4,,B738B466A1444E5530C5DA1FC500442FE487E28D42426DB64BDAECC9481DA956
\\DEMO-SRV01\FileServer\01_Clients\CL1013_BTP_Rhône_Ouvrages\05_Projets\Audit_securite\Planning_Audit_securite.xlsx,C:\DemoMigration\FileServer\01_Clients\CL1013_BTP_Rhône_Ouvrages\05_Projets\Audit_securite\Planning_Audit_securite.xlsx,01_Clients\CL1013_BTP_Rhône_Ouvrages\05_Projets\Audit_securite\Planning_Audit_securite.xlsx,01_Clients,Clients,/sites/MigrationFileServer/Clients/CL1013_BTP_Rhône_Ouvrages/05_Projets/Audit_securite/Planning_Audit_securite.xlsx,Planning_Audit_securite.xlsx,.xlsx,5133,2024-10-15T07:28:51,2025-07-16T07:28:51,False,False,115,115,4,,1A517756243D9467A63FCB58C15689F48156422832632C162BC06D4D20C0C43C
\\DEMO-SRV01\FileServer\01_Clients\CL1013_BTP_Rhône_Ouvrages\05_Projets\Audit_securite\Presentation_lancement_Audit_securite.pptx,C:\DemoMigration\FileServer\01_Clients\CL1013_BTP_Rhône_Ouvrages\05_Projets\Audit_securite\Presentation_lancement_Audit_securite.pptx,01_Clients\CL1013_BTP_Rhône_Ouvrages\05_Projets\Audit_securite\Presentation_lancement_Audit_securite.pptx,01_Clients,Clients,/sites/MigrationFileServer/Clients/CL1013_BTP_Rhône_Ouvrages/05_Projets/Audit_securite/Presentation_lancement_Audit_securite.pptx,Presentation_lancement_Audit_securite.pptx,.pptx,29175,2025-06-16T02:55:49,2025-07-25T02:55:49,False,False,129,129,4,,09604D990077B771DF4B77DAAD2991C42FA3411D790301DE9D0663244CC20A1B
\\DEMO-SRV01\FileServer\01_Clients\CL1013_BTP_Rhône_Ouvrages\05_Projets\Deploiement_Teams\Compte_rendu_COPIL.docx,C:\DemoMigration\FileServer\01_Clients\CL1013_BTP_Rhône_Ouvrages\05_Projets\Deploiement_Teams\Compte_rendu_COPIL.docx,01_Clients\CL1013_BTP_Rhône_Ouvrages\05_Projets\Deploiement_Teams\Compte_rendu_COPIL.docx,01_Clients,Clients,/sites/MigrationFileServer/Clients/CL1013_BTP_Rhône_Ouvrages/05_Projets/Deploiement_Teams/Compte_rendu_COPIL.docx,Compte_rendu_COPIL.docx,.docx,36731,2025-03-12T02:12:30,2025-12-06T02:12:30,False,False,113,113,4,,EE86905576AF40C5C16EF7C8C868F13BA468042EDC1CD6A474F2A7DB0AEC3C44
\\DEMO-SRV01\FileServer\01_Clients\CL1013_BTP_Rhône_Ouvrages\05_Projets\Deploiement_Teams\Planning_Deploiement_Teams.xlsx,C:\DemoMigration\FileServer\01_Clients\CL1013_BTP_Rhône_Ouvrages\05_Projets\Deploiement_Teams\Planning_Deploiement_Teams.xlsx,01_Clients\CL1013_BTP_Rhône_Ouvrages\05_Projets\Deploiement_Teams\Planning_Deploiement_Teams.xlsx,01_Clients,Clients,/sites/MigrationFileServer/Clients/CL1013_BTP_Rhône_Ouvrages/05_Projets/Deploiement_Teams/Planning_Deploiement_Teams.xlsx,Planning_Deploiement_Teams.xlsx,.xlsx,5135,2024-06-06T02:32:41,2025-04-07T02:32:41,False,False,121,121,4,,FFD26AF3DFBDEE354259A50F7685A1139CFB08303F1E8DACB42B64C97040B1F0
\\DEMO-SRV01\FileServer\01_Clients\CL1013_BTP_Rhône_Ouvrages\05_Projets\Deploiement_Teams\Presentation_lancement_Deploiement_Teams.pptx,C:\DemoMigration\FileServer\01_Clients\CL1013_BTP_Rhône_Ouvrages\05_Projets\Deploiement_Teams\Presentation_lancement_Deploiement_Teams.pptx,01_Clients\CL1013_BTP_Rhône_Ouvrages\05_Projets\Deploiement_Teams\Presentation_lancement_Deploiement_Teams.pptx,01_Clients,Clients,/sites/MigrationFileServer/Clients/CL1013_BTP_Rhône_Ouvrages/05_Projets/Deploiement_Teams/Presentation_lancement_Deploiement_Teams.pptx,Presentation_lancement_Deploiement_Teams.pptx,.pptx,29174,2025-02-01T14:33:42,2025-09-30T14:33:42,False,False,135,135,4,,9A7C4A3549A42DE627E48F46035C55344A69B7428BF8CB6F3C319EC94EC3419C
\\DEMO-SRV01\FileServer\01_Clients\CL1014_École_Montessori_Les_Lilas\01_Contrats\Contrat_cadre_CL1014_2020.docx,C:\DemoMigration\FileServer\01_Clients\CL1014_École_Montessori_Les_Lilas\01_Contrats\Contrat_cadre_CL1014_2020.docx,01_Clients\CL1014_École_Montessori_Les_Lilas\01_Contrats\Contrat_cadre_CL1014_2020.docx,01_Clients,Clients,/sites/MigrationFileServer/Clients/CL1014_École_Montessori_Les_Lilas/01_Contrats/Contrat_cadre_CL1014_2020.docx,Contrat_cadre_CL1014_2020.docx,.docx,36790,2019-02-13T03:26:07,2020-02-15T03:26:07,False,False,111,111,3,,021419FF205D29F300B8C716889FFF616B6DC6E275891967311903A1160FEF90
\\DEMO-SRV01\FileServer\01_Clients\CL1014_École_Montessori_Les_Lilas\01_Contrats\Contrat_cadre_CL1014_2020_signe.pdf,C:\DemoMigration\FileServer\01_Clients\CL1014_École_Montessori_Les_Lilas\01_Contrats\Contrat_cadre_CL1014_2020_signe.pdf,01_Clients\CL1014_École_Montessori_Les_Lilas\01_Contrats\Contrat_cadre_CL1014_2020_signe.pdf,01_Clients,Clients,/sites/MigrationFileServer/Clients/CL1014_École_Montessori_Les_Lilas/01_Contrats/Contrat_cadre_CL1014_2020_signe.pdf,Contrat_cadre_CL1014_2020_signe.pdf,.pdf,1664,2019-11-27T11:19:49,2020-08-14T11:19:49,False,False,116,116,3,,0504E307D5133D2D99F6673EB64F7F469C4E6CD1B40CC66A81D52D850E36E85A
\\DEMO-SRV01\FileServer\01_Clients\CL1014_École_Montessori_Les_Lilas\02_Devis\Devis_CL1014_2020-02.docx,C:\DemoMigration\FileServer\01_Clients\CL1014_École_Montessori_Les_Lilas\02_Devis\Devis_CL1014_2020-02.docx,01_Clients\CL1014_École_Montessori_Les_Lilas\02_Devis\Devis_CL1014_2020-02.docx,01_Clients,Clients,/sites/MigrationFileServer/Clients/CL1014_École_Montessori_Les_Lilas/02_Devis/Devis_CL1014_2020-02.docx,Devis_CL1014_2020-02.docx,.docx,36749,2020-10-29T08:59:46,2020-11-09T08:59:46,False,False,103,103,3,,95749E9945FAC4850CA408F18BC7E172D2089335113A0F8924F2D2CC8CB16F62
\\DEMO-SRV01\FileServer\01_Clients\CL1014_École_Montessori_Les_Lilas\02_Devis\Devis_CL1014_2023-03.docx,C:\DemoMigration\FileServer\01_Clients\CL1014_École_Montessori_Les_Lilas\02_Devis\Devis_CL1014_2023-03.docx,01_Clients\CL1014_École_Montessori_Les_Lilas\02_Devis\Devis_CL1014_2023-03.docx,01_Clients,Clients,/sites/MigrationFileServer/Clients/CL1014_École_Montessori_Les_Lilas/02_Devis/Devis_CL1014_2023-03.docx,Devis_CL1014_2023-03.docx,.docx,36750,2023-09-10T15:24:05,2023-10-17T15:24:05,False,False,103,103,3,,AAAD13FBC7EB0D6258757A81B21B02D49FD25482716C7E6155006FCF787205D9
\\DEMO-SRV01\FileServer\01_Clients\CL1014_École_Montessori_Les_Lilas\02_Devis\Devis_CL1014_2026-01.docx,C:\DemoMigration\FileServer\01_Clients\CL1014_École_Montessori_Les_Lilas\02_Devis\Devis_CL1014_2026-01.docx,01_Clients\CL1014_École_Montessori_Les_Lilas\02_Devis\Devis_CL1014_2026-01.docx,01_Clients,Clients,/sites/MigrationFileServer/Clients/CL1014_École_Montessori_Les_Lilas/02_Devis/Devis_CL1014_2026-01.docx,Devis_CL1014_2026-01.docx,.docx,36745,2025-10-04T07:48:59,2026-07-19T07:48:59,False,False,103,103,3,,342E22BECBFBD1C8E278EF625D42A7A23A3B425D7E5BBE323EC56B19C0889122
\\DEMO-SRV01\FileServer\01_Clients\CL1014_École_Montessori_Les_Lilas\03_Factures\2024\Facture_CL1014_202401.pdf,C:\DemoMigration\FileServer\01_Clients\CL1014_École_Montessori_Les_Lilas\03_Factures\2024\Facture_CL1014_202401.pdf,01_Clients\CL1014_École_Montessori_Les_Lilas\03_Factures\2024\Facture_CL1014_202401.pdf,01_Clients,Clients,/sites/MigrationFileServer/Clients/CL1014_École_Montessori_Les_Lilas/03_Factures/2024/Facture_CL1014_202401.pdf,Facture_CL1014_202401.pdf,.pdf,1712,2023-12-04T10:00:00,2024-01-03T10:00:00,False,False,111,111,4,,A8CA0E5F09CC444E02249370D87499E0C96D403E3C805BABF7EA1D9A595F88EB
\\DEMO-SRV01\FileServer\01_Clients\CL1014_École_Montessori_Les_Lilas\03_Factures\2024\Facture_CL1014_202403.pdf,C:\DemoMigration\FileServer\01_Clients\CL1014_École_Montessori_Les_Lilas\03_Factures\2024\Facture_CL1014_202403.pdf,01_Clients\CL1014_École_Montessori_Les_Lilas\03_Factures\2024\Facture_CL1014_202403.pdf,01_Clients,Clients,/sites/MigrationFileServer/Clients/CL1014_École_Montessori_Les_Lilas/03_Factures/2024/Facture_CL1014_202403.pdf,Facture_CL1014_202403.pdf,.pdf,1712,2023-12-01T10:00:00,2024-03-02T10:00:00,False,False,111,111,4,,6ED19878340784852D781099A4D48B37BFDF72B5739CA25804DF68B5064906DF
\\DEMO-SRV01\FileServer\01_Clients\CL1014_École_Montessori_Les_Lilas\03_Factures\2024\Facture_CL1014_202408.pdf,C:\DemoMigration\FileServer\01_Clients\CL1014_École_Montessori_Les_Lilas\03_Factures\2024\Facture_CL1014_202408.pdf,01_Clients\CL1014_École_Montessori_Les_Lilas\03_Factures\2024\Facture_CL1014_202408.pdf,01_Clients,Clients,/sites/MigrationFileServer/Clients/CL1014_École_Montessori_Les_Lilas/03_Factures/2024/Facture_CL1014_202408.pdf,Facture_CL1014_202408.pdf,.pdf,1713,2024-02-02T10:00:00,2024-08-13T10:00:00,False,False,111,111,4,,9C7D602A06714620884162BFAD0A4724F6A1A280DA39261EED2CFA75D94C1090
\\DEMO-SRV01\FileServer\01_Clients\CL1014_École_Montessori_Les_Lilas\03_Factures\2024\Facture_CL1014_202409.pdf,C:\DemoMigration\FileServer\01_Clients\CL1014_École_Montessori_Les_Lilas\03_Factures\2024\Facture_CL1014_202409.pdf,01_Clients\CL1014_École_Montessori_Les_Lilas\03_Factures\2024\Facture_CL1014_202409.pdf,01_Clients,Clients,/sites/MigrationFileServer/Clients/CL1014_École_Montessori_Les_Lilas/03_Factures/2024/Facture_CL1014_202409.pdf,Facture_CL1014_202409.pdf,.pdf,1712,2024-07-16T10:00:00,2024-09-22T10:00:00,False,False,111,111,4,,61E24695D5A05D69FE57C27EA7F9B5D9C01B325F56FD8596DFA2B060B42D4DCB
\\DEMO-SRV01\FileServer\01_Clients\CL1014_École_Montessori_Les_Lilas\03_Factures\2024\Facture_CL1014_202411.pdf,C:\DemoMigration\FileServer\01_Clients\CL1014_École_Montessori_Les_Lilas\03_Factures\2024\Facture_CL1014_202411.pdf,01_Clients\CL1014_École_Montessori_Les_Lilas\03_Factures\2024\Facture_CL1014_202411.pdf,01_Clients,Clients,/sites/MigrationFileServer/Clients/CL1014_École_Montessori_Les_Lilas/03_Factures/2024/Facture_CL1014_202411.pdf,Facture_CL1014_202411.pdf,.pdf,1709,2024-09-14T10:00:00,2024-11-18T10:00:00,False,False,111,111,4,,33A6446FD3FE4AF69E40FC495BA8B17A59895469F37DBB24129B96FD137DC97F
\\DEMO-SRV01\FileServer\01_Clients\CL1014_École_Montessori_Les_Lilas\03_Factures\2025\Facture_CL1014_202501.pdf,C:\DemoMigration\FileServer\01_Clients\CL1014_École_Montessori_Les_Lilas\03_Factures\2025\Facture_CL1014_202501.pdf,01_Clients\CL1014_École_Montessori_Les_Lilas\03_Factures\2025\Facture_CL1014_202501.pdf,01_Clients,Clients,/sites/MigrationFileServer/Clients/CL1014_École_Montessori_Les_Lilas/03_Factures/2025/Facture_CL1014_202501.pdf,Facture_CL1014_202501.pdf,.pdf,1710,2024-05-09T10:00:00,2025-01-01T10:00:00,False,False,111,111,4,,911264795ED7B40BBEE77E59B3071AC057EB1A2D4C2DB2C30B5910550C81D7B6
\\DEMO-SRV01\FileServer\01_Clients\CL1014_École_Montessori_Les_Lilas\03_Factures\2025\Facture_CL1014_202503.pdf,C:\DemoMigration\FileServer\01_Clients\CL1014_École_Montessori_Les_Lilas\03_Factures\2025\Facture_CL1014_202503.pdf,01_Clients\CL1014_École_Montessori_Les_Lilas\03_Factures\2025\Facture_CL1014_202503.pdf,01_Clients,Clients,/sites/MigrationFileServer/Clients/CL1014_École_Montessori_Les_Lilas/03_Factures/2025/Facture_CL1014_202503.pdf,Facture_CL1014_202503.pdf,.pdf,1712,2024-08-04T10:00:00,2025-03-27T10:00:00,False,False,111,111,4,,4712A8B04E9CFD3335A2B48C62EA0003D9EE5CDE7C3363D302E1F1961ACF149A
\\DEMO-SRV01\FileServer\01_Clients\CL1014_École_Montessori_Les_Lilas\03_Factures\2025\Facture_CL1014_202504.pdf,C:\DemoMigration\FileServer\01_Clients\CL1014_École_Montessori_Les_Lilas\03_Factures\2025\Facture_CL1014_202504.pdf,01_Clients\CL1014_École_Montessori_Les_Lilas\03_Factures\2025\Facture_CL1014_202504.pdf,01_Clients,Clients,/sites/MigrationFileServer/Clients/CL1014_École_Montessori_Les_Lilas/03_Factures/2025/Facture_CL1014_202504.pdf,Facture_CL1014_202504.pdf,.pdf,1710,2025-04-08T10:00:00,2025-04-24T10:00:00,False,False,111,111,4,,616BF32BE47244993C4D4591F3FF772731046926359154963B55D8593B1696BD
\\DEMO-SRV01\FileServer\01_Clients\CL1014_École_Montessori_Les_Lilas\03_Factures\2025\Facture_CL1014_202506.pdf,C:\DemoMigration\FileServer\01_Clients\CL1014_École_Montessori_Les_Lilas\03_Factures\2025\Facture_CL1014_202506.pdf,01_Clients\CL1014_École_Montessori_Les_Lilas\03_Factures\2025\Facture_CL1014_202506.pdf,01_Clients,Clients,/sites/MigrationFileServer/Clients/CL1014_École_Montessori_Les_Lilas/03_Factures/2025/Facture_CL1014_202506.pdf,Facture_CL1014_202506.pdf,.pdf,1709,2025-04-28T10:00:00,2025-06-01T10:00:00,False,False,111,111,4,,F26F030940552D9500DD450158E5F0A0491A3DF2E6713F58669FFAFDFC0A3179
\\DEMO-SRV01\FileServer\01_Clients\CL1014_École_Montessori_Les_Lilas\03_Factures\2025\Facture_CL1014_202507.pdf,C:\DemoMigration\FileServer\01_Clients\CL1014_École_Montessori_Les_Lilas\03_Factures\2025\Facture_CL1014_202507.pdf,01_Clients\CL1014_École_Montessori_Les_Lilas\03_Factures\2025\Facture_CL1014_202507.pdf,01_Clients,Clients,/sites/MigrationFileServer/Clients/CL1014_École_Montessori_Les_Lilas/03_Factures/2025/Facture_CL1014_202507.pdf,Facture_CL1014_202507.pdf,.pdf,1713,2025-06-26T10:00:00,2025-07-20T10:00:00,False,False,111,111,4,,D6F6232A788481AA9CDDF3B30DB5BFCDA8A14BD523B1EA9305B8A79948C82BA5
\\DEMO-SRV01\FileServer\01_Clients\CL1014_École_Montessori_Les_Lilas\03_Factures\2025\Facture_CL1014_202508.pdf,C:\DemoMigration\FileServer\01_Clients\CL1014_École_Montessori_Les_Lilas\03_Factures\2025\Facture_CL1014_202508.pdf,01_Clients\CL1014_École_Montessori_Les_Lilas\03_Factures\2025\Facture_CL1014_202508.pdf,01_Clients,Clients,/sites/MigrationFileServer/Clients/CL1014_École_Montessori_Les_Lilas/03_Factures/2025/Facture_CL1014_202508.pdf,Facture_CL1014_202508.pdf,.pdf,1713,2025-04-26T10:00:00,2025-08-15T10:00:00,False,False,111,111,4,,B082AAE95EC6033C8F595131C09E3F21F428672A4E023FC7537FDE0FF555EB65
\\DEMO-SRV01\FileServer\01_Clients\CL1014_École_Montessori_Les_Lilas\03_Factures\2025\Facture_CL1014_202511.pdf,C:\DemoMigration\FileServer\01_Clients\CL1014_École_Montessori_Les_Lilas\03_Factures\2025\Facture_CL1014_202511.pdf,01_Clients\CL1014_École_Montessori_Les_Lilas\03_Factures\2025\Facture_CL1014_202511.pdf,01_Clients,Clients,/sites/MigrationFileServer/Clients/CL1014_École_Montessori_Les_Lilas/03_Factures/2025/Facture_CL1014_202511.pdf,Facture_CL1014_202511.pdf,.pdf,1713,2024-10-30T10:00:00,2025-11-08T10:00:00,False,False,111,111,4,,C87089B2F15C5438EB1CF3478BAF460CC98E2E07481EAE3C90F5758B02A53114
\\DEMO-SRV01\FileServer\01_Clients\CL1014_École_Montessori_Les_Lilas\03_Factures\2026\Facture_CL1014_202604.pdf,C:\DemoMigration\FileServer\01_Clients\CL1014_École_Montessori_Les_Lilas\03_Factures\2026\Facture_CL1014_202604.pdf,01_Clients\CL1014_École_Montessori_Les_Lilas\03_Factures\2026\Facture_CL1014_202604.pdf,01_Clients,Clients,/sites/MigrationFileServer/Clients/CL1014_École_Montessori_Les_Lilas/03_Factures/2026/Facture_CL1014_202604.pdf,Facture_CL1014_202604.pdf,.pdf,1710,2025-09-23T10:00:00,2026-04-22T10:00:00,False,False,111,111,4,,B58A60F1B3A585FC0741D4BCFDFD8A7BAAF572CB7E1FABCD3F1A8ED8346F458E
\\DEMO-SRV01\FileServer\01_Clients\CL1014_École_Montessori_Les_Lilas\03_Factures\2026\Facture_CL1014_202605.pdf,C:\DemoMigration\FileServer\01_Clients\CL1014_École_Montessori_Les_Lilas\03_Factures\2026\Facture_CL1014_202605.pdf,01_Clients\CL1014_École_Montessori_Les_Lilas\03_Factures\2026\Facture_CL1014_202605.pdf,01_Clients,Clients,/sites/MigrationFileServer/Clients/CL1014_École_Montessori_Les_Lilas/03_Factures/2026/Facture_CL1014_202605.pdf,Facture_CL1014_202605.pdf,.pdf,1712,2026-02-19T10:00:00,2026-05-19T10:00:00,False,False,111,111,4,,A6B7D6518078498F368B0FC47A2A0B6F661D17217BB8E791B0CD0319BE98E954
\\DEMO-SRV01\FileServer\01_Clients\CL1014_École_Montessori_Les_Lilas\03_Factures\2026\Facture_CL1014_202607.pdf,C:\DemoMigration\FileServer\01_Clients\CL1014_École_Montessori_Les_Lilas\03_Factures\2026\Facture_CL1014_202607.pdf,01_Clients\CL1014_École_Montessori_Les_Lilas\03_Factures\2026\Facture_CL1014_202607.pdf,01_Clients,Clients,/sites/MigrationFileServer/Clients/CL1014_École_Montessori_Les_Lilas/03_Factures/2026/Facture_CL1014_202607.pdf,Facture_CL1014_202607.pdf,.pdf,1712,2025-08-03T10:00:00,2026-07-12T10:00:00,False,False,111,111,4,,61D7BFA7E30F30B42DDCED687E052A20435978D95F3D9AE6B420E26D0E14B13B
\\DEMO-SRV01\FileServer\01_Clients\CL1014_École_Montessori_Les_Lilas\03_Factures\2026\Facture_CL1014_202608.pdf,C:\DemoMigration\FileServer\01_Clients\CL1014_École_Montessori_Les_Lilas\03_Factures\2026\Facture_CL1014_202608.pdf,01_Clients\CL1014_École_Montessori_Les_Lilas\03_Factures\2026\Facture_CL1014_202608.pdf,01_Clients,Clients,/sites/MigrationFileServer/Clients/CL1014_École_Montessori_Les_Lilas/03_Factures/2026/Facture_CL1014_202608.pdf,Facture_CL1014_202608.pdf,.pdf,1710,2026-06-08T10:00:00,2026-08-23T10:00:00,False,False,111,111,4,,2C3F0AC60B7187214E21CBCD7516A5CB9A8265EE78BA7DC83397E4AB3C069D47
\\DEMO-SRV01\FileServer\01_Clients\CL1014_École_Montessori_Les_Lilas\04_Correspondance\Echange_01.eml.txt,C:\DemoMigration\FileServer\01_Clients\CL1014_École_Montessori_Les_Lilas\04_Correspondance\Echange_01.eml.txt,01_Clients\CL1014_École_Montessori_Les_Lilas\04_Correspondance\Echange_01.eml.txt,01_Clients,Clients,/sites/MigrationFileServer/Clients/CL1014_École_Montessori_Les_Lilas/04_Correspondance/Echange_01.eml.txt,Echange_01.eml.txt,.txt,106,2024-08-30T21:20:29,2025-06-01T21:20:29,False,False,105,105,3,,8B9EA68C3D720CF1D6EFCEB68EAF08DCB699CB29EDA1F505E30158B5AB3313BF
\\DEMO-SRV01\FileServer\01_Clients\CL1014_École_Montessori_Les_Lilas\04_Correspondance\Echange_02.eml.txt,C:\DemoMigration\FileServer\01_Clients\CL1014_École_Montessori_Les_Lilas\04_Correspondance\Echange_02.eml.txt,01_Clients\CL1014_École_Montessori_Les_Lilas\04_Correspondance\Echange_02.eml.txt,01_Clients,Clients,/sites/MigrationFileServer/Clients/CL1014_École_Montessori_Les_Lilas/04_Correspondance/Echange_02.eml.txt,Echange_02.eml.txt,.txt,106,2025-11-28T19:27:00,2026-03-23T19:27:00,False,False,105,105,3,,36BF7271005E0A3A02883FF9A856790C0CC43B9753349080930B619145ED66FC
\\DEMO-SRV01\FileServer\01_Clients\CL1014_École_Montessori_Les_Lilas\04_Correspondance\Echange_03.eml.txt,C:\DemoMigration\FileServer\01_Clients\CL1014_École_Montessori_Les_Lilas\04_Correspondance\Echange_03.eml.txt,01_Clients\CL1014_École_Montessori_Les_Lilas\04_Correspondance\Echange_03.eml.txt,01_Clients,Clients,/sites/MigrationFileServer/Clients/CL1014_École_Montessori_Les_Lilas/04_Correspondance/Echange_03.eml.txt,Echange_03.eml.txt,.txt,106,2024-10-26T08:45:01,2025-01-07T08:45:01,False,False,105,105,3,,7A4039D118EEA92E73B41AF10FAB87C2BDFE8CA9D3DDA82D8B0E01965709B425
\\DEMO-SRV01\FileServer\01_Clients\CL1014_École_Montessori_Les_Lilas\05_Projets\Deploiement_Teams\Compte_rendu_COPIL.docx,C:\DemoMigration\FileServer\01_Clients\CL1014_École_Montessori_Les_Lilas\05_Projets\Deploiement_Teams\Compte_rendu_COPIL.docx,01_Clients\CL1014_École_Montessori_Les_Lilas\05_Projets\Deploiement_Teams\Compte_rendu_COPIL.docx,01_Clients,Clients,/sites/MigrationFileServer/Clients/CL1014_École_Montessori_Les_Lilas/05_Projets/Deploiement_Teams/Compte_rendu_COPIL.docx,Compte_rendu_COPIL.docx,.docx,36732,2025-10-31T21:49:36,2026-02-05T21:49:36,False,False,121,121,4,,EBCDCEA0C9BD6C3447AFF8D6E61577239D5D20A2E44ACD12CF39FB7B23900D89
\\DEMO-SRV01\FileServer\01_Clients\CL1014_École_Montessori_Les_Lilas\05_Projets\Deploiement_Teams\Planning_Deploiement_Teams.xlsx,C:\DemoMigration\FileServer\01_Clients\CL1014_École_Montessori_Les_Lilas\05_Projets\Deploiement_Teams\Planning_Deploiement_Teams.xlsx,01_Clients\CL1014_École_Montessori_Les_Lilas\05_Projets\Deploiement_Teams\Planning_Deploiement_Teams.xlsx,01_Clients,Clients,/sites/MigrationFileServer/Clients/CL1014_École_Montessori_Les_Lilas/05_Projets/Deploiement_Teams/Planning_Deploiement_Teams.xlsx,Planning_Deploiement_Teams.xlsx,.xlsx,5138,2025-07-26T16:59:23,2026-01-31T16:59:23,False,False,129,129,4,,17B5BBBFD7A13FF3675D7F953B9B6697E20170038FB9D25F9307332CB53906B6
\\DEMO-SRV01\FileServer\01_Clients\CL1014_École_Montessori_Les_Lilas\05_Projets\Deploiement_Teams\Presentation_lancement_Deploiement_Teams.pptx,C:\DemoMigration\FileServer\01_Clients\CL1014_École_Montessori_Les_Lilas\05_Projets\Deploiement_Teams\Presentation_lancement_Deploiement_Teams.pptx,01_Clients\CL1014_École_Montessori_Les_Lilas\05_Projets\Deploiement_Teams\Presentation_lancement_Deploiement_Teams.pptx,01_Clients,Clients,/sites/MigrationFileServer/Clients/CL1014_École_Montessori_Les_Lilas/05_Projets/Deploiement_Teams/Presentation_lancement_Deploiement_Teams.pptx,Presentation_lancement_Deploiement_Teams.pptx,.pptx,29173,2025-08-29T06:25:58,2026-06-10T06:25:58,False,False,143,143,4,,E72A70BDA73203457611CFF13CC94EC79D11C86A0471F6497F4AEA13E280FBFB
\\DEMO-SRV01\FileServer\01_Clients\CL1014_École_Montessori_Les_Lilas\05_Projets\Refonte_site_web\Compte_rendu_COPIL.docx,C:\DemoMigration\FileServer\01_Clients\CL1014_École_Montessori_Les_Lilas\05_Projets\Refonte_site_web\Compte_rendu_COPIL.docx,01_Clients\CL1014_École_Montessori_Les_Lilas\05_Projets\Refonte_site_web\Compte_rendu_COPIL.docx,01_Clients,Clients,/sites/MigrationFileServer/Clients/CL1014_École_Montessori_Les_Lilas/05_Projets/Refonte_site_web/Compte_rendu_COPIL.docx,Compte_rendu_COPIL.docx,.docx,36733,2021-10-07T06:44:26,2022-03-26T06:44:26,False,False,120,120,4,,69850F65E16D6E5DA72D93D66699728F479B99FA9A7EABEFA3B6514EF70DDB85
\\DEMO-SRV01\FileServer\01_Clients\CL1014_École_Montessori_Les_Lilas\05_Projets\Refonte_site_web\Planning_Refonte_site_web.xlsx,C:\DemoMigration\FileServer\01_Clients\CL1014_École_Montessori_Les_Lilas\05_Projets\Refonte_site_web\Planning_Refonte_site_web.xlsx,01_Clients\CL1014_École_Montessori_Les_Lilas\05_Projets\Refonte_site_web\Planning_Refonte_site_web.xlsx,01_Clients,Clients,/sites/MigrationFileServer/Clients/CL1014_École_Montessori_Les_Lilas/05_Projets/Refonte_site_web/Planning_Refonte_site_web.xlsx,Planning_Refonte_site_web.xlsx,.xlsx,5140,2021-11-04T04:40:36,2022-08-17T04:40:36,False,False,127,127,4,,9E9E41B5A98F5260A5D93DBF3B4B5CDDFF7F63DAD24AA146EF1A8807509E7099
\\DEMO-SRV01\FileServer\01_Clients\CL1014_École_Montessori_Les_Lilas\05_Projets\Refonte_site_web\Presentation_lancement_Refonte_site_web.pptx,C:\DemoMigration\FileServer\01_Clients\CL1014_École_Montessori_Les_Lilas\05_Projets\Refonte_site_web\Presentation_lancement_Refonte_site_web.pptx,01_Clients\CL1014_École_Montessori_Les_Lilas\05_Projets\Refonte_site_web\Presentation_lancement_Refonte_site_web.pptx,01_Clients,Clients,/sites/MigrationFileServer/Clients/CL1014_École_Montessori_Les_Lilas/05_Projets/Refonte_site_web/Presentation_lancement_Refonte_site_web.pptx,Presentation_lancement_Refonte_site_web.pptx,.pptx,29177,2021-06-10T06:14:36,2022-04-15T06:14:36,False,False,141,141,4,,AE34166E565CB4FF6F303F9111F3F8E61868DD8DCADD693700DC27352CC29C39
\\DEMO-SRV01\FileServer\01_Clients\CL1015_Studio_Archipel\01_Contrats\Contrat_cadre_CL1015_2019.docx,C:\DemoMigration\FileServer\01_Clients\CL1015_Studio_Archipel\01_Contrats\Contrat_cadre_CL1015_2019.docx,01_Clients\CL1015_Studio_Archipel\01_Contrats\Contrat_cadre_CL1015_2019.docx,01_Clients,Clients,/sites/MigrationFileServer/Clients/CL1015_Studio_Archipel/01_Contrats/Contrat_cadre_CL1015_2019.docx,Contrat_cadre_CL1015_2019.docx,.docx,36779,2019-09-14T00:26:22,2019-12-20T00:26:22,False,False,100,100,3,,84050FA30AA7891D0FCEDFDCE8A06A2020B7A746C60F655B25EF5DF60A6B4444
\\DEMO-SRV01\FileServer\01_Clients\CL1015_Studio_Archipel\01_Contrats\Contrat_cadre_CL1015_2019_signe.pdf,C:\DemoMigration\FileServer\01_Clients\CL1015_Studio_Archipel\01_Contrats\Contrat_cadre_CL1015_2019_signe.pdf,01_Clients\CL1015_Studio_Archipel\01_Contrats\Contrat_cadre_CL1015_2019_signe.pdf,01_Clients,Clients,/sites/MigrationFileServer/Clients/CL1015_Studio_Archipel/01_Contrats/Contrat_cadre_CL1015_2019_signe.pdf,Contrat_cadre_CL1015_2019_signe.pdf,.pdf,1664,2018-09-24T23:02:59,2019-10-15T23:02:59,False,False,105,105,3,,2C613E94692918BB69AD22669D9447E228CB931DD3BE7D2E9662D9C7743D6A33
\\DEMO-SRV01\FileServer\01_Clients\CL1015_Studio_Archipel\02_Devis\Devis_CL1015_2022-01.docx,C:\DemoMigration\FileServer\01_Clients\CL1015_Studio_Archipel\02_Devis\Devis_CL1015_2022-01.docx,01_Clients\CL1015_Studio_Archipel\02_Devis\Devis_CL1015_2022-01.docx,01_Clients,Clients,/sites/MigrationFileServer/Clients/CL1015_Studio_Archipel/02_Devis/Devis_CL1015_2022-01.docx,Devis_CL1015_2022-01.docx,.docx,36749,2021-08-26T00:52:43,2022-06-04T00:52:43,False,False,92,92,3,,D3469228309B9753CA6FA64EA14BA5886AD399E27671DC641BE01F2377EF92FA
\\DEMO-SRV01\FileServer\01_Clients\CL1015_Studio_Archipel\02_Devis\Devis_CL1015_2023-03.docx,C:\DemoMigration\FileServer\01_Clients\CL1015_Studio_Archipel\02_Devis\Devis_CL1015_2023-03.docx,01_Clients\CL1015_Studio_Archipel\02_Devis\Devis_CL1015_2023-03.docx,01_Clients,Clients,/sites/MigrationFileServer/Clients/CL1015_Studio_Archipel/02_Devis/Devis_CL1015_2023-03.docx,Devis_CL1015_2023-03.docx,.docx,36751,2022-07-09T02:57:37,2023-07-13T02:57:37,False,False,92,92,3,,9DEC37D0724EC9EF30AAD1A640E4E3E5A361A28A27211787273F4EA92CC71D6D
\\DEMO-SRV01\FileServer\01_Clients\CL1015_Studio_Archipel\02_Devis\Devis_CL1015_2024-02.docx,C:\DemoMigration\FileServer\01_Clients\CL1015_Studio_Archipel\02_Devis\Devis_CL1015_2024-02.docx,01_Clients\CL1015_Studio_Archipel\02_Devis\Devis_CL1015_2024-02.docx,01_Clients,Clients,/sites/MigrationFileServer/Clients/CL1015_Studio_Archipel/02_Devis/Devis_CL1015_2024-02.docx,Devis_CL1015_2024-02.docx,.docx,36751,2024-02-20T05:58:46,2024-07-26T05:58:46,False,False,92,92,3,,6541228C0A0E79BEF16FD614184444D2DB880BE9CFB79FD67D896A42F5CB5057
\\DEMO-SRV01\FileServer\01_Clients\CL1015_Studio_Archipel\03_Factures\2024\Facture_CL1015_202401.pdf,C:\DemoMigration\FileServer\01_Clients\CL1015_Studio_Archipel\03_Factures\2024\Facture_CL1015_202401.pdf,01_Clients\CL1015_Studio_Archipel\03_Factures\2024\Facture_CL1015_202401.pdf,01_Clients,Clients,/sites/MigrationFileServer/Clients/CL1015_Studio_Archipel/03_Factures/2024/Facture_CL1015_202401.pdf,Facture_CL1015_202401.pdf,.pdf,1703,2023-06-10T10:00:00,2024-01-07T10:00:00,False,False,100,100,4,,D46904CD5254AD0F19ABA2C82303C08DD443B1B49EF827A050301DB04200CC1B
\\DEMO-SRV01\FileServer\01_Clients\CL1015_Studio_Archipel\03_Factures\2024\Facture_CL1015_202402.pdf,C:\DemoMigration\FileServer\01_Clients\CL1015_Studio_Archipel\03_Factures\2024\Facture_CL1015_202402.pdf,01_Clients\CL1015_Studio_Archipel\03_Factures\2024\Facture_CL1015_202402.pdf,01_Clients,Clients,/sites/MigrationFileServer/Clients/CL1015_Studio_Archipel/03_Factures/2024/Facture_CL1015_202402.pdf,Facture_CL1015_202402.pdf,.pdf,1703,2023-10-14T10:00:00,2024-02-24T10:00:00,False,False,100,100,4,,BC1A04F5AB4D1E0F66AD92FF4BDB8D6D620E7CBF603ECAC27D1F3B4CE1BB72AD
\\DEMO-SRV01\FileServer\01_Clients\CL1015_Studio_Archipel\03_Factures\2024\Facture_CL1015_202406.pdf,C:\DemoMigration\FileServer\01_Clients\CL1015_Studio_Archipel\03_Factures\2024\Facture_CL1015_202406.pdf,01_Clients\CL1015_Studio_Archipel\03_Factures\2024\Facture_CL1015_202406.pdf,01_Clients,Clients,/sites/MigrationFileServer/Clients/CL1015_Studio_Archipel/03_Factures/2024/Facture_CL1015_202406.pdf,Facture_CL1015_202406.pdf,.pdf,1704,2024-02-04T10:00:00,2024-06-08T10:00:00,False,False,100,100,4,,FC2CE593575311BE1F17B5948D38808040B1D65243B1D5485C84B389DC92E8B8
\\DEMO-SRV01\FileServer\01_Clients\CL1015_Studio_Archipel\03_Factures\2024\Facture_CL1015_202407.pdf,C:\DemoMigration\FileServer\01_Clients\CL1015_Studio_Archipel\03_Factures\2024\Facture_CL1015_202407.pdf,01_Clients\CL1015_Studio_Archipel\03_Factures\2024\Facture_CL1015_202407.pdf,01_Clients,Clients,/sites/MigrationFileServer/Clients/CL1015_Studio_Archipel/03_Factures/2024/Facture_CL1015_202407.pdf,Facture_CL1015_202407.pdf,.pdf,1703,2023-06-28T10:00:00,2024-07-22T10:00:00,False,False,100,100,4,,43DA3322839632C3BEFD40CA7100959AA784DD089FBC9EA1DF907447B8770414
\\DEMO-SRV01\FileServer\01_Clients\CL1015_Studio_Archipel\03_Factures\2024\Facture_CL1015_202411.pdf,C:\DemoMigration\FileServer\01_Clients\CL1015_Studio_Archipel\03_Factures\2024\Facture_CL1015_202411.pdf,01_Clients\CL1015_Studio_Archipel\03_Factures\2024\Facture_CL1015_202411.pdf,01_Clients,Clients,/sites/MigrationFileServer/Clients/CL1015_Studio_Archipel/03_Factures/2024/Facture_CL1015_202411.pdf,Facture_CL1015_202411.pdf,.pdf,1703,2024-09-16T10:00:00,2024-11-26T10:00:00,False,False,100,100,4,,E26DB44EC1D8B833473B3A0CF4484616C7A96731B2A0A06EFD811610B7DB5588
\\DEMO-SRV01\FileServer\01_Clients\CL1015_Studio_Archipel\03_Factures\2025\Facture_CL1015_202501.pdf,C:\DemoMigration\FileServer\01_Clients\CL1015_Studio_Archipel\03_Factures\2025\Facture_CL1015_202501.pdf,01_Clients\CL1015_Studio_Archipel\03_Factures\2025\Facture_CL1015_202501.pdf,01_Clients,Clients,/sites/MigrationFileServer/Clients/CL1015_Studio_Archipel/03_Factures/2025/Facture_CL1015_202501.pdf,Facture_CL1015_202501.pdf,.pdf,1703,2024-12-19T10:00:00,2025-01-18T10:00:00,False,False,100,100,4,,EB625142EFD9DDFA1C6B6326BDE9F21E3FA952F0A619FFA554201895EFC7798C
\\DEMO-SRV01\FileServer\01_Clients\CL1015_Studio_Archipel\03_Factures\2025\Facture_CL1015_202502.pdf,C:\DemoMigration\FileServer\01_Clients\CL1015_Studio_Archipel\03_Factures\2025\Facture_CL1015_202502.pdf,01_Clients\CL1015_Studio_Archipel\03_Factures\2025\Facture_CL1015_202502.pdf,01_Clients,Clients,/sites/MigrationFileServer/Clients/CL1015_Studio_Archipel/03_Factures/2025/Facture_CL1015_202502.pdf,Facture_CL1015_202502.pdf,.pdf,1703,2024-02-27T10:00:00,2025-02-03T10:00:00,False,False,100,100,4,,199C7C70A4ACF4FB8DF9F7155C10C632ACF1B4C8256839BE70DA71C0D358971D
\\DEMO-SRV01\FileServer\01_Clients\CL1015_Studio_Archipel\03_Factures\2025\Facture_CL1015_202503.pdf,C:\DemoMigration\FileServer\01_Clients\CL1015_Studio_Archipel\03_Factures\2025\Facture_CL1015_202503.pdf,01_Clients\CL1015_Studio_Archipel\03_Factures\2025\Facture_CL1015_202503.pdf,01_Clients,Clients,/sites/MigrationFileServer/Clients/CL1015_Studio_Archipel/03_Factures/2025/Facture_CL1015_202503.pdf,Facture_CL1015_202503.pdf,.pdf,1702,2024-11-07T10:00:00,2025-03-05T10:00:00,False,False,100,100,4,,578F22895AB4B9BF25F5A4B424E1EEE8A850B6F903C24AD5DA3CE3F05C50B62E
\\DEMO-SRV01\FileServer\01_Clients\CL1015_Studio_Archipel\03_Factures\2025\Facture_CL1015_202504.pdf,C:\DemoMigration\FileServer\01_Clients\CL1015_Studio_Archipel\03_Factures\2025\Facture_CL1015_202504.pdf,01_Clients\CL1015_Studio_Archipel\03_Factures\2025\Facture_CL1015_202504.pdf,01_Clients,Clients,/sites/MigrationFileServer/Clients/CL1015_Studio_Archipel/03_Factures/2025/Facture_CL1015_202504.pdf,Facture_CL1015_202504.pdf,.pdf,1703,2024-09-28T10:00:00,2025-04-07T10:00:00,False,False,100,100,4,,1C99B8EE2CB7AAD2AF2B014C8721096A6EF7EB4B0234A4F72E4B4EF56F9DA9AA
\\DEMO-SRV01\FileServer\01_Clients\CL1015_Studio_Archipel\03_Factures\2025\Facture_CL1015_202505.pdf,C:\DemoMigration\FileServer\01_Clients\CL1015_Studio_Archipel\03_Factures\2025\Facture_CL1015_202505.pdf,01_Clients\CL1015_Studio_Archipel\03_Factures\2025\Facture_CL1015_202505.pdf,01_Clients,Clients,/sites/MigrationFileServer/Clients/CL1015_Studio_Archipel/03_Factures/2025/Facture_CL1015_202505.pdf,Facture_CL1015_202505.pdf,.pdf,1703,2024-06-17T10:00:00,2025-05-20T10:00:00,False,False,100,100,4,,45E86D9D1B53EE72E26AB9A8E4BA25C920503405780424856B972D73ECF7DEEC
\\DEMO-SRV01\FileServer\01_Clients\CL1015_Studio_Archipel\03_Factures\2025\Facture_CL1015_202506.pdf,C:\DemoMigration\FileServer\01_Clients\CL1015_Studio_Archipel\03_Factures\2025\Facture_CL1015_202506.pdf,01_Clients\CL1015_Studio_Archipel\03_Factures\2025\Facture_CL1015_202506.pdf,01_Clients,Clients,/sites/MigrationFileServer/Clients/CL1015_Studio_Archipel/03_Factures/2025/Facture_CL1015_202506.pdf,Facture_CL1015_202506.pdf,.pdf,1703,2025-06-10T10:00:00,2025-06-18T10:00:00,False,False,100,100,4,,5FDDBA7BCD64CD9F9F0C341DB053AEFA1D0002B7F7D7BBFFCA8B0EEE0C8985C8
\\DEMO-SRV01\FileServer\01_Clients\CL1015_Studio_Archipel\03_Factures\2025\Facture_CL1015_202507.pdf,C:\DemoMigration\FileServer\01_Clients\CL1015_Studio_Archipel\03_Factures\2025\Facture_CL1015_202507.pdf,01_Clients\CL1015_Studio_Archipel\03_Factures\2025\Facture_CL1015_202507.pdf,01_Clients,Clients,/sites/MigrationFileServer/Clients/CL1015_Studio_Archipel/03_Factures/2025/Facture_CL1015_202507.pdf,Facture_CL1015_202507.pdf,.pdf,1700,2024-07-18T10:00:00,2025-07-10T10:00:00,False,False,100,100,4,,B570E3D6914355B963F1B4EAD3DB3B2B63DC5840C2F12CEC7A2BFED0B029F05C
\\DEMO-SRV01\FileServer\01_Clients\CL1015_Studio_Archipel\03_Factures\2025\Facture_CL1015_202511.pdf,C:\DemoMigration\FileServer\01_Clients\CL1015_Studio_Archipel\03_Factures\2025\Facture_CL1015_202511.pdf,01_Clients\CL1015_Studio_Archipel\03_Factures\2025\Facture_CL1015_202511.pdf,01_Clients,Clients,/sites/MigrationFileServer/Clients/CL1015_Studio_Archipel/03_Factures/2025/Facture_CL1015_202511.pdf,Facture_CL1015_202511.pdf,.pdf,1702,2024-12-23T10:00:00,2025-11-05T10:00:00,False,False,100,100,4,,9678A41C26C17F5499A23A7F7D20ECD4663939ADDB2B21D9C15DBF631FB45CCD
\\DEMO-SRV01\FileServer\01_Clients\CL1015_Studio_Archipel\03_Factures\2025\Facture_CL1015_202512.pdf,C:\DemoMigration\FileServer\01_Clients\CL1015_Studio_Archipel\03_Factures\2025\Facture_CL1015_202512.pdf,01_Clients\CL1015_Studio_Archipel\03_Factures\2025\Facture_CL1015_202512.pdf,01_Clients,Clients,/sites/MigrationFileServer/Clients/CL1015_Studio_Archipel/03_Factures/2025/Facture_CL1015_202512.pdf,Facture_CL1015_202512.pdf,.pdf,1703,2025-10-30T10:00:00,2025-12-09T10:00:00,False,False,100,100,4,,A803EF1C69043C132DD56A3B5ACD9765A59814F20858E837BD7C909B29A64312
\\DEMO-SRV01\FileServer\01_Clients\CL1015_Studio_Archipel\03_Factures\2026\Facture_CL1015_202601.pdf,C:\DemoMigration\FileServer\01_Clients\CL1015_Studio_Archipel\03_Factures\2026\Facture_CL1015_202601.pdf,01_Clients\CL1015_Studio_Archipel\03_Factures\2026\Facture_CL1015_202601.pdf,01_Clients,Clients,/sites/MigrationFileServer/Clients/CL1015_Studio_Archipel/03_Factures/2026/Facture_CL1015_202601.pdf,Facture_CL1015_202601.pdf,.pdf,1704,2025-01-28T10:00:00,2026-01-19T10:00:00,False,False,100,100,4,,5037832AD8D05DCBC01BEB4E07FE7DD246612BBE27D67B5C0BC318D317D7F6F2
\\DEMO-SRV01\FileServer\01_Clients\CL1015_Studio_Archipel\03_Factures\2026\Facture_CL1015_202602.pdf,C:\DemoMigration\FileServer\01_Clients\CL1015_Studio_Archipel\03_Factures\2026\Facture_CL1015_202602.pdf,01_Clients\CL1015_Studio_Archipel\03_Factures\2026\Facture_CL1015_202602.pdf,01_Clients,Clients,/sites/MigrationFileServer/Clients/CL1015_Studio_Archipel/03_Factures/2026/Facture_CL1015_202602.pdf,Facture_CL1015_202602.pdf,.pdf,1703,2025-04-02T10:00:00,2026-02-28T10:00:00,False,False,100,100,4,,D7DED28576B1C36B5080B9E6C9D98ADF92D5CABB4C61D366713EA2056C3AE29E
\\DEMO-SRV01\FileServer\01_Clients\CL1015_Studio_Archipel\03_Factures\2026\Facture_CL1015_202604.pdf,C:\DemoMigration\FileServer\01_Clients\CL1015_Studio_Archipel\03_Factures\2026\Facture_CL1015_202604.pdf,01_Clients\CL1015_Studio_Archipel\03_Factures\2026\Facture_CL1015_202604.pdf,01_Clients,Clients,/sites/MigrationFileServer/Clients/CL1015_Studio_Archipel/03_Factures/2026/Facture_CL1015_202604.pdf,Facture_CL1015_202604.pdf,.pdf,1703,2025-05-27T10:00:00,2026-04-18T10:00:00,False,False,100,100,4,,C9A2378A61BEBCE463FBF9E6904FF0CCDFA0CA387A47CBB4536F6AD4EBC97252
\\DEMO-SRV01\FileServer\01_Clients\CL1015_Studio_Archipel\03_Factures\2026\Facture_CL1015_202605.pdf,C:\DemoMigration\FileServer\01_Clients\CL1015_Studio_Archipel\03_Factures\2026\Facture_CL1015_202605.pdf,01_Clients\CL1015_Studio_Archipel\03_Factures\2026\Facture_CL1015_202605.pdf,01_Clients,Clients,/sites/MigrationFileServer/Clients/CL1015_Studio_Archipel/03_Factures/2026/Facture_CL1015_202605.pdf,Facture_CL1015_202605.pdf,.pdf,1703,2025-06-20T10:00:00,2026-05-16T10:00:00,False,False,100,100,4,,A7C2EFDAC4D015A16CE049F869E1D7F3CBB9F076408A461AAC8875843389A694
\\DEMO-SRV01\FileServer\01_Clients\CL1015_Studio_Archipel\04_Correspondance\Echange_01.eml.txt,C:\DemoMigration\FileServer\01_Clients\CL1015_Studio_Archipel\04_Correspondance\Echange_01.eml.txt,01_Clients\CL1015_Studio_Archipel\04_Correspondance\Echange_01.eml.txt,01_Clients,Clients,/sites/MigrationFileServer/Clients/CL1015_Studio_Archipel/04_Correspondance/Echange_01.eml.txt,Echange_01.eml.txt,.txt,106,2019-01-16T04:53:21,2019-05-13T04:53:21,False,False,94,94,3,,EFE57E81BDC80681FFE1D0FC0BD378A7528391CEEECDFBEE848157075E7B29AD
\\DEMO-SRV01\FileServer\01_Clients\CL1015_Studio_Archipel\05_Projets\Deploiement_Teams\Compte_rendu_COPIL.docx,C:\DemoMigration\FileServer\01_Clients\CL1015_Studio_Archipel\05_Projets\Deploiement_Teams\Compte_rendu_COPIL.docx,01_Clients\CL1015_Studio_Archipel\05_Projets\Deploiement_Teams\Compte_rendu_COPIL.docx,01_Clients,Clients,/sites/MigrationFileServer/Clients/CL1015_Studio_Archipel/05_Projets/Deploiement_Teams/Compte_rendu_COPIL.docx,Compte_rendu_COPIL.docx,.docx,36732,2023-06-02T04:13:32,2023-12-15T04:13:32,False,False,110,110,4,,06A64EFF1C42C952312F787AAAC14D396690A8BAB86996E2426116B88E351C4A
\\DEMO-SRV01\FileServer\01_Clients\CL1015_Studio_Archipel\05_Projets\Deploiement_Teams\Planning_Deploiement_Teams.xlsx,C:\DemoMigration\FileServer\01_Clients\CL1015_Studio_Archipel\05_Projets\Deploiement_Teams\Planning_Deploiement_Teams.xlsx,01_Clients\CL1015_Studio_Archipel\05_Projets\Deploiement_Teams\Planning_Deploiement_Teams.xlsx,01_Clients,Clients,/sites/MigrationFileServer/Clients/CL1015_Studio_Archipel/05_Projets/Deploiement_Teams/Planning_Deploiement_Teams.xlsx,Planning_Deploiement_Teams.xlsx,.xlsx,5136,2022-12-10T03:30:25,2023-11-21T03:30:25,False,False,118,118,4,,8BC2BE3FD790FDABBDCF23A0482720D4DC066B2E73A1AD6C91C3B099CD0090A5
\\DEMO-SRV01\FileServer\01_Clients\CL1015_Studio_Archipel\05_Projets\Deploiement_Teams\Presentation_lancement_Deploiement_Teams.pptx,C:\DemoMigration\FileServer\01_Clients\CL1015_Studio_Archipel\05_Projets\Deploiement_Teams\Presentation_lancement_Deploiement_Teams.pptx,01_Clients\CL1015_Studio_Archipel\05_Projets\Deploiement_Teams\Presentation_lancement_Deploiement_Teams.pptx,01_Clients,Clients,/sites/MigrationFileServer/Clients/CL1015_Studio_Archipel/05_Projets/Deploiement_Teams/Presentation_lancement_Deploiement_Teams.pptx,Presentation_lancement_Deploiement_Teams.pptx,.pptx,29173,2023-03-31T03:31:11,2023-10-20T03:31:11,False,False,132,132,4,,6584D44395C01BB48CB472C7FBDD80BFDA56936BF98DAB308D14F6F636F1F3A4
\\DEMO-SRV01\FileServer\01_Clients\CL1015_Studio_Archipel\05_Projets\Migration_ERP\Compte_rendu_COPIL.docx,C:\DemoMigration\FileServer\01_Clients\CL1015_Studio_Archipel\05_Projets\Migration_ERP\Compte_rendu_COPIL.docx,01_Clients\CL1015_Studio_Archipel\05_Projets\Migration_ERP\Compte_rendu_COPIL.docx,01_Clients,Clients,/sites/MigrationFileServer/Clients/CL1015_Studio_Archipel/05_Projets/Migration_ERP/Compte_rendu_COPIL.docx,Compte_rendu_COPIL.docx,.docx,36731,2023-03-13T01:56:38,2024-01-07T01:56:38,False,False,106,106,4,,65B2891B124A679B166CD0D12D4174DBCF08AE3F482D42870697BD182E7A5E9C
\\DEMO-SRV01\FileServer\01_Clients\CL1015_Studio_Archipel\05_Projets\Migration_ERP\Planning_Migration_ERP.xlsx,C:\DemoMigration\FileServer\01_Clients\CL1015_Studio_Archipel\05_Projets\Migration_ERP\Planning_Migration_ERP.xlsx,01_Clients\CL1015_Studio_Archipel\05_Projets\Migration_ERP\Planning_Migration_ERP.xlsx,01_Clients,Clients,/sites/MigrationFileServer/Clients/CL1015_Studio_Archipel/05_Projets/Migration_ERP/Planning_Migration_ERP.xlsx,Planning_Migration_ERP.xlsx,.xlsx,5131,2023-10-01T15:42:18,2024-03-10T15:42:18,False,False,110,110,4,,EE1E2C09B077A7675DDC7B9B0CE7DF165923282E41F935FE45A10879DBBFABCF
\\DEMO-SRV01\FileServer\01_Clients\CL1015_Studio_Archipel\05_Projets\Migration_ERP\Presentation_lancement_Migration_ERP.pptx,C:\DemoMigration\FileServer\01_Clients\CL1015_Studio_Archipel\05_Projets\Migration_ERP\Presentation_lancement_Migration_ERP.pptx,01_Clients\CL1015_Studio_Archipel\05_Projets\Migration_ERP\Presentation_lancement_Migration_ERP.pptx,01_Clients,Clients,/sites/MigrationFileServer/Clients/CL1015_Studio_Archipel/05_Projets/Migration_ERP/Presentation_lancement_Migration_ERP.pptx,Presentation_lancement_Migration_ERP.pptx,.pptx,29176,2023-02-03T01:59:20,2024-01-19T01:59:20,False,False,124,124,4,,1EC3350E9FECF78ED8B1E65F5F2009ECAC8F46F395933E240B5B8381EA6D7715
\\DEMO-SRV01\FileServer\01_Clients\CL1016_Coopérative_Agricole_Val_dOise\01_Contrats\Contrat_cadre_CL1016_2023.docx,C:\DemoMigration\FileServer\01_Clients\CL1016_Coopérative_Agricole_Val_dOise\01_Contrats\Contrat_cadre_CL1016_2023.docx,01_Clients\CL1016_Coopérative_Agricole_Val_dOise\01_Contrats\Contrat_cadre_CL1016_2023.docx,01_Clients,Clients,/sites/MigrationFileServer/Clients/CL1016_Coopérative_Agricole_Val_dOise/01_Contrats/Contrat_cadre_CL1016_2023.docx,Contrat_cadre_CL1016_2023.docx,.docx,36792,2022-10-28T06:55:29,2023-10-15T06:55:29,False,False,115,115,3,,5C4D80B258A5BB18EBC5973C4F15E77BE0904C3AB7DBD085E9238E49125E0B3B
\\DEMO-SRV01\FileServer\01_Clients\CL1016_Coopérative_Agricole_Val_dOise\01_Contrats\Contrat_cadre_CL1016_2023_signe.pdf,C:\DemoMigration\FileServer\01_Clients\CL1016_Coopérative_Agricole_Val_dOise\01_Contrats\Contrat_cadre_CL1016_2023_signe.pdf,01_Clients\CL1016_Coopérative_Agricole_Val_dOise\01_Contrats\Contrat_cadre_CL1016_2023_signe.pdf,01_Clients,Clients,/sites/MigrationFileServer/Clients/CL1016_Coopérative_Agricole_Val_dOise/01_Contrats/Contrat_cadre_CL1016_2023_signe.pdf,Contrat_cadre_CL1016_2023_signe.pdf,.pdf,1664,2022-09-23T05:41:37,2023-10-09T05:41:37,False,False,120,120,3,,3C323737991E597E53E75068649FD90C26055D27B4D4AC9BE1915EFC3AD089F9
\\DEMO-SRV01\FileServer\01_Clients\CL1016_Coopérative_Agricole_Val_dOise\02_Devis\Devis_CL1016_2023-01.docx,C:\DemoMigration\FileServer\01_Clients\CL1016_Coopérative_Agricole_Val_dOise\02_Devis\Devis_CL1016_2023-01.docx,01_Clients\CL1016_Coopérative_Agricole_Val_dOise\02_Devis\Devis_CL1016_2023-01.docx,01_Clients,Clients,/sites/MigrationFileServer/Clients/CL1016_Coopérative_Agricole_Val_dOise/02_Devis/Devis_CL1016_2023-01.docx,Devis_CL1016_2023-01.docx,.docx,36746,2023-01-17T17:00:51,2023-11-22T17:00:51,False,False,107,107,3,,BFD9EADE01A47E97B92DB80B6FC12512015F30FAF90385A67B8D7D5D4FAF3154
\\DEMO-SRV01\FileServer\01_Clients\CL1016_Coopérative_Agricole_Val_dOise\02_Devis\Devis_CL1016_2026-02.docx,C:\DemoMigration\FileServer\01_Clients\CL1016_Coopérative_Agricole_Val_dOise\02_Devis\Devis_CL1016_2026-02.docx,01_Clients\CL1016_Coopérative_Agricole_Val_dOise\02_Devis\Devis_CL1016_2026-02.docx,01_Clients,Clients,/sites/MigrationFileServer/Clients/CL1016_Coopérative_Agricole_Val_dOise/02_Devis/Devis_CL1016_2026-02.docx,Devis_CL1016_2026-02.docx,.docx,36750,2025-08-30T03:35:33,2026-04-17T03:35:33,False,False,107,107,3,,8D1C13E8D3CCF3209E9AD96ABBB91DDB68191FBE0611523A7AB325F8D5E38016
\\DEMO-SRV01\FileServer\01_Clients\CL1016_Coopérative_Agricole_Val_dOise\02_Devis\Devis_CL1016_2026-03.docx,C:\DemoMigration\FileServer\01_Clients\CL1016_Coopérative_Agricole_Val_dOise\02_Devis\Devis_CL1016_2026-03.docx,01_Clients\CL1016_Coopérative_Agricole_Val_dOise\02_Devis\Devis_CL1016_2026-03.docx,01_Clients,Clients,/sites/MigrationFileServer/Clients/CL1016_Coopérative_Agricole_Val_dOise/02_Devis/Devis_CL1016_2026-03.docx,Devis_CL1016_2026-03.docx,.docx,36748,2025-06-12T19:13:59,2026-05-26T19:13:59,False,False,107,107,3,,69893AA3E6CBAC65DFDC3F591820779F8C355DA79D53830E9A2265F9EB9BCDC9
\\DEMO-SRV01\FileServer\01_Clients\CL1016_Coopérative_Agricole_Val_dOise\03_Factures\2024\Facture_CL1016_202402.pdf,C:\DemoMigration\FileServer\01_Clients\CL1016_Coopérative_Agricole_Val_dOise\03_Factures\2024\Facture_CL1016_202402.pdf,01_Clients\CL1016_Coopérative_Agricole_Val_dOise\03_Factures\2024\Facture_CL1016_202402.pdf,01_Clients,Clients,/sites/MigrationFileServer/Clients/CL1016_Coopérative_Agricole_Val_dOise/03_Factures/2024/Facture_CL1016_202402.pdf,Facture_CL1016_202402.pdf,.pdf,1720,2023-02-10T10:00:00,2024-02-10T10:00:00,False,False,115,115,4,,B4A16229C229A58CCEE8A4D1DC127D5D7527B69F7F7E7B66374EA1493DC44E76
\\DEMO-SRV01\FileServer\01_Clients\CL1016_Coopérative_Agricole_Val_dOise\03_Factures\2024\Facture_CL1016_202403.pdf,C:\DemoMigration\FileServer\01_Clients\CL1016_Coopérative_Agricole_Val_dOise\03_Factures\2024\Facture_CL1016_202403.pdf,01_Clients\CL1016_Coopérative_Agricole_Val_dOise\03_Factures\2024\Facture_CL1016_202403.pdf,01_Clients,Clients,/sites/MigrationFileServer/Clients/CL1016_Coopérative_Agricole_Val_dOise/03_Factures/2024/Facture_CL1016_202403.pdf,Facture_CL1016_202403.pdf,.pdf,1722,2023-04-24T10:00:00,2024-03-13T10:00:00,False,False,115,115,4,,29CCAF4B57B18FEB12948FE0664359AFD4411FEF0274C0A8F3B63251A28EAC87
\\DEMO-SRV01\FileServer\01_Clients\CL1016_Coopérative_Agricole_Val_dOise\03_Factures\2024\Facture_CL1016_202404.pdf,C:\DemoMigration\FileServer\01_Clients\CL1016_Coopérative_Agricole_Val_dOise\03_Factures\2024\Facture_CL1016_202404.pdf,01_Clients\CL1016_Coopérative_Agricole_Val_dOise\03_Factures\2024\Facture_CL1016_202404.pdf,01_Clients,Clients,/sites/MigrationFileServer/Clients/CL1016_Coopérative_Agricole_Val_dOise/03_Factures/2024/Facture_CL1016_202404.pdf,Facture_CL1016_202404.pdf,.pdf,1723,2024-04-10T10:00:00,2024-04-12T10:00:00,False,False,115,115,4,,BD10E84504B057B757261F64CDF8AFF04E3B8364F7D946790761BB4976D4DA63
\\DEMO-SRV01\FileServer\01_Clients\CL1016_Coopérative_Agricole_Val_dOise\03_Factures\2024\Facture_CL1016_202406.pdf,C:\DemoMigration\FileServer\01_Clients\CL1016_Coopérative_Agricole_Val_dOise\03_Factures\2024\Facture_CL1016_202406.pdf,01_Clients\CL1016_Coopérative_Agricole_Val_dOise\03_Factures\2024\Facture_CL1016_202406.pdf,01_Clients,Clients,/sites/MigrationFileServer/Clients/CL1016_Coopérative_Agricole_Val_dOise/03_Factures/2024/Facture_CL1016_202406.pdf,Facture_CL1016_202406.pdf,.pdf,1723,2024-03-01T10:00:00,2024-06-04T10:00:00,False,False,115,115,4,,F7A962302F5A655E70A419D3B1EE16AE072250C6116B6E4DE85355094EDD7D57
\\DEMO-SRV01\FileServer\01_Clients\CL1016_Coopérative_Agricole_Val_dOise\03_Factures\2024\Facture_CL1016_202407.pdf,C:\DemoMigration\FileServer\01_Clients\CL1016_Coopérative_Agricole_Val_dOise\03_Factures\2024\Facture_CL1016_202407.pdf,01_Clients\CL1016_Coopérative_Agricole_Val_dOise\03_Factures\2024\Facture_CL1016_202407.pdf,01_Clients,Clients,/sites/MigrationFileServer/Clients/CL1016_Coopérative_Agricole_Val_dOise/03_Factures/2024/Facture_CL1016_202407.pdf,Facture_CL1016_202407.pdf,.pdf,1722,2024-07-04T10:00:00,2024-07-17T10:00:00,False,False,115,115,4,,3D43C76C1012680547B849BE52231EFDFE108CB1CB9F1DC7955C375CA45B3F7F
\\DEMO-SRV01\FileServer\01_Clients\CL1016_Coopérative_Agricole_Val_dOise\03_Factures\2024\Facture_CL1016_202408.pdf,C:\DemoMigration\FileServer\01_Clients\CL1016_Coopérative_Agricole_Val_dOise\03_Factures\2024\Facture_CL1016_202408.pdf,01_Clients\CL1016_Coopérative_Agricole_Val_dOise\03_Factures\2024\Facture_CL1016_202408.pdf,01_Clients,Clients,/sites/MigrationFileServer/Clients/CL1016_Coopérative_Agricole_Val_dOise/03_Factures/2024/Facture_CL1016_202408.pdf,Facture_CL1016_202408.pdf,.pdf,1723,2024-03-07T10:00:00,2024-08-20T10:00:00,False,False,115,115,4,,3376C4BEBEC4164C9BE6F746E4C61BADC34B3806255DBFA046795DAC4E22667C
\\DEMO-SRV01\FileServer\01_Clients\CL1016_Coopérative_Agricole_Val_dOise\03_Factures\2024\Facture_CL1016_202410.pdf,C:\DemoMigration\FileServer\01_Clients\CL1016_Coopérative_Agricole_Val_dOise\03_Factures\2024\Facture_CL1016_202410.pdf,01_Clients\CL1016_Coopérative_Agricole_Val_dOise\03_Factures\2024\Facture_CL1016_202410.pdf,01_Clients,Clients,/sites/MigrationFileServer/Clients/CL1016_Coopérative_Agricole_Val_dOise/03_Factures/2024/Facture_CL1016_202410.pdf,Facture_CL1016_202410.pdf,.pdf,1723,2024-01-13T10:00:00,2024-10-25T10:00:00,False,False,115,115,4,,003158C8AF32A8500DC63CDFDAFD4D2BDFE09A72360BD8944BFEDAFBF6E9B0C8
\\DEMO-SRV01\FileServer\01_Clients\CL1016_Coopérative_Agricole_Val_dOise\03_Factures\2025\Facture_CL1016_202502.pdf,C:\DemoMigration\FileServer\01_Clients\CL1016_Coopérative_Agricole_Val_dOise\03_Factures\2025\Facture_CL1016_202502.pdf,01_Clients\CL1016_Coopérative_Agricole_Val_dOise\03_Factures\2025\Facture_CL1016_202502.pdf,01_Clients,Clients,/sites/MigrationFileServer/Clients/CL1016_Coopérative_Agricole_Val_dOise/03_Factures/2025/Facture_CL1016_202502.pdf,Facture_CL1016_202502.pdf,.pdf,1722,2024-09-21T10:00:00,2025-02-05T10:00:00,False,False,115,115,4,,C047B88B25F59A0DBBF928A44BE8A4A7B6F994A207A1B0A4DD22FB740C08B432
\\DEMO-SRV01\FileServer\01_Clients\CL1016_Coopérative_Agricole_Val_dOise\03_Factures\2025\Facture_CL1016_202503.pdf,C:\DemoMigration\FileServer\01_Clients\CL1016_Coopérative_Agricole_Val_dOise\03_Factures\2025\Facture_CL1016_202503.pdf,01_Clients\CL1016_Coopérative_Agricole_Val_dOise\03_Factures\2025\Facture_CL1016_202503.pdf,01_Clients,Clients,/sites/MigrationFileServer/Clients/CL1016_Coopérative_Agricole_Val_dOise/03_Factures/2025/Facture_CL1016_202503.pdf,Facture_CL1016_202503.pdf,.pdf,1723,2024-10-12T10:00:00,2025-03-14T10:00:00,False,False,115,115,4,,9E2D3A7D4D0CCD9E82BDE7049742A3EA743DC40E08642F539F4AEF6A87D4FA7D
\\DEMO-SRV01\FileServer\01_Clients\CL1016_Coopérative_Agricole_Val_dOise\03_Factures\2025\Facture_CL1016_202504.pdf,C:\DemoMigration\FileServer\01_Clients\CL1016_Coopérative_Agricole_Val_dOise\03_Factures\2025\Facture_CL1016_202504.pdf,01_Clients\CL1016_Coopérative_Agricole_Val_dOise\03_Factures\2025\Facture_CL1016_202504.pdf,01_Clients,Clients,/sites/MigrationFileServer/Clients/CL1016_Coopérative_Agricole_Val_dOise/03_Factures/2025/Facture_CL1016_202504.pdf,Facture_CL1016_202504.pdf,.pdf,1722,2024-04-05T10:00:00,2025-04-09T10:00:00,False,False,115,115,4,,86C74E3DC57E696DD75C705E0638883BA0E43EA60BA4A184362C6C6CA711B7DF
\\DEMO-SRV01\FileServer\01_Clients\CL1016_Coopérative_Agricole_Val_dOise\03_Factures\2025\Facture_CL1016_202507.pdf,C:\DemoMigration\FileServer\01_Clients\CL1016_Coopérative_Agricole_Val_dOise\03_Factures\2025\Facture_CL1016_202507.pdf,01_Clients\CL1016_Coopérative_Agricole_Val_dOise\03_Factures\2025\Facture_CL1016_202507.pdf,01_Clients,Clients,/sites/MigrationFileServer/Clients/CL1016_Coopérative_Agricole_Val_dOise/03_Factures/2025/Facture_CL1016_202507.pdf,Facture_CL1016_202507.pdf,.pdf,1722,2024-12-20T10:00:00,2025-07-10T10:00:00,False,False,115,115,4,,C8300B9AB01D6B1D5B9BA31461973553EDB5D244F7169A8672A07C8E94D7CE8E
\\DEMO-SRV01\FileServer\01_Clients\CL1016_Coopérative_Agricole_Val_dOise\03_Factures\2025\Facture_CL1016_202508.pdf,C:\DemoMigration\FileServer\01_Clients\CL1016_Coopérative_Agricole_Val_dOise\03_Factures\2025\Facture_CL1016_202508.pdf,01_Clients\CL1016_Coopérative_Agricole_Val_dOise\03_Factures\2025\Facture_CL1016_202508.pdf,01_Clients,Clients,/sites/MigrationFileServer/Clients/CL1016_Coopérative_Agricole_Val_dOise/03_Factures/2025/Facture_CL1016_202508.pdf,Facture_CL1016_202508.pdf,.pdf,1723,2025-01-13T10:00:00,2025-08-26T10:00:00,False,False,115,115,4,,CC758F492D01E138CD78C83B19EB74434F2171C3E47A7FD4D26667487634F07D
\\DEMO-SRV01\FileServer\01_Clients\CL1016_Coopérative_Agricole_Val_dOise\03_Factures\2025\Facture_CL1016_202509.pdf,C:\DemoMigration\FileServer\01_Clients\CL1016_Coopérative_Agricole_Val_dOise\03_Factures\2025\Facture_CL1016_202509.pdf,01_Clients\CL1016_Coopérative_Agricole_Val_dOise\03_Factures\2025\Facture_CL1016_202509.pdf,01_Clients,Clients,/sites/MigrationFileServer/Clients/CL1016_Coopérative_Agricole_Val_dOise/03_Factures/2025/Facture_CL1016_202509.pdf,Facture_CL1016_202509.pdf,.pdf,1723,2024-11-28T10:00:00,2025-09-28T10:00:00,False,False,115,115,4,,50F10004ECEC8A5D354D25882E61F9569720FD3084EFD18C932D8808FC3677C6
\\DEMO-SRV01\FileServer\01_Clients\CL1016_Coopérative_Agricole_Val_dOise\03_Factures\2025\Facture_CL1016_202510.pdf,C:\DemoMigration\FileServer\01_Clients\CL1016_Coopérative_Agricole_Val_dOise\03_Factures\2025\Facture_CL1016_202510.pdf,01_Clients\CL1016_Coopérative_Agricole_Val_dOise\03_Factures\2025\Facture_CL1016_202510.pdf,01_Clients,Clients,/sites/MigrationFileServer/Clients/CL1016_Coopérative_Agricole_Val_dOise/03_Factures/2025/Facture_CL1016_202510.pdf,Facture_CL1016_202510.pdf,.pdf,1723,2025-05-16T10:00:00,2025-10-23T10:00:00,False,False,115,115,4,,F1F80F53EEDBB71D01FBE1BC5F305583A6E58E98AE425DD42B1B05FDC3C8B6CE
\\DEMO-SRV01\FileServer\01_Clients\CL1016_Coopérative_Agricole_Val_dOise\03_Factures\2025\Facture_CL1016_202511.pdf,C:\DemoMigration\FileServer\01_Clients\CL1016_Coopérative_Agricole_Val_dOise\03_Factures\2025\Facture_CL1016_202511.pdf,01_Clients\CL1016_Coopérative_Agricole_Val_dOise\03_Factures\2025\Facture_CL1016_202511.pdf,01_Clients,Clients,/sites/MigrationFileServer/Clients/CL1016_Coopérative_Agricole_Val_dOise/03_Factures/2025/Facture_CL1016_202511.pdf,Facture_CL1016_202511.pdf,.pdf,1723,2024-11-21T10:00:00,2025-11-11T10:00:00,False,False,115,115,4,,65AE2C8AB487976694EBDB79E0AE716A2C4D8470D8CA8AB8B86350D07ACD662A
\\DEMO-SRV01\FileServer\01_Clients\CL1016_Coopérative_Agricole_Val_dOise\03_Factures\2026\Facture_CL1016_202603.pdf,C:\DemoMigration\FileServer\01_Clients\CL1016_Coopérative_Agricole_Val_dOise\03_Factures\2026\Facture_CL1016_202603.pdf,01_Clients\CL1016_Coopérative_Agricole_Val_dOise\03_Factures\2026\Facture_CL1016_202603.pdf,01_Clients,Clients,/sites/MigrationFileServer/Clients/CL1016_Coopérative_Agricole_Val_dOise/03_Factures/2026/Facture_CL1016_202603.pdf,Facture_CL1016_202603.pdf,.pdf,1722,2026-01-27T10:00:00,2026-03-26T10:00:00,False,False,115,115,4,,BD0D2FF1B5006AF20A440949B0EA55682F579670610AF225CBFEDC5DCB7F28F5
\\DEMO-SRV01\FileServer\01_Clients\CL1016_Coopérative_Agricole_Val_dOise\03_Factures\2026\Facture_CL1016_202605.pdf,C:\DemoMigration\FileServer\01_Clients\CL1016_Coopérative_Agricole_Val_dOise\03_Factures\2026\Facture_CL1016_202605.pdf,01_Clients\CL1016_Coopérative_Agricole_Val_dOise\03_Factures\2026\Facture_CL1016_202605.pdf,01_Clients,Clients,/sites/MigrationFileServer/Clients/CL1016_Coopérative_Agricole_Val_dOise/03_Factures/2026/Facture_CL1016_202605.pdf,Facture_CL1016_202605.pdf,.pdf,1724,2025-07-29T10:00:00,2026-05-06T10:00:00,False,False,115,115,4,,A236E95D2FF3F0BFA243B591ABDF07ABBC7ED0F576ED3B368FCF4E78C5BF63EB
\\DEMO-SRV01\FileServer\01_Clients\CL1016_Coopérative_Agricole_Val_dOise\03_Factures\2026\Facture_CL1016_202606.pdf,C:\DemoMigration\FileServer\01_Clients\CL1016_Coopérative_Agricole_Val_dOise\03_Factures\2026\Facture_CL1016_202606.pdf,01_Clients\CL1016_Coopérative_Agricole_Val_dOise\03_Factures\2026\Facture_CL1016_202606.pdf,01_Clients,Clients,/sites/MigrationFileServer/Clients/CL1016_Coopérative_Agricole_Val_dOise/03_Factures/2026/Facture_CL1016_202606.pdf,Facture_CL1016_202606.pdf,.pdf,1723,2026-01-25T10:00:00,2026-06-23T10:00:00,False,False,115,115,4,,C96E3C4D8559B21FCE982AD6C434189B9E0F3BBA393417975275A97D8132CD18
\\DEMO-SRV01\FileServer\01_Clients\CL1016_Coopérative_Agricole_Val_dOise\03_Factures\2026\Facture_CL1016_202608.pdf,C:\DemoMigration\FileServer\01_Clients\CL1016_Coopérative_Agricole_Val_dOise\03_Factures\2026\Facture_CL1016_202608.pdf,01_Clients\CL1016_Coopérative_Agricole_Val_dOise\03_Factures\2026\Facture_CL1016_202608.pdf,01_Clients,Clients,/sites/MigrationFileServer/Clients/CL1016_Coopérative_Agricole_Val_dOise/03_Factures/2026/Facture_CL1016_202608.pdf,Facture_CL1016_202608.pdf,.pdf,1724,2025-12-14T10:00:00,2026-08-26T10:00:00,False,False,115,115,4,,19671B4B1F37414596DF75F51F8853F6423EC34EB18F3B1AAC84F4ECD6A5325F
\\DEMO-SRV01\FileServer\01_Clients\CL1016_Coopérative_Agricole_Val_dOise\04_Correspondance\Echange_01.eml.txt,C:\DemoMigration\FileServer\01_Clients\CL1016_Coopérative_Agricole_Val_dOise\04_Correspondance\Echange_01.eml.txt,01_Clients\CL1016_Coopérative_Agricole_Val_dOise\04_Correspondance\Echange_01.eml.txt,01_Clients,Clients,/sites/MigrationFileServer/Clients/CL1016_Coopérative_Agricole_Val_dOise/04_Correspondance/Echange_01.eml.txt,Echange_01.eml.txt,.txt,106,2020-09-14T22:24:22,2021-01-21T22:24:22,False,False,109,109,3,,155485519D3D782D9157CD914AF41587D0481B0E6BB0BB5AA4DDBF99B88C6594
\\DEMO-SRV01\FileServer\01_Clients\CL1016_Coopérative_Agricole_Val_dOise\04_Correspondance\Echange_02.eml.txt,C:\DemoMigration\FileServer\01_Clients\CL1016_Coopérative_Agricole_Val_dOise\04_Correspondance\Echange_02.eml.txt,01_Clients\CL1016_Coopérative_Agricole_Val_dOise\04_Correspondance\Echange_02.eml.txt,01_Clients,Clients,/sites/MigrationFileServer/Clients/CL1016_Coopérative_Agricole_Val_dOise/04_Correspondance/Echange_02.eml.txt,Echange_02.eml.txt,.txt,106,2024-06-29T03:53:26,2025-01-31T03:53:26,False,False,109,109,3,,C39543532DFF0FEE0FC19D50C32310AC6B5891D5E71C4AAEA36186A6722704FF
\\DEMO-SRV01\FileServer\01_Clients\CL1016_Coopérative_Agricole_Val_dOise\05_Projets\Deploiement_Teams\Compte_rendu_COPIL.docx,C:\DemoMigration\FileServer\01_Clients\CL1016_Coopérative_Agricole_Val_dOise\05_Projets\Deploiement_Teams\Compte_rendu_COPIL.docx,01_Clients\CL1016_Coopérative_Agricole_Val_dOise\05_Projets\Deploiement_Teams\Compte_rendu_COPIL.docx,01_Clients,Clients,/sites/MigrationFileServer/Clients/CL1016_Coopérative_Agricole_Val_dOise/05_Projets/Deploiement_Teams/Compte_rendu_COPIL.docx,Compte_rendu_COPIL.docx,.docx,36731,2024-12-30T11:42:19,2025-09-30T11:42:19,False,False,125,125,4,,201EF9D640B86D4D8E5E49E688186D4176F8A5C7ABB969AA151FE0048FCF0CD1
\\DEMO-SRV01\FileServer\01_Clients\CL1016_Coopérative_Agricole_Val_dOise\05_Projets\Deploiement_Teams\Planning_Deploiement_Teams.xlsx,C:\DemoMigration\FileServer\01_Clients\CL1016_Coopérative_Agricole_Val_dOise\05_Projets\Deploiement_Teams\Planning_Deploiement_Teams.xlsx,01_Clients\CL1016_Coopérative_Agricole_Val_dOise\05_Projets\Deploiement_Teams\Planning_Deploiement_Teams.xlsx,01_Clients,Clients,/sites/MigrationFileServer/Clients/CL1016_Coopérative_Agricole_Val_dOise/05_Projets/Deploiement_Teams/Planning_Deploiement_Teams.xlsx,Planning_Deploiement_Teams.xlsx,.xlsx,5133,2025-01-28T03:08:26,2025-07-31T03:08:26,False,False,133,133,4,,98A376D110ADD2A7C2B68BB722FD46A984AC4637A82EC5D9CA9EE4F3F66E527F
\\DEMO-SRV01\FileServer\01_Clients\CL1016_Coopérative_Agricole_Val_dOise\05_Projets\Deploiement_Teams\Presentation_lancement_Deploiement_Teams.pptx,C:\DemoMigration\FileServer\01_Clients\CL1016_Coopérative_Agricole_Val_dOise\05_Projets\Deploiement_Teams\Presentation_lancement_Deploiement_Teams.pptx,01_Clients\CL1016_Coopérative_Agricole_Val_dOise\05_Projets\Deploiement_Teams\Presentation_lancement_Deploiement_Teams.pptx,01_Clients,Clients,/sites/MigrationFileServer/Clients/CL1016_Coopérative_Agricole_Val_dOise/05_Projets/Deploiement_Teams/Presentation_lancement_Deploiement_Teams.pptx,Presentation_lancement_Deploiement_Teams.pptx,.pptx,29175,2025-01-28T05:08:50,2025-08-21T05:08:50,False,False,147,147,4,,9A481807C784E3A081C0D42A01753E0EB55F002D1391898241E0CB603AF62660
\\DEMO-SRV01\FileServer\01_Clients\CL1016_Coopérative_Agricole_Val_dOise\05_Projets\Refonte_site_web\Compte_rendu_COPIL.docx,C:\DemoMigration\FileServer\01_Clients\CL1016_Coopérative_Agricole_Val_dOise\05_Projets\Refonte_site_web\Compte_rendu_COPIL.docx,01_Clients\CL1016_Coopérative_Agricole_Val_dOise\05_Projets\Refonte_site_web\Compte_rendu_COPIL.docx,01_Clients,Clients,/sites/MigrationFileServer/Clients/CL1016_Coopérative_Agricole_Val_dOise/05_Projets/Refonte_site_web/Compte_rendu_COPIL.docx,Compte_rendu_COPIL.docx,.docx,36731,2025-12-18T04:42:26,2026-06-05T04:42:26,False,False,124,124,4,,84088FABCB97996BF24D56BCDCDB185C97ABF9651F16B8380207831D3EA7FC2F
\\DEMO-SRV01\FileServer\01_Clients\CL1016_Coopérative_Agricole_Val_dOise\05_Projets\Refonte_site_web\Planning_Refonte_site_web.xlsx,C:\DemoMigration\FileServer\01_Clients\CL1016_Coopérative_Agricole_Val_dOise\05_Projets\Refonte_site_web\Planning_Refonte_site_web.xlsx,01_Clients\CL1016_Coopérative_Agricole_Val_dOise\05_Projets\Refonte_site_web\Planning_Refonte_site_web.xlsx,01_Clients,Clients,/sites/MigrationFileServer/Clients/CL1016_Coopérative_Agricole_Val_dOise/05_Projets/Refonte_site_web/Planning_Refonte_site_web.xlsx,Planning_Refonte_site_web.xlsx,.xlsx,5138,2025-08-26T17:35:36,2026-08-07T17:35:36,False,False,131,131,4,,A2581D28552D58E69822E5BEE14C42CE9C5002ACC19C0756153330A05755C6B0
\\DEMO-SRV01\FileServer\01_Clients\CL1016_Coopérative_Agricole_Val_dOise\05_Projets\Refonte_site_web\Presentation_lancement_Refonte_site_web.pptx,C:\DemoMigration\FileServer\01_Clients\CL1016_Coopérative_Agricole_Val_dOise\05_Projets\Refonte_site_web\Presentation_lancement_Refonte_site_web.pptx,01_Clients\CL1016_Coopérative_Agricole_Val_dOise\05_Projets\Refonte_site_web\Presentation_lancement_Refonte_site_web.pptx,01_Clients,Clients,/sites/MigrationFileServer/Clients/CL1016_Coopérative_Agricole_Val_dOise/05_Projets/Refonte_site_web/Presentation_lancement_Refonte_site_web.pptx,Presentation_lancement_Refonte_site_web.pptx,.pptx,29177,2025-09-29T00:05:20,2026-02-03T00:05:20,False,False,145,145,4,,E4790BDC942C209434F1D1ECBA1811B380F217FE643FC00F4C7611D1F901FF0F
\\DEMO-SRV01\FileServer\01_Clients\CL1017_Mutuelle_Solidaris_Ouest\01_Contrats\Contrat_cadre_CL1017_2023.docx,C:\DemoMigration\FileServer\01_Clients\CL1017_Mutuelle_Solidaris_Ouest\01_Contrats\Contrat_cadre_CL1017_2023.docx,01_Clients\CL1017_Mutuelle_Solidaris_Ouest\01_Contrats\Contrat_cadre_CL1017_2023.docx,01_Clients,Clients,/sites/MigrationFileServer/Clients/CL1017_Mutuelle_Solidaris_Ouest/01_Contrats/Contrat_cadre_CL1017_2023.docx,Contrat_cadre_CL1017_2023.docx,.docx,36788,2023-04-28T04:08:11,2023-06-17T04:08:11,False,False,109,109,3,,964C8660940B96FF837CDAF0B10FCE4FC9EC5C6B829B0915AB6E5CC226C7307A
\\DEMO-SRV01\FileServer\01_Clients\CL1017_Mutuelle_Solidaris_Ouest\01_Contrats\Contrat_cadre_CL1017_2023_signe.pdf,C:\DemoMigration\FileServer\01_Clients\CL1017_Mutuelle_Solidaris_Ouest\01_Contrats\Contrat_cadre_CL1017_2023_signe.pdf,01_Clients\CL1017_Mutuelle_Solidaris_Ouest\01_Contrats\Contrat_cadre_CL1017_2023_signe.pdf,01_Clients,Clients,/sites/MigrationFileServer/Clients/CL1017_Mutuelle_Solidaris_Ouest/01_Contrats/Contrat_cadre_CL1017_2023_signe.pdf,Contrat_cadre_CL1017_2023_signe.pdf,.pdf,1660,2022-03-25T11:36:59,2023-04-11T11:36:59,False,False,114,114,3,,78985FC962BAA68BB51FA3C9C0FDEBBFB826A1318DC1A69ACA387486D2B623DF
\\DEMO-SRV01\FileServer\01_Clients\CL1017_Mutuelle_Solidaris_Ouest\02_Devis\Devis_CL1017_2023-03.docx,C:\DemoMigration\FileServer\01_Clients\CL1017_Mutuelle_Solidaris_Ouest\02_Devis\Devis_CL1017_2023-03.docx,01_Clients\CL1017_Mutuelle_Solidaris_Ouest\02_Devis\Devis_CL1017_2023-03.docx,01_Clients,Clients,/sites/MigrationFileServer/Clients/CL1017_Mutuelle_Solidaris_Ouest/02_Devis/Devis_CL1017_2023-03.docx,Devis_CL1017_2023-03.docx,.docx,36745,2023-05-05T13:29:52,2023-10-11T13:29:52,False,False,101,101,3,,9614040A968F46CF5C2524B2558BE16DC2A8C4899D4EB248DBD48938AF1A1EF3
\\DEMO-SRV01\FileServer\01_Clients\CL1017_Mutuelle_Solidaris_Ouest\02_Devis\Devis_CL1017_2024-01.docx,C:\DemoMigration\FileServer\01_Clients\CL1017_Mutuelle_Solidaris_Ouest\02_Devis\Devis_CL1017_2024-01.docx,01_Clients\CL1017_Mutuelle_Solidaris_Ouest\02_Devis\Devis_CL1017_2024-01.docx,01_Clients,Clients,/sites/MigrationFileServer/Clients/CL1017_Mutuelle_Solidaris_Ouest/02_Devis/Devis_CL1017_2024-01.docx,Devis_CL1017_2024-01.docx,.docx,36747,2023-09-01T20:03:42,2024-06-28T20:03:42,False,False,101,101,3,,17648C3EB4D8D01081BBB57E956F9EA737F691D8C3EE943D8642FEE3A432739B
\\DEMO-SRV01\FileServer\01_Clients\CL1017_Mutuelle_Solidaris_Ouest\02_Devis\Devis_CL1017_2024-02.docx,C:\DemoMigration\FileServer\01_Clients\CL1017_Mutuelle_Solidaris_Ouest\02_Devis\Devis_CL1017_2024-02.docx,01_Clients\CL1017_Mutuelle_Solidaris_Ouest\02_Devis\Devis_CL1017_2024-02.docx,01_Clients,Clients,/sites/MigrationFileServer/Clients/CL1017_Mutuelle_Solidaris_Ouest/02_Devis/Devis_CL1017_2024-02.docx,Devis_CL1017_2024-02.docx,.docx,36750,2023-12-07T11:45:09,2024-07-06T11:45:09,False,False,101,101,3,,82C1EAD5F3D259D18CD1B522931D9395CEE1BC5182726CA9DFEDF38F28381261
\\DEMO-SRV01\FileServer\01_Clients\CL1017_Mutuelle_Solidaris_Ouest\02_Devis\Devis_CL1017_2025-04.docx,C:\DemoMigration\FileServer\01_Clients\CL1017_Mutuelle_Solidaris_Ouest\02_Devis\Devis_CL1017_2025-04.docx,01_Clients\CL1017_Mutuelle_Solidaris_Ouest\02_Devis\Devis_CL1017_2025-04.docx,01_Clients,Clients,/sites/MigrationFileServer/Clients/CL1017_Mutuelle_Solidaris_Ouest/02_Devis/Devis_CL1017_2025-04.docx,Devis_CL1017_2025-04.docx,.docx,36748,2024-11-21T09:08:32,2025-07-22T09:08:32,False,False,101,101,3,,F32ACC739404EFF2B2860EF5B18F3DD74067E25D75AB9582DEF4231375FFF275
\\DEMO-SRV01\FileServer\01_Clients\CL1017_Mutuelle_Solidaris_Ouest\03_Factures\2024\Facture_CL1017_202401.pdf,C:\DemoMigration\FileServer\01_Clients\CL1017_Mutuelle_Solidaris_Ouest\03_Factures\2024\Facture_CL1017_202401.pdf,01_Clients\CL1017_Mutuelle_Solidaris_Ouest\03_Factures\2024\Facture_CL1017_202401.pdf,01_Clients,Clients,/sites/MigrationFileServer/Clients/CL1017_Mutuelle_Solidaris_Ouest/03_Factures/2024/Facture_CL1017_202401.pdf,Facture_CL1017_202401.pdf,.pdf,1712,2023-08-15T10:00:00,2024-01-15T10:00:00,False,False,109,109,4,,9211F4803C567229B146AC65D9D5D7C2C612C8309C780EA5F6A31E155AF86101
\\DEMO-SRV01\FileServer\01_Clients\CL1017_Mutuelle_Solidaris_Ouest\03_Factures\2024\Facture_CL1017_202402.pdf,C:\DemoMigration\FileServer\01_Clients\CL1017_Mutuelle_Solidaris_Ouest\03_Factures\2024\Facture_CL1017_202402.pdf,01_Clients\CL1017_Mutuelle_Solidaris_Ouest\03_Factures\2024\Facture_CL1017_202402.pdf,01_Clients,Clients,/sites/MigrationFileServer/Clients/CL1017_Mutuelle_Solidaris_Ouest/03_Factures/2024/Facture_CL1017_202402.pdf,Facture_CL1017_202402.pdf,.pdf,1710,2023-03-07T10:00:00,2024-02-01T10:00:00,False,False,109,109,4,,59621BE4B45A51DC0815402B0ED36FCBB090B0B16AD02EDB9826B470804007FC
\\DEMO-SRV01\FileServer\01_Clients\CL1017_Mutuelle_Solidaris_Ouest\03_Factures\2024\Facture_CL1017_202403.pdf,C:\DemoMigration\FileServer\01_Clients\CL1017_Mutuelle_Solidaris_Ouest\03_Factures\2024\Facture_CL1017_202403.pdf,01_Clients\CL1017_Mutuelle_Solidaris_Ouest\03_Factures\2024\Facture_CL1017_202403.pdf,01_Clients,Clients,/sites/MigrationFileServer/Clients/CL1017_Mutuelle_Solidaris_Ouest/03_Factures/2024/Facture_CL1017_202403.pdf,Facture_CL1017_202403.pdf,.pdf,1710,2023-12-26T10:00:00,2024-03-24T10:00:00,False,False,109,109,4,,C0CBC6A81AD21FA047FAFB7CC512D0F387846CFB85AAA2EEEC633D7967EC1CAD
\\DEMO-SRV01\FileServer\01_Clients\CL1017_Mutuelle_Solidaris_Ouest\03_Factures\2024\Facture_CL1017_202405.pdf,C:\DemoMigration\FileServer\01_Clients\CL1017_Mutuelle_Solidaris_Ouest\03_Factures\2024\Facture_CL1017_202405.pdf,01_Clients\CL1017_Mutuelle_Solidaris_Ouest\03_Factures\2024\Facture_CL1017_202405.pdf,01_Clients,Clients,/sites/MigrationFileServer/Clients/CL1017_Mutuelle_Solidaris_Ouest/03_Factures/2024/Facture_CL1017_202405.pdf,Facture_CL1017_202405.pdf,.pdf,1713,2023-10-21T10:00:00,2024-05-15T10:00:00,False,False,109,109,4,,3C9ED59252568D9FE0261BC2FC2E2BC23A0E28E4DFC0C953DD936B2BE15FB954
\\DEMO-SRV01\FileServer\01_Clients\CL1017_Mutuelle_Solidaris_Ouest\03_Factures\2024\Facture_CL1017_202407.pdf,C:\DemoMigration\FileServer\01_Clients\CL1017_Mutuelle_Solidaris_Ouest\03_Factures\2024\Facture_CL1017_202407.pdf,01_Clients\CL1017_Mutuelle_Solidaris_Ouest\03_Factures\2024\Facture_CL1017_202407.pdf,01_Clients,Clients,/sites/MigrationFileServer/Clients/CL1017_Mutuelle_Solidaris_Ouest/03_Factures/2024/Facture_CL1017_202407.pdf,Facture_CL1017_202407.pdf,.pdf,1710,2023-09-03T10:00:00,2024-07-13T10:00:00,False,False,109,109,4,,3F698691FD35BFF5B7EB003FA300C632676A4D1A6623514731822840F9030DA6
\\DEMO-SRV01\FileServer\01_Clients\CL1017_Mutuelle_Solidaris_Ouest\03_Factures\2024\Facture_CL1017_202409.pdf,C:\DemoMigration\FileServer\01_Clients\CL1017_Mutuelle_Solidaris_Ouest\03_Factures\2024\Facture_CL1017_202409.pdf,01_Clients\CL1017_Mutuelle_Solidaris_Ouest\03_Factures\2024\Facture_CL1017_202409.pdf,01_Clients,Clients,/sites/MigrationFileServer/Clients/CL1017_Mutuelle_Solidaris_Ouest/03_Factures/2024/Facture_CL1017_202409.pdf,Facture_CL1017_202409.pdf,.pdf,1709,2024-05-19T10:00:00,2024-09-01T10:00:00,False,False,109,109,4,,D646DCF1958F7EBD93F8C7C58291BA352F06FF3371AF625529CBEA6648A83C1E
\\DEMO-SRV01\FileServer\01_Clients\CL1017_Mutuelle_Solidaris_Ouest\03_Factures\2024\Facture_CL1017_202410.pdf,C:\DemoMigration\FileServer\01_Clients\CL1017_Mutuelle_Solidaris_Ouest\03_Factures\2024\Facture_CL1017_202410.pdf,01_Clients\CL1017_Mutuelle_Solidaris_Ouest\03_Factures\2024\Facture_CL1017_202410.pdf,01_Clients,Clients,/sites/MigrationFileServer/Clients/CL1017_Mutuelle_Solidaris_Ouest/03_Factures/2024/Facture_CL1017_202410.pdf,Facture_CL1017_202410.pdf,.pdf,1709,2024-09-04T10:00:00,2024-10-26T10:00:00,False,False,109,109,4,,E795002B80A73404A7DB0331D473058041EE501FDF01B6A48A08B4FE854F7B75
\\DEMO-SRV01\FileServer\01_Clients\CL1017_Mutuelle_Solidaris_Ouest\03_Factures\2024\Facture_CL1017_202412.pdf,C:\DemoMigration\FileServer\01_Clients\CL1017_Mutuelle_Solidaris_Ouest\03_Factures\2024\Facture_CL1017_202412.pdf,01_Clients\CL1017_Mutuelle_Solidaris_Ouest\03_Factures\2024\Facture_CL1017_202412.pdf,01_Clients,Clients,/sites/MigrationFileServer/Clients/CL1017_Mutuelle_Solidaris_Ouest/03_Factures/2024/Facture_CL1017_202412.pdf,Facture_CL1017_202412.pdf,.pdf,1709,2024-07-26T10:00:00,2024-12-07T10:00:00,False,False,109,109,4,,CC1804F4D26EB0201AC7CA80DEBB5BC97133B29586EC3F86905278F20823EF9B
\\DEMO-SRV01\FileServer\01_Clients\CL1017_Mutuelle_Solidaris_Ouest\03_Factures\2025\Facture_CL1017_202502.pdf,C:\DemoMigration\FileServer\01_Clients\CL1017_Mutuelle_Solidaris_Ouest\03_Factures\2025\Facture_CL1017_202502.pdf,01_Clients\CL1017_Mutuelle_Solidaris_Ouest\03_Factures\2025\Facture_CL1017_202502.pdf,01_Clients,Clients,/sites/MigrationFileServer/Clients/CL1017_Mutuelle_Solidaris_Ouest/03_Factures/2025/Facture_CL1017_202502.pdf,Facture_CL1017_202502.pdf,.pdf,1712,2024-04-05T10:00:00,2025-02-11T10:00:00,False,False,109,109,4,,997DDD2233B51D83B1F1D9E8D2CDC1DABE1A1D66887FB43D8773A7CFC590A21B
\\DEMO-SRV01\FileServer\01_Clients\CL1017_Mutuelle_Solidaris_Ouest\03_Factures\2025\Facture_CL1017_202503.pdf,C:\DemoMigration\FileServer\01_Clients\CL1017_Mutuelle_Solidaris_Ouest\03_Factures\2025\Facture_CL1017_202503.pdf,01_Clients\CL1017_Mutuelle_Solidaris_Ouest\03_Factures\2025\Facture_CL1017_202503.pdf,01_Clients,Clients,/sites/MigrationFileServer/Clients/CL1017_Mutuelle_Solidaris_Ouest/03_Factures/2025/Facture_CL1017_202503.pdf,Facture_CL1017_202503.pdf,.pdf,1712,2024-04-30T10:00:00,2025-03-12T10:00:00,False,False,109,109,4,,15C3E55A65CC49CDF38F6EA41462E9C0C3CCAF5FF62A703AD9CF472BAF610EC7
\\DEMO-SRV01\FileServer\01_Clients\CL1017_Mutuelle_Solidaris_Ouest\03_Factures\2025\Facture_CL1017_202504.pdf,C:\DemoMigration\FileServer\01_Clients\CL1017_Mutuelle_Solidaris_Ouest\03_Factures\2025\Facture_CL1017_202504.pdf,01_Clients\CL1017_Mutuelle_Solidaris_Ouest\03_Factures\2025\Facture_CL1017_202504.pdf,01_Clients,Clients,/sites/MigrationFileServer/Clients/CL1017_Mutuelle_Solidaris_Ouest/03_Factures/2025/Facture_CL1017_202504.pdf,Facture_CL1017_202504.pdf,.pdf,1709,2024-06-16T10:00:00,2025-04-26T10:00:00,False,False,109,109,4,,D4F6A7C64DC3E1346DB9551C1D1A8DC0DC3C6A12F412AA7A371590E4F3D0BAD3
\\DEMO-SRV01\FileServer\01_Clients\CL1017_Mutuelle_Solidaris_Ouest\03_Factures\2025\Facture_CL1017_202507.pdf,C:\DemoMigration\FileServer\01_Clients\CL1017_Mutuelle_Solidaris_Ouest\03_Factures\2025\Facture_CL1017_202507.pdf,01_Clients\CL1017_Mutuelle_Solidaris_Ouest\03_Factures\2025\Facture_CL1017_202507.pdf,01_Clients,Clients,/sites/MigrationFileServer/Clients/CL1017_Mutuelle_Solidaris_Ouest/03_Factures/2025/Facture_CL1017_202507.pdf,Facture_CL1017_202507.pdf,.pdf,1709,2024-07-14T10:00:00,2025-07-04T10:00:00,False,False,109,109,4,,1F627FD0900DD2AA05D58454D67F3F321BA0C760BD49CDFFC0AF5EF92BEE9659
\\DEMO-SRV01\FileServer\01_Clients\CL1017_Mutuelle_Solidaris_Ouest\03_Factures\2025\Facture_CL1017_202508.pdf,C:\DemoMigration\FileServer\01_Clients\CL1017_Mutuelle_Solidaris_Ouest\03_Factures\2025\Facture_CL1017_202508.pdf,01_Clients\CL1017_Mutuelle_Solidaris_Ouest\03_Factures\2025\Facture_CL1017_202508.pdf,01_Clients,Clients,/sites/MigrationFileServer/Clients/CL1017_Mutuelle_Solidaris_Ouest/03_Factures/2025/Facture_CL1017_202508.pdf,Facture_CL1017_202508.pdf,.pdf,1710,2025-02-05T10:00:00,2025-08-20T10:00:00,False,False,109,109,4,,696A2A40798D16847F2A581010AA0AA4B95253886A446E9E7065DF41D6E61957
\\DEMO-SRV01\FileServer\01_Clients\CL1017_Mutuelle_Solidaris_Ouest\03_Factures\2025\Facture_CL1017_202509.pdf,C:\DemoMigration\FileServer\01_Clients\CL1017_Mutuelle_Solidaris_Ouest\03_Factures\2025\Facture_CL1017_202509.pdf,01_Clients\CL1017_Mutuelle_Solidaris_Ouest\03_Factures\2025\Facture_CL1017_202509.pdf,01_Clients,Clients,/sites/MigrationFileServer/Clients/CL1017_Mutuelle_Solidaris_Ouest/03_Factures/2025/Facture_CL1017_202509.pdf,Facture_CL1017_202509.pdf,.pdf,1710,2024-10-23T10:00:00,2025-09-18T10:00:00,False,False,109,109,4,,C97E8BB616D64839553A77906A87060687C863B200FBE924497996D5C5C73DE1
\\DEMO-SRV01\FileServer\01_Clients\CL1017_Mutuelle_Solidaris_Ouest\03_Factures\2025\Facture_CL1017_202511.pdf,C:\DemoMigration\FileServer\01_Clients\CL1017_Mutuelle_Solidaris_Ouest\03_Factures\2025\Facture_CL1017_202511.pdf,01_Clients\CL1017_Mutuelle_Solidaris_Ouest\03_Factures\2025\Facture_CL1017_202511.pdf,01_Clients,Clients,/sites/MigrationFileServer/Clients/CL1017_Mutuelle_Solidaris_Ouest/03_Factures/2025/Facture_CL1017_202511.pdf,Facture_CL1017_202511.pdf,.pdf,1710,2025-06-02T10:00:00,2025-11-10T10:00:00,False,False,109,109,4,,9414B754B9A04BD6C12DD7F3B0377DDB01EADA77B84732F79EB3E0B1BE11CEFD
\\DEMO-SRV01\FileServer\01_Clients\CL1017_Mutuelle_Solidaris_Ouest\03_Factures\2026\Facture_CL1017_202604.pdf,C:\DemoMigration\FileServer\01_Clients\CL1017_Mutuelle_Solidaris_Ouest\03_Factures\2026\Facture_CL1017_202604.pdf,01_Clients\CL1017_Mutuelle_Solidaris_Ouest\03_Factures\2026\Facture_CL1017_202604.pdf,01_Clients,Clients,/sites/MigrationFileServer/Clients/CL1017_Mutuelle_Solidaris_Ouest/03_Factures/2026/Facture_CL1017_202604.pdf,Facture_CL1017_202604.pdf,.pdf,1710,2025-07-29T10:00:00,2026-04-13T10:00:00,False,False,109,109,4,,A6A6BAB047F074D59405F5DDC683274F21B0D6E22AE9A88B659113672AE900E9
\\DEMO-SRV01\FileServer\01_Clients\CL1017_Mutuelle_Solidaris_Ouest\03_Factures\2026\Facture_CL1017_202606.pdf,C:\DemoMigration\FileServer\01_Clients\CL1017_Mutuelle_Solidaris_Ouest\03_Factures\2026\Facture_CL1017_202606.pdf,01_Clients\CL1017_Mutuelle_Solidaris_Ouest\03_Factures\2026\Facture_CL1017_202606.pdf,01_Clients,Clients,/sites/MigrationFileServer/Clients/CL1017_Mutuelle_Solidaris_Ouest/03_Factures/2026/Facture_CL1017_202606.pdf,Facture_CL1017_202606.pdf,.pdf,1709,2025-10-16T10:00:00,2026-06-23T10:00:00,False,False,109,109,4,,D6E606C5039CD987908482098A984FF6B10BC228C788E9B07E91A7D4E226FF20
\\DEMO-SRV01\FileServer\01_Clients\CL1017_Mutuelle_Solidaris_Ouest\03_Factures\2026\Facture_CL1017_202607.pdf,C:\DemoMigration\FileServer\01_Clients\CL1017_Mutuelle_Solidaris_Ouest\03_Factures\2026\Facture_CL1017_202607.pdf,01_Clients\CL1017_Mutuelle_Solidaris_Ouest\03_Factures\2026\Facture_CL1017_202607.pdf,01_Clients,Clients,/sites/MigrationFileServer/Clients/CL1017_Mutuelle_Solidaris_Ouest/03_Factures/2026/Facture_CL1017_202607.pdf,Facture_CL1017_202607.pdf,.pdf,1709,2026-02-27T10:00:00,2026-07-26T10:00:00,False,False,109,109,4,,0A3B03099AA8A626B67A5E36EF3586BC56108BD3C3206BA9A207D03D8FD54121
\\DEMO-SRV01\FileServer\01_Clients\CL1017_Mutuelle_Solidaris_Ouest\03_Factures\2026\Facture_CL1017_202608.pdf,C:\DemoMigration\FileServer\01_Clients\CL1017_Mutuelle_Solidaris_Ouest\03_Factures\2026\Facture_CL1017_202608.pdf,01_Clients\CL1017_Mutuelle_Solidaris_Ouest\03_Factures\2026\Facture_CL1017_202608.pdf,01_Clients,Clients,/sites/MigrationFileServer/Clients/CL1017_Mutuelle_Solidaris_Ouest/03_Factures/2026/Facture_CL1017_202608.pdf,Facture_CL1017_202608.pdf,.pdf,1709,2025-12-19T10:00:00,2026-08-10T10:00:00,False,False,109,109,4,,81D073AF6CBFF4F105996D70B46B3A43B2DE1B0CABBFF47C342E826EB39FEA8F
\\DEMO-SRV01\FileServer\01_Clients\CL1017_Mutuelle_Solidaris_Ouest\04_Correspondance\Echange_01.eml.txt,C:\DemoMigration\FileServer\01_Clients\CL1017_Mutuelle_Solidaris_Ouest\04_Correspondance\Echange_01.eml.txt,01_Clients\CL1017_Mutuelle_Solidaris_Ouest\04_Correspondance\Echange_01.eml.txt,01_Clients,Clients,/sites/MigrationFileServer/Clients/CL1017_Mutuelle_Solidaris_Ouest/04_Correspondance/Echange_01.eml.txt,Echange_01.eml.txt,.txt,106,2019-02-28T17:37:25,2019-12-18T17:37:25,False,False,103,103,3,,B2EEE359695EB3E7DB37BC61FE0AC8D93B978A65A4073BDC0622AE6408EE8843
\\DEMO-SRV01\FileServer\01_Clients\CL1017_Mutuelle_Solidaris_Ouest\04_Correspondance\Echange_02.eml.txt,C:\DemoMigration\FileServer\01_Clients\CL1017_Mutuelle_Solidaris_Ouest\04_Correspondance\Echange_02.eml.txt,01_Clients\CL1017_Mutuelle_Solidaris_Ouest\04_Correspondance\Echange_02.eml.txt,01_Clients,Clients,/sites/MigrationFileServer/Clients/CL1017_Mutuelle_Solidaris_Ouest/04_Correspondance/Echange_02.eml.txt,Echange_02.eml.txt,.txt,106,2024-10-31T04:36:59,2025-08-05T04:36:59,False,False,103,103,3,,BC7155414E455A3AAFBF99D921B9C50F892E9EE332DD1B1D99D813AEFC42345A
\\DEMO-SRV01\FileServer\01_Clients\CL1017_Mutuelle_Solidaris_Ouest\04_Correspondance\Echange_03.eml.txt,C:\DemoMigration\FileServer\01_Clients\CL1017_Mutuelle_Solidaris_Ouest\04_Correspondance\Echange_03.eml.txt,01_Clients\CL1017_Mutuelle_Solidaris_Ouest\04_Correspondance\Echange_03.eml.txt,01_Clients,Clients,/sites/MigrationFileServer/Clients/CL1017_Mutuelle_Solidaris_Ouest/04_Correspondance/Echange_03.eml.txt,Echange_03.eml.txt,.txt,106,2021-05-12T19:11:47,2022-02-13T19:11:47,False,False,103,103,3,,F467797F059A89A2C8C1415E2A9359507CB5EE1E26095B22D96FFE0F3FB6ED12
\\DEMO-SRV01\FileServer\01_Clients\CL1017_Mutuelle_Solidaris_Ouest\04_Correspondance\Echange_04.eml.txt,C:\DemoMigration\FileServer\01_Clients\CL1017_Mutuelle_Solidaris_Ouest\04_Correspondance\Echange_04.eml.txt,01_Clients\CL1017_Mutuelle_Solidaris_Ouest\04_Correspondance\Echange_04.eml.txt,01_Clients,Clients,/sites/MigrationFileServer/Clients/CL1017_Mutuelle_Solidaris_Ouest/04_Correspondance/Echange_04.eml.txt,Echange_04.eml.txt,.txt,106,2018-04-16T06:42:19,2019-05-10T06:42:19,False,False,103,103,3,,3F2AA036FDA816568A324956174E8C4BB6B6C907BCEB8C149A04E307A95F782A
\\DEMO-SRV01\FileServer\01_Clients\CL1017_Mutuelle_Solidaris_Ouest\05_Projets\Deploiement_Teams\Compte_rendu_COPIL.docx,C:\DemoMigration\FileServer\01_Clients\CL1017_Mutuelle_Solidaris_Ouest\05_Projets\Deploiement_Teams\Compte_rendu_COPIL.docx,01_Clients\CL1017_Mutuelle_Solidaris_Ouest\05_Projets\Deploiement_Teams\Compte_rendu_COPIL.docx,01_Clients,Clients,/sites/MigrationFileServer/Clients/CL1017_Mutuelle_Solidaris_Ouest/05_Projets/Deploiement_Teams/Compte_rendu_COPIL.docx,Compte_rendu_COPIL.docx,.docx,36731,2025-04-21T12:25:41,2025-06-20T12:25:41,False,False,119,119,4,,E475F5F876C0B3BBFC4692F958672ACF3F6CE455D84CBE2E87ECD46562945AF8
\\DEMO-SRV01\FileServer\01_Clients\CL1017_Mutuelle_Solidaris_Ouest\05_Projets\Deploiement_Teams\Planning_Deploiement_Teams.xlsx,C:\DemoMigration\FileServer\01_Clients\CL1017_Mutuelle_Solidaris_Ouest\05_Projets\Deploiement_Teams\Planning_Deploiement_Teams.xlsx,01_Clients\CL1017_Mutuelle_Solidaris_Ouest\05_Projets\Deploiement_Teams\Planning_Deploiement_Teams.xlsx,01_Clients,Clients,/sites/MigrationFileServer/Clients/CL1017_Mutuelle_Solidaris_Ouest/05_Projets/Deploiement_Teams/Planning_Deploiement_Teams.xlsx,Planning_Deploiement_Teams.xlsx,.xlsx,5141,2025-04-02T08:58:22,2025-05-16T08:58:22,False,False,127,127,4,,48F7125947DF477CD78D8CB6B3563F4CC7CFB848F8CC5F463C2A091035D5DDA8
\\DEMO-SRV01\FileServer\01_Clients\CL1017_Mutuelle_Solidaris_Ouest\05_Projets\Deploiement_Teams\Presentation_lancement_Deploiement_Teams.pptx,C:\DemoMigration\FileServer\01_Clients\CL1017_Mutuelle_Solidaris_Ouest\05_Projets\Deploiement_Teams\Presentation_lancement_Deploiement_Teams.pptx,01_Clients\CL1017_Mutuelle_Solidaris_Ouest\05_Projets\Deploiement_Teams\Presentation_lancement_Deploiement_Teams.pptx,01_Clients,Clients,/sites/MigrationFileServer/Clients/CL1017_Mutuelle_Solidaris_Ouest/05_Projets/Deploiement_Teams/Presentation_lancement_Deploiement_Teams.pptx,Presentation_lancement_Deploiement_Teams.pptx,.pptx,29174,2024-03-12T18:35:25,2025-02-09T18:35:25,False,False,141,141,4,,D878D7BAA130875931B73E9B65481A3045711CF2736539040B86685032CED4E4
\\DEMO-SRV01\FileServer\01_Clients\CL1017_Mutuelle_Solidaris_Ouest\05_Projets\Migration_ERP\Compte_rendu_COPIL.docx,C:\DemoMigration\FileServer\01_Clients\CL1017_Mutuelle_Solidaris_Ouest\05_Projets\Migration_ERP\Compte_rendu_COPIL.docx,01_Clients\CL1017_Mutuelle_Solidaris_Ouest\05_Projets\Migration_ERP\Compte_rendu_COPIL.docx,01_Clients,Clients,/sites/MigrationFileServer/Clients/CL1017_Mutuelle_Solidaris_Ouest/05_Projets/Migration_ERP/Compte_rendu_COPIL.docx,Compte_rendu_COPIL.docx,.docx,36732,2023-10-13T22:38:52,2023-11-12T22:38:52,False,False,115,115,4,,8E4743D05A144F3C06446650C35BC2D41680B23BCD8C9AF2D89067A065E64041
\\DEMO-SRV01\FileServer\01_Clients\CL1017_Mutuelle_Solidaris_Ouest\05_Projets\Migration_ERP\Planning_Migration_ERP.xlsx,C:\DemoMigration\FileServer\01_Clients\CL1017_Mutuelle_Solidaris_Ouest\05_Projets\Migration_ERP\Planning_Migration_ERP.xlsx,01_Clients\CL1017_Mutuelle_Solidaris_Ouest\05_Projets\Migration_ERP\Planning_Migration_ERP.xlsx,01_Clients,Clients,/sites/MigrationFileServer/Clients/CL1017_Mutuelle_Solidaris_Ouest/05_Projets/Migration_ERP/Planning_Migration_ERP.xlsx,Planning_Migration_ERP.xlsx,.xlsx,5135,2022-11-21T11:03:38,2023-03-06T11:03:38,False,False,119,119,4,,02040917F23AE518F9592205A64577EE3E95D3A23B7A0C006FEC769B0E3A9F18
\\DEMO-SRV01\FileServer\01_Clients\CL1017_Mutuelle_Solidaris_Ouest\05_Projets\Migration_ERP\Presentation_lancement_Migration_ERP.pptx,C:\DemoMigration\FileServer\01_Clients\CL1017_Mutuelle_Solidaris_Ouest\05_Projets\Migration_ERP\Presentation_lancement_Migration_ERP.pptx,01_Clients\CL1017_Mutuelle_Solidaris_Ouest\05_Projets\Migration_ERP\Presentation_lancement_Migration_ERP.pptx,01_Clients,Clients,/sites/MigrationFileServer/Clients/CL1017_Mutuelle_Solidaris_Ouest/05_Projets/Migration_ERP/Presentation_lancement_Migration_ERP.pptx,Presentation_lancement_Migration_ERP.pptx,.pptx,29176,2022-05-26T12:12:22,2023-03-23T12:12:22,False,False,133,133,4,,B37372E68DFCDE61868029B148357DA8EF27BF6FC1C6B71575153210E1C56B8A
\\DEMO-SRV01\FileServer\01_Clients\CL1018_Librairie_La_Plume\01_Contrats\Contrat_cadre_CL1018_2021.docx,C:\DemoMigration\FileServer\01_Clients\CL1018_Librairie_La_Plume\01_Contrats\Contrat_cadre_CL1018_2021.docx,01_Clients\CL1018_Librairie_La_Plume\01_Contrats\Contrat_cadre_CL1018_2021.docx,01_Clients,Clients,/sites/MigrationFileServer/Clients/CL1018_Librairie_La_Plume/01_Contrats/Contrat_cadre_CL1018_2021.docx,Contrat_cadre_CL1018_2021.docx,.docx,36785,2020-07-16T05:50:14,2021-05-17T05:50:14,False,False,103,103,3,,9FF8D99F071A0515A73EF4630D7A926240C273FCC99BA8F5756A5BB3ECBA0BDA
\\DEMO-SRV01\FileServer\01_Clients\CL1018_Librairie_La_Plume\01_Contrats\Contrat_cadre_CL1018_2021_signe.pdf,C:\DemoMigration\FileServer\01_Clients\CL1018_Librairie_La_Plume\01_Contrats\Contrat_cadre_CL1018_2021_signe.pdf,01_Clients\CL1018_Librairie_La_Plume\01_Contrats\Contrat_cadre_CL1018_2021_signe.pdf,01_Clients,Clients,/sites/MigrationFileServer/Clients/CL1018_Librairie_La_Plume/01_Contrats/Contrat_cadre_CL1018_2021_signe.pdf,Contrat_cadre_CL1018_2021_signe.pdf,.pdf,1665,2020-08-03T05:41:12,2021-07-29T05:41:12,False,False,108,108,3,,9A9D63D2F9D82B26FB10EC4FA8B22EC39773E1974E87B31EA3EB4B0EFF4211D7
\\DEMO-SRV01\FileServer\01_Clients\CL1018_Librairie_La_Plume\02_Devis\Devis_CL1018_2021-02.docx,C:\DemoMigration\FileServer\01_Clients\CL1018_Librairie_La_Plume\02_Devis\Devis_CL1018_2021-02.docx,01_Clients\CL1018_Librairie_La_Plume\02_Devis\Devis_CL1018_2021-02.docx,01_Clients,Clients,/sites/MigrationFileServer/Clients/CL1018_Librairie_La_Plume/02_Devis/Devis_CL1018_2021-02.docx,Devis_CL1018_2021-02.docx,.docx,36749,2021-10-03T03:10:16,2021-11-02T03:10:16,False,False,95,95,3,,10134AC9D7C8FA87B912C854C4F08796EE7D60299096289EE3253255536119AD
\\DEMO-SRV01\FileServer\01_Clients\CL1018_Librairie_La_Plume\02_Devis\Devis_CL1018_2023-01.docx,C:\DemoMigration\FileServer\01_Clients\CL1018_Librairie_La_Plume\02_Devis\Devis_CL1018_2023-01.docx,01_Clients\CL1018_Librairie_La_Plume\02_Devis\Devis_CL1018_2023-01.docx,01_Clients,Clients,/sites/MigrationFileServer/Clients/CL1018_Librairie_La_Plume/02_Devis/Devis_CL1018_2023-01.docx,Devis_CL1018_2023-01.docx,.docx,36749,2022-12-18T05:17:47,2023-11-30T05:17:47,False,False,95,95,3,,7BBD92189547757AB64849041C7ADDDDEC16EE278922B1CCEE9BDCB74A9B318D
\\DEMO-SRV01\FileServer\01_Clients\CL1018_Librairie_La_Plume\02_Devis\Devis_CL1018_2023-03.docx,C:\DemoMigration\FileServer\01_Clients\CL1018_Librairie_La_Plume\02_Devis\Devis_CL1018_2023-03.docx,01_Clients\CL1018_Librairie_La_Plume\02_Devis\Devis_CL1018_2023-03.docx,01_Clients,Clients,/sites/MigrationFileServer/Clients/CL1018_Librairie_La_Plume/02_Devis/Devis_CL1018_2023-03.docx,Devis_CL1018_2023-03.docx,.docx,36748,2022-02-22T12:46:06,2023-02-21T12:46:06,False,False,95,95,3,,B67B87B34FFCA888119D047BF688B873606DF076C8854969BAA6AB3943499E94
\\DEMO-SRV01\FileServer\01_Clients\CL1018_Librairie_La_Plume\03_Factures\2024\Facture_CL1018_202401.pdf,C:\DemoMigration\FileServer\01_Clients\CL1018_Librairie_La_Plume\03_Factures\2024\Facture_CL1018_202401.pdf,01_Clients\CL1018_Librairie_La_Plume\03_Factures\2024\Facture_CL1018_202401.pdf,01_Clients,Clients,/sites/MigrationFileServer/Clients/CL1018_Librairie_La_Plume/03_Factures/2024/Facture_CL1018_202401.pdf,Facture_CL1018_202401.pdf,.pdf,1704,2023-05-22T10:00:00,2024-01-27T10:00:00,False,False,103,103,4,,963CF09AA9384D27BA0DDA54E4269C786F94FA2FD162BF9FB00F8EA267373582
\\DEMO-SRV01\FileServer\01_Clients\CL1018_Librairie_La_Plume\03_Factures\2024\Facture_CL1018_202402.pdf,C:\DemoMigration\FileServer\01_Clients\CL1018_Librairie_La_Plume\03_Factures\2024\Facture_CL1018_202402.pdf,01_Clients\CL1018_Librairie_La_Plume\03_Factures\2024\Facture_CL1018_202402.pdf,01_Clients,Clients,/sites/MigrationFileServer/Clients/CL1018_Librairie_La_Plume/03_Factures/2024/Facture_CL1018_202402.pdf,Facture_CL1018_202402.pdf,.pdf,1703,2023-07-05T10:00:00,2024-02-21T10:00:00,False,False,103,103,4,,8C372E5F6DAB0BDA9C6C312558FA6A35D7675585A3A6B295D955C1917963ED81
\\DEMO-SRV01\FileServer\01_Clients\CL1018_Librairie_La_Plume\03_Factures\2024\Facture_CL1018_202403.pdf,C:\DemoMigration\FileServer\01_Clients\CL1018_Librairie_La_Plume\03_Factures\2024\Facture_CL1018_202403.pdf,01_Clients\CL1018_Librairie_La_Plume\03_Factures\2024\Facture_CL1018_202403.pdf,01_Clients,Clients,/sites/MigrationFileServer/Clients/CL1018_Librairie_La_Plume/03_Factures/2024/Facture_CL1018_202403.pdf,Facture_CL1018_202403.pdf,.pdf,1703,2023-07-06T10:00:00,2024-03-25T10:00:00,False,False,103,103,4,,38963E6B1FE59460F51328EFC9EDE8D0D52D8129CF1656B4E45BC65E8D60EEBD
\\DEMO-SRV01\FileServer\01_Clients\CL1018_Librairie_La_Plume\03_Factures\2024\Facture_CL1018_202407.pdf,C:\DemoMigration\FileServer\01_Clients\CL1018_Librairie_La_Plume\03_Factures\2024\Facture_CL1018_202407.pdf,01_Clients\CL1018_Librairie_La_Plume\03_Factures\2024\Facture_CL1018_202407.pdf,01_Clients,Clients,/sites/MigrationFileServer/Clients/CL1018_Librairie_La_Plume/03_Factures/2024/Facture_CL1018_202407.pdf,Facture_CL1018_202407.pdf,.pdf,1702,2023-06-19T10:00:00,2024-07-19T10:00:00,False,False,103,103,4,,C8FBC5D15B5902ED5836337F3D0A12ABDE591E2B5E178CAEC8B128FE849E39CB
\\DEMO-SRV01\FileServer\01_Clients\CL1018_Librairie_La_Plume\03_Factures\2024\Facture_CL1018_202409.pdf,C:\DemoMigration\FileServer\01_Clients\CL1018_Librairie_La_Plume\03_Factures\2024\Facture_CL1018_202409.pdf,01_Clients\CL1018_Librairie_La_Plume\03_Factures\2024\Facture_CL1018_202409.pdf,01_Clients,Clients,/sites/MigrationFileServer/Clients/CL1018_Librairie_La_Plume/03_Factures/2024/Facture_CL1018_202409.pdf,Facture_CL1018_202409.pdf,.pdf,1705,2024-03-22T10:00:00,2024-09-21T10:00:00,False,False,103,103,4,,63C24A6831A8D5D55503B219390DCB62FA99D0592C69548A36F45F55C3424E3C
\\DEMO-SRV01\FileServer\01_Clients\CL1018_Librairie_La_Plume\03_Factures\2024\Facture_CL1018_202412.pdf,C:\DemoMigration\FileServer\01_Clients\CL1018_Librairie_La_Plume\03_Factures\2024\Facture_CL1018_202412.pdf,01_Clients\CL1018_Librairie_La_Plume\03_Factures\2024\Facture_CL1018_202412.pdf,01_Clients,Clients,/sites/MigrationFileServer/Clients/CL1018_Librairie_La_Plume/03_Factures/2024/Facture_CL1018_202412.pdf,Facture_CL1018_202412.pdf,.pdf,1704,2024-08-12T10:00:00,2024-12-27T10:00:00,False,False,103,103,4,,ADAC914521EBFD096C9FA61A101E1C555387C214B4611D424EFADC8E6C3E8704
\\DEMO-SRV01\FileServer\01_Clients\CL1018_Librairie_La_Plume\03_Factures\2025\Facture_CL1018_202501.pdf,C:\DemoMigration\FileServer\01_Clients\CL1018_Librairie_La_Plume\03_Factures\2025\Facture_CL1018_202501.pdf,01_Clients\CL1018_Librairie_La_Plume\03_Factures\2025\Facture_CL1018_202501.pdf,01_Clients,Clients,/sites/MigrationFileServer/Clients/CL1018_Librairie_La_Plume/03_Factures/2025/Facture_CL1018_202501.pdf,Facture_CL1018_202501.pdf,.pdf,1702,2024-04-04T10:00:00,2025-01-18T10:00:00,False,False,103,103,4,,34D423CF846DFDB8BF2FB28A71D122C600C86E0500F54237FB005EA85565A852
\\DEMO-SRV01\FileServer\01_Clients\CL1018_Librairie_La_Plume\03_Factures\2025\Facture_CL1018_202506.pdf,C:\DemoMigration\FileServer\01_Clients\CL1018_Librairie_La_Plume\03_Factures\2025\Facture_CL1018_202506.pdf,01_Clients\CL1018_Librairie_La_Plume\03_Factures\2025\Facture_CL1018_202506.pdf,01_Clients,Clients,/sites/MigrationFileServer/Clients/CL1018_Librairie_La_Plume/03_Factures/2025/Facture_CL1018_202506.pdf,Facture_CL1018_202506.pdf,.pdf,1704,2025-04-25T10:00:00,2025-06-27T10:00:00,False,False,103,103,4,,78161882ED4A1062AA3FFDDF18A9012461C90103D83E32685DD21F93B60794FC
\\DEMO-SRV01\FileServer\01_Clients\CL1018_Librairie_La_Plume\03_Factures\2025\Facture_CL1018_202508.pdf,C:\DemoMigration\FileServer\01_Clients\CL1018_Librairie_La_Plume\03_Factures\2025\Facture_CL1018_202508.pdf,01_Clients\CL1018_Librairie_La_Plume\03_Factures\2025\Facture_CL1018_202508.pdf,01_Clients,Clients,/sites/MigrationFileServer/Clients/CL1018_Librairie_La_Plume/03_Factures/2025/Facture_CL1018_202508.pdf,Facture_CL1018_202508.pdf,.pdf,1703,2024-08-27T10:00:00,2025-08-14T10:00:00,False,False,103,103,4,,A9B46B36369C1EC39800C2429DF0F46EF8E6026EBDE8298150B03D547CCDCC28
\\DEMO-SRV01\FileServer\01_Clients\CL1018_Librairie_La_Plume\03_Factures\2025\Facture_CL1018_202511.pdf,C:\DemoMigration\FileServer\01_Clients\CL1018_Librairie_La_Plume\03_Factures\2025\Facture_CL1018_202511.pdf,01_Clients\CL1018_Librairie_La_Plume\03_Factures\2025\Facture_CL1018_202511.pdf,01_Clients,Clients,/sites/MigrationFileServer/Clients/CL1018_Librairie_La_Plume/03_Factures/2025/Facture_CL1018_202511.pdf,Facture_CL1018_202511.pdf,.pdf,1704,2025-05-09T10:00:00,2025-11-09T10:00:00,False,False,103,103,4,,53ED4FF25F6A7AC2C92B90A74200F444B9AC4893D2D969B45771956FD52EBFE8
\\DEMO-SRV01\FileServer\01_Clients\CL1018_Librairie_La_Plume\03_Factures\2025\Facture_CL1018_202512.pdf,C:\DemoMigration\FileServer\01_Clients\CL1018_Librairie_La_Plume\03_Factures\2025\Facture_CL1018_202512.pdf,01_Clients\CL1018_Librairie_La_Plume\03_Factures\2025\Facture_CL1018_202512.pdf,01_Clients,Clients,/sites/MigrationFileServer/Clients/CL1018_Librairie_La_Plume/03_Factures/2025/Facture_CL1018_202512.pdf,Facture_CL1018_202512.pdf,.pdf,1705,2025-06-02T10:00:00,2025-12-21T10:00:00,False,False,103,103,4,,11DE0286B2B65A4E2D392DCCFD4A7A83AF531D54C01448EA2A39288D9CF036A8
\\DEMO-SRV01\FileServer\01_Clients\CL1018_Librairie_La_Plume\03_Factures\2026\Facture_CL1018_202604.pdf,C:\DemoMigration\FileServer\01_Clients\CL1018_Librairie_La_Plume\03_Factures\2026\Facture_CL1018_202604.pdf,01_Clients\CL1018_Librairie_La_Plume\03_Factures\2026\Facture_CL1018_202604.pdf,01_Clients,Clients,/sites/MigrationFileServer/Clients/CL1018_Librairie_La_Plume/03_Factures/2026/Facture_CL1018_202604.pdf,Facture_CL1018_202604.pdf,.pdf,1700,2025-08-03T10:00:00,2026-04-04T10:00:00,False,False,103,103,4,,C53F5D93EB25182216B88C98F21F85FCA64C0891DE794F9BF5A0E584276A9581
\\DEMO-SRV01\FileServer\01_Clients\CL1018_Librairie_La_Plume\03_Factures\2026\Facture_CL1018_202605.pdf,C:\DemoMigration\FileServer\01_Clients\CL1018_Librairie_La_Plume\03_Factures\2026\Facture_CL1018_202605.pdf,01_Clients\CL1018_Librairie_La_Plume\03_Factures\2026\Facture_CL1018_202605.pdf,01_Clients,Clients,/sites/MigrationFileServer/Clients/CL1018_Librairie_La_Plume/03_Factures/2026/Facture_CL1018_202605.pdf,Facture_CL1018_202605.pdf,.pdf,1704,2026-05-13T10:00:00,2026-05-17T10:00:00,False,False,103,103,4,,EA54F708A6F056A24230AAC435A9E92DA8BB07DA82818FA609223C6A3B2FB1B7
\\DEMO-SRV01\FileServer\01_Clients\CL1018_Librairie_La_Plume\03_Factures\2026\Facture_CL1018_202606.pdf,C:\DemoMigration\FileServer\01_Clients\CL1018_Librairie_La_Plume\03_Factures\2026\Facture_CL1018_202606.pdf,01_Clients\CL1018_Librairie_La_Plume\03_Factures\2026\Facture_CL1018_202606.pdf,01_Clients,Clients,/sites/MigrationFileServer/Clients/CL1018_Librairie_La_Plume/03_Factures/2026/Facture_CL1018_202606.pdf,Facture_CL1018_202606.pdf,.pdf,1703,2025-10-31T10:00:00,2026-06-04T10:00:00,False,False,103,103,4,,7F92317C2BE60495B21B7A4010515F54F72B79A4BDDCB1B948E70A9CC9E30C1F
\\DEMO-SRV01\FileServer\01_Clients\CL1018_Librairie_La_Plume\03_Factures\2026\Facture_CL1018_202608.pdf,C:\DemoMigration\FileServer\01_Clients\CL1018_Librairie_La_Plume\03_Factures\2026\Facture_CL1018_202608.pdf,01_Clients\CL1018_Librairie_La_Plume\03_Factures\2026\Facture_CL1018_202608.pdf,01_Clients,Clients,/sites/MigrationFileServer/Clients/CL1018_Librairie_La_Plume/03_Factures/2026/Facture_CL1018_202608.pdf,Facture_CL1018_202608.pdf,.pdf,1700,2026-06-12T10:00:00,2026-08-03T10:00:00,False,False,103,103,4,,3B491D2F43A588246D8466BC70791B7A8A6CB94CC125B23469FB405057D7905E
\\DEMO-SRV01\FileServer\01_Clients\CL1018_Librairie_La_Plume\04_Correspondance\Echange_01.eml.txt,C:\DemoMigration\FileServer\01_Clients\CL1018_Librairie_La_Plume\04_Correspondance\Echange_01.eml.txt,01_Clients\CL1018_Librairie_La_Plume\04_Correspondance\Echange_01.eml.txt,01_Clients,Clients,/sites/MigrationFileServer/Clients/CL1018_Librairie_La_Plume/04_Correspondance/Echange_01.eml.txt,Echange_01.eml.txt,.txt,106,2026-01-28T03:18:02,2026-06-30T03:18:02,False,False,97,97,3,,19D94715BB5F9982F0EE6E183CF5E90D518B36D6EDDDE538B8D33EF941E5818C
\\DEMO-SRV01\FileServer\01_Clients\CL1018_Librairie_La_Plume\05_Projets\Deploiement_Teams\Compte_rendu_COPIL.docx,C:\DemoMigration\FileServer\01_Clients\CL1018_Librairie_La_Plume\05_Projets\Deploiement_Teams\Compte_rendu_COPIL.docx,01_Clients\CL1018_Librairie_La_Plume\05_Projets\Deploiement_Teams\Compte_rendu_COPIL.docx,01_Clients,Clients,/sites/MigrationFileServer/Clients/CL1018_Librairie_La_Plume/05_Projets/Deploiement_Teams/Compte_rendu_COPIL.docx,Compte_rendu_COPIL.docx,.docx,36731,2025-12-28T03:23:11,2026-05-03T03:23:11,False,False,113,113,4,,9AB1C78F99B272A5DB9116A1C9C6D78815817A3E754567033DA3A66A2D2E94E5
\\DEMO-SRV01\FileServer\01_Clients\CL1018_Librairie_La_Plume\05_Projets\Deploiement_Teams\Planning_Deploiement_Teams.xlsx,C:\DemoMigration\FileServer\01_Clients\CL1018_Librairie_La_Plume\05_Projets\Deploiement_Teams\Planning_Deploiement_Teams.xlsx,01_Clients\CL1018_Librairie_La_Plume\05_Projets\Deploiement_Teams\Planning_Deploiement_Teams.xlsx,01_Clients,Clients,/sites/MigrationFileServer/Clients/CL1018_Librairie_La_Plume/05_Projets/Deploiement_Teams/Planning_Deploiement_Teams.xlsx,Planning_Deploiement_Teams.xlsx,.xlsx,5137,2025-10-23T03:26:12,2026-05-30T03:26:12,False,False,121,121,4,,74CA54760B2AD25422544E360BE0F5CF468DB4646CD4588E229F69FBB390BF63
\\DEMO-SRV01\FileServer\01_Clients\CL1018_Librairie_La_Plume\05_Projets\Deploiement_Teams\Presentation_lancement_Deploiement_Teams.pptx,C:\DemoMigration\FileServer\01_Clients\CL1018_Librairie_La_Plume\05_Projets\Deploiement_Teams\Presentation_lancement_Deploiement_Teams.pptx,01_Clients\CL1018_Librairie_La_Plume\05_Projets\Deploiement_Teams\Presentation_lancement_Deploiement_Teams.pptx,01_Clients,Clients,/sites/MigrationFileServer/Clients/CL1018_Librairie_La_Plume/05_Projets/Deploiement_Teams/Presentation_lancement_Deploiement_Teams.pptx,Presentation_lancement_Deploiement_Teams.pptx,.pptx,29173,2026-05-08T19:18:59,2026-06-21T19:18:59,False,False,135,135,4,,CBB632FAD07F8B7B329B19583EFB2DDEB8158B8967810AAC1F5B2CEA4F4F2853
\\DEMO-SRV01\FileServer\01_Clients\CL1018_Librairie_La_Plume\05_Projets\Migration_ERP\Compte_rendu_COPIL.docx,C:\DemoMigration\FileServer\01_Clients\CL1018_Librairie_La_Plume\05_Projets\Migration_ERP\Compte_rendu_COPIL.docx,01_Clients\CL1018_Librairie_La_Plume\05_Projets\Migration_ERP\Compte_rendu_COPIL.docx,01_Clients,Clients,/sites/MigrationFileServer/Clients/CL1018_Librairie_La_Plume/05_Projets/Migration_ERP/Compte_rendu_COPIL.docx,Compte_rendu_COPIL.docx,.docx,36733,2023-02-03T22:07:48,2023-09-01T22:07:48,False,False,109,109,4,,F277B4F10C2E4CF644E67A2A47B99F969083F364454660119254F1EF7F98A036
\\DEMO-SRV01\FileServer\01_Clients\CL1018_Librairie_La_Plume\05_Projets\Migration_ERP\Planning_Migration_ERP.xlsx,C:\DemoMigration\FileServer\01_Clients\CL1018_Librairie_La_Plume\05_Projets\Migration_ERP\Planning_Migration_ERP.xlsx,01_Clients\CL1018_Librairie_La_Plume\05_Projets\Migration_ERP\Planning_Migration_ERP.xlsx,01_Clients,Clients,/sites/MigrationFileServer/Clients/CL1018_Librairie_La_Plume/05_Projets/Migration_ERP/Planning_Migration_ERP.xlsx,Planning_Migration_ERP.xlsx,.xlsx,5136,2023-03-03T22:01:26,2023-06-20T22:01:26,False,False,113,113,4,,7C7848FF5A4A3EBD65F432814995C24E0118BC99C2925D6D03E28F5265EBE9BF
\\DEMO-SRV01\FileServer\01_Clients\CL1018_Librairie_La_Plume\05_Projets\Migration_ERP\Presentation_lancement_Migration_ERP.pptx,C:\DemoMigration\FileServer\01_Clients\CL1018_Librairie_La_Plume\05_Projets\Migration_ERP\Presentation_lancement_Migration_ERP.pptx,01_Clients\CL1018_Librairie_La_Plume\05_Projets\Migration_ERP\Presentation_lancement_Migration_ERP.pptx,01_Clients,Clients,/sites/MigrationFileServer/Clients/CL1018_Librairie_La_Plume/05_Projets/Migration_ERP/Presentation_lancement_Migration_ERP.pptx,Presentation_lancement_Migration_ERP.pptx,.pptx,29176,2023-06-26T03:55:23,2023-09-07T03:55:23,False,False,127,127,4,,B16C6892051D9935C2F58CF7F0592A2666B3E3258229C7CAC385C04DA7BB43D1
\\DEMO-SRV01\FileServer\01_Clients\CL1019_Brasserie_Grand_Nord\01_Contrats\Contrat_cadre_CL1019_2019.docx,C:\DemoMigration\FileServer\01_Clients\CL1019_Brasserie_Grand_Nord\01_Contrats\Contrat_cadre_CL1019_2019.docx,01_Clients\CL1019_Brasserie_Grand_Nord\01_Contrats\Contrat_cadre_CL1019_2019.docx,01_Clients,Clients,/sites/MigrationFileServer/Clients/CL1019_Brasserie_Grand_Nord/01_Contrats/Contrat_cadre_CL1019_2019.docx,Contrat_cadre_CL1019_2019.docx,.docx,36784,2018-11-29T08:17:57,2019-09-08T08:17:57,False,False,105,105,3,,4C72F806D1E88C7593C024419C56A86AE4E93567C0696BDA30EB82BE1B8E3340
\\DEMO-SRV01\FileServer\01_Clients\CL1019_Brasserie_Grand_Nord\01_Contrats\Contrat_cadre_CL1019_2019_signe.pdf,C:\DemoMigration\FileServer\01_Clients\CL1019_Brasserie_Grand_Nord\01_Contrats\Contrat_cadre_CL1019_2019_signe.pdf,01_Clients\CL1019_Brasserie_Grand_Nord\01_Contrats\Contrat_cadre_CL1019_2019_signe.pdf,01_Clients,Clients,/sites/MigrationFileServer/Clients/CL1019_Brasserie_Grand_Nord/01_Contrats/Contrat_cadre_CL1019_2019_signe.pdf,Contrat_cadre_CL1019_2019_signe.pdf,.pdf,1664,2018-10-15T09:43:02,2019-08-22T09:43:02,False,False,110,110,3,,97176D869C909CDE0CD78CBBC36911424AA8F014C1E7B524F121CD7619260CA2
\\DEMO-SRV01\FileServer\01_Clients\CL1019_Brasserie_Grand_Nord\02_Devis\Devis_CL1019_2019-01.docx,C:\DemoMigration\FileServer\01_Clients\CL1019_Brasserie_Grand_Nord\02_Devis\Devis_CL1019_2019-01.docx,01_Clients\CL1019_Brasserie_Grand_Nord\02_Devis\Devis_CL1019_2019-01.docx,01_Clients,Clients,/sites/MigrationFileServer/Clients/CL1019_Brasserie_Grand_Nord/02_Devis/Devis_CL1019_2019-01.docx,Devis_CL1019_2019-01.docx,.docx,36748,2018-08-07T16:58:06,2019-08-24T16:58:06,False,False,97,97,3,,30BA5085024AE116D20A82C94FA4BF7A4B109CE415CBA60B85E9A441129C6751
\\DEMO-SRV01\FileServer\01_Clients\CL1019_Brasserie_Grand_Nord\02_Devis\Devis_CL1019_2025-02.docx,C:\DemoMigration\FileServer\01_Clients\CL1019_Brasserie_Grand_Nord\02_Devis\Devis_CL1019_2025-02.docx,01_Clients\CL1019_Brasserie_Grand_Nord\02_Devis\Devis_CL1019_2025-02.docx,01_Clients,Clients,/sites/MigrationFileServer/Clients/CL1019_Brasserie_Grand_Nord/02_Devis/Devis_CL1019_2025-02.docx,Devis_CL1019_2025-02.docx,.docx,36750,2025-07-02T09:33:37,2025-11-01T09:33:37,False,False,97,97,3,,1CC07BAFBCFBA46D129A003DFFAA40172A60BBEF93AFCA52464FE8124854B1CB
\\DEMO-SRV01\FileServer\01_Clients\CL1019_Brasserie_Grand_Nord\02_Devis\Devis_CL1019_2026-03.docx,C:\DemoMigration\FileServer\01_Clients\CL1019_Brasserie_Grand_Nord\02_Devis\Devis_CL1019_2026-03.docx,01_Clients\CL1019_Brasserie_Grand_Nord\02_Devis\Devis_CL1019_2026-03.docx,01_Clients,Clients,/sites/MigrationFileServer/Clients/CL1019_Brasserie_Grand_Nord/02_Devis/Devis_CL1019_2026-03.docx,Devis_CL1019_2026-03.docx,.docx,36746,2026-06-08T00:26:48,2026-07-14T00:26:48,False,False,97,97,3,,F0219B2F6C7F178880CAF52F026E8434F6081B361E1FC0C8097799CF8B02B623
\\DEMO-SRV01\FileServer\01_Clients\CL1019_Brasserie_Grand_Nord\03_Factures\2024\Facture_CL1019_202401.pdf,C:\DemoMigration\FileServer\01_Clients\CL1019_Brasserie_Grand_Nord\03_Factures\2024\Facture_CL1019_202401.pdf,01_Clients\CL1019_Brasserie_Grand_Nord\03_Factures\2024\Facture_CL1019_202401.pdf,01_Clients,Clients,/sites/MigrationFileServer/Clients/CL1019_Brasserie_Grand_Nord/03_Factures/2024/Facture_CL1019_202401.pdf,Facture_CL1019_202401.pdf,.pdf,1705,2023-11-06T10:00:00,2024-01-12T10:00:00,False,False,105,105,4,,1407D2AE20930DBABEAE48281037C3B2FBDBE59DC8CD89F36F3AE4861B4F06AE
\\DEMO-SRV01\FileServer\01_Clients\CL1019_Brasserie_Grand_Nord\03_Factures\2024\Facture_CL1019_202402.pdf,C:\DemoMigration\FileServer\01_Clients\CL1019_Brasserie_Grand_Nord\03_Factures\2024\Facture_CL1019_202402.pdf,01_Clients\CL1019_Brasserie_Grand_Nord\03_Factures\2024\Facture_CL1019_202402.pdf,01_Clients,Clients,/sites/MigrationFileServer/Clients/CL1019_Brasserie_Grand_Nord/03_Factures/2024/Facture_CL1019_202402.pdf,Facture_CL1019_202402.pdf,.pdf,1705,2023-03-02T10:00:00,2024-02-14T10:00:00,False,False,105,105,4,,AEBF947AF436F4623CBC6617C68CC190344B0D8944F799D447857859A9E62F11
\\DEMO-SRV01\FileServer\01_Clients\CL1019_Brasserie_Grand_Nord\03_Factures\2024\Facture_CL1019_202403.pdf,C:\DemoMigration\FileServer\01_Clients\CL1019_Brasserie_Grand_Nord\03_Factures\2024\Facture_CL1019_202403.pdf,01_Clients\CL1019_Brasserie_Grand_Nord\03_Factures\2024\Facture_CL1019_202403.pdf,01_Clients,Clients,/sites/MigrationFileServer/Clients/CL1019_Brasserie_Grand_Nord/03_Factures/2024/Facture_CL1019_202403.pdf,Facture_CL1019_202403.pdf,.pdf,1707,2023-05-30T10:00:00,2024-03-25T10:00:00,False,False,105,105,4,,16D3ECD30AA34A4868276BCB9682DCDCF90A315AA3D56D6DF1650ED1F14BFAC8
\\DEMO-SRV01\FileServer\01_Clients\CL1019_Brasserie_Grand_Nord\03_Factures\2024\Facture_CL1019_202404.pdf,C:\DemoMigration\FileServer\01_Clients\CL1019_Brasserie_Grand_Nord\03_Factures\2024\Facture_CL1019_202404.pdf,01_Clients\CL1019_Brasserie_Grand_Nord\03_Factures\2024\Facture_CL1019_202404.pdf,01_Clients,Clients,/sites/MigrationFileServer/Clients/CL1019_Brasserie_Grand_Nord/03_Factures/2024/Facture_CL1019_202404.pdf,Facture_CL1019_202404.pdf,.pdf,1705,2023-09-12T10:00:00,2024-04-02T10:00:00,False,False,105,105,4,,617A296A2DD0AE86411054BED021D8DD0FA789C5D5D7441EB7E9073A6665FDA4
\\DEMO-SRV01\FileServer\01_Clients\CL1019_Brasserie_Grand_Nord\03_Factures\2024\Facture_CL1019_202405.pdf,C:\DemoMigration\FileServer\01_Clients\CL1019_Brasserie_Grand_Nord\03_Factures\2024\Facture_CL1019_202405.pdf,01_Clients\CL1019_Brasserie_Grand_Nord\03_Factures\2024\Facture_CL1019_202405.pdf,01_Clients,Clients,/sites/MigrationFileServer/Clients/CL1019_Brasserie_Grand_Nord/03_Factures/2024/Facture_CL1019_202405.pdf,Facture_CL1019_202405.pdf,.pdf,1707,2023-10-14T10:00:00,2024-05-17T10:00:00,False,False,105,105,4,,E82BBA15DC37D77AC2E1FCD1345E0C624E6562BF356486F437967DEB3C573004
\\DEMO-SRV01\FileServer\01_Clients\CL1019_Brasserie_Grand_Nord\03_Factures\2024\Facture_CL1019_202407.pdf,C:\DemoMigration\FileServer\01_Clients\CL1019_Brasserie_Grand_Nord\03_Factures\2024\Facture_CL1019_202407.pdf,01_Clients\CL1019_Brasserie_Grand_Nord\03_Factures\2024\Facture_CL1019_202407.pdf,01_Clients,Clients,/sites/MigrationFileServer/Clients/CL1019_Brasserie_Grand_Nord/03_Factures/2024/Facture_CL1019_202407.pdf,Facture_CL1019_202407.pdf,.pdf,1705,2024-06-08T10:00:00,2024-07-20T10:00:00,False,False,105,105,4,,5CADB98FFDC4D69EECF33DD11B5390A2DB59E16E32ABCC026F5D28D905D28440
\\DEMO-SRV01\FileServer\01_Clients\CL1019_Brasserie_Grand_Nord\03_Factures\2024\Facture_CL1019_202408.pdf,C:\DemoMigration\FileServer\01_Clients\CL1019_Brasserie_Grand_Nord\03_Factures\2024\Facture_CL1019_202408.pdf,01_Clients\CL1019_Brasserie_Grand_Nord\03_Factures\2024\Facture_CL1019_202408.pdf,01_Clients,Clients,/sites/MigrationFileServer/Clients/CL1019_Brasserie_Grand_Nord/03_Factures/2024/Facture_CL1019_202408.pdf,Facture_CL1019_202408.pdf,.pdf,1705,2024-05-20T10:00:00,2024-08-07T10:00:00,False,False,105,105,4,,C6DE6E32AD1BCF019A5BE83F7656C1D56442CDBB2C1D733B1D4B9D930544FB58
\\DEMO-SRV01\FileServer\01_Clients\CL1019_Brasserie_Grand_Nord\03_Factures\2024\Facture_CL1019_202409.pdf,C:\DemoMigration\FileServer\01_Clients\CL1019_Brasserie_Grand_Nord\03_Factures\2024\Facture_CL1019_202409.pdf,01_Clients\CL1019_Brasserie_Grand_Nord\03_Factures\2024\Facture_CL1019_202409.pdf,01_Clients,Clients,/sites/MigrationFileServer/Clients/CL1019_Brasserie_Grand_Nord/03_Factures/2024/Facture_CL1019_202409.pdf,Facture_CL1019_202409.pdf,.pdf,1707,2023-10-25T10:00:00,2024-09-21T10:00:00,False,False,105,105,4,,7C6E1675D72AF62CCBFCD0075FEB3D42F5C3ACACA050A1555BC921D6329D78E0
\\DEMO-SRV01\FileServer\01_Clients\CL1019_Brasserie_Grand_Nord\03_Factures\2024\Facture_CL1019_202411.pdf,C:\DemoMigration\FileServer\01_Clients\CL1019_Brasserie_Grand_Nord\03_Factures\2024\Facture_CL1019_202411.pdf,01_Clients\CL1019_Brasserie_Grand_Nord\03_Factures\2024\Facture_CL1019_202411.pdf,01_Clients,Clients,/sites/MigrationFileServer/Clients/CL1019_Brasserie_Grand_Nord/03_Factures/2024/Facture_CL1019_202411.pdf,Facture_CL1019_202411.pdf,.pdf,1705,2024-07-25T10:00:00,2024-11-24T10:00:00,False,False,105,105,4,,D38BDE2EC7F451AE92F85AB598CC94E08AB77BB9AD3FD1029DBEC8662946FE3D
\\DEMO-SRV01\FileServer\01_Clients\CL1019_Brasserie_Grand_Nord\03_Factures\2024\Facture_CL1019_202412.pdf,C:\DemoMigration\FileServer\01_Clients\CL1019_Brasserie_Grand_Nord\03_Factures\2024\Facture_CL1019_202412.pdf,01_Clients\CL1019_Brasserie_Grand_Nord\03_Factures\2024\Facture_CL1019_202412.pdf,01_Clients,Clients,/sites/MigrationFileServer/Clients/CL1019_Brasserie_Grand_Nord/03_Factures/2024/Facture_CL1019_202412.pdf,Facture_CL1019_202412.pdf,.pdf,1705,2024-02-05T10:00:00,2024-12-14T10:00:00,False,False,105,105,4,,C41143D0EB828913967293CC8341E4B3098F1CAB003ECE60BEAAB555FE6B2D64
\\DEMO-SRV01\FileServer\01_Clients\CL1019_Brasserie_Grand_Nord\03_Factures\2025\Facture_CL1019_202502.pdf,C:\DemoMigration\FileServer\01_Clients\CL1019_Brasserie_Grand_Nord\03_Factures\2025\Facture_CL1019_202502.pdf,01_Clients\CL1019_Brasserie_Grand_Nord\03_Factures\2025\Facture_CL1019_202502.pdf,01_Clients,Clients,/sites/MigrationFileServer/Clients/CL1019_Brasserie_Grand_Nord/03_Factures/2025/Facture_CL1019_202502.pdf,Facture_CL1019_202502.pdf,.pdf,1704,2025-02-18T10:00:00,2025-02-24T10:00:00,False,False,105,105,4,,2D83D138D83C81EB87EB6809DA04B3014E28D760B7A3CD5832E93188B03BA916
\\DEMO-SRV01\FileServer\01_Clients\CL1019_Brasserie_Grand_Nord\03_Factures\2025\Facture_CL1019_202505.pdf,C:\DemoMigration\FileServer\01_Clients\CL1019_Brasserie_Grand_Nord\03_Factures\2025\Facture_CL1019_202505.pdf,01_Clients\CL1019_Brasserie_Grand_Nord\03_Factures\2025\Facture_CL1019_202505.pdf,01_Clients,Clients,/sites/MigrationFileServer/Clients/CL1019_Brasserie_Grand_Nord/03_Factures/2025/Facture_CL1019_202505.pdf,Facture_CL1019_202505.pdf,.pdf,1707,2024-05-13T10:00:00,2025-05-17T10:00:00,False,False,105,105,4,,028E97168918B56A8153994308F605EA8ABB29C99C686E45E1E4AEC102844218
\\DEMO-SRV01\FileServer\01_Clients\CL1019_Brasserie_Grand_Nord\03_Factures\2025\Facture_CL1019_202506.pdf,C:\DemoMigration\FileServer\01_Clients\CL1019_Brasserie_Grand_Nord\03_Factures\2025\Facture_CL1019_202506.pdf,01_Clients\CL1019_Brasserie_Grand_Nord\03_Factures\2025\Facture_CL1019_202506.pdf,01_Clients,Clients,/sites/MigrationFileServer/Clients/CL1019_Brasserie_Grand_Nord/03_Factures/2025/Facture_CL1019_202506.pdf,Facture_CL1019_202506.pdf,.pdf,1705,2025-02-07T10:00:00,2025-06-24T10:00:00,False,False,105,105,4,,36BFDB0DA8C73AAFD89804B4B7743D7142D2922B4A8E988A65998855B96C9F67
\\DEMO-SRV01\FileServer\01_Clients\CL1019_Brasserie_Grand_Nord\03_Factures\2025\Facture_CL1019_202508.pdf,C:\DemoMigration\FileServer\01_Clients\CL1019_Brasserie_Grand_Nord\03_Factures\2025\Facture_CL1019_202508.pdf,01_Clients\CL1019_Brasserie_Grand_Nord\03_Factures\2025\Facture_CL1019_202508.pdf,01_Clients,Clients,/sites/MigrationFileServer/Clients/CL1019_Brasserie_Grand_Nord/03_Factures/2025/Facture_CL1019_202508.pdf,Facture_CL1019_202508.pdf,.pdf,1705,2025-03-25T10:00:00,2025-08-11T10:00:00,False,False,105,105,4,,7A88DC882CA8ECCDB7F36525D1F56FA2E5B08356789719574CF46F5DC24FB17C
\\DEMO-SRV01\FileServer\01_Clients\CL1019_Brasserie_Grand_Nord\03_Factures\2025\Facture_CL1019_202509.pdf,C:\DemoMigration\FileServer\01_Clients\CL1019_Brasserie_Grand_Nord\03_Factures\2025\Facture_CL1019_202509.pdf,01_Clients\CL1019_Brasserie_Grand_Nord\03_Factures\2025\Facture_CL1019_202509.pdf,01_Clients,Clients,/sites/MigrationFileServer/Clients/CL1019_Brasserie_Grand_Nord/03_Factures/2025/Facture_CL1019_202509.pdf,Facture_CL1019_202509.pdf,.pdf,1707,2025-01-08T10:00:00,2025-09-19T10:00:00,False,False,105,105,4,,69C86D3F97BE3DCA1C6439CA1C819BA8FBACC7AFBFB9DD83B90CB5751F0DE9D9
\\DEMO-SRV01\FileServer\01_Clients\CL1019_Brasserie_Grand_Nord\03_Factures\2025\Facture_CL1019_202510.pdf,C:\DemoMigration\FileServer\01_Clients\CL1019_Brasserie_Grand_Nord\03_Factures\2025\Facture_CL1019_202510.pdf,01_Clients\CL1019_Brasserie_Grand_Nord\03_Factures\2025\Facture_CL1019_202510.pdf,01_Clients,Clients,/sites/MigrationFileServer/Clients/CL1019_Brasserie_Grand_Nord/03_Factures/2025/Facture_CL1019_202510.pdf,Facture_CL1019_202510.pdf,.pdf,1705,2025-07-23T10:00:00,2025-10-16T10:00:00,False,False,105,105,4,,2A02BCD7DD4F034BD7CE5C17BD33882334B8BC5CBC6E07F9D10A1700D592F81F
\\DEMO-SRV01\FileServer\01_Clients\CL1019_Brasserie_Grand_Nord\03_Factures\2025\Facture_CL1019_202511.pdf,C:\DemoMigration\FileServer\01_Clients\CL1019_Brasserie_Grand_Nord\03_Factures\2025\Facture_CL1019_202511.pdf,01_Clients\CL1019_Brasserie_Grand_Nord\03_Factures\2025\Facture_CL1019_202511.pdf,01_Clients,Clients,/sites/MigrationFileServer/Clients/CL1019_Brasserie_Grand_Nord/03_Factures/2025/Facture_CL1019_202511.pdf,Facture_CL1019_202511.pdf,.pdf,1704,2024-11-24T10:00:00,2025-11-04T10:00:00,False,False,105,105,4,,7F750DC6C9CF89C94E7A3ADB394ADDCA1DF9894D22BFE9DD49004EA3E0F75E3B
\\DEMO-SRV01\FileServer\01_Clients\CL1019_Brasserie_Grand_Nord\03_Factures\2026\Facture_CL1019_202601.pdf,C:\DemoMigration\FileServer\01_Clients\CL1019_Brasserie_Grand_Nord\03_Factures\2026\Facture_CL1019_202601.pdf,01_Clients\CL1019_Brasserie_Grand_Nord\03_Factures\2026\Facture_CL1019_202601.pdf,01_Clients,Clients,/sites/MigrationFileServer/Clients/CL1019_Brasserie_Grand_Nord/03_Factures/2026/Facture_CL1019_202601.pdf,Facture_CL1019_202601.pdf,.pdf,1705,2025-12-27T10:00:00,2026-01-02T10:00:00,False,False,105,105,4,,0E59768D67FA8FEAF981CE4FF36B32F70988418AF50183F054307EAA0C106CCB
\\DEMO-SRV01\FileServer\01_Clients\CL1019_Brasserie_Grand_Nord\03_Factures\2026\Facture_CL1019_202602.pdf,C:\DemoMigration\FileServer\01_Clients\CL1019_Brasserie_Grand_Nord\03_Factures\2026\Facture_CL1019_202602.pdf,01_Clients\CL1019_Brasserie_Grand_Nord\03_Factures\2026\Facture_CL1019_202602.pdf,01_Clients,Clients,/sites/MigrationFileServer/Clients/CL1019_Brasserie_Grand_Nord/03_Factures/2026/Facture_CL1019_202602.pdf,Facture_CL1019_202602.pdf,.pdf,1704,2025-11-14T10:00:00,2026-02-13T10:00:00,False,False,105,105,4,,B824717FEB8CC112A8495ECED349F5053D5244EA3DB62E6F0A18774288643ECC
\\DEMO-SRV01\FileServer\01_Clients\CL1019_Brasserie_Grand_Nord\03_Factures\2026\Facture_CL1019_202608.pdf,C:\DemoMigration\FileServer\01_Clients\CL1019_Brasserie_Grand_Nord\03_Factures\2026\Facture_CL1019_202608.pdf,01_Clients\CL1019_Brasserie_Grand_Nord\03_Factures\2026\Facture_CL1019_202608.pdf,01_Clients,Clients,/sites/MigrationFileServer/Clients/CL1019_Brasserie_Grand_Nord/03_Factures/2026/Facture_CL1019_202608.pdf,Facture_CL1019_202608.pdf,.pdf,1707,2026-03-04T10:00:00,2026-08-14T10:00:00,False,False,105,105,4,,E5D6EDF24EBE62FF001397F1BF546945D076566A7CCFE5DCAAF21DE3905F1FAF
\\DEMO-SRV01\FileServer\01_Clients\CL1019_Brasserie_Grand_Nord\04_Correspondance\Echange_01.eml.txt,C:\DemoMigration\FileServer\01_Clients\CL1019_Brasserie_Grand_Nord\04_Correspondance\Echange_01.eml.txt,01_Clients\CL1019_Brasserie_Grand_Nord\04_Correspondance\Echange_01.eml.txt,01_Clients,Clients,/sites/MigrationFileServer/Clients/CL1019_Brasserie_Grand_Nord/04_Correspondance/Echange_01.eml.txt,Echange_01.eml.txt,.txt,106,2023-05-05T16:48:37,2023-11-11T16:48:37,False,False,99,99,3,,0EBC8F5192886D853B0ABDD5E6D2452E9A25E22F495DC9E9EC03E7C170434104
\\DEMO-SRV01\FileServer\01_Clients\CL1019_Brasserie_Grand_Nord\04_Correspondance\Echange_02.eml.txt,C:\DemoMigration\FileServer\01_Clients\CL1019_Brasserie_Grand_Nord\04_Correspondance\Echange_02.eml.txt,01_Clients\CL1019_Brasserie_Grand_Nord\04_Correspondance\Echange_02.eml.txt,01_Clients,Clients,/sites/MigrationFileServer/Clients/CL1019_Brasserie_Grand_Nord/04_Correspondance/Echange_02.eml.txt,Echange_02.eml.txt,.txt,106,2024-08-27T22:48:14,2024-09-22T22:48:14,False,False,99,99,3,,7CA0840B8AA3AEC7EE20901774303DE15B5AF4421DC66657B4BEEFB87A57DD01
\\DEMO-SRV01\FileServer\01_Clients\CL1019_Brasserie_Grand_Nord\04_Correspondance\Echange_03.eml.txt,C:\DemoMigration\FileServer\01_Clients\CL1019_Brasserie_Grand_Nord\04_Correspondance\Echange_03.eml.txt,01_Clients\CL1019_Brasserie_Grand_Nord\04_Correspondance\Echange_03.eml.txt,01_Clients,Clients,/sites/MigrationFileServer/Clients/CL1019_Brasserie_Grand_Nord/04_Correspondance/Echange_03.eml.txt,Echange_03.eml.txt,.txt,106,2025-02-12T23:47:23,2025-11-03T23:47:23,False,False,99,99,3,,A321F6794567AF64CDEB5149F22EB4BC55336D60E180AFBC7F2C185A840A7170
\\DEMO-SRV01\FileServer\01_Clients\CL1019_Brasserie_Grand_Nord\05_Projets\Deploiement_Teams\Compte_rendu_COPIL.docx,C:\DemoMigration\FileServer\01_Clients\CL1019_Brasserie_Grand_Nord\05_Projets\Deploiement_Teams\Compte_rendu_COPIL.docx,01_Clients\CL1019_Brasserie_Grand_Nord\05_Projets\Deploiement_Teams\Compte_rendu_COPIL.docx,01_Clients,Clients,/sites/MigrationFileServer/Clients/CL1019_Brasserie_Grand_Nord/05_Projets/Deploiement_Teams/Compte_rendu_COPIL.docx,Compte_rendu_COPIL.docx,.docx,36733,2025-07-17T06:51:35,2026-01-10T06:51:35,False,False,115,115,4,,B6167C5693B187F6FB2E1365C0878F754504D7CBC968C3DAA688D3435804A14C
\\DEMO-SRV01\FileServer\01_Clients\CL1019_Brasserie_Grand_Nord\05_Projets\Deploiement_Teams\Planning_Deploiement_Teams.xlsx,C:\DemoMigration\FileServer\01_Clients\CL1019_Brasserie_Grand_Nord\05_Projets\Deploiement_Teams\Planning_Deploiement_Teams.xlsx,01_Clients\CL1019_Brasserie_Grand_Nord\05_Projets\Deploiement_Teams\Planning_Deploiement_Teams.xlsx,01_Clients,Clients,/sites/MigrationFileServer/Clients/CL1019_Brasserie_Grand_Nord/05_Projets/Deploiement_Teams/Planning_Deploiement_Teams.xlsx,Planning_Deploiement_Teams.xlsx,.xlsx,5136,2025-09-09T04:44:53,2026-04-06T04:44:53,False,False,123,123,4,,70F894A70B59B5EB6F4623BA4B2C228667512574A5059F740972E33CDD8575FE
\\DEMO-SRV01\FileServer\01_Clients\CL1019_Brasserie_Grand_Nord\05_Projets\Deploiement_Teams\Presentation_lancement_Deploiement_Teams.pptx,C:\DemoMigration\FileServer\01_Clients\CL1019_Brasserie_Grand_Nord\05_Projets\Deploiement_Teams\Presentation_lancement_Deploiement_Teams.pptx,01_Clients\CL1019_Brasserie_Grand_Nord\05_Projets\Deploiement_Teams\Presentation_lancement_Deploiement_Teams.pptx,01_Clients,Clients,/sites/MigrationFileServer/Clients/CL1019_Brasserie_Grand_Nord/05_Projets/Deploiement_Teams/Presentation_lancement_Deploiement_Teams.pptx,Presentation_lancement_Deploiement_Teams.pptx,.pptx,29174,2025-06-07T05:02:48,2026-04-05T05:02:48,False,False,137,137,4,,2BC71848699717B67FA0F34C085747F017B2C7ACD44D5C05F6A0A0D264D47D50
\\DEMO-SRV01\FileServer\01_Clients\CL1019_Brasserie_Grand_Nord\05_Projets\Refonte_site_web\Compte_rendu_COPIL.docx,C:\DemoMigration\FileServer\01_Clients\CL1019_Brasserie_Grand_Nord\05_Projets\Refonte_site_web\Compte_rendu_COPIL.docx,01_Clients\CL1019_Brasserie_Grand_Nord\05_Projets\Refonte_site_web\Compte_rendu_COPIL.docx,01_Clients,Clients,/sites/MigrationFileServer/Clients/CL1019_Brasserie_Grand_Nord/05_Projets/Refonte_site_web/Compte_rendu_COPIL.docx,Compte_rendu_COPIL.docx,.docx,36732,2021-07-25T23:03:34,2022-08-07T23:03:34,False,False,114,114,4,,B116D11036EE6EF5437405E8D09ABA1FDDA87DC72DE2007F6D3CEF5F91ED4688
\\DEMO-SRV01\FileServer\01_Clients\CL1019_Brasserie_Grand_Nord\05_Projets\Refonte_site_web\Planning_Refonte_site_web.xlsx,C:\DemoMigration\FileServer\01_Clients\CL1019_Brasserie_Grand_Nord\05_Projets\Refonte_site_web\Planning_Refonte_site_web.xlsx,01_Clients\CL1019_Brasserie_Grand_Nord\05_Projets\Refonte_site_web\Planning_Refonte_site_web.xlsx,01_Clients,Clients,/sites/MigrationFileServer/Clients/CL1019_Brasserie_Grand_Nord/05_Projets/Refonte_site_web/Planning_Refonte_site_web.xlsx,Planning_Refonte_site_web.xlsx,.xlsx,5142,2021-08-08T02:16:41,2022-01-04T02:16:41,False,False,121,121,4,,22225FE9B8C4AB85809F1BBAA04AEE4316D9651FACA246468691F609E28CFBC9
\\DEMO-SRV01\FileServer\01_Clients\CL1019_Brasserie_Grand_Nord\05_Projets\Refonte_site_web\Presentation_lancement_Refonte_site_web.pptx,C:\DemoMigration\FileServer\01_Clients\CL1019_Brasserie_Grand_Nord\05_Projets\Refonte_site_web\Presentation_lancement_Refonte_site_web.pptx,01_Clients\CL1019_Brasserie_Grand_Nord\05_Projets\Refonte_site_web\Presentation_lancement_Refonte_site_web.pptx,01_Clients,Clients,/sites/MigrationFileServer/Clients/CL1019_Brasserie_Grand_Nord/05_Projets/Refonte_site_web/Presentation_lancement_Refonte_site_web.pptx,Presentation_lancement_Refonte_site_web.pptx,.pptx,29177,2022-07-16T14:09:02,2022-12-07T14:09:02,False,False,135,135,4,,F6F74FC083B805006C194960528F09D57A20DFE26146862EFFA1A01162E2FD3C
\\DEMO-SRV01\FileServer\02_RH_Collaborateurs\01_Dossiers_Individuels\ANDRÉ_Clara\Bulletins_de_paie\2026\Bulletin_2026-01.pdf,C:\DemoMigration\FileServer\02_RH_Collaborateurs\01_Dossiers_Individuels\ANDRÉ_Clara\Bulletins_de_paie\2026\Bulletin_2026-01.pdf,02_RH_Collaborateurs\01_Dossiers_Individuels\ANDRÉ_Clara\Bulletins_de_paie\2026\Bulletin_2026-01.pdf,02_RH_Collaborateurs,RH,/sites/MigrationFileServer/RH/01_Dossiers_Individuels/ANDRÉ_Clara/Bulletins_de_paie/2026/Bulletin_2026-01.pdf,Bulletin_2026-01.pdf,.pdf,1700,2025-09-10T18:00:00,2026-01-28T18:00:00,False,False,124,109,5,,628005C6750BB7A9FF8F5AA2BB6D91FA97A271D630866E86BB815981896C0992
\\DEMO-SRV01\FileServer\02_RH_Collaborateurs\01_Dossiers_Individuels\ANDRÉ_Clara\Bulletins_de_paie\2026\Bulletin_2026-02.pdf,C:\DemoMigration\FileServer\02_RH_Collaborateurs\01_Dossiers_Individuels\ANDRÉ_Clara\Bulletins_de_paie\2026\Bulletin_2026-02.pdf,02_RH_Collaborateurs\01_Dossiers_Individuels\ANDRÉ_Clara\Bulletins_de_paie\2026\Bulletin_2026-02.pdf,02_RH_Collaborateurs,RH,/sites/MigrationFileServer/RH/01_Dossiers_Individuels/ANDRÉ_Clara/Bulletins_de_paie/2026/Bulletin_2026-02.pdf,Bulletin_2026-02.pdf,.pdf,1700,2025-07-06T18:00:00,2026-02-28T18:00:00,False,False,124,109,5,,B206004C8713403467963BB28294B1AB34D3BCA6402DB137599D27698C653A31
\\DEMO-SRV01\FileServer\02_RH_Collaborateurs\01_Dossiers_Individuels\ANDRÉ_Clara\Bulletins_de_paie\2026\Bulletin_2026-03.pdf,C:\DemoMigration\FileServer\02_RH_Collaborateurs\01_Dossiers_Individuels\ANDRÉ_Clara\Bulletins_de_paie\2026\Bulletin_2026-03.pdf,02_RH_Collaborateurs\01_Dossiers_Individuels\ANDRÉ_Clara\Bulletins_de_paie\2026\Bulletin_2026-03.pdf,02_RH_Collaborateurs,RH,/sites/MigrationFileServer/RH/01_Dossiers_Individuels/ANDRÉ_Clara/Bulletins_de_paie/2026/Bulletin_2026-03.pdf,Bulletin_2026-03.pdf,.pdf,1700,2025-05-07T18:00:00,2026-03-28T18:00:00,False,False,124,109,5,,C1F4F8630F98530E1AB13630879F29FBBB11B5A15C0548239E751D528EDF8C28
\\DEMO-SRV01\FileServer\02_RH_Collaborateurs\01_Dossiers_Individuels\ANDRÉ_Clara\Bulletins_de_paie\2026\Bulletin_2026-04.pdf,C:\DemoMigration\FileServer\02_RH_Collaborateurs\01_Dossiers_Individuels\ANDRÉ_Clara\Bulletins_de_paie\2026\Bulletin_2026-04.pdf,02_RH_Collaborateurs\01_Dossiers_Individuels\ANDRÉ_Clara\Bulletins_de_paie\2026\Bulletin_2026-04.pdf,02_RH_Collaborateurs,RH,/sites/MigrationFileServer/RH/01_Dossiers_Individuels/ANDRÉ_Clara/Bulletins_de_paie/2026/Bulletin_2026-04.pdf,Bulletin_2026-04.pdf,.pdf,1700,2025-05-15T18:00:00,2026-04-28T18:00:00,False,False,124,109,5,,9FB8B9C2C6FD5DB048A6CA780ADF27B7FC752D748C73D873F79ACE912CF3E556
\\DEMO-SRV01\FileServer\02_RH_Collaborateurs\01_Dossiers_Individuels\ANDRÉ_Clara\Bulletins_de_paie\2026\Bulletin_2026-05.pdf,C:\DemoMigration\FileServer\02_RH_Collaborateurs\01_Dossiers_Individuels\ANDRÉ_Clara\Bulletins_de_paie\2026\Bulletin_2026-05.pdf,02_RH_Collaborateurs\01_Dossiers_Individuels\ANDRÉ_Clara\Bulletins_de_paie\2026\Bulletin_2026-05.pdf,02_RH_Collaborateurs,RH,/sites/MigrationFileServer/RH/01_Dossiers_Individuels/ANDRÉ_Clara/Bulletins_de_paie/2026/Bulletin_2026-05.pdf,Bulletin_2026-05.pdf,.pdf,1702,2025-11-19T18:00:00,2026-05-28T18:00:00,False,False,124,109,5,,4AC7E1789E46A67BDF9FE383A6628EDBFAA5175B3E89287A97D3135ABCAED5A1
\\DEMO-SRV01\FileServer\02_RH_Collaborateurs\01_Dossiers_Individuels\ANDRÉ_Clara\Bulletins_de_paie\2026\Bulletin_2026-06.pdf,C:\DemoMigration\FileServer\02_RH_Collaborateurs\01_Dossiers_Individuels\ANDRÉ_Clara\Bulletins_de_paie\2026\Bulletin_2026-06.pdf,02_RH_Collaborateurs\01_Dossiers_Individuels\ANDRÉ_Clara\Bulletins_de_paie\2026\Bulletin_2026-06.pdf,02_RH_Collaborateurs,RH,/sites/MigrationFileServer/RH/01_Dossiers_Individuels/ANDRÉ_Clara/Bulletins_de_paie/2026/Bulletin_2026-06.pdf,Bulletin_2026-06.pdf,.pdf,1700,2025-11-12T18:00:00,2026-06-28T18:00:00,False,False,124,109,5,,4BEA94988DD7C21060EDAEA86A49BF938B8FFA47F759BE966379C0617BCCF912
\\DEMO-SRV01\FileServer\02_RH_Collaborateurs\01_Dossiers_Individuels\ANDRÉ_Clara\Bulletins_de_paie\2026\Bulletin_2026-07.pdf,C:\DemoMigration\FileServer\02_RH_Collaborateurs\01_Dossiers_Individuels\ANDRÉ_Clara\Bulletins_de_paie\2026\Bulletin_2026-07.pdf,02_RH_Collaborateurs\01_Dossiers_Individuels\ANDRÉ_Clara\Bulletins_de_paie\2026\Bulletin_2026-07.pdf,02_RH_Collaborateurs,RH,/sites/MigrationFileServer/RH/01_Dossiers_Individuels/ANDRÉ_Clara/Bulletins_de_paie/2026/Bulletin_2026-07.pdf,Bulletin_2026-07.pdf,.pdf,1700,2025-11-28T18:00:00,2026-07-28T18:00:00,False,False,124,109,5,,AD3DCDF45BC0290CF83C45A0B86A71DBF1E05B9E0E7F73ABE79E1EA4A7AF15B6
\\DEMO-SRV01\FileServer\02_RH_Collaborateurs\01_Dossiers_Individuels\ANDRÉ_Clara\Bulletins_de_paie\2026\Bulletin_2026-08.pdf,C:\DemoMigration\FileServer\02_RH_Collaborateurs\01_Dossiers_Individuels\ANDRÉ_Clara\Bulletins_de_paie\2026\Bulletin_2026-08.pdf,02_RH_Collaborateurs\01_Dossiers_Individuels\ANDRÉ_Clara\Bulletins_de_paie\2026\Bulletin_2026-08.pdf,02_RH_Collaborateurs,RH,/sites/MigrationFileServer/RH/01_Dossiers_Individuels/ANDRÉ_Clara/Bulletins_de_paie/2026/Bulletin_2026-08.pdf,Bulletin_2026-08.pdf,.pdf,1700,2026-03-02T18:00:00,2026-08-28T18:00:00,False,False,124,109,5,,1FF1154F9F19806405FE8998C02CEE6EE2706E05DE15337F988BB4746D8FAF90
\\DEMO-SRV01\FileServer\02_RH_Collaborateurs\01_Dossiers_Individuels\ANDRÉ_Clara\Contrat_de_travail_ANDRÉ.pdf,C:\DemoMigration\FileServer\02_RH_Collaborateurs\01_Dossiers_Individuels\ANDRÉ_Clara\Contrat_de_travail_ANDRÉ.pdf,02_RH_Collaborateurs\01_Dossiers_Individuels\ANDRÉ_Clara\Contrat_de_travail_ANDRÉ.pdf,02_RH_Collaborateurs,RH,/sites/MigrationFileServer/RH/01_Dossiers_Individuels/ANDRÉ_Clara/Contrat_de_travail_ANDRÉ.pdf,Contrat_de_travail_ANDRÉ.pdf,.pdf,1729,2015-09-28T06:41:06,2016-03-30T06:41:06,False,False,109,94,3,,ECA9766795D80E5E58DC22AD100793E96C58328BCDF9DCD5AED9AF9DAD516B99
\\DEMO-SRV01\FileServer\02_RH_Collaborateurs\01_Dossiers_Individuels\ANDRÉ_Clara\Entretiens_annuels\Entretien_annuel_2024.docx,C:\DemoMigration\FileServer\02_RH_Collaborateurs\01_Dossiers_Individuels\ANDRÉ_Clara\Entretiens_annuels\Entretien_annuel_2024.docx,02_RH_Collaborateurs\01_Dossiers_Individuels\ANDRÉ_Clara\Entretiens_annuels\Entretien_annuel_2024.docx,02_RH_Collaborateurs,RH,/sites/MigrationFileServer/RH/01_Dossiers_Individuels/ANDRÉ_Clara/Entretiens_annuels/Entretien_annuel_2024.docx,Entretien_annuel_2024.docx,.docx,36752,2024-08-02T00:00:00,2024-12-12T00:00:00,False,False,126,111,4,,6F0B8BC2F2877E40149F4509809365976813C75C46832A0F235015761259915C
\\DEMO-SRV01\FileServer\02_RH_Collaborateurs\01_Dossiers_Individuels\ANDRÉ_Clara\Entretiens_annuels\Entretien_annuel_2025.docx,C:\DemoMigration\FileServer\02_RH_Collaborateurs\01_Dossiers_Individuels\ANDRÉ_Clara\Entretiens_annuels\Entretien_annuel_2025.docx,02_RH_Collaborateurs\01_Dossiers_Individuels\ANDRÉ_Clara\Entretiens_annuels\Entretien_annuel_2025.docx,02_RH_Collaborateurs,RH,/sites/MigrationFileServer/RH/01_Dossiers_Individuels/ANDRÉ_Clara/Entretiens_annuels/Entretien_annuel_2025.docx,Entretien_annuel_2025.docx,.docx,36753,2025-05-20T00:00:00,2025-12-03T00:00:00,False,False,126,111,4,,FF3956CA96FB8FC4356C9507CA664BB5BBBC66F8E978219157FD398A7A0A5267
\\DEMO-SRV01\FileServer\02_RH_Collaborateurs\01_Dossiers_Individuels\BERNARD_Camille\Bulletins_de_paie\2026\Bulletin_2026-01.pdf,C:\DemoMigration\FileServer\02_RH_Collaborateurs\01_Dossiers_Individuels\BERNARD_Camille\Bulletins_de_paie\2026\Bulletin_2026-01.pdf,02_RH_Collaborateurs\01_Dossiers_Individuels\BERNARD_Camille\Bulletins_de_paie\2026\Bulletin_2026-01.pdf,02_RH_Collaborateurs,RH,/sites/MigrationFileServer/RH/01_Dossiers_Individuels/BERNARD_Camille/Bulletins_de_paie/2026/Bulletin_2026-01.pdf,Bulletin_2026-01.pdf,.pdf,1700,2025-04-01T18:00:00,2026-01-28T18:00:00,False,False,128,113,5,,7B2D10AE382F762B5B7D03EB6B4D5E3021DA34336E3DA6B96E1ED42522AE6B77
\\DEMO-SRV01\FileServer\02_RH_Collaborateurs\01_Dossiers_Individuels\BERNARD_Camille\Bulletins_de_paie\2026\Bulletin_2026-02.pdf,C:\DemoMigration\FileServer\02_RH_Collaborateurs\01_Dossiers_Individuels\BERNARD_Camille\Bulletins_de_paie\2026\Bulletin_2026-02.pdf,02_RH_Collaborateurs\01_Dossiers_Individuels\BERNARD_Camille\Bulletins_de_paie\2026\Bulletin_2026-02.pdf,02_RH_Collaborateurs,RH,/sites/MigrationFileServer/RH/01_Dossiers_Individuels/BERNARD_Camille/Bulletins_de_paie/2026/Bulletin_2026-02.pdf,Bulletin_2026-02.pdf,.pdf,1700,2025-03-07T18:00:00,2026-02-28T18:00:00,False,False,128,113,5,,676D21CDAB15FC60CFEC087785A86B369F37D030E38FC489667502E939ECF74A
\\DEMO-SRV01\FileServer\02_RH_Collaborateurs\01_Dossiers_Individuels\BERNARD_Camille\Bulletins_de_paie\2026\Bulletin_2026-03.pdf,C:\DemoMigration\FileServer\02_RH_Collaborateurs\01_Dossiers_Individuels\BERNARD_Camille\Bulletins_de_paie\2026\Bulletin_2026-03.pdf,02_RH_Collaborateurs\01_Dossiers_Individuels\BERNARD_Camille\Bulletins_de_paie\2026\Bulletin_2026-03.pdf,02_RH_Collaborateurs,RH,/sites/MigrationFileServer/RH/01_Dossiers_Individuels/BERNARD_Camille/Bulletins_de_paie/2026/Bulletin_2026-03.pdf,Bulletin_2026-03.pdf,.pdf,1700,2025-06-11T18:00:00,2026-03-28T18:00:00,False,False,128,113,5,,3F6D9730983BD8EC551EB0056E2E1C24FEF39CADC3887C9254F0DF28FEB0A49B
\\DEMO-SRV01\FileServer\02_RH_Collaborateurs\01_Dossiers_Individuels\BERNARD_Camille\Bulletins_de_paie\2026\Bulletin_2026-04.pdf,C:\DemoMigration\FileServer\02_RH_Collaborateurs\01_Dossiers_Individuels\BERNARD_Camille\Bulletins_de_paie\2026\Bulletin_2026-04.pdf,02_RH_Collaborateurs\01_Dossiers_Individuels\BERNARD_Camille\Bulletins_de_paie\2026\Bulletin_2026-04.pdf,02_RH_Collaborateurs,RH,/sites/MigrationFileServer/RH/01_Dossiers_Individuels/BERNARD_Camille/Bulletins_de_paie/2026/Bulletin_2026-04.pdf,Bulletin_2026-04.pdf,.pdf,1699,2025-07-14T18:00:00,2026-04-28T18:00:00,False,False,128,113,5,,720B6FB7C686F5A70956AFFB3F49E66CAAA07A0606D53A1C6EA282837D5899E0
\\DEMO-SRV01\FileServer\02_RH_Collaborateurs\01_Dossiers_Individuels\BERNARD_Camille\Bulletins_de_paie\2026\Bulletin_2026-05.pdf,C:\DemoMigration\FileServer\02_RH_Collaborateurs\01_Dossiers_Individuels\BERNARD_Camille\Bulletins_de_paie\2026\Bulletin_2026-05.pdf,02_RH_Collaborateurs\01_Dossiers_Individuels\BERNARD_Camille\Bulletins_de_paie\2026\Bulletin_2026-05.pdf,02_RH_Collaborateurs,RH,/sites/MigrationFileServer/RH/01_Dossiers_Individuels/BERNARD_Camille/Bulletins_de_paie/2026/Bulletin_2026-05.pdf,Bulletin_2026-05.pdf,.pdf,1700,2025-09-18T18:00:00,2026-05-28T18:00:00,False,False,128,113,5,,EB703E6975922C7690C005CD93540353D40149C4161F6F315324DB029C41AE6B
\\DEMO-SRV01\FileServer\02_RH_Collaborateurs\01_Dossiers_Individuels\BERNARD_Camille\Bulletins_de_paie\2026\Bulletin_2026-06.pdf,C:\DemoMigration\FileServer\02_RH_Collaborateurs\01_Dossiers_Individuels\BERNARD_Camille\Bulletins_de_paie\2026\Bulletin_2026-06.pdf,02_RH_Collaborateurs\01_Dossiers_Individuels\BERNARD_Camille\Bulletins_de_paie\2026\Bulletin_2026-06.pdf,02_RH_Collaborateurs,RH,/sites/MigrationFileServer/RH/01_Dossiers_Individuels/BERNARD_Camille/Bulletins_de_paie/2026/Bulletin_2026-06.pdf,Bulletin_2026-06.pdf,.pdf,1702,2026-03-31T18:00:00,2026-06-28T18:00:00,False,False,128,113,5,,8CBF48176B4A87249DC75FE9CEE0D0C0EE22AF1DA32B4E0156FD60BB2336521B
\\DEMO-SRV01\FileServer\02_RH_Collaborateurs\01_Dossiers_Individuels\BERNARD_Camille\Bulletins_de_paie\2026\Bulletin_2026-07.pdf,C:\DemoMigration\FileServer\02_RH_Collaborateurs\01_Dossiers_Individuels\BERNARD_Camille\Bulletins_de_paie\2026\Bulletin_2026-07.pdf,02_RH_Collaborateurs\01_Dossiers_Individuels\BERNARD_Camille\Bulletins_de_paie\2026\Bulletin_2026-07.pdf,02_RH_Collaborateurs,RH,/sites/MigrationFileServer/RH/01_Dossiers_Individuels/BERNARD_Camille/Bulletins_de_paie/2026/Bulletin_2026-07.pdf,Bulletin_2026-07.pdf,.pdf,1700,2026-06-12T18:00:00,2026-07-28T18:00:00,False,False,128,113,5,,1B7E414259E88C1E8F40A31EBCEE0D8361BE6A6F5FB584B628169868EB8E300F
\\DEMO-SRV01\FileServer\02_RH_Collaborateurs\01_Dossiers_Individuels\BERNARD_Camille\Bulletins_de_paie\2026\Bulletin_2026-08.pdf,C:\DemoMigration\FileServer\02_RH_Collaborateurs\01_Dossiers_Individuels\BERNARD_Camille\Bulletins_de_paie\2026\Bulletin_2026-08.pdf,02_RH_Collaborateurs\01_Dossiers_Individuels\BERNARD_Camille\Bulletins_de_paie\2026\Bulletin_2026-08.pdf,02_RH_Collaborateurs,RH,/sites/MigrationFileServer/RH/01_Dossiers_Individuels/BERNARD_Camille/Bulletins_de_paie/2026/Bulletin_2026-08.pdf,Bulletin_2026-08.pdf,.pdf,1700,2025-10-24T18:00:00,2026-08-28T18:00:00,False,False,128,113,5,,FC2FEFDB9B433F57E1653C8723FA15C2053643219983CA418A88C2C628773F8F
\\DEMO-SRV01\FileServer\02_RH_Collaborateurs\01_Dossiers_Individuels\BERNARD_Camille\Contrat_de_travail_BERNARD.pdf,C:\DemoMigration\FileServer\02_RH_Collaborateurs\01_Dossiers_Individuels\BERNARD_Camille\Contrat_de_travail_BERNARD.pdf,02_RH_Collaborateurs\01_Dossiers_Individuels\BERNARD_Camille\Contrat_de_travail_BERNARD.pdf,02_RH_Collaborateurs,RH,/sites/MigrationFileServer/RH/01_Dossiers_Individuels/BERNARD_Camille/Contrat_de_travail_BERNARD.pdf,Contrat_de_travail_BERNARD.pdf,.pdf,1723,2014-12-28T21:03:43,2016-01-09T21:03:43,False,False,115,100,3,,3AAB6CEBFD5FF2F1814A74D0564D3F5E870B398718BD33DA9B852A46ECE82ACC
\\DEMO-SRV01\FileServer\02_RH_Collaborateurs\01_Dossiers_Individuels\BERNARD_Camille\Entretiens_annuels\Entretien_annuel_2024.docx,C:\DemoMigration\FileServer\02_RH_Collaborateurs\01_Dossiers_Individuels\BERNARD_Camille\Entretiens_annuels\Entretien_annuel_2024.docx,02_RH_Collaborateurs\01_Dossiers_Individuels\BERNARD_Camille\Entretiens_annuels\Entretien_annuel_2024.docx,02_RH_Collaborateurs,RH,/sites/MigrationFileServer/RH/01_Dossiers_Individuels/BERNARD_Camille/Entretiens_annuels/Entretien_annuel_2024.docx,Entretien_annuel_2024.docx,.docx,36754,2024-04-08T00:00:00,2024-12-08T00:00:00,False,False,130,115,4,,73AA6110C278E448F8EB3976F50A479AF284C54949B0203D7CC04F96D08AA73B
\\DEMO-SRV01\FileServer\02_RH_Collaborateurs\01_Dossiers_Individuels\BERNARD_Camille\Entretiens_annuels\Entretien_annuel_2025.docx,C:\DemoMigration\FileServer\02_RH_Collaborateurs\01_Dossiers_Individuels\BERNARD_Camille\Entretiens_annuels\Entretien_annuel_2025.docx,02_RH_Collaborateurs\01_Dossiers_Individuels\BERNARD_Camille\Entretiens_annuels\Entretien_annuel_2025.docx,02_RH_Collaborateurs,RH,/sites/MigrationFileServer/RH/01_Dossiers_Individuels/BERNARD_Camille/Entretiens_annuels/Entretien_annuel_2025.docx,Entretien_annuel_2025.docx,.docx,36755,2025-01-21T00:00:00,2025-12-01T00:00:00,False,False,130,115,4,,DB15AA29805B3715BBB59684A7B3733481324E070B9388A8C40F1ECD492B4B96
\\DEMO-SRV01\FileServer\02_RH_Collaborateurs\01_Dossiers_Individuels\BERNARD_Sophie\Bulletins_de_paie\2026\Bulletin_2026-01.pdf,C:\DemoMigration\FileServer\02_RH_Collaborateurs\01_Dossiers_Individuels\BERNARD_Sophie\Bulletins_de_paie\2026\Bulletin_2026-01.pdf,02_RH_Collaborateurs\01_Dossiers_Individuels\BERNARD_Sophie\Bulletins_de_paie\2026\Bulletin_2026-01.pdf,02_RH_Collaborateurs,RH,/sites/MigrationFileServer/RH/01_Dossiers_Individuels/BERNARD_Sophie/Bulletins_de_paie/2026/Bulletin_2026-01.pdf,Bulletin_2026-01.pdf,.pdf,1702,2025-03-03T18:00:00,2026-01-28T18:00:00,False,False,127,112,5,,D1C3074076B3EC788A9329C1A6EA6E56175811F56053241D9AF63BACEAC36422
\\DEMO-SRV01\FileServer\02_RH_Collaborateurs\01_Dossiers_Individuels\BERNARD_Sophie\Bulletins_de_paie\2026\Bulletin_2026-02.pdf,C:\DemoMigration\FileServer\02_RH_Collaborateurs\01_Dossiers_Individuels\BERNARD_Sophie\Bulletins_de_paie\2026\Bulletin_2026-02.pdf,02_RH_Collaborateurs\01_Dossiers_Individuels\BERNARD_Sophie\Bulletins_de_paie\2026\Bulletin_2026-02.pdf,02_RH_Collaborateurs,RH,/sites/MigrationFileServer/RH/01_Dossiers_Individuels/BERNARD_Sophie/Bulletins_de_paie/2026/Bulletin_2026-02.pdf,Bulletin_2026-02.pdf,.pdf,1703,2025-11-15T18:00:00,2026-02-28T18:00:00,False,False,127,112,5,,F1FD56C7B987ECFBC646D9BF9DC7C84D149F7B5226A058C35A57DC4F6EAD8389
\\DEMO-SRV01\FileServer\02_RH_Collaborateurs\01_Dossiers_Individuels\BERNARD_Sophie\Bulletins_de_paie\2026\Bulletin_2026-03.pdf,C:\DemoMigration\FileServer\02_RH_Collaborateurs\01_Dossiers_Individuels\BERNARD_Sophie\Bulletins_de_paie\2026\Bulletin_2026-03.pdf,02_RH_Collaborateurs\01_Dossiers_Individuels\BERNARD_Sophie\Bulletins_de_paie\2026\Bulletin_2026-03.pdf,02_RH_Collaborateurs,RH,/sites/MigrationFileServer/RH/01_Dossiers_Individuels/BERNARD_Sophie/Bulletins_de_paie/2026/Bulletin_2026-03.pdf,Bulletin_2026-03.pdf,.pdf,1700,2025-08-31T18:00:00,2026-03-28T18:00:00,False,False,127,112,5,,337AB32F4ADBDC0C7AEB75DA8C56A2925565DD466AD0029930EBB9ED7AD69DA6
\\DEMO-SRV01\FileServer\02_RH_Collaborateurs\01_Dossiers_Individuels\BERNARD_Sophie\Bulletins_de_paie\2026\Bulletin_2026-04.pdf,C:\DemoMigration\FileServer\02_RH_Collaborateurs\01_Dossiers_Individuels\BERNARD_Sophie\Bulletins_de_paie\2026\Bulletin_2026-04.pdf,02_RH_Collaborateurs\01_Dossiers_Individuels\BERNARD_Sophie\Bulletins_de_paie\2026\Bulletin_2026-04.pdf,02_RH_Collaborateurs,RH,/sites/MigrationFileServer/RH/01_Dossiers_Individuels/BERNARD_Sophie/Bulletins_de_paie/2026/Bulletin_2026-04.pdf,Bulletin_2026-04.pdf,.pdf,1699,2025-03-25T18:00:00,2026-04-28T18:00:00,False,False,127,112,5,,C66BCFBB96D51DAE6AEC72A234A69DEBDD5AFF09FFE9961A7EA754B0786DB4AC
\\DEMO-SRV01\FileServer\02_RH_Collaborateurs\01_Dossiers_Individuels\BERNARD_Sophie\Bulletins_de_paie\2026\Bulletin_2026-05.pdf,C:\DemoMigration\FileServer\02_RH_Collaborateurs\01_Dossiers_Individuels\BERNARD_Sophie\Bulletins_de_paie\2026\Bulletin_2026-05.pdf,02_RH_Collaborateurs\01_Dossiers_Individuels\BERNARD_Sophie\Bulletins_de_paie\2026\Bulletin_2026-05.pdf,02_RH_Collaborateurs,RH,/sites/MigrationFileServer/RH/01_Dossiers_Individuels/BERNARD_Sophie/Bulletins_de_paie/2026/Bulletin_2026-05.pdf,Bulletin_2026-05.pdf,.pdf,1702,2025-06-13T18:00:00,2026-05-28T18:00:00,False,False,127,112,5,,8637BC94A5691900C62AE94F760C22B909673C08C21AAAECB16D18FFDF1D6898
\\DEMO-SRV01\FileServer\02_RH_Collaborateurs\01_Dossiers_Individuels\BERNARD_Sophie\Bulletins_de_paie\2026\Bulletin_2026-06.pdf,C:\DemoMigration\FileServer\02_RH_Collaborateurs\01_Dossiers_Individuels\BERNARD_Sophie\Bulletins_de_paie\2026\Bulletin_2026-06.pdf,02_RH_Collaborateurs\01_Dossiers_Individuels\BERNARD_Sophie\Bulletins_de_paie\2026\Bulletin_2026-06.pdf,02_RH_Collaborateurs,RH,/sites/MigrationFileServer/RH/01_Dossiers_Individuels/BERNARD_Sophie/Bulletins_de_paie/2026/Bulletin_2026-06.pdf,Bulletin_2026-06.pdf,.pdf,1700,2026-04-22T18:00:00,2026-06-28T18:00:00,False,False,127,112,5,,4C6470A03FD504AC82C16A55076897EEDD595EDC1C4C456653C92F5A82454649
\\DEMO-SRV01\FileServer\02_RH_Collaborateurs\01_Dossiers_Individuels\BERNARD_Sophie\Bulletins_de_paie\2026\Bulletin_2026-07.pdf,C:\DemoMigration\FileServer\02_RH_Collaborateurs\01_Dossiers_Individuels\BERNARD_Sophie\Bulletins_de_paie\2026\Bulletin_2026-07.pdf,02_RH_Collaborateurs\01_Dossiers_Individuels\BERNARD_Sophie\Bulletins_de_paie\2026\Bulletin_2026-07.pdf,02_RH_Collaborateurs,RH,/sites/MigrationFileServer/RH/01_Dossiers_Individuels/BERNARD_Sophie/Bulletins_de_paie/2026/Bulletin_2026-07.pdf,Bulletin_2026-07.pdf,.pdf,1703,2025-09-24T18:00:00,2026-07-28T18:00:00,False,False,127,112,5,,B7ADA1F11C55C3184E5FFC4F6D495E0FF340227CD22957E027BBB07D470411E6
\\DEMO-SRV01\FileServer\02_RH_Collaborateurs\01_Dossiers_Individuels\BERNARD_Sophie\Bulletins_de_paie\2026\Bulletin_2026-08.pdf,C:\DemoMigration\FileServer\02_RH_Collaborateurs\01_Dossiers_Individuels\BERNARD_Sophie\Bulletins_de_paie\2026\Bulletin_2026-08.pdf,02_RH_Collaborateurs\01_Dossiers_Individuels\BERNARD_Sophie\Bulletins_de_paie\2026\Bulletin_2026-08.pdf,02_RH_Collaborateurs,RH,/sites/MigrationFileServer/RH/01_Dossiers_Individuels/BERNARD_Sophie/Bulletins_de_paie/2026/Bulletin_2026-08.pdf,Bulletin_2026-08.pdf,.pdf,1702,2026-05-06T18:00:00,2026-08-28T18:00:00,False,False,127,112,5,,9CC853E20542141B1DD6D75DC1AC03B74B785C558583145D54D336443B288AFD
\\DEMO-SRV01\FileServer\02_RH_Collaborateurs\01_Dossiers_Individuels\BERNARD_Sophie\Contrat_de_travail_BERNARD.pdf,C:\DemoMigration\FileServer\02_RH_Collaborateurs\01_Dossiers_Individuels\BERNARD_Sophie\Contrat_de_travail_BERNARD.pdf,02_RH_Collaborateurs\01_Dossiers_Individuels\BERNARD_Sophie\Contrat_de_travail_BERNARD.pdf,02_RH_Collaborateurs,RH,/sites/MigrationFileServer/RH/01_Dossiers_Individuels/BERNARD_Sophie/Contrat_de_travail_BERNARD.pdf,Contrat_de_travail_BERNARD.pdf,.pdf,1727,2014-06-22T06:30:46,2014-10-09T06:30:46,False,False,114,99,3,,14B25A9A1454AC4B75E0410F9612E4E24086B90198E3E161912394A850D1C595
\\DEMO-SRV01\FileServer\02_RH_Collaborateurs\01_Dossiers_Individuels\BERNARD_Sophie\Entretiens_annuels\Entretien_annuel_2024.docx,C:\DemoMigration\FileServer\02_RH_Collaborateurs\01_Dossiers_Individuels\BERNARD_Sophie\Entretiens_annuels\Entretien_annuel_2024.docx,02_RH_Collaborateurs\01_Dossiers_Individuels\BERNARD_Sophie\Entretiens_annuels\Entretien_annuel_2024.docx,02_RH_Collaborateurs,RH,/sites/MigrationFileServer/RH/01_Dossiers_Individuels/BERNARD_Sophie/Entretiens_annuels/Entretien_annuel_2024.docx,Entretien_annuel_2024.docx,.docx,36756,2024-07-06T00:00:00,2024-12-09T00:00:00,False,False,129,114,4,,96B0F1FA5A08B79758652D89663B48B152358322D34A77F39C37AA3AA960FA39
\\DEMO-SRV01\FileServer\02_RH_Collaborateurs\01_Dossiers_Individuels\BERNARD_Sophie\Entretiens_annuels\Entretien_annuel_2025.docx,C:\DemoMigration\FileServer\02_RH_Collaborateurs\01_Dossiers_Individuels\BERNARD_Sophie\Entretiens_annuels\Entretien_annuel_2025.docx,02_RH_Collaborateurs\01_Dossiers_Individuels\BERNARD_Sophie\Entretiens_annuels\Entretien_annuel_2025.docx,02_RH_Collaborateurs,RH,/sites/MigrationFileServer/RH/01_Dossiers_Individuels/BERNARD_Sophie/Entretiens_annuels/Entretien_annuel_2025.docx,Entretien_annuel_2025.docx,.docx,36756,2025-05-31T00:00:00,2025-12-09T00:00:00,False,False,129,114,4,,131E8EE40386B1699474B8291C92722555FA42C389654D1019739A230064640B
\\DEMO-SRV01\FileServer\02_RH_Collaborateurs\01_Dossiers_Individuels\BLANC_Léa\Bulletins_de_paie\2026\Bulletin_2026-01.pdf,C:\DemoMigration\FileServer\02_RH_Collaborateurs\01_Dossiers_Individuels\BLANC_Léa\Bulletins_de_paie\2026\Bulletin_2026-01.pdf,02_RH_Collaborateurs\01_Dossiers_Individuels\BLANC_Léa\Bulletins_de_paie\2026\Bulletin_2026-01.pdf,02_RH_Collaborateurs,RH,/sites/MigrationFileServer/RH/01_Dossiers_Individuels/BLANC_Léa/Bulletins_de_paie/2026/Bulletin_2026-01.pdf,Bulletin_2026-01.pdf,.pdf,1700,2025-03-15T18:00:00,2026-01-28T18:00:00,False,False,122,107,5,,732348DC4E73E3E29E92B93ECA2DC1D7FBD733430123107DB72DD49837990A85
\\DEMO-SRV01\FileServer\02_RH_Collaborateurs\01_Dossiers_Individuels\BLANC_Léa\Bulletins_de_paie\2026\Bulletin_2026-02.pdf,C:\DemoMigration\FileServer\02_RH_Collaborateurs\01_Dossiers_Individuels\BLANC_Léa\Bulletins_de_paie\2026\Bulletin_2026-02.pdf,02_RH_Collaborateurs\01_Dossiers_Individuels\BLANC_Léa\Bulletins_de_paie\2026\Bulletin_2026-02.pdf,02_RH_Collaborateurs,RH,/sites/MigrationFileServer/RH/01_Dossiers_Individuels/BLANC_Léa/Bulletins_de_paie/2026/Bulletin_2026-02.pdf,Bulletin_2026-02.pdf,.pdf,1699,2026-01-07T18:00:00,2026-02-28T18:00:00,False,False,122,107,5,,33865AAD10031C54D7D0138DE7D05C85681B017AA23CD8EF809B38D4255859BA
\\DEMO-SRV01\FileServer\02_RH_Collaborateurs\01_Dossiers_Individuels\BLANC_Léa\Bulletins_de_paie\2026\Bulletin_2026-03.pdf,C:\DemoMigration\FileServer\02_RH_Collaborateurs\01_Dossiers_Individuels\BLANC_Léa\Bulletins_de_paie\2026\Bulletin_2026-03.pdf,02_RH_Collaborateurs\01_Dossiers_Individuels\BLANC_Léa\Bulletins_de_paie\2026\Bulletin_2026-03.pdf,02_RH_Collaborateurs,RH,/sites/MigrationFileServer/RH/01_Dossiers_Individuels/BLANC_Léa/Bulletins_de_paie/2026/Bulletin_2026-03.pdf,Bulletin_2026-03.pdf,.pdf,1698,2025-04-23T18:00:00,2026-03-28T18:00:00,False,False,122,107,5,,48B6DC264B185EE72279E0A6087C7E9BE040EBFEA0750C27A3B432743A9D1439
\\DEMO-SRV01\FileServer\02_RH_Collaborateurs\01_Dossiers_Individuels\BLANC_Léa\Bulletins_de_paie\2026\Bulletin_2026-04.pdf,C:\DemoMigration\FileServer\02_RH_Collaborateurs\01_Dossiers_Individuels\BLANC_Léa\Bulletins_de_paie\2026\Bulletin_2026-04.pdf,02_RH_Collaborateurs\01_Dossiers_Individuels\BLANC_Léa\Bulletins_de_paie\2026\Bulletin_2026-04.pdf,02_RH_Collaborateurs,RH,/sites/MigrationFileServer/RH/01_Dossiers_Individuels/BLANC_Léa/Bulletins_de_paie/2026/Bulletin_2026-04.pdf,Bulletin_2026-04.pdf,.pdf,1698,2025-10-19T18:00:00,2026-04-28T18:00:00,False,False,122,107,5,,B8540516D348CF576419887BDC6DCE06BA4D318B0EADE79E6E1775FA4BFA90B5
\\DEMO-SRV01\FileServer\02_RH_Collaborateurs\01_Dossiers_Individuels\BLANC_Léa\Bulletins_de_paie\2026\Bulletin_2026-05.pdf,C:\DemoMigration\FileServer\02_RH_Collaborateurs\01_Dossiers_Individuels\BLANC_Léa\Bulletins_de_paie\2026\Bulletin_2026-05.pdf,02_RH_Collaborateurs\01_Dossiers_Individuels\BLANC_Léa\Bulletins_de_paie\2026\Bulletin_2026-05.pdf,02_RH_Collaborateurs,RH,/sites/MigrationFileServer/RH/01_Dossiers_Individuels/BLANC_Léa/Bulletins_de_paie/2026/Bulletin_2026-05.pdf,Bulletin_2026-05.pdf,.pdf,1699,2025-07-28T18:00:00,2026-05-28T18:00:00,False,False,122,107,5,,E2CA0BFFE1A80B4877C41738237DDD011FC4010D01F0B338CEC417D721EA5946
\\DEMO-SRV01\FileServer\02_RH_Collaborateurs\01_Dossiers_Individuels\BLANC_Léa\Bulletins_de_paie\2026\Bulletin_2026-06.pdf,C:\DemoMigration\FileServer\02_RH_Collaborateurs\01_Dossiers_Individuels\BLANC_Léa\Bulletins_de_paie\2026\Bulletin_2026-06.pdf,02_RH_Collaborateurs\01_Dossiers_Individuels\BLANC_Léa\Bulletins_de_paie\2026\Bulletin_2026-06.pdf,02_RH_Collaborateurs,RH,/sites/MigrationFileServer/RH/01_Dossiers_Individuels/BLANC_Léa/Bulletins_de_paie/2026/Bulletin_2026-06.pdf,Bulletin_2026-06.pdf,.pdf,1698,2026-01-27T18:00:00,2026-06-28T18:00:00,False,False,122,107,5,,922F426356458DDF0BA6AD9ADED594275FF1AB2885B1E8C109494C9C7FB2AE9D
\\DEMO-SRV01\FileServer\02_RH_Collaborateurs\01_Dossiers_Individuels\BLANC_Léa\Bulletins_de_paie\2026\Bulletin_2026-07.pdf,C:\DemoMigration\FileServer\02_RH_Collaborateurs\01_Dossiers_Individuels\BLANC_Léa\Bulletins_de_paie\2026\Bulletin_2026-07.pdf,02_RH_Collaborateurs\01_Dossiers_Individuels\BLANC_Léa\Bulletins_de_paie\2026\Bulletin_2026-07.pdf,02_RH_Collaborateurs,RH,/sites/MigrationFileServer/RH/01_Dossiers_Individuels/BLANC_Léa/Bulletins_de_paie/2026/Bulletin_2026-07.pdf,Bulletin_2026-07.pdf,.pdf,1699,2025-11-24T18:00:00,2026-07-28T18:00:00,False,False,122,107,5,,68876B9987F8A4B3D7D50642E05131A749387D8BD3AC3A3869CFC19C97A2311D
\\DEMO-SRV01\FileServer\02_RH_Collaborateurs\01_Dossiers_Individuels\BLANC_Léa\Bulletins_de_paie\2026\Bulletin_2026-08.pdf,C:\DemoMigration\FileServer\02_RH_Collaborateurs\01_Dossiers_Individuels\BLANC_Léa\Bulletins_de_paie\2026\Bulletin_2026-08.pdf,02_RH_Collaborateurs\01_Dossiers_Individuels\BLANC_Léa\Bulletins_de_paie\2026\Bulletin_2026-08.pdf,02_RH_Collaborateurs,RH,/sites/MigrationFileServer/RH/01_Dossiers_Individuels/BLANC_Léa/Bulletins_de_paie/2026/Bulletin_2026-08.pdf,Bulletin_2026-08.pdf,.pdf,1699,2026-04-09T18:00:00,2026-08-28T18:00:00,False,False,122,107,5,,7B292BB770EDE1C1979E3DEA0EC36BAD3EE98157E9B1AE8CD3C98941455352A2
\\DEMO-SRV01\FileServer\02_RH_Collaborateurs\01_Dossiers_Individuels\BLANC_Léa\Contrat_de_travail_BLANC.pdf,C:\DemoMigration\FileServer\02_RH_Collaborateurs\01_Dossiers_Individuels\BLANC_Léa\Contrat_de_travail_BLANC.pdf,02_RH_Collaborateurs\01_Dossiers_Individuels\BLANC_Léa\Contrat_de_travail_BLANC.pdf,02_RH_Collaborateurs,RH,/sites/MigrationFileServer/RH/01_Dossiers_Individuels/BLANC_Léa/Contrat_de_travail_BLANC.pdf,Contrat_de_travail_BLANC.pdf,.pdf,1723,2019-05-22T02:44:45,2019-10-23T02:44:45,False,False,107,92,3,,A668E03C2506BC2B3C17FBBB6AE2B784203BCA2CB22E71A5D5B5D20F3DB5D3A8
\\DEMO-SRV01\FileServer\02_RH_Collaborateurs\01_Dossiers_Individuels\BLANC_Léa\Entretiens_annuels\Entretien_annuel_2024.docx,C:\DemoMigration\FileServer\02_RH_Collaborateurs\01_Dossiers_Individuels\BLANC_Léa\Entretiens_annuels\Entretien_annuel_2024.docx,02_RH_Collaborateurs\01_Dossiers_Individuels\BLANC_Léa\Entretiens_annuels\Entretien_annuel_2024.docx,02_RH_Collaborateurs,RH,/sites/MigrationFileServer/RH/01_Dossiers_Individuels/BLANC_Léa/Entretiens_annuels/Entretien_annuel_2024.docx,Entretien_annuel_2024.docx,.docx,36754,2024-07-31T00:00:00,2024-12-11T00:00:00,False,False,124,109,4,,A5FBFAEEFD229A81D4D401ADB4702264D8DFA5821D29CA4321CD6C13AD0F51B8
\\DEMO-SRV01\FileServer\02_RH_Collaborateurs\01_Dossiers_Individuels\BLANC_Léa\Entretiens_annuels\Entretien_annuel_2025.docx,C:\DemoMigration\FileServer\02_RH_Collaborateurs\01_Dossiers_Individuels\BLANC_Léa\Entretiens_annuels\Entretien_annuel_2025.docx,02_RH_Collaborateurs\01_Dossiers_Individuels\BLANC_Léa\Entretiens_annuels\Entretien_annuel_2025.docx,02_RH_Collaborateurs,RH,/sites/MigrationFileServer/RH/01_Dossiers_Individuels/BLANC_Léa/Entretiens_annuels/Entretien_annuel_2025.docx,Entretien_annuel_2025.docx,.docx,36754,2025-03-21T00:00:00,2025-12-10T00:00:00,False,False,124,109,4,,D282BC63A39666F795432FBDF40B7186126ACAF904167F1855AC3F53AAA5E1A9
\\DEMO-SRV01\FileServer\02_RH_Collaborateurs\01_Dossiers_Individuels\BLANC_Pauline\Bulletins_de_paie\2026\Bulletin_2026-01.pdf,C:\DemoMigration\FileServer\02_RH_Collaborateurs\01_Dossiers_Individuels\BLANC_Pauline\Bulletins_de_paie\2026\Bulletin_2026-01.pdf,02_RH_Collaborateurs\01_Dossiers_Individuels\BLANC_Pauline\Bulletins_de_paie\2026\Bulletin_2026-01.pdf,02_RH_Collaborateurs,RH,/sites/MigrationFileServer/RH/01_Dossiers_Individuels/BLANC_Pauline/Bulletins_de_paie/2026/Bulletin_2026-01.pdf,Bulletin_2026-01.pdf,.pdf,1697,2026-01-17T18:00:00,2026-01-28T18:00:00,False,False,126,111,5,,B443CC798C448CB003141E4C100A0AC46A47ADF7083C5414340F2DB0B57C5231
\\DEMO-SRV01\FileServer\02_RH_Collaborateurs\01_Dossiers_Individuels\BLANC_Pauline\Bulletins_de_paie\2026\Bulletin_2026-02.pdf,C:\DemoMigration\FileServer\02_RH_Collaborateurs\01_Dossiers_Individuels\BLANC_Pauline\Bulletins_de_paie\2026\Bulletin_2026-02.pdf,02_RH_Collaborateurs\01_Dossiers_Individuels\BLANC_Pauline\Bulletins_de_paie\2026\Bulletin_2026-02.pdf,02_RH_Collaborateurs,RH,/sites/MigrationFileServer/RH/01_Dossiers_Individuels/BLANC_Pauline/Bulletins_de_paie/2026/Bulletin_2026-02.pdf,Bulletin_2026-02.pdf,.pdf,1695,2025-12-04T18:00:00,2026-02-28T18:00:00,False,False,126,111,5,,B1DBFFB9E4745BAC39284969A4FCDC109CEFE1278107F4B4E318808BC153A120
\\DEMO-SRV01\FileServer\02_RH_Collaborateurs\01_Dossiers_Individuels\BLANC_Pauline\Bulletins_de_paie\2026\Bulletin_2026-03.pdf,C:\DemoMigration\FileServer\02_RH_Collaborateurs\01_Dossiers_Individuels\BLANC_Pauline\Bulletins_de_paie\2026\Bulletin_2026-03.pdf,02_RH_Collaborateurs\01_Dossiers_Individuels\BLANC_Pauline\Bulletins_de_paie\2026\Bulletin_2026-03.pdf,02_RH_Collaborateurs,RH,/sites/MigrationFileServer/RH/01_Dossiers_Individuels/BLANC_Pauline/Bulletins_de_paie/2026/Bulletin_2026-03.pdf,Bulletin_2026-03.pdf,.pdf,1698,2025-03-29T18:00:00,2026-03-28T18:00:00,False,False,126,111,5,,8BF5463CEA22CBD7B97AE013C94BB885E3C0DF54D429920B56D52DD82E700918
\\DEMO-SRV01\FileServer\02_RH_Collaborateurs\01_Dossiers_Individuels\BLANC_Pauline\Bulletins_de_paie\2026\Bulletin_2026-04.pdf,C:\DemoMigration\FileServer\02_RH_Collaborateurs\01_Dossiers_Individuels\BLANC_Pauline\Bulletins_de_paie\2026\Bulletin_2026-04.pdf,02_RH_Collaborateurs\01_Dossiers_Individuels\BLANC_Pauline\Bulletins_de_paie\2026\Bulletin_2026-04.pdf,02_RH_Collaborateurs,RH,/sites/MigrationFileServer/RH/01_Dossiers_Individuels/BLANC_Pauline/Bulletins_de_paie/2026/Bulletin_2026-04.pdf,Bulletin_2026-04.pdf,.pdf,1698,2026-04-09T18:00:00,2026-04-28T18:00:00,False,False,126,111,5,,2E22C05D1AFB7B96591CFA98F7D9321209EA8458AAECDFC59793639D4767D1F9
\\DEMO-SRV01\FileServer\02_RH_Collaborateurs\01_Dossiers_Individuels\BLANC_Pauline\Bulletins_de_paie\2026\Bulletin_2026-05.pdf,C:\DemoMigration\FileServer\02_RH_Collaborateurs\01_Dossiers_Individuels\BLANC_Pauline\Bulletins_de_paie\2026\Bulletin_2026-05.pdf,02_RH_Collaborateurs\01_Dossiers_Individuels\BLANC_Pauline\Bulletins_de_paie\2026\Bulletin_2026-05.pdf,02_RH_Collaborateurs,RH,/sites/MigrationFileServer/RH/01_Dossiers_Individuels/BLANC_Pauline/Bulletins_de_paie/2026/Bulletin_2026-05.pdf,Bulletin_2026-05.pdf,.pdf,1697,2025-07-05T18:00:00,2026-05-28T18:00:00,False,False,126,111,5,,66C159D8BA9564D956A9DC8354A61D8CD2F8F271D4DA533E67F02F705A110FAB
\\DEMO-SRV01\FileServer\02_RH_Collaborateurs\01_Dossiers_Individuels\BLANC_Pauline\Bulletins_de_paie\2026\Bulletin_2026-06.pdf,C:\DemoMigration\FileServer\02_RH_Collaborateurs\01_Dossiers_Individuels\BLANC_Pauline\Bulletins_de_paie\2026\Bulletin_2026-06.pdf,02_RH_Collaborateurs\01_Dossiers_Individuels\BLANC_Pauline\Bulletins_de_paie\2026\Bulletin_2026-06.pdf,02_RH_Collaborateurs,RH,/sites/MigrationFileServer/RH/01_Dossiers_Individuels/BLANC_Pauline/Bulletins_de_paie/2026/Bulletin_2026-06.pdf,Bulletin_2026-06.pdf,.pdf,1698,2025-09-28T18:00:00,2026-06-28T18:00:00,False,False,126,111,5,,CA70A1EBCB8C51AAAED7B8C0AE261C748ED2B056E7DF4F1F3D4235BDE985FEEA
\\DEMO-SRV01\FileServer\02_RH_Collaborateurs\01_Dossiers_Individuels\BLANC_Pauline\Bulletins_de_paie\2026\Bulletin_2026-07.pdf,C:\DemoMigration\FileServer\02_RH_Collaborateurs\01_Dossiers_Individuels\BLANC_Pauline\Bulletins_de_paie\2026\Bulletin_2026-07.pdf,02_RH_Collaborateurs\01_Dossiers_Individuels\BLANC_Pauline\Bulletins_de_paie\2026\Bulletin_2026-07.pdf,02_RH_Collaborateurs,RH,/sites/MigrationFileServer/RH/01_Dossiers_Individuels/BLANC_Pauline/Bulletins_de_paie/2026/Bulletin_2026-07.pdf,Bulletin_2026-07.pdf,.pdf,1698,2025-09-27T18:00:00,2026-07-28T18:00:00,False,False,126,111,5,,7706C9AA2C4DC314068DE893A6E7E81F2EB64FF77736030483EC19E04B91FAE1
\\DEMO-SRV01\FileServer\02_RH_Collaborateurs\01_Dossiers_Individuels\BLANC_Pauline\Bulletins_de_paie\2026\Bulletin_2026-08.pdf,C:\DemoMigration\FileServer\02_RH_Collaborateurs\01_Dossiers_Individuels\BLANC_Pauline\Bulletins_de_paie\2026\Bulletin_2026-08.pdf,02_RH_Collaborateurs\01_Dossiers_Individuels\BLANC_Pauline\Bulletins_de_paie\2026\Bulletin_2026-08.pdf,02_RH_Collaborateurs,RH,/sites/MigrationFileServer/RH/01_Dossiers_Individuels/BLANC_Pauline/Bulletins_de_paie/2026/Bulletin_2026-08.pdf,Bulletin_2026-08.pdf,.pdf,1699,2025-09-24T18:00:00,2026-08-28T18:00:00,False,False,126,111,5,,2E6066AF7120DDF1B35AC3F9866FB92160CC9DB4480BC64E68C37C13FE20C49F
\\DEMO-SRV01\FileServer\02_RH_Collaborateurs\01_Dossiers_Individuels\BLANC_Pauline\Contrat_de_travail_BLANC.pdf,C:\DemoMigration\FileServer\02_RH_Collaborateurs\01_Dossiers_Individuels\BLANC_Pauline\Contrat_de_travail_BLANC.pdf,02_RH_Collaborateurs\01_Dossiers_Individuels\BLANC_Pauline\Contrat_de_travail_BLANC.pdf,02_RH_Collaborateurs,RH,/sites/MigrationFileServer/RH/01_Dossiers_Individuels/BLANC_Pauline/Contrat_de_travail_BLANC.pdf,Contrat_de_travail_BLANC.pdf,.pdf,1730,2012-02-21T20:05:14,2012-04-28T20:05:14,False,False,111,96,3,,DA91FDA33A9B3D62FC7B9A82613D52FF458017263391057FB360D4831ED654E6
\\DEMO-SRV01\FileServer\02_RH_Collaborateurs\01_Dossiers_Individuels\BLANC_Pauline\Entretiens_annuels\Entretien_annuel_2024.docx,C:\DemoMigration\FileServer\02_RH_Collaborateurs\01_Dossiers_Individuels\BLANC_Pauline\Entretiens_annuels\Entretien_annuel_2024.docx,02_RH_Collaborateurs\01_Dossiers_Individuels\BLANC_Pauline\Entretiens_annuels\Entretien_annuel_2024.docx,02_RH_Collaborateurs,RH,/sites/MigrationFileServer/RH/01_Dossiers_Individuels/BLANC_Pauline/Entretiens_annuels/Entretien_annuel_2024.docx,Entretien_annuel_2024.docx,.docx,36755,2024-11-24T00:00:00,2024-12-04T00:00:00,False,False,128,113,4,,9ECF7174264B69296A705DA0D2BF8B034DF78666BA0FC2DC871114A36EE53385
\\DEMO-SRV01\FileServer\02_RH_Collaborateurs\01_Dossiers_Individuels\BLANC_Pauline\Entretiens_annuels\Entretien_annuel_2025.docx,C:\DemoMigration\FileServer\02_RH_Collaborateurs\01_Dossiers_Individuels\BLANC_Pauline\Entretiens_annuels\Entretien_annuel_2025.docx,02_RH_Collaborateurs\01_Dossiers_Individuels\BLANC_Pauline\Entretiens_annuels\Entretien_annuel_2025.docx,02_RH_Collaborateurs,RH,/sites/MigrationFileServer/RH/01_Dossiers_Individuels/BLANC_Pauline/Entretiens_annuels/Entretien_annuel_2025.docx,Entretien_annuel_2025.docx,.docx,36754,2025-05-03T00:00:00,2025-12-02T00:00:00,False,False,128,113,4,,E88CD7B7DDB2871C7044B578C2FFA6BDE7A6D439A34F50E60CF4E2C2558B29EC
\\DEMO-SRV01\FileServer\02_RH_Collaborateurs\01_Dossiers_Individuels\BLANC_Sarah\Bulletins_de_paie\2026\Bulletin_2026-01.pdf,C:\DemoMigration\FileServer\02_RH_Collaborateurs\01_Dossiers_Individuels\BLANC_Sarah\Bulletins_de_paie\2026\Bulletin_2026-01.pdf,02_RH_Collaborateurs\01_Dossiers_Individuels\BLANC_Sarah\Bulletins_de_paie\2026\Bulletin_2026-01.pdf,02_RH_Collaborateurs,RH,/sites/MigrationFileServer/RH/01_Dossiers_Individuels/BLANC_Sarah/Bulletins_de_paie/2026/Bulletin_2026-01.pdf,Bulletin_2026-01.pdf,.pdf,1697,2025-04-14T18:00:00,2026-01-28T18:00:00,False,False,124,109,5,,6D15E355396D5B405845BCC29BF5A3CBA46530FD5225A985E71F9B462B584F06
\\DEMO-SRV01\FileServer\02_RH_Collaborateurs\01_Dossiers_Individuels\BLANC_Sarah\Bulletins_de_paie\2026\Bulletin_2026-02.pdf,C:\DemoMigration\FileServer\02_RH_Collaborateurs\01_Dossiers_Individuels\BLANC_Sarah\Bulletins_de_paie\2026\Bulletin_2026-02.pdf,02_RH_Collaborateurs\01_Dossiers_Individuels\BLANC_Sarah\Bulletins_de_paie\2026\Bulletin_2026-02.pdf,02_RH_Collaborateurs,RH,/sites/MigrationFileServer/RH/01_Dossiers_Individuels/BLANC_Sarah/Bulletins_de_paie/2026/Bulletin_2026-02.pdf,Bulletin_2026-02.pdf,.pdf,1695,2025-06-19T18:00:00,2026-02-28T18:00:00,False,False,124,109,5,,91126462A28BF3B613D6D7CC0B28B9BA51CFBA867F441F451E14FA0EE34BB50E
\\DEMO-SRV01\FileServer\02_RH_Collaborateurs\01_Dossiers_Individuels\BLANC_Sarah\Bulletins_de_paie\2026\Bulletin_2026-03.pdf,C:\DemoMigration\FileServer\02_RH_Collaborateurs\01_Dossiers_Individuels\BLANC_Sarah\Bulletins_de_paie\2026\Bulletin_2026-03.pdf,02_RH_Collaborateurs\01_Dossiers_Individuels\BLANC_Sarah\Bulletins_de_paie\2026\Bulletin_2026-03.pdf,02_RH_Collaborateurs,RH,/sites/MigrationFileServer/RH/01_Dossiers_Individuels/BLANC_Sarah/Bulletins_de_paie/2026/Bulletin_2026-03.pdf,Bulletin_2026-03.pdf,.pdf,1695,2025-03-12T18:00:00,2026-03-28T18:00:00,False,False,124,109,5,,708214A9CBCD47E0B73B3BEAFDA18C2BD16414801CE61EB6BB5D31C5F1698707
\\DEMO-SRV01\FileServer\02_RH_Collaborateurs\01_Dossiers_Individuels\BLANC_Sarah\Bulletins_de_paie\2026\Bulletin_2026-04.pdf,C:\DemoMigration\FileServer\02_RH_Collaborateurs\01_Dossiers_Individuels\BLANC_Sarah\Bulletins_de_paie\2026\Bulletin_2026-04.pdf,02_RH_Collaborateurs\01_Dossiers_Individuels\BLANC_Sarah\Bulletins_de_paie\2026\Bulletin_2026-04.pdf,02_RH_Collaborateurs,RH,/sites/MigrationFileServer/RH/01_Dossiers_Individuels/BLANC_Sarah/Bulletins_de_paie/2026/Bulletin_2026-04.pdf,Bulletin_2026-04.pdf,.pdf,1694,2025-11-02T18:00:00,2026-04-28T18:00:00,False,False,124,109,5,,EA0D2C96A7CB8B324E82402F76C53933F1993EC4FD27B0B681B39758707C65BE
\\DEMO-SRV01\FileServer\02_RH_Collaborateurs\01_Dossiers_Individuels\BLANC_Sarah\Bulletins_de_paie\2026\Bulletin_2026-05.pdf,C:\DemoMigration\FileServer\02_RH_Collaborateurs\01_Dossiers_Individuels\BLANC_Sarah\Bulletins_de_paie\2026\Bulletin_2026-05.pdf,02_RH_Collaborateurs\01_Dossiers_Individuels\BLANC_Sarah\Bulletins_de_paie\2026\Bulletin_2026-05.pdf,02_RH_Collaborateurs,RH,/sites/MigrationFileServer/RH/01_Dossiers_Individuels/BLANC_Sarah/Bulletins_de_paie/2026/Bulletin_2026-05.pdf,Bulletin_2026-05.pdf,.pdf,1697,2026-03-04T18:00:00,2026-05-28T18:00:00,False,False,124,109,5,,30184654E0123BEE45A5019B61378E1B13F5356F9933E46992C931829B03C9E6
\\DEMO-SRV01\FileServer\02_RH_Collaborateurs\01_Dossiers_Individuels\BLANC_Sarah\Bulletins_de_paie\2026\Bulletin_2026-06.pdf,C:\DemoMigration\FileServer\02_RH_Collaborateurs\01_Dossiers_Individuels\BLANC_Sarah\Bulletins_de_paie\2026\Bulletin_2026-06.pdf,02_RH_Collaborateurs\01_Dossiers_Individuels\BLANC_Sarah\Bulletins_de_paie\2026\Bulletin_2026-06.pdf,02_RH_Collaborateurs,RH,/sites/MigrationFileServer/RH/01_Dossiers_Individuels/BLANC_Sarah/Bulletins_de_paie/2026/Bulletin_2026-06.pdf,Bulletin_2026-06.pdf,.pdf,1695,2026-05-14T18:00:00,2026-06-28T18:00:00,False,False,124,109,5,,D9CFAEE847342D255EE8C0E770FFE7F5422BF71FBCC6435823362E067984DB2F
\\DEMO-SRV01\FileServer\02_RH_Collaborateurs\01_Dossiers_Individuels\BLANC_Sarah\Bulletins_de_paie\2026\Bulletin_2026-07.pdf,C:\DemoMigration\FileServer\02_RH_Collaborateurs\01_Dossiers_Individuels\BLANC_Sarah\Bulletins_de_paie\2026\Bulletin_2026-07.pdf,02_RH_Collaborateurs\01_Dossiers_Individuels\BLANC_Sarah\Bulletins_de_paie\2026\Bulletin_2026-07.pdf,02_RH_Collaborateurs,RH,/sites/MigrationFileServer/RH/01_Dossiers_Individuels/BLANC_Sarah/Bulletins_de_paie/2026/Bulletin_2026-07.pdf,Bulletin_2026-07.pdf,.pdf,1694,2025-08-19T18:00:00,2026-07-28T18:00:00,False,False,124,109,5,,BE2188D9020CD7E265BE0F6E2B847FFFC4B6BA49BFE33F92879C83213F614A8B
\\DEMO-SRV01\FileServer\02_RH_Collaborateurs\01_Dossiers_Individuels\BLANC_Sarah\Bulletins_de_paie\2026\Bulletin_2026-08.pdf,C:\DemoMigration\FileServer\02_RH_Collaborateurs\01_Dossiers_Individuels\BLANC_Sarah\Bulletins_de_paie\2026\Bulletin_2026-08.pdf,02_RH_Collaborateurs\01_Dossiers_Individuels\BLANC_Sarah\Bulletins_de_paie\2026\Bulletin_2026-08.pdf,02_RH_Collaborateurs,RH,/sites/MigrationFileServer/RH/01_Dossiers_Individuels/BLANC_Sarah/Bulletins_de_paie/2026/Bulletin_2026-08.pdf,Bulletin_2026-08.pdf,.pdf,1698,2026-03-10T18:00:00,2026-08-28T18:00:00,False,False,124,109,5,,347B36D65D9E215B3303B7F9D987B573658B993798C5D3748D564E120CA22143
\\DEMO-SRV01\FileServer\02_RH_Collaborateurs\01_Dossiers_Individuels\BLANC_Sarah\Contrat_de_travail_BLANC.pdf,C:\DemoMigration\FileServer\02_RH_Collaborateurs\01_Dossiers_Individuels\BLANC_Sarah\Contrat_de_travail_BLANC.pdf,02_RH_Collaborateurs\01_Dossiers_Individuels\BLANC_Sarah\Contrat_de_travail_BLANC.pdf,02_RH_Collaborateurs,RH,/sites/MigrationFileServer/RH/01_Dossiers_Individuels/BLANC_Sarah/Contrat_de_travail_BLANC.pdf,Contrat_de_travail_BLANC.pdf,.pdf,1735,2011-09-11T05:15:53,2012-07-20T05:15:53,False,False,109,94,3,,3915CD8A76EEB29F9E061BB188FE4588048EDFFCD1BF2E61621A53E02C577ECF
\\DEMO-SRV01\FileServer\02_RH_Collaborateurs\01_Dossiers_Individuels\BLANC_Sarah\Entretiens_annuels\Entretien_annuel_2024.docx,C:\DemoMigration\FileServer\02_RH_Collaborateurs\01_Dossiers_Individuels\BLANC_Sarah\Entretiens_annuels\Entretien_annuel_2024.docx,02_RH_Collaborateurs\01_Dossiers_Individuels\BLANC_Sarah\Entretiens_annuels\Entretien_annuel_2024.docx,02_RH_Collaborateurs,RH,/sites/MigrationFileServer/RH/01_Dossiers_Individuels/BLANC_Sarah/Entretiens_annuels/Entretien_annuel_2024.docx,Entretien_annuel_2024.docx,.docx,36753,2024-08-30T00:00:00,2024-12-15T00:00:00,False,False,126,111,4,,0BA954DA708F16EE6D74805551E24EDF8515752DDBFA6A0E98630BB56CF3B0C5
\\DEMO-SRV01\FileServer\02_RH_Collaborateurs\01_Dossiers_Individuels\BLANC_Sarah\Entretiens_annuels\Entretien_annuel_2025.docx,C:\DemoMigration\FileServer\02_RH_Collaborateurs\01_Dossiers_Individuels\BLANC_Sarah\Entretiens_annuels\Entretien_annuel_2025.docx,02_RH_Collaborateurs\01_Dossiers_Individuels\BLANC_Sarah\Entretiens_annuels\Entretien_annuel_2025.docx,02_RH_Collaborateurs,RH,/sites/MigrationFileServer/RH/01_Dossiers_Individuels/BLANC_Sarah/Entretiens_annuels/Entretien_annuel_2025.docx,Entretien_annuel_2025.docx,.docx,36753,2025-06-12T00:00:00,2025-12-08T00:00:00,False,False,126,111,4,,2CC69CD8E5F2C6533776246706990CE8714C8BC157E5ABAFD830916BA5DB253C
\\DEMO-SRV01\FileServer\02_RH_Collaborateurs\01_Dossiers_Individuels\BOYER_Bastien\Bulletins_de_paie\2026\Bulletin_2026-01.pdf,C:\DemoMigration\FileServer\02_RH_Collaborateurs\01_Dossiers_Individuels\BOYER_Bastien\Bulletins_de_paie\2026\Bulletin_2026-01.pdf,02_RH_Collaborateurs\01_Dossiers_Individuels\BOYER_Bastien\Bulletins_de_paie\2026\Bulletin_2026-01.pdf,02_RH_Collaborateurs,RH,/sites/MigrationFileServer/RH/01_Dossiers_Individuels/BOYER_Bastien/Bulletins_de_paie/2026/Bulletin_2026-01.pdf,Bulletin_2026-01.pdf,.pdf,1699,2025-08-16T18:00:00,2026-01-28T18:00:00,False,False,126,111,5,,7233DC08BC129297B6888EB72CF2E89DA88B5645E0D720A7F7B26F7202EBC0EA
\\DEMO-SRV01\FileServer\02_RH_Collaborateurs\01_Dossiers_Individuels\BOYER_Bastien\Bulletins_de_paie\2026\Bulletin_2026-02.pdf,C:\DemoMigration\FileServer\02_RH_Collaborateurs\01_Dossiers_Individuels\BOYER_Bastien\Bulletins_de_paie\2026\Bulletin_2026-02.pdf,02_RH_Collaborateurs\01_Dossiers_Individuels\BOYER_Bastien\Bulletins_de_paie\2026\Bulletin_2026-02.pdf,02_RH_Collaborateurs,RH,/sites/MigrationFileServer/RH/01_Dossiers_Individuels/BOYER_Bastien/Bulletins_de_paie/2026/Bulletin_2026-02.pdf,Bulletin_2026-02.pdf,.pdf,1697,2025-12-15T18:00:00,2026-02-28T18:00:00,False,False,126,111,5,,A17E1D43890753283FCEFE04545D7D402233BCA346E939D0DFC613D7FF13A5FA
\\DEMO-SRV01\FileServer\02_RH_Collaborateurs\01_Dossiers_Individuels\BOYER_Bastien\Bulletins_de_paie\2026\Bulletin_2026-03.pdf,C:\DemoMigration\FileServer\02_RH_Collaborateurs\01_Dossiers_Individuels\BOYER_Bastien\Bulletins_de_paie\2026\Bulletin_2026-03.pdf,02_RH_Collaborateurs\01_Dossiers_Individuels\BOYER_Bastien\Bulletins_de_paie\2026\Bulletin_2026-03.pdf,02_RH_Collaborateurs,RH,/sites/MigrationFileServer/RH/01_Dossiers_Individuels/BOYER_Bastien/Bulletins_de_paie/2026/Bulletin_2026-03.pdf,Bulletin_2026-03.pdf,.pdf,1697,2026-01-15T18:00:00,2026-03-28T18:00:00,False,False,126,111,5,,E4370EBB6C1F994510A8FF1D6D5D83A87EC3A69D03B3977C3BD59DE85BD6B56E
\\DEMO-SRV01\FileServer\02_RH_Collaborateurs\01_Dossiers_Individuels\BOYER_Bastien\Bulletins_de_paie\2026\Bulletin_2026-04.pdf,C:\DemoMigration\FileServer\02_RH_Collaborateurs\01_Dossiers_Individuels\BOYER_Bastien\Bulletins_de_paie\2026\Bulletin_2026-04.pdf,02_RH_Collaborateurs\01_Dossiers_Individuels\BOYER_Bastien\Bulletins_de_paie\2026\Bulletin_2026-04.pdf,02_RH_Collaborateurs,RH,/sites/MigrationFileServer/RH/01_Dossiers_Individuels/BOYER_Bastien/Bulletins_de_paie/2026/Bulletin_2026-04.pdf,Bulletin_2026-04.pdf,.pdf,1698,2025-08-02T18:00:00,2026-04-28T18:00:00,False,False,126,111,5,,A0D768FC1E66B0D32108036C023FE995E60AB01C019823952E5450563442EED3
\\DEMO-SRV01\FileServer\02_RH_Collaborateurs\01_Dossiers_Individuels\BOYER_Bastien\Bulletins_de_paie\2026\Bulletin_2026-05.pdf,C:\DemoMigration\FileServer\02_RH_Collaborateurs\01_Dossiers_Individuels\BOYER_Bastien\Bulletins_de_paie\2026\Bulletin_2026-05.pdf,02_RH_Collaborateurs\01_Dossiers_Individuels\BOYER_Bastien\Bulletins_de_paie\2026\Bulletin_2026-05.pdf,02_RH_Collaborateurs,RH,/sites/MigrationFileServer/RH/01_Dossiers_Individuels/BOYER_Bastien/Bulletins_de_paie/2026/Bulletin_2026-05.pdf,Bulletin_2026-05.pdf,.pdf,1699,2026-04-21T18:00:00,2026-05-28T18:00:00,False,False,126,111,5,,6F2A04FE59D477FBB13B33B5A7B3C7BD30128D7D7434D201BA7056D0ED186D7C
\\DEMO-SRV01\FileServer\02_RH_Collaborateurs\01_Dossiers_Individuels\BOYER_Bastien\Bulletins_de_paie\2026\Bulletin_2026-06.pdf,C:\DemoMigration\FileServer\02_RH_Collaborateurs\01_Dossiers_Individuels\BOYER_Bastien\Bulletins_de_paie\2026\Bulletin_2026-06.pdf,02_RH_Collaborateurs\01_Dossiers_Individuels\BOYER_Bastien\Bulletins_de_paie\2026\Bulletin_2026-06.pdf,02_RH_Collaborateurs,RH,/sites/MigrationFileServer/RH/01_Dossiers_Individuels/BOYER_Bastien/Bulletins_de_paie/2026/Bulletin_2026-06.pdf,Bulletin_2026-06.pdf,.pdf,1698,2025-07-24T18:00:00,2026-06-28T18:00:00,False,False,126,111,5,,AB8C721B31B175B30122791DE81EF9C8D276BD5EADDB9A4ACAEC0ED0A9C97D99
\\DEMO-SRV01\FileServer\02_RH_Collaborateurs\01_Dossiers_Individuels\BOYER_Bastien\Bulletins_de_paie\2026\Bulletin_2026-07.pdf,C:\DemoMigration\FileServer\02_RH_Collaborateurs\01_Dossiers_Individuels\BOYER_Bastien\Bulletins_de_paie\2026\Bulletin_2026-07.pdf,02_RH_Collaborateurs\01_Dossiers_Individuels\BOYER_Bastien\Bulletins_de_paie\2026\Bulletin_2026-07.pdf,02_RH_Collaborateurs,RH,/sites/MigrationFileServer/RH/01_Dossiers_Individuels/BOYER_Bastien/Bulletins_de_paie/2026/Bulletin_2026-07.pdf,Bulletin_2026-07.pdf,.pdf,1698,2026-06-07T18:00:00,2026-07-28T18:00:00,False,False,126,111,5,,FC7787C1105C6D6BC8B08EA3B321DD225274FE07208A6577119482EE80A307A5
\\DEMO-SRV01\FileServer\02_RH_Collaborateurs\01_Dossiers_Individuels\BOYER_Bastien\Bulletins_de_paie\2026\Bulletin_2026-08.pdf,C:\DemoMigration\FileServer\02_RH_Collaborateurs\01_Dossiers_Individuels\BOYER_Bastien\Bulletins_de_paie\2026\Bulletin_2026-08.pdf,02_RH_Collaborateurs\01_Dossiers_Individuels\BOYER_Bastien\Bulletins_de_paie\2026\Bulletin_2026-08.pdf,02_RH_Collaborateurs,RH,/sites/MigrationFileServer/RH/01_Dossiers_Individuels/BOYER_Bastien/Bulletins_de_paie/2026/Bulletin_2026-08.pdf,Bulletin_2026-08.pdf,.pdf,1698,2026-03-16T18:00:00,2026-08-28T18:00:00,False,False,126,111,5,,60EA362F5913D15051D0CE2582D9871F54525313BBDDF386F6135C0E6C6E58D5
\\DEMO-SRV01\FileServer\02_RH_Collaborateurs\01_Dossiers_Individuels\BOYER_Bastien\Contrat_de_travail_BOYER.pdf,C:\DemoMigration\FileServer\02_RH_Collaborateurs\01_Dossiers_Individuels\BOYER_Bastien\Contrat_de_travail_BOYER.pdf,02_RH_Collaborateurs\01_Dossiers_Individuels\BOYER_Bastien\Contrat_de_travail_BOYER.pdf,02_RH_Collaborateurs,RH,/sites/MigrationFileServer/RH/01_Dossiers_Individuels/BOYER_Bastien/Contrat_de_travail_BOYER.pdf,Contrat_de_travail_BOYER.pdf,.pdf,1733,2025-06-22T01:51:26,2025-09-20T01:51:26,False,False,111,96,3,,771E87B0C9FF6E0168BF6A6F3B07D84ACC8E51D1E486E4DB5BA31B87DC7EF717
\\DEMO-SRV01\FileServer\02_RH_Collaborateurs\01_Dossiers_Individuels\BOYER_Bastien\Entretiens_annuels\Entretien_annuel_2025.docx,C:\DemoMigration\FileServer\02_RH_Collaborateurs\01_Dossiers_Individuels\BOYER_Bastien\Entretiens_annuels\Entretien_annuel_2025.docx,02_RH_Collaborateurs\01_Dossiers_Individuels\BOYER_Bastien\Entretiens_annuels\Entretien_annuel_2025.docx,02_RH_Collaborateurs,RH,/sites/MigrationFileServer/RH/01_Dossiers_Individuels/BOYER_Bastien/Entretiens_annuels/Entretien_annuel_2025.docx,Entretien_annuel_2025.docx,.docx,36753,2024-11-26T00:00:00,2025-12-05T00:00:00,False,False,128,113,4,,B9666369787F6A0ED6E09B59CD9723FB08BDB4FBEAA43ED9E25ECF6D89D65D16
\\DEMO-SRV01\FileServer\02_RH_Collaborateurs\01_Dossiers_Individuels\BOYER_Maxime\Bulletins_de_paie\2026\Bulletin_2026-01.pdf,C:\DemoMigration\FileServer\02_RH_Collaborateurs\01_Dossiers_Individuels\BOYER_Maxime\Bulletins_de_paie\2026\Bulletin_2026-01.pdf,02_RH_Collaborateurs\01_Dossiers_Individuels\BOYER_Maxime\Bulletins_de_paie\2026\Bulletin_2026-01.pdf,02_RH_Collaborateurs,RH,/sites/MigrationFileServer/RH/01_Dossiers_Individuels/BOYER_Maxime/Bulletins_de_paie/2026/Bulletin_2026-01.pdf,Bulletin_2026-01.pdf,.pdf,1699,2025-12-07T18:00:00,2026-01-28T18:00:00,False,False,125,110,5,,05A2E9D065FCF9AD67D34379947E6F97EF0FB97AAB912B1666A90ED5C197B0B9
\\DEMO-SRV01\FileServer\02_RH_Collaborateurs\01_Dossiers_Individuels\BOYER_Maxime\Bulletins_de_paie\2026\Bulletin_2026-02.pdf,C:\DemoMigration\FileServer\02_RH_Collaborateurs\01_Dossiers_Individuels\BOYER_Maxime\Bulletins_de_paie\2026\Bulletin_2026-02.pdf,02_RH_Collaborateurs\01_Dossiers_Individuels\BOYER_Maxime\Bulletins_de_paie\2026\Bulletin_2026-02.pdf,02_RH_Collaborateurs,RH,/sites/MigrationFileServer/RH/01_Dossiers_Individuels/BOYER_Maxime/Bulletins_de_paie/2026/Bulletin_2026-02.pdf,Bulletin_2026-02.pdf,.pdf,1699,2025-05-03T18:00:00,2026-02-28T18:00:00,False,False,125,110,5,,8596E7DDF2747DD1B0C7CDAA36174793FEFCFCA447F0DAF1C6CF46597812532E
\\DEMO-SRV01\FileServer\02_RH_Collaborateurs\01_Dossiers_Individuels\BOYER_Maxime\Bulletins_de_paie\2026\Bulletin_2026-03.pdf,C:\DemoMigration\FileServer\02_RH_Collaborateurs\01_Dossiers_Individuels\BOYER_Maxime\Bulletins_de_paie\2026\Bulletin_2026-03.pdf,02_RH_Collaborateurs\01_Dossiers_Individuels\BOYER_Maxime\Bulletins_de_paie\2026\Bulletin_2026-03.pdf,02_RH_Collaborateurs,RH,/sites/MigrationFileServer/RH/01_Dossiers_Individuels/BOYER_Maxime/Bulletins_de_paie/2026/Bulletin_2026-03.pdf,Bulletin_2026-03.pdf,.pdf,1700,2026-02-23T18:00:00,2026-03-28T18:00:00,False,False,125,110,5,,BD93FEC245C025FAA532A55F5CB6D7783424980F5B6C83C236C867E1C0A639A7
\\DEMO-SRV01\FileServer\02_RH_Collaborateurs\01_Dossiers_Individuels\BOYER_Maxime\Bulletins_de_paie\2026\Bulletin_2026-04.pdf,C:\DemoMigration\FileServer\02_RH_Collaborateurs\01_Dossiers_Individuels\BOYER_Maxime\Bulletins_de_paie\2026\Bulletin_2026-04.pdf,02_RH_Collaborateurs\01_Dossiers_Individuels\BOYER_Maxime\Bulletins_de_paie\2026\Bulletin_2026-04.pdf,02_RH_Collaborateurs,RH,/sites/MigrationFileServer/RH/01_Dossiers_Individuels/BOYER_Maxime/Bulletins_de_paie/2026/Bulletin_2026-04.pdf,Bulletin_2026-04.pdf,.pdf,1699,2025-11-27T18:00:00,2026-04-28T18:00:00,False,False,125,110,5,,36C335853784E827BD217B6631A25C5D60B86BEA00858E21C518CDE46E28F201
\\DEMO-SRV01\FileServer\02_RH_Collaborateurs\01_Dossiers_Individuels\BOYER_Maxime\Bulletins_de_paie\2026\Bulletin_2026-05.pdf,C:\DemoMigration\FileServer\02_RH_Collaborateurs\01_Dossiers_Individuels\BOYER_Maxime\Bulletins_de_paie\2026\Bulletin_2026-05.pdf,02_RH_Collaborateurs\01_Dossiers_Individuels\BOYER_Maxime\Bulletins_de_paie\2026\Bulletin_2026-05.pdf,02_RH_Collaborateurs,RH,/sites/MigrationFileServer/RH/01_Dossiers_Individuels/BOYER_Maxime/Bulletins_de_paie/2026/Bulletin_2026-05.pdf,Bulletin_2026-05.pdf,.pdf,1700,2025-10-07T18:00:00,2026-05-28T18:00:00,False,False,125,110,5,,2CEA1AFAB0A38FC908C93589650B23D9247D8A2BE05E479A3927849A6B87C5B6
\\DEMO-SRV01\FileServer\02_RH_Collaborateurs\01_Dossiers_Individuels\BOYER_Maxime\Bulletins_de_paie\2026\Bulletin_2026-06.pdf,C:\DemoMigration\FileServer\02_RH_Collaborateurs\01_Dossiers_Individuels\BOYER_Maxime\Bulletins_de_paie\2026\Bulletin_2026-06.pdf,02_RH_Collaborateurs\01_Dossiers_Individuels\BOYER_Maxime\Bulletins_de_paie\2026\Bulletin_2026-06.pdf,02_RH_Collaborateurs,RH,/sites/MigrationFileServer/RH/01_Dossiers_Individuels/BOYER_Maxime/Bulletins_de_paie/2026/Bulletin_2026-06.pdf,Bulletin_2026-06.pdf,.pdf,1700,2025-08-27T18:00:00,2026-06-28T18:00:00,False,False,125,110,5,,4789311EBB51006E1383D812BBF370EF35709264D8AA58C2715EFEEEFD4227F8
\\DEMO-SRV01\FileServer\02_RH_Collaborateurs\01_Dossiers_Individuels\BOYER_Maxime\Bulletins_de_paie\2026\Bulletin_2026-07.pdf,C:\DemoMigration\FileServer\02_RH_Collaborateurs\01_Dossiers_Individuels\BOYER_Maxime\Bulletins_de_paie\2026\Bulletin_2026-07.pdf,02_RH_Collaborateurs\01_Dossiers_Individuels\BOYER_Maxime\Bulletins_de_paie\2026\Bulletin_2026-07.pdf,02_RH_Collaborateurs,RH,/sites/MigrationFileServer/RH/01_Dossiers_Individuels/BOYER_Maxime/Bulletins_de_paie/2026/Bulletin_2026-07.pdf,Bulletin_2026-07.pdf,.pdf,1700,2025-12-18T18:00:00,2026-07-28T18:00:00,False,False,125,110,5,,9D116297759395FBD1263F69BAABF2DD78C34BA5DD5BCDCCDCD650F83D8F8DD1
\\DEMO-SRV01\FileServer\02_RH_Collaborateurs\01_Dossiers_Individuels\BOYER_Maxime\Bulletins_de_paie\2026\Bulletin_2026-08.pdf,C:\DemoMigration\FileServer\02_RH_Collaborateurs\01_Dossiers_Individuels\BOYER_Maxime\Bulletins_de_paie\2026\Bulletin_2026-08.pdf,02_RH_Collaborateurs\01_Dossiers_Individuels\BOYER_Maxime\Bulletins_de_paie\2026\Bulletin_2026-08.pdf,02_RH_Collaborateurs,RH,/sites/MigrationFileServer/RH/01_Dossiers_Individuels/BOYER_Maxime/Bulletins_de_paie/2026/Bulletin_2026-08.pdf,Bulletin_2026-08.pdf,.pdf,1700,2026-06-21T18:00:00,2026-08-28T18:00:00,False,False,125,110,5,,8AC560179675D4EBD07A7AE27B813C852DEF818ED06ECC13FE4253189A3AEF92
\\DEMO-SRV01\FileServer\02_RH_Collaborateurs\01_Dossiers_Individuels\BOYER_Maxime\Contrat_de_travail_BOYER.pdf,C:\DemoMigration\FileServer\02_RH_Collaborateurs\01_Dossiers_Individuels\BOYER_Maxime\Contrat_de_travail_BOYER.pdf,02_RH_Collaborateurs\01_Dossiers_Individuels\BOYER_Maxime\Contrat_de_travail_BOYER.pdf,02_RH_Collaborateurs,RH,/sites/MigrationFileServer/RH/01_Dossiers_Individuels/BOYER_Maxime/Contrat_de_travail_BOYER.pdf,Contrat_de_travail_BOYER.pdf,.pdf,1727,2022-03-07T02:19:40,2022-08-30T02:19:40,False,False,110,95,3,,3C1B3CFEE4CAC107C6DE647B73193E791B13BE9BE881C55F65E0D594184B739F
\\DEMO-SRV01\FileServer\02_RH_Collaborateurs\01_Dossiers_Individuels\BOYER_Maxime\Entretiens_annuels\Entretien_annuel_2024.docx,C:\DemoMigration\FileServer\02_RH_Collaborateurs\01_Dossiers_Individuels\BOYER_Maxime\Entretiens_annuels\Entretien_annuel_2024.docx,02_RH_Collaborateurs\01_Dossiers_Individuels\BOYER_Maxime\Entretiens_annuels\Entretien_annuel_2024.docx,02_RH_Collaborateurs,RH,/sites/MigrationFileServer/RH/01_Dossiers_Individuels/BOYER_Maxime/Entretiens_annuels/Entretien_annuel_2024.docx,Entretien_annuel_2024.docx,.docx,36754,2024-04-05T00:00:00,2024-12-11T00:00:00,False,False,127,112,4,,75FB836C5910EE08E22A8F040B932B772D67AFB2FEDFDC4675AFC0B80382C700
\\DEMO-SRV01\FileServer\02_RH_Collaborateurs\01_Dossiers_Individuels\BOYER_Maxime\Entretiens_annuels\Entretien_annuel_2025.docx,C:\DemoMigration\FileServer\02_RH_Collaborateurs\01_Dossiers_Individuels\BOYER_Maxime\Entretiens_annuels\Entretien_annuel_2025.docx,02_RH_Collaborateurs\01_Dossiers_Individuels\BOYER_Maxime\Entretiens_annuels\Entretien_annuel_2025.docx,02_RH_Collaborateurs,RH,/sites/MigrationFileServer/RH/01_Dossiers_Individuels/BOYER_Maxime/Entretiens_annuels/Entretien_annuel_2025.docx,Entretien_annuel_2025.docx,.docx,36754,2025-09-19T00:00:00,2025-12-12T00:00:00,False,False,127,112,4,,A1AF5E3FDDA64312878B7B2F159AF79163A74C6FB05E86E5BE8F631E95A951B7
\\DEMO-SRV01\FileServer\02_RH_Collaborateurs\01_Dossiers_Individuels\CHEVALIER_Pauline\Bulletins_de_paie\2026\Bulletin_2026-01.pdf,C:\DemoMigration\FileServer\02_RH_Collaborateurs\01_Dossiers_Individuels\CHEVALIER_Pauline\Bulletins_de_paie\2026\Bulletin_2026-01.pdf,02_RH_Collaborateurs\01_Dossiers_Individuels\CHEVALIER_Pauline\Bulletins_de_paie\2026\Bulletin_2026-01.pdf,02_RH_Collaborateurs,RH,/sites/MigrationFileServer/RH/01_Dossiers_Individuels/CHEVALIER_Pauline/Bulletins_de_paie/2026/Bulletin_2026-01.pdf,Bulletin_2026-01.pdf,.pdf,1702,2025-01-18T18:00:00,2026-01-28T18:00:00,False,False,130,115,5,,49E7EF20262D78A778A2626C99B09FC9C2C4F4FD7D4C3ADAD3D7B12885BAF7AD
\\DEMO-SRV01\FileServer\02_RH_Collaborateurs\01_Dossiers_Individuels\CHEVALIER_Pauline\Bulletins_de_paie\2026\Bulletin_2026-02.pdf,C:\DemoMigration\FileServer\02_RH_Collaborateurs\01_Dossiers_Individuels\CHEVALIER_Pauline\Bulletins_de_paie\2026\Bulletin_2026-02.pdf,02_RH_Collaborateurs\01_Dossiers_Individuels\CHEVALIER_Pauline\Bulletins_de_paie\2026\Bulletin_2026-02.pdf,02_RH_Collaborateurs,RH,/sites/MigrationFileServer/RH/01_Dossiers_Individuels/CHEVALIER_Pauline/Bulletins_de_paie/2026/Bulletin_2026-02.pdf,Bulletin_2026-02.pdf,.pdf,1703,2025-12-05T18:00:00,2026-02-28T18:00:00,False,False,130,115,5,,103CF558E909736759043CD3ACDB7E85947935317A790C504D243E1461E180E2
\\DEMO-SRV01\FileServer\02_RH_Collaborateurs\01_Dossiers_Individuels\CHEVALIER_Pauline\Bulletins_de_paie\2026\Bulletin_2026-03.pdf,C:\DemoMigration\FileServer\02_RH_Collaborateurs\01_Dossiers_Individuels\CHEVALIER_Pauline\Bulletins_de_paie\2026\Bulletin_2026-03.pdf,02_RH_Collaborateurs\01_Dossiers_Individuels\CHEVALIER_Pauline\Bulletins_de_paie\2026\Bulletin_2026-03.pdf,02_RH_Collaborateurs,RH,/sites/MigrationFileServer/RH/01_Dossiers_Individuels/CHEVALIER_Pauline/Bulletins_de_paie/2026/Bulletin_2026-03.pdf,Bulletin_2026-03.pdf,.pdf,1703,2025-07-19T18:00:00,2026-03-28T18:00:00,False,False,130,115,5,,B93F52F908C8B006F4E3F9DAE9120F9AD86A5CDF97A48D29DCF68B2807A38D8B
\\DEMO-SRV01\FileServer\02_RH_Collaborateurs\01_Dossiers_Individuels\CHEVALIER_Pauline\Bulletins_de_paie\2026\Bulletin_2026-04.pdf,C:\DemoMigration\FileServer\02_RH_Collaborateurs\01_Dossiers_Individuels\CHEVALIER_Pauline\Bulletins_de_paie\2026\Bulletin_2026-04.pdf,02_RH_Collaborateurs\01_Dossiers_Individuels\CHEVALIER_Pauline\Bulletins_de_paie\2026\Bulletin_2026-04.pdf,02_RH_Collaborateurs,RH,/sites/MigrationFileServer/RH/01_Dossiers_Individuels/CHEVALIER_Pauline/Bulletins_de_paie/2026/Bulletin_2026-04.pdf,Bulletin_2026-04.pdf,.pdf,1703,2025-10-31T18:00:00,2026-04-28T18:00:00,False,False,130,115,5,,CED476617D4DCAD8B59ACC09D70B15930C2DC815092563F23E406CDF492A6D60
\\DEMO-SRV01\FileServer\02_RH_Collaborateurs\01_Dossiers_Individuels\CHEVALIER_Pauline\Bulletins_de_paie\2026\Bulletin_2026-05.pdf,C:\DemoMigration\FileServer\02_RH_Collaborateurs\01_Dossiers_Individuels\CHEVALIER_Pauline\Bulletins_de_paie\2026\Bulletin_2026-05.pdf,02_RH_Collaborateurs\01_Dossiers_Individuels\CHEVALIER_Pauline\Bulletins_de_paie\2026\Bulletin_2026-05.pdf,02_RH_Collaborateurs,RH,/sites/MigrationFileServer/RH/01_Dossiers_Individuels/CHEVALIER_Pauline/Bulletins_de_paie/2026/Bulletin_2026-05.pdf,Bulletin_2026-05.pdf,.pdf,1703,2026-04-07T18:00:00,2026-05-28T18:00:00,False,False,130,115,5,,6FB52084F68F028D18DFDFC4D7DBA76CC195F4BA3834F4BB6883BEF8EA0EDB62
\\DEMO-SRV01\FileServer\02_RH_Collaborateurs\01_Dossiers_Individuels\CHEVALIER_Pauline\Bulletins_de_paie\2026\Bulletin_2026-06.pdf,C:\DemoMigration\FileServer\02_RH_Collaborateurs\01_Dossiers_Individuels\CHEVALIER_Pauline\Bulletins_de_paie\2026\Bulletin_2026-06.pdf,02_RH_Collaborateurs\01_Dossiers_Individuels\CHEVALIER_Pauline\Bulletins_de_paie\2026\Bulletin_2026-06.pdf,02_RH_Collaborateurs,RH,/sites/MigrationFileServer/RH/01_Dossiers_Individuels/CHEVALIER_Pauline/Bulletins_de_paie/2026/Bulletin_2026-06.pdf,Bulletin_2026-06.pdf,.pdf,1704,2025-09-06T18:00:00,2026-06-28T18:00:00,False,False,130,115,5,,84C34B3734D84C7B8B1789463AFA3340BB3F0EDECC5EA81700D3D70EB5101704
\\DEMO-SRV01\FileServer\02_RH_Collaborateurs\01_Dossiers_Individuels\CHEVALIER_Pauline\Bulletins_de_paie\2026\Bulletin_2026-07.pdf,C:\DemoMigration\FileServer\02_RH_Collaborateurs\01_Dossiers_Individuels\CHEVALIER_Pauline\Bulletins_de_paie\2026\Bulletin_2026-07.pdf,02_RH_Collaborateurs\01_Dossiers_Individuels\CHEVALIER_Pauline\Bulletins_de_paie\2026\Bulletin_2026-07.pdf,02_RH_Collaborateurs,RH,/sites/MigrationFileServer/RH/01_Dossiers_Individuels/CHEVALIER_Pauline/Bulletins_de_paie/2026/Bulletin_2026-07.pdf,Bulletin_2026-07.pdf,.pdf,1704,2025-08-11T18:00:00,2026-07-28T18:00:00,False,False,130,115,5,,999AAE4F84D341CFF57515D9C8F02E9CE0D1EB1E3B4118C062861A27F2F39C14
\\DEMO-SRV01\FileServer\02_RH_Collaborateurs\01_Dossiers_Individuels\CHEVALIER_Pauline\Bulletins_de_paie\2026\Bulletin_2026-08.pdf,C:\DemoMigration\FileServer\02_RH_Collaborateurs\01_Dossiers_Individuels\CHEVALIER_Pauline\Bulletins_de_paie\2026\Bulletin_2026-08.pdf,02_RH_Collaborateurs\01_Dossiers_Individuels\CHEVALIER_Pauline\Bulletins_de_paie\2026\Bulletin_2026-08.pdf,02_RH_Collaborateurs,RH,/sites/MigrationFileServer/RH/01_Dossiers_Individuels/CHEVALIER_Pauline/Bulletins_de_paie/2026/Bulletin_2026-08.pdf,Bulletin_2026-08.pdf,.pdf,1704,2026-01-09T18:00:00,2026-08-28T18:00:00,False,False,130,115,5,,77285FEB267A5B3DC4A384ED7BDC78595198D63E2CD8A8AB6D07D01132F028B3
\\DEMO-SRV01\FileServer\02_RH_Collaborateurs\01_Dossiers_Individuels\CHEVALIER_Pauline\Contrat_de_travail_CHEVALIER.pdf,C:\DemoMigration\FileServer\02_RH_Collaborateurs\01_Dossiers_Individuels\CHEVALIER_Pauline\Contrat_de_travail_CHEVALIER.pdf,02_RH_Collaborateurs\01_Dossiers_Individuels\CHEVALIER_Pauline\Contrat_de_travail_CHEVALIER.pdf,02_RH_Collaborateurs,RH,/sites/MigrationFileServer/RH/01_Dossiers_Individuels/CHEVALIER_Pauline/Contrat_de_travail_CHEVALIER.pdf,Contrat_de_travail_CHEVALIER.pdf,.pdf,1727,2025-04-28T08:55:49,2025-05-22T08:55:49,False,False,119,104,3,,EAD62383151AD33754DA56F3FD1F8FAABA394BD77DFE8FC5A673F54013E4BB8F
\\DEMO-SRV01\FileServer\02_RH_Collaborateurs\01_Dossiers_Individuels\CHEVALIER_Pauline\Entretiens_annuels\Entretien_annuel_2025.docx,C:\DemoMigration\FileServer\02_RH_Collaborateurs\01_Dossiers_Individuels\CHEVALIER_Pauline\Entretiens_annuels\Entretien_annuel_2025.docx,02_RH_Collaborateurs\01_Dossiers_Individuels\CHEVALIER_Pauline\Entretiens_annuels\Entretien_annuel_2025.docx,02_RH_Collaborateurs,RH,/sites/MigrationFileServer/RH/01_Dossiers_Individuels/CHEVALIER_Pauline/Entretiens_annuels/Entretien_annuel_2025.docx,Entretien_annuel_2025.docx,.docx,36757,2025-11-16T00:00:00,2025-12-03T00:00:00,False,False,132,117,4,,B3221045D09B5A2D69A08C18FAB5CDC380F8DCBB93B6A393933F7177C7396505
\\DEMO-SRV01\FileServer\02_RH_Collaborateurs\01_Dossiers_Individuels\DUBOIS_Emma\Bulletins_de_paie\2026\Bulletin_2026-01.pdf,C:\DemoMigration\FileServer\02_RH_Collaborateurs\01_Dossiers_Individuels\DUBOIS_Emma\Bulletins_de_paie\2026\Bulletin_2026-01.pdf,02_RH_Collaborateurs\01_Dossiers_Individuels\DUBOIS_Emma\Bulletins_de_paie\2026\Bulletin_2026-01.pdf,02_RH_Collaborateurs,RH,/sites/MigrationFileServer/RH/01_Dossiers_Individuels/DUBOIS_Emma/Bulletins_de_paie/2026/Bulletin_2026-01.pdf,Bulletin_2026-01.pdf,.pdf,1694,2026-01-08T18:00:00,2026-01-28T18:00:00,False,False,124,109,5,,0FDF411B387A80FC557DE4E6DD0FF6FEF6E6FF8E276DF8CFA8D661D0032063E6
\\DEMO-SRV01\FileServer\02_RH_Collaborateurs\01_Dossiers_Individuels\DUBOIS_Emma\Bulletins_de_paie\2026\Bulletin_2026-02.pdf,C:\DemoMigration\FileServer\02_RH_Collaborateurs\01_Dossiers_Individuels\DUBOIS_Emma\Bulletins_de_paie\2026\Bulletin_2026-02.pdf,02_RH_Collaborateurs\01_Dossiers_Individuels\DUBOIS_Emma\Bulletins_de_paie\2026\Bulletin_2026-02.pdf,02_RH_Collaborateurs,RH,/sites/MigrationFileServer/RH/01_Dossiers_Individuels/DUBOIS_Emma/Bulletins_de_paie/2026/Bulletin_2026-02.pdf,Bulletin_2026-02.pdf,.pdf,1694,2025-11-14T18:00:00,2026-02-28T18:00:00,False,False,124,109,5,,3DCCED8DE914A7B7DCCEC1D9A81FB25E0D9F3F7FB105C99362EC78339C2517BD
\\DEMO-SRV01\FileServer\02_RH_Collaborateurs\01_Dossiers_Individuels\DUBOIS_Emma\Bulletins_de_paie\2026\Bulletin_2026-03.pdf,C:\DemoMigration\FileServer\02_RH_Collaborateurs\01_Dossiers_Individuels\DUBOIS_Emma\Bulletins_de_paie\2026\Bulletin_2026-03.pdf,02_RH_Collaborateurs\01_Dossiers_Individuels\DUBOIS_Emma\Bulletins_de_paie\2026\Bulletin_2026-03.pdf,02_RH_Collaborateurs,RH,/sites/MigrationFileServer/RH/01_Dossiers_Individuels/DUBOIS_Emma/Bulletins_de_paie/2026/Bulletin_2026-03.pdf,Bulletin_2026-03.pdf,.pdf,1693,2025-07-25T18:00:00,2026-03-28T18:00:00,False,False,124,109,5,,E970F02B5ACFDF9B69C8E6A1CAFCBD8E2FB50F5BE3E3D0538F34A6CC6BF3D21D
\\DEMO-SRV01\FileServer\02_RH_Collaborateurs\01_Dossiers_Individuels\DUBOIS_Emma\Bulletins_de_paie\2026\Bulletin_2026-04.pdf,C:\DemoMigration\FileServer\02_RH_Collaborateurs\01_Dossiers_Individuels\DUBOIS_Emma\Bulletins_de_paie\2026\Bulletin_2026-04.pdf,02_RH_Collaborateurs\01_Dossiers_Individuels\DUBOIS_Emma\Bulletins_de_paie\2026\Bulletin_2026-04.pdf,02_RH_Collaborateurs,RH,/sites/MigrationFileServer/RH/01_Dossiers_Individuels/DUBOIS_Emma/Bulletins_de_paie/2026/Bulletin_2026-04.pdf,Bulletin_2026-04.pdf,.pdf,1695,2026-04-27T18:00:00,2026-04-28T18:00:00,False,False,124,109,5,,3051FA1DB5ABF14928E4853D7E28291A63CD2C73BDE7B499715BF027E2F002CF
\\DEMO-SRV01\FileServer\02_RH_Collaborateurs\01_Dossiers_Individuels\DUBOIS_Emma\Bulletins_de_paie\2026\Bulletin_2026-05.pdf,C:\DemoMigration\FileServer\02_RH_Collaborateurs\01_Dossiers_Individuels\DUBOIS_Emma\Bulletins_de_paie\2026\Bulletin_2026-05.pdf,02_RH_Collaborateurs\01_Dossiers_Individuels\DUBOIS_Emma\Bulletins_de_paie\2026\Bulletin_2026-05.pdf,02_RH_Collaborateurs,RH,/sites/MigrationFileServer/RH/01_Dossiers_Individuels/DUBOIS_Emma/Bulletins_de_paie/2026/Bulletin_2026-05.pdf,Bulletin_2026-05.pdf,.pdf,1695,2026-04-13T18:00:00,2026-05-28T18:00:00,False,False,124,109,5,,64E6BCEF0ED53A0E919D70C4B1B6EF6CAEA35ED3F9B8C94C51741652BFB20139
\\DEMO-SRV01\FileServer\02_RH_Collaborateurs\01_Dossiers_Individuels\DUBOIS_Emma\Bulletins_de_paie\2026\Bulletin_2026-06.pdf,C:\DemoMigration\FileServer\02_RH_Collaborateurs\01_Dossiers_Individuels\DUBOIS_Emma\Bulletins_de_paie\2026\Bulletin_2026-06.pdf,02_RH_Collaborateurs\01_Dossiers_Individuels\DUBOIS_Emma\Bulletins_de_paie\2026\Bulletin_2026-06.pdf,02_RH_Collaborateurs,RH,/sites/MigrationFileServer/RH/01_Dossiers_Individuels/DUBOIS_Emma/Bulletins_de_paie/2026/Bulletin_2026-06.pdf,Bulletin_2026-06.pdf,.pdf,1694,2025-09-08T18:00:00,2026-06-28T18:00:00,False,False,124,109,5,,AF293258F992E00EF7CCB4CDFA1BE2AFA971C42BF44A81E8F4B41E0D1AFDE431
\\DEMO-SRV01\FileServer\02_RH_Collaborateurs\01_Dossiers_Individuels\DUBOIS_Emma\Bulletins_de_paie\2026\Bulletin_2026-07.pdf,C:\DemoMigration\FileServer\02_RH_Collaborateurs\01_Dossiers_Individuels\DUBOIS_Emma\Bulletins_de_paie\2026\Bulletin_2026-07.pdf,02_RH_Collaborateurs\01_Dossiers_Individuels\DUBOIS_Emma\Bulletins_de_paie\2026\Bulletin_2026-07.pdf,02_RH_Collaborateurs,RH,/sites/MigrationFileServer/RH/01_Dossiers_Individuels/DUBOIS_Emma/Bulletins_de_paie/2026/Bulletin_2026-07.pdf,Bulletin_2026-07.pdf,.pdf,1695,2026-05-13T18:00:00,2026-07-28T18:00:00,False,False,124,109,5,,6146BCF5138D58363B18CA50903AA8BBC10ABCB47BEBA524571AD5597BBEBFE4
\\DEMO-SRV01\FileServer\02_RH_Collaborateurs\01_Dossiers_Individuels\DUBOIS_Emma\Bulletins_de_paie\2026\Bulletin_2026-08.pdf,C:\DemoMigration\FileServer\02_RH_Collaborateurs\01_Dossiers_Individuels\DUBOIS_Emma\Bulletins_de_paie\2026\Bulletin_2026-08.pdf,02_RH_Collaborateurs\01_Dossiers_Individuels\DUBOIS_Emma\Bulletins_de_paie\2026\Bulletin_2026-08.pdf,02_RH_Collaborateurs,RH,/sites/MigrationFileServer/RH/01_Dossiers_Individuels/DUBOIS_Emma/Bulletins_de_paie/2026/Bulletin_2026-08.pdf,Bulletin_2026-08.pdf,.pdf,1694,2025-07-25T18:00:00,2026-08-28T18:00:00,False,False,124,109,5,,FEFE7924BC042CB4FD37FD6FE18AF14FFBE9C9FD4D92C90F97C3076CE60EC658
\\DEMO-SRV01\FileServer\02_RH_Collaborateurs\01_Dossiers_Individuels\DUBOIS_Emma\Contrat_de_travail_DUBOIS.pdf,C:\DemoMigration\FileServer\02_RH_Collaborateurs\01_Dossiers_Individuels\DUBOIS_Emma\Contrat_de_travail_DUBOIS.pdf,02_RH_Collaborateurs\01_Dossiers_Individuels\DUBOIS_Emma\Contrat_de_travail_DUBOIS.pdf,02_RH_Collaborateurs,RH,/sites/MigrationFileServer/RH/01_Dossiers_Individuels/DUBOIS_Emma/Contrat_de_travail_DUBOIS.pdf,Contrat_de_travail_DUBOIS.pdf,.pdf,1722,2020-04-29T17:12:05,2020-11-24T17:12:05,False,False,110,95,3,,A50582C18D0FFDE8789D2FFD07F8F25B89CC7EE7549D4A684B409A2238ECEB39
\\DEMO-SRV01\FileServer\02_RH_Collaborateurs\01_Dossiers_Individuels\DUBOIS_Emma\Entretiens_annuels\Entretien_annuel_2024.docx,C:\DemoMigration\FileServer\02_RH_Collaborateurs\01_Dossiers_Individuels\DUBOIS_Emma\Entretiens_annuels\Entretien_annuel_2024.docx,02_RH_Collaborateurs\01_Dossiers_Individuels\DUBOIS_Emma\Entretiens_annuels\Entretien_annuel_2024.docx,02_RH_Collaborateurs,RH,/sites/MigrationFileServer/RH/01_Dossiers_Individuels/DUBOIS_Emma/Entretiens_annuels/Entretien_annuel_2024.docx,Entretien_annuel_2024.docx,.docx,36754,2023-12-13T00:00:00,2024-12-17T00:00:00,False,False,126,111,4,,FCF1DF21FBC957051E3FD83CCBA4435F719FCF48C306FF21220B1A21B948C937
\\DEMO-SRV01\FileServer\02_RH_Collaborateurs\01_Dossiers_Individuels\DUBOIS_Emma\Entretiens_annuels\Entretien_annuel_2025.docx,C:\DemoMigration\FileServer\02_RH_Collaborateurs\01_Dossiers_Individuels\DUBOIS_Emma\Entretiens_annuels\Entretien_annuel_2025.docx,02_RH_Collaborateurs\01_Dossiers_Individuels\DUBOIS_Emma\Entretiens_annuels\Entretien_annuel_2025.docx,02_RH_Collaborateurs,RH,/sites/MigrationFileServer/RH/01_Dossiers_Individuels/DUBOIS_Emma/Entretiens_annuels/Entretien_annuel_2025.docx,Entretien_annuel_2025.docx,.docx,36755,2025-01-09T00:00:00,2025-12-04T00:00:00,False,False,126,111,4,,AF7062F72E29517813575FF4C8C05E1B1583EC874ABA39F49582DC2FBCCAFE2D
\\DEMO-SRV01\FileServer\02_RH_Collaborateurs\01_Dossiers_Individuels\DUBOIS_Julie\Bulletins_de_paie\2026\Bulletin_2026-01.pdf,C:\DemoMigration\FileServer\02_RH_Collaborateurs\01_Dossiers_Individuels\DUBOIS_Julie\Bulletins_de_paie\2026\Bulletin_2026-01.pdf,02_RH_Collaborateurs\01_Dossiers_Individuels\DUBOIS_Julie\Bulletins_de_paie\2026\Bulletin_2026-01.pdf,02_RH_Collaborateurs,RH,/sites/MigrationFileServer/RH/01_Dossiers_Individuels/DUBOIS_Julie/Bulletins_de_paie/2026/Bulletin_2026-01.pdf,Bulletin_2026-01.pdf,.pdf,1700,2025-11-14T18:00:00,2026-01-28T18:00:00,False,False,125,110,5,,2957041ECE3F4BA8701B8A49328A2A3398FF3F96E25A2A1270240F22906F00CE
\\DEMO-SRV01\FileServer\02_RH_Collaborateurs\01_Dossiers_Individuels\DUBOIS_Julie\Bulletins_de_paie\2026\Bulletin_2026-02.pdf,C:\DemoMigration\FileServer\02_RH_Collaborateurs\01_Dossiers_Individuels\DUBOIS_Julie\Bulletins_de_paie\2026\Bulletin_2026-02.pdf,02_RH_Collaborateurs\01_Dossiers_Individuels\DUBOIS_Julie\Bulletins_de_paie\2026\Bulletin_2026-02.pdf,02_RH_Collaborateurs,RH,/sites/MigrationFileServer/RH/01_Dossiers_Individuels/DUBOIS_Julie/Bulletins_de_paie/2026/Bulletin_2026-02.pdf,Bulletin_2026-02.pdf,.pdf,1699,2025-05-06T18:00:00,2026-02-28T18:00:00,False,False,125,110,5,,44A706B96B7E0E0EACEE9259820E691E8E1CCD85A3A57F7569E60BBC4012727B
\\DEMO-SRV01\FileServer\02_RH_Collaborateurs\01_Dossiers_Individuels\DUBOIS_Julie\Bulletins_de_paie\2026\Bulletin_2026-03.pdf,C:\DemoMigration\FileServer\02_RH_Collaborateurs\01_Dossiers_Individuels\DUBOIS_Julie\Bulletins_de_paie\2026\Bulletin_2026-03.pdf,02_RH_Collaborateurs\01_Dossiers_Individuels\DUBOIS_Julie\Bulletins_de_paie\2026\Bulletin_2026-03.pdf,02_RH_Collaborateurs,RH,/sites/MigrationFileServer/RH/01_Dossiers_Individuels/DUBOIS_Julie/Bulletins_de_paie/2026/Bulletin_2026-03.pdf,Bulletin_2026-03.pdf,.pdf,1699,2026-02-05T18:00:00,2026-03-28T18:00:00,False,False,125,110,5,,C65E5EEAAA150430896928CCCE87CE7AF7908581959D57844E3F7CE5439B36F2
\\DEMO-SRV01\FileServer\02_RH_Collaborateurs\01_Dossiers_Individuels\DUBOIS_Julie\Bulletins_de_paie\2026\Bulletin_2026-04.pdf,C:\DemoMigration\FileServer\02_RH_Collaborateurs\01_Dossiers_Individuels\DUBOIS_Julie\Bulletins_de_paie\2026\Bulletin_2026-04.pdf,02_RH_Collaborateurs\01_Dossiers_Individuels\DUBOIS_Julie\Bulletins_de_paie\2026\Bulletin_2026-04.pdf,02_RH_Collaborateurs,RH,/sites/MigrationFileServer/RH/01_Dossiers_Individuels/DUBOIS_Julie/Bulletins_de_paie/2026/Bulletin_2026-04.pdf,Bulletin_2026-04.pdf,.pdf,1699,2025-07-14T18:00:00,2026-04-28T18:00:00,False,False,125,110,5,,5C61066EAF31867953623066D2B2100747ACD11E10FDE8F43CA25E9090259F77
\\DEMO-SRV01\FileServer\02_RH_Collaborateurs\01_Dossiers_Individuels\DUBOIS_Julie\Bulletins_de_paie\2026\Bulletin_2026-05.pdf,C:\DemoMigration\FileServer\02_RH_Collaborateurs\01_Dossiers_Individuels\DUBOIS_Julie\Bulletins_de_paie\2026\Bulletin_2026-05.pdf,02_RH_Collaborateurs\01_Dossiers_Individuels\DUBOIS_Julie\Bulletins_de_paie\2026\Bulletin_2026-05.pdf,02_RH_Collaborateurs,RH,/sites/MigrationFileServer/RH/01_Dossiers_Individuels/DUBOIS_Julie/Bulletins_de_paie/2026/Bulletin_2026-05.pdf,Bulletin_2026-05.pdf,.pdf,1699,2026-01-02T18:00:00,2026-05-28T18:00:00,False,False,125,110,5,,7782BB4CDCFD4AA54107A5A05287728B19836CB665A9E83D4C379660C8B46B8E
\\DEMO-SRV01\FileServer\02_RH_Collaborateurs\01_Dossiers_Individuels\DUBOIS_Julie\Bulletins_de_paie\2026\Bulletin_2026-06.pdf,C:\DemoMigration\FileServer\02_RH_Collaborateurs\01_Dossiers_Individuels\DUBOIS_Julie\Bulletins_de_paie\2026\Bulletin_2026-06.pdf,02_RH_Collaborateurs\01_Dossiers_Individuels\DUBOIS_Julie\Bulletins_de_paie\2026\Bulletin_2026-06.pdf,02_RH_Collaborateurs,RH,/sites/MigrationFileServer/RH/01_Dossiers_Individuels/DUBOIS_Julie/Bulletins_de_paie/2026/Bulletin_2026-06.pdf,Bulletin_2026-06.pdf,.pdf,1698,2026-01-03T18:00:00,2026-06-28T18:00:00,False,False,125,110,5,,87D7CFE650C74F2E34C50B71B330EAA0B71C5AA4C3D9D64AB691B982575D0F1D
\\DEMO-SRV01\FileServer\02_RH_Collaborateurs\01_Dossiers_Individuels\DUBOIS_Julie\Bulletins_de_paie\2026\Bulletin_2026-07.pdf,C:\DemoMigration\FileServer\02_RH_Collaborateurs\01_Dossiers_Individuels\DUBOIS_Julie\Bulletins_de_paie\2026\Bulletin_2026-07.pdf,02_RH_Collaborateurs\01_Dossiers_Individuels\DUBOIS_Julie\Bulletins_de_paie\2026\Bulletin_2026-07.pdf,02_RH_Collaborateurs,RH,/sites/MigrationFileServer/RH/01_Dossiers_Individuels/DUBOIS_Julie/Bulletins_de_paie/2026/Bulletin_2026-07.pdf,Bulletin_2026-07.pdf,.pdf,1699,2026-03-15T18:00:00,2026-07-28T18:00:00,False,False,125,110,5,,984603354681620918766AF16939CE17C33777488F9FE2720C99744FA96D1C5F
\\DEMO-SRV01\FileServer\02_RH_Collaborateurs\01_Dossiers_Individuels\DUBOIS_Julie\Bulletins_de_paie\2026\Bulletin_2026-08.pdf,C:\DemoMigration\FileServer\02_RH_Collaborateurs\01_Dossiers_Individuels\DUBOIS_Julie\Bulletins_de_paie\2026\Bulletin_2026-08.pdf,02_RH_Collaborateurs\01_Dossiers_Individuels\DUBOIS_Julie\Bulletins_de_paie\2026\Bulletin_2026-08.pdf,02_RH_Collaborateurs,RH,/sites/MigrationFileServer/RH/01_Dossiers_Individuels/DUBOIS_Julie/Bulletins_de_paie/2026/Bulletin_2026-08.pdf,Bulletin_2026-08.pdf,.pdf,1699,2025-12-23T18:00:00,2026-08-28T18:00:00,False,False,125,110,5,,9546BB612E96CA0101A64151F8AB5A8C83A84DDDF00288A29844869926267316
\\DEMO-SRV01\FileServer\02_RH_Collaborateurs\01_Dossiers_Individuels\DUBOIS_Julie\Contrat_de_travail_DUBOIS.pdf,C:\DemoMigration\FileServer\02_RH_Collaborateurs\01_Dossiers_Individuels\DUBOIS_Julie\Contrat_de_travail_DUBOIS.pdf,02_RH_Collaborateurs\01_Dossiers_Individuels\DUBOIS_Julie\Contrat_de_travail_DUBOIS.pdf,02_RH_Collaborateurs,RH,/sites/MigrationFileServer/RH/01_Dossiers_Individuels/DUBOIS_Julie/Contrat_de_travail_DUBOIS.pdf,Contrat_de_travail_DUBOIS.pdf,.pdf,1735,2021-11-03T01:41:49,2021-12-30T01:41:49,False,False,111,96,3,,2BC62B591AD0C350CE4CA44E8FE89A1BCCCEB9E5712B0CDF3C43A8CA9975FF57
\\DEMO-SRV01\FileServer\02_RH_Collaborateurs\01_Dossiers_Individuels\DUBOIS_Julie\Entretiens_annuels\Entretien_annuel_2024.docx,C:\DemoMigration\FileServer\02_RH_Collaborateurs\01_Dossiers_Individuels\DUBOIS_Julie\Entretiens_annuels\Entretien_annuel_2024.docx,02_RH_Collaborateurs\01_Dossiers_Individuels\DUBOIS_Julie\Entretiens_annuels\Entretien_annuel_2024.docx,02_RH_Collaborateurs,RH,/sites/MigrationFileServer/RH/01_Dossiers_Individuels/DUBOIS_Julie/Entretiens_annuels/Entretien_annuel_2024.docx,Entretien_annuel_2024.docx,.docx,36757,2024-11-30T00:00:00,2024-12-19T00:00:00,False,False,127,112,4,,17A4B30328487B7D08FDF42EEB768BB18D54FC4FD0BBA8545FED86CB113FA818
\\DEMO-SRV01\FileServer\02_RH_Collaborateurs\01_Dossiers_Individuels\DUBOIS_Julie\Entretiens_annuels\Entretien_annuel_2025.docx,C:\DemoMigration\FileServer\02_RH_Collaborateurs\01_Dossiers_Individuels\DUBOIS_Julie\Entretiens_annuels\Entretien_annuel_2025.docx,02_RH_Collaborateurs\01_Dossiers_Individuels\DUBOIS_Julie\Entretiens_annuels\Entretien_annuel_2025.docx,02_RH_Collaborateurs,RH,/sites/MigrationFileServer/RH/01_Dossiers_Individuels/DUBOIS_Julie/Entretiens_annuels/Entretien_annuel_2025.docx,Entretien_annuel_2025.docx,.docx,36756,2025-09-24T00:00:00,2025-12-06T00:00:00,False,False,127,112,4,,21696A4CF772589FEFD2B23454AB97624051241E26D1E397834528455A36BC6B
\\DEMO-SRV01\FileServer\02_RH_Collaborateurs\01_Dossiers_Individuels\DUPONT_Antoine\Bulletins_de_paie\2026\Bulletin_2026-01.pdf,C:\DemoMigration\FileServer\02_RH_Collaborateurs\01_Dossiers_Individuels\DUPONT_Antoine\Bulletins_de_paie\2026\Bulletin_2026-01.pdf,02_RH_Collaborateurs\01_Dossiers_Individuels\DUPONT_Antoine\Bulletins_de_paie\2026\Bulletin_2026-01.pdf,02_RH_Collaborateurs,RH,/sites/MigrationFileServer/RH/01_Dossiers_Individuels/DUPONT_Antoine/Bulletins_de_paie/2026/Bulletin_2026-01.pdf,Bulletin_2026-01.pdf,.pdf,1700,2025-01-22T18:00:00,2026-01-28T18:00:00,False,False,127,112,5,,CC79B40BAB9D82540AE36CBB7EAA9CF89DB97FC16EC02C018FF63E79F3332401
\\DEMO-SRV01\FileServer\02_RH_Collaborateurs\01_Dossiers_Individuels\DUPONT_Antoine\Bulletins_de_paie\2026\Bulletin_2026-02.pdf,C:\DemoMigration\FileServer\02_RH_Collaborateurs\01_Dossiers_Individuels\DUPONT_Antoine\Bulletins_de_paie\2026\Bulletin_2026-02.pdf,02_RH_Collaborateurs\01_Dossiers_Individuels\DUPONT_Antoine\Bulletins_de_paie\2026\Bulletin_2026-02.pdf,02_RH_Collaborateurs,RH,/sites/MigrationFileServer/RH/01_Dossiers_Individuels/DUPONT_Antoine/Bulletins_de_paie/2026/Bulletin_2026-02.pdf,Bulletin_2026-02.pdf,.pdf,1699,2025-02-03T18:00:00,2026-02-28T18:00:00,False,False,127,112,5,,4BA2D11D642709C1B094E3B519D14939FF6B3815A35177047FC6DDFF94913ADC
\\DEMO-SRV01\FileServer\02_RH_Collaborateurs\01_Dossiers_Individuels\DUPONT_Antoine\Bulletins_de_paie\2026\Bulletin_2026-03.pdf,C:\DemoMigration\FileServer\02_RH_Collaborateurs\01_Dossiers_Individuels\DUPONT_Antoine\Bulletins_de_paie\2026\Bulletin_2026-03.pdf,02_RH_Collaborateurs\01_Dossiers_Individuels\DUPONT_Antoine\Bulletins_de_paie\2026\Bulletin_2026-03.pdf,02_RH_Collaborateurs,RH,/sites/MigrationFileServer/RH/01_Dossiers_Individuels/DUPONT_Antoine/Bulletins_de_paie/2026/Bulletin_2026-03.pdf,Bulletin_2026-03.pdf,.pdf,1700,2025-04-14T18:00:00,2026-03-28T18:00:00,False,False,127,112,5,,E73965586BCB923E35D4D6D07915D9090F484DB2BD1DD3B0D50D050B6BF5C5B5
\\DEMO-SRV01\FileServer\02_RH_Collaborateurs\01_Dossiers_Individuels\DUPONT_Antoine\Bulletins_de_paie\2026\Bulletin_2026-04.pdf,C:\DemoMigration\FileServer\02_RH_Collaborateurs\01_Dossiers_Individuels\DUPONT_Antoine\Bulletins_de_paie\2026\Bulletin_2026-04.pdf,02_RH_Collaborateurs\01_Dossiers_Individuels\DUPONT_Antoine\Bulletins_de_paie\2026\Bulletin_2026-04.pdf,02_RH_Collaborateurs,RH,/sites/MigrationFileServer/RH/01_Dossiers_Individuels/DUPONT_Antoine/Bulletins_de_paie/2026/Bulletin_2026-04.pdf,Bulletin_2026-04.pdf,.pdf,1699,2025-05-28T18:00:00,2026-04-28T18:00:00,False,False,127,112,5,,1D3E6E26F4768D63AC60A11644EC0CA9EB48F78F63B6C588231A43AEF79B3EB7
\\DEMO-SRV01\FileServer\02_RH_Collaborateurs\01_Dossiers_Individuels\DUPONT_Antoine\Bulletins_de_paie\2026\Bulletin_2026-05.pdf,C:\DemoMigration\FileServer\02_RH_Collaborateurs\01_Dossiers_Individuels\DUPONT_Antoine\Bulletins_de_paie\2026\Bulletin_2026-05.pdf,02_RH_Collaborateurs\01_Dossiers_Individuels\DUPONT_Antoine\Bulletins_de_paie\2026\Bulletin_2026-05.pdf,02_RH_Collaborateurs,RH,/sites/MigrationFileServer/RH/01_Dossiers_Individuels/DUPONT_Antoine/Bulletins_de_paie/2026/Bulletin_2026-05.pdf,Bulletin_2026-05.pdf,.pdf,1698,2025-11-28T18:00:00,2026-05-28T18:00:00,False,False,127,112,5,,F1D077834A47AB815AECE09B6A6DE3226C3FC61D2D0B26D86FBD9298466112D4
\\DEMO-SRV01\FileServer\02_RH_Collaborateurs\01_Dossiers_Individuels\DUPONT_Antoine\Bulletins_de_paie\2026\Bulletin_2026-06.pdf,C:\DemoMigration\FileServer\02_RH_Collaborateurs\01_Dossiers_Individuels\DUPONT_Antoine\Bulletins_de_paie\2026\Bulletin_2026-06.pdf,02_RH_Collaborateurs\01_Dossiers_Individuels\DUPONT_Antoine\Bulletins_de_paie\2026\Bulletin_2026-06.pdf,02_RH_Collaborateurs,RH,/sites/MigrationFileServer/RH/01_Dossiers_Individuels/DUPONT_Antoine/Bulletins_de_paie/2026/Bulletin_2026-06.pdf,Bulletin_2026-06.pdf,.pdf,1699,2026-01-22T18:00:00,2026-06-28T18:00:00,False,False,127,112,5,,10B38415055E30B319F446F0D5A1F68CC77ED1FD63F2D3EDB45119267E085F86
\\DEMO-SRV01\FileServer\02_RH_Collaborateurs\01_Dossiers_Individuels\DUPONT_Antoine\Bulletins_de_paie\2026\Bulletin_2026-07.pdf,C:\DemoMigration\FileServer\02_RH_Collaborateurs\01_Dossiers_Individuels\DUPONT_Antoine\Bulletins_de_paie\2026\Bulletin_2026-07.pdf,02_RH_Collaborateurs\01_Dossiers_Individuels\DUPONT_Antoine\Bulletins_de_paie\2026\Bulletin_2026-07.pdf,02_RH_Collaborateurs,RH,/sites/MigrationFileServer/RH/01_Dossiers_Individuels/DUPONT_Antoine/Bulletins_de_paie/2026/Bulletin_2026-07.pdf,Bulletin_2026-07.pdf,.pdf,1698,2026-02-09T18:00:00,2026-07-28T18:00:00,False,False,127,112,5,,4E41E9FC77554CDB11ACDAFB35A663E4EF6E6C1454C532FD64BC57792456D229
\\DEMO-SRV01\FileServer\02_RH_Collaborateurs\01_Dossiers_Individuels\DUPONT_Antoine\Bulletins_de_paie\2026\Bulletin_2026-08.pdf,C:\DemoMigration\FileServer\02_RH_Collaborateurs\01_Dossiers_Individuels\DUPONT_Antoine\Bulletins_de_paie\2026\Bulletin_2026-08.pdf,02_RH_Collaborateurs\01_Dossiers_Individuels\DUPONT_Antoine\Bulletins_de_paie\2026\Bulletin_2026-08.pdf,02_RH_Collaborateurs,RH,/sites/MigrationFileServer/RH/01_Dossiers_Individuels/DUPONT_Antoine/Bulletins_de_paie/2026/Bulletin_2026-08.pdf,Bulletin_2026-08.pdf,.pdf,1699,2025-11-02T18:00:00,2026-08-28T18:00:00,False,False,127,112,5,,97B44EAB7EB4E3B536A7740DB9C117CAC6F4895150AFFF20B89363A040085995
\\DEMO-SRV01\FileServer\02_RH_Collaborateurs\01_Dossiers_Individuels\DUPONT_Antoine\Contrat_de_travail_DUPONT.pdf,C:\DemoMigration\FileServer\02_RH_Collaborateurs\01_Dossiers_Individuels\DUPONT_Antoine\Contrat_de_travail_DUPONT.pdf,02_RH_Collaborateurs\01_Dossiers_Individuels\DUPONT_Antoine\Contrat_de_travail_DUPONT.pdf,02_RH_Collaborateurs,RH,/sites/MigrationFileServer/RH/01_Dossiers_Individuels/DUPONT_Antoine/Contrat_de_travail_DUPONT.pdf,Contrat_de_travail_DUPONT.pdf,.pdf,1734,2014-11-26T12:56:13,2015-01-30T12:56:13,False,False,113,98,3,,EB0DB8A4DEC55F0A3E767DA9CF6868C853BEFD62AF6AEAA28EF48FB26A1C82B7
\\DEMO-SRV01\FileServer\02_RH_Collaborateurs\01_Dossiers_Individuels\DUPONT_Antoine\Entretiens_annuels\Entretien_annuel_2024.docx,C:\DemoMigration\FileServer\02_RH_Collaborateurs\01_Dossiers_Individuels\DUPONT_Antoine\Entretiens_annuels\Entretien_annuel_2024.docx,02_RH_Collaborateurs\01_Dossiers_Individuels\DUPONT_Antoine\Entretiens_annuels\Entretien_annuel_2024.docx,02_RH_Collaborateurs,RH,/sites/MigrationFileServer/RH/01_Dossiers_Individuels/DUPONT_Antoine/Entretiens_annuels/Entretien_annuel_2024.docx,Entretien_annuel_2024.docx,.docx,36755,2024-10-11T00:00:00,2024-12-10T00:00:00,False,False,129,114,4,,6FAEF090F2EE86AD93BD222AAC46C4524531F14BD05E6E58F8ADE6A91B0C43BD
\\DEMO-SRV01\FileServer\02_RH_Collaborateurs\01_Dossiers_Individuels\DUPONT_Antoine\Entretiens_annuels\Entretien_annuel_2025.docx,C:\DemoMigration\FileServer\02_RH_Collaborateurs\01_Dossiers_Individuels\DUPONT_Antoine\Entretiens_annuels\Entretien_annuel_2025.docx,02_RH_Collaborateurs\01_Dossiers_Individuels\DUPONT_Antoine\Entretiens_annuels\Entretien_annuel_2025.docx,02_RH_Collaborateurs,RH,/sites/MigrationFileServer/RH/01_Dossiers_Individuels/DUPONT_Antoine/Entretiens_annuels/Entretien_annuel_2025.docx,Entretien_annuel_2025.docx,.docx,36755,2025-01-26T00:00:00,2025-12-16T00:00:00,False,False,129,114,4,,5755AF84746D8DC805C680F7A8E4EFC851B55AFBE206EDC1B072D0B29CE4C926
\\DEMO-SRV01\FileServer\02_RH_Collaborateurs\01_Dossiers_Individuels\DUPONT_Thomas\Bulletins_de_paie\2026\Bulletin_2026-01.pdf,C:\DemoMigration\FileServer\02_RH_Collaborateurs\01_Dossiers_Individuels\DUPONT_Thomas\Bulletins_de_paie\2026\Bulletin_2026-01.pdf,02_RH_Collaborateurs\01_Dossiers_Individuels\DUPONT_Thomas\Bulletins_de_paie\2026\Bulletin_2026-01.pdf,02_RH_Collaborateurs,RH,/sites/MigrationFileServer/RH/01_Dossiers_Individuels/DUPONT_Thomas/Bulletins_de_paie/2026/Bulletin_2026-01.pdf,Bulletin_2026-01.pdf,.pdf,1699,2025-05-06T18:00:00,2026-01-28T18:00:00,False,False,126,111,5,,70653C702944357EB7F85AD92BCAE32E99690CA79F78E58E6236DC2C645F8A5F
\\DEMO-SRV01\FileServer\02_RH_Collaborateurs\01_Dossiers_Individuels\DUPONT_Thomas\Bulletins_de_paie\2026\Bulletin_2026-02.pdf,C:\DemoMigration\FileServer\02_RH_Collaborateurs\01_Dossiers_Individuels\DUPONT_Thomas\Bulletins_de_paie\2026\Bulletin_2026-02.pdf,02_RH_Collaborateurs\01_Dossiers_Individuels\DUPONT_Thomas\Bulletins_de_paie\2026\Bulletin_2026-02.pdf,02_RH_Collaborateurs,RH,/sites/MigrationFileServer/RH/01_Dossiers_Individuels/DUPONT_Thomas/Bulletins_de_paie/2026/Bulletin_2026-02.pdf,Bulletin_2026-02.pdf,.pdf,1698,2025-05-30T18:00:00,2026-02-28T18:00:00,False,False,126,111,5,,85B94322ACA6603947B031FC3395FDA89EF6D1FA1D216C7EC606A4BC3BE12AF1
\\DEMO-SRV01\FileServer\02_RH_Collaborateurs\01_Dossiers_Individuels\DUPONT_Thomas\Bulletins_de_paie\2026\Bulletin_2026-03.pdf,C:\DemoMigration\FileServer\02_RH_Collaborateurs\01_Dossiers_Individuels\DUPONT_Thomas\Bulletins_de_paie\2026\Bulletin_2026-03.pdf,02_RH_Collaborateurs\01_Dossiers_Individuels\DUPONT_Thomas\Bulletins_de_paie\2026\Bulletin_2026-03.pdf,02_RH_Collaborateurs,RH,/sites/MigrationFileServer/RH/01_Dossiers_Individuels/DUPONT_Thomas/Bulletins_de_paie/2026/Bulletin_2026-03.pdf,Bulletin_2026-03.pdf,.pdf,1700,2025-07-28T18:00:00,2026-03-28T18:00:00,False,False,126,111,5,,11BF276DCE2DD2170605C222FF6811C64CC81EF4974F854AFF6939336E1AE237
\\DEMO-SRV01\FileServer\02_RH_Collaborateurs\01_Dossiers_Individuels\DUPONT_Thomas\Bulletins_de_paie\2026\Bulletin_2026-04.pdf,C:\DemoMigration\FileServer\02_RH_Collaborateurs\01_Dossiers_Individuels\DUPONT_Thomas\Bulletins_de_paie\2026\Bulletin_2026-04.pdf,02_RH_Collaborateurs\01_Dossiers_Individuels\DUPONT_Thomas\Bulletins_de_paie\2026\Bulletin_2026-04.pdf,02_RH_Collaborateurs,RH,/sites/MigrationFileServer/RH/01_Dossiers_Individuels/DUPONT_Thomas/Bulletins_de_paie/2026/Bulletin_2026-04.pdf,Bulletin_2026-04.pdf,.pdf,1698,2025-12-29T18:00:00,2026-04-28T18:00:00,False,False,126,111,5,,5A4DD56425A31CB1843B9978E667BA5EE0EB694A6F8FC9C5F85F0782D9A96454
\\DEMO-SRV01\FileServer\02_RH_Collaborateurs\01_Dossiers_Individuels\DUPONT_Thomas\Bulletins_de_paie\2026\Bulletin_2026-05.pdf,C:\DemoMigration\FileServer\02_RH_Collaborateurs\01_Dossiers_Individuels\DUPONT_Thomas\Bulletins_de_paie\2026\Bulletin_2026-05.pdf,02_RH_Collaborateurs\01_Dossiers_Individuels\DUPONT_Thomas\Bulletins_de_paie\2026\Bulletin_2026-05.pdf,02_RH_Collaborateurs,RH,/sites/MigrationFileServer/RH/01_Dossiers_Individuels/DUPONT_Thomas/Bulletins_de_paie/2026/Bulletin_2026-05.pdf,Bulletin_2026-05.pdf,.pdf,1700,2026-04-18T18:00:00,2026-05-28T18:00:00,False,False,126,111,5,,3F2B56D2D1AA978BA7B6D53A249752CCE26C7BBD70245C9BC3A6046276D7C270
\\DEMO-SRV01\FileServer\02_RH_Collaborateurs\01_Dossiers_Individuels\DUPONT_Thomas\Bulletins_de_paie\2026\Bulletin_2026-06.pdf,C:\DemoMigration\FileServer\02_RH_Collaborateurs\01_Dossiers_Individuels\DUPONT_Thomas\Bulletins_de_paie\2026\Bulletin_2026-06.pdf,02_RH_Collaborateurs\01_Dossiers_Individuels\DUPONT_Thomas\Bulletins_de_paie\2026\Bulletin_2026-06.pdf,02_RH_Collaborateurs,RH,/sites/MigrationFileServer/RH/01_Dossiers_Individuels/DUPONT_Thomas/Bulletins_de_paie/2026/Bulletin_2026-06.pdf,Bulletin_2026-06.pdf,.pdf,1699,2025-06-28T18:00:00,2026-06-28T18:00:00,False,False,126,111,5,,1DA646801A586D9A57A162BFC2838A2CD8254B0923116A89CBB1BAA4B5B744AA
\\DEMO-SRV01\FileServer\02_RH_Collaborateurs\01_Dossiers_Individuels\DUPONT_Thomas\Bulletins_de_paie\2026\Bulletin_2026-07.pdf,C:\DemoMigration\FileServer\02_RH_Collaborateurs\01_Dossiers_Individuels\DUPONT_Thomas\Bulletins_de_paie\2026\Bulletin_2026-07.pdf,02_RH_Collaborateurs\01_Dossiers_Individuels\DUPONT_Thomas\Bulletins_de_paie\2026\Bulletin_2026-07.pdf,02_RH_Collaborateurs,RH,/sites/MigrationFileServer/RH/01_Dossiers_Individuels/DUPONT_Thomas/Bulletins_de_paie/2026/Bulletin_2026-07.pdf,Bulletin_2026-07.pdf,.pdf,1698,2025-10-09T18:00:00,2026-07-28T18:00:00,False,False,126,111,5,,566DC206DF8B83A4F77A79B86761DB40A4191410ECE54736B8D09D1802AECD52
\\DEMO-SRV01\FileServer\02_RH_Collaborateurs\01_Dossiers_Individuels\DUPONT_Thomas\Bulletins_de_paie\2026\Bulletin_2026-08.pdf,C:\DemoMigration\FileServer\02_RH_Collaborateurs\01_Dossiers_Individuels\DUPONT_Thomas\Bulletins_de_paie\2026\Bulletin_2026-08.pdf,02_RH_Collaborateurs\01_Dossiers_Individuels\DUPONT_Thomas\Bulletins_de_paie\2026\Bulletin_2026-08.pdf,02_RH_Collaborateurs,RH,/sites/MigrationFileServer/RH/01_Dossiers_Individuels/DUPONT_Thomas/Bulletins_de_paie/2026/Bulletin_2026-08.pdf,Bulletin_2026-08.pdf,.pdf,1699,2025-11-09T18:00:00,2026-08-28T18:00:00,False,False,126,111,5,,CAA813CA78860CA140C2AAE8838ADFC55CDF34DCAE51294024ABB7BBD560065C
\\DEMO-SRV01\FileServer\02_RH_Collaborateurs\01_Dossiers_Individuels\DUPONT_Thomas\Contrat_de_travail_DUPONT.pdf,C:\DemoMigration\FileServer\02_RH_Collaborateurs\01_Dossiers_Individuels\DUPONT_Thomas\Contrat_de_travail_DUPONT.pdf,02_RH_Collaborateurs\01_Dossiers_Individuels\DUPONT_Thomas\Contrat_de_travail_DUPONT.pdf,02_RH_Collaborateurs,RH,/sites/MigrationFileServer/RH/01_Dossiers_Individuels/DUPONT_Thomas/Contrat_de_travail_DUPONT.pdf,Contrat_de_travail_DUPONT.pdf,.pdf,1733,2018-12-16T10:09:48,2019-01-16T10:09:48,False,False,112,97,3,,1A3CDE17057B3CE736D3CB4CD0C9BFD635758D09C5B2A6379963C541E4EAFCCD
\\DEMO-SRV01\FileServer\02_RH_Collaborateurs\01_Dossiers_Individuels\DUPONT_Thomas\Entretiens_annuels\Entretien_annuel_2024.docx,C:\DemoMigration\FileServer\02_RH_Collaborateurs\01_Dossiers_Individuels\DUPONT_Thomas\Entretiens_annuels\Entretien_annuel_2024.docx,02_RH_Collaborateurs\01_Dossiers_Individuels\DUPONT_Thomas\Entretiens_annuels\Entretien_annuel_2024.docx,02_RH_Collaborateurs,RH,/sites/MigrationFileServer/RH/01_Dossiers_Individuels/DUPONT_Thomas/Entretiens_annuels/Entretien_annuel_2024.docx,Entretien_annuel_2024.docx,.docx,36754,2023-11-29T00:00:00,2024-12-20T00:00:00,False,False,128,113,4,,EE5225C44AED8DE7F69429884F494CFCBDFA19D656DA89A4E26C1BF623E8CB59
\\DEMO-SRV01\FileServer\02_RH_Collaborateurs\01_Dossiers_Individuels\DUPONT_Thomas\Entretiens_annuels\Entretien_annuel_2025.docx,C:\DemoMigration\FileServer\02_RH_Collaborateurs\01_Dossiers_Individuels\DUPONT_Thomas\Entretiens_annuels\Entretien_annuel_2025.docx,02_RH_Collaborateurs\01_Dossiers_Individuels\DUPONT_Thomas\Entretiens_annuels\Entretien_annuel_2025.docx,02_RH_Collaborateurs,RH,/sites/MigrationFileServer/RH/01_Dossiers_Individuels/DUPONT_Thomas/Entretiens_annuels/Entretien_annuel_2025.docx,Entretien_annuel_2025.docx,.docx,36754,2025-09-21T00:00:00,2025-12-15T00:00:00,False,False,128,113,4,,08F731ECD95EC00C1C073C89F87664587E098B305D6AA3786C4DCFE1A665AC38
\\DEMO-SRV01\FileServer\02_RH_Collaborateurs\01_Dossiers_Individuels\FAURE_Romain\Bulletins_de_paie\2026\Bulletin_2026-01.pdf,C:\DemoMigration\FileServer\02_RH_Collaborateurs\01_Dossiers_Individuels\FAURE_Romain\Bulletins_de_paie\2026\Bulletin_2026-01.pdf,02_RH_Collaborateurs\01_Dossiers_Individuels\FAURE_Romain\Bulletins_de_paie\2026\Bulletin_2026-01.pdf,02_RH_Collaborateurs,RH,/sites/MigrationFileServer/RH/01_Dossiers_Individuels/FAURE_Romain/Bulletins_de_paie/2026/Bulletin_2026-01.pdf,Bulletin_2026-01.pdf,.pdf,1698,2025-10-15T18:00:00,2026-01-28T18:00:00,False,False,125,110,5,,93BA2D3DC9470DC644F3965B43ED34F2495529E6C63DAEBCD18AEBF78B604B43
\\DEMO-SRV01\FileServer\02_RH_Collaborateurs\01_Dossiers_Individuels\FAURE_Romain\Bulletins_de_paie\2026\Bulletin_2026-02.pdf,C:\DemoMigration\FileServer\02_RH_Collaborateurs\01_Dossiers_Individuels\FAURE_Romain\Bulletins_de_paie\2026\Bulletin_2026-02.pdf,02_RH_Collaborateurs\01_Dossiers_Individuels\FAURE_Romain\Bulletins_de_paie\2026\Bulletin_2026-02.pdf,02_RH_Collaborateurs,RH,/sites/MigrationFileServer/RH/01_Dossiers_Individuels/FAURE_Romain/Bulletins_de_paie/2026/Bulletin_2026-02.pdf,Bulletin_2026-02.pdf,.pdf,1698,2025-04-12T18:00:00,2026-02-28T18:00:00,False,False,125,110,5,,4280284E2F9F26B62E4EA1BA4AFAA565225B4D8BB3175FE8919B5EDC4DC949C7
\\DEMO-SRV01\FileServer\02_RH_Collaborateurs\01_Dossiers_Individuels\FAURE_Romain\Bulletins_de_paie\2026\Bulletin_2026-03.pdf,C:\DemoMigration\FileServer\02_RH_Collaborateurs\01_Dossiers_Individuels\FAURE_Romain\Bulletins_de_paie\2026\Bulletin_2026-03.pdf,02_RH_Collaborateurs\01_Dossiers_Individuels\FAURE_Romain\Bulletins_de_paie\2026\Bulletin_2026-03.pdf,02_RH_Collaborateurs,RH,/sites/MigrationFileServer/RH/01_Dossiers_Individuels/FAURE_Romain/Bulletins_de_paie/2026/Bulletin_2026-03.pdf,Bulletin_2026-03.pdf,.pdf,1698,2025-08-25T18:00:00,2026-03-28T18:00:00,False,False,125,110,5,,F1762FFF4013CCD6A538C9D7446DB3A62B38FDEC3660A327D3C065A81FCF226A
\\DEMO-SRV01\FileServer\02_RH_Collaborateurs\01_Dossiers_Individuels\FAURE_Romain\Bulletins_de_paie\2026\Bulletin_2026-04.pdf,C:\DemoMigration\FileServer\02_RH_Collaborateurs\01_Dossiers_Individuels\FAURE_Romain\Bulletins_de_paie\2026\Bulletin_2026-04.pdf,02_RH_Collaborateurs\01_Dossiers_Individuels\FAURE_Romain\Bulletins_de_paie\2026\Bulletin_2026-04.pdf,02_RH_Collaborateurs,RH,/sites/MigrationFileServer/RH/01_Dossiers_Individuels/FAURE_Romain/Bulletins_de_paie/2026/Bulletin_2026-04.pdf,Bulletin_2026-04.pdf,.pdf,1697,2025-05-24T18:00:00,2026-04-28T18:00:00,False,False,125,110,5,,903DC37484B5CE9AF10A4487100CB8B0704B8909E59A9D7E6F82BCF39244467D
\\DEMO-SRV01\FileServer\02_RH_Collaborateurs\01_Dossiers_Individuels\FAURE_Romain\Bulletins_de_paie\2026\Bulletin_2026-05.pdf,C:\DemoMigration\FileServer\02_RH_Collaborateurs\01_Dossiers_Individuels\FAURE_Romain\Bulletins_de_paie\2026\Bulletin_2026-05.pdf,02_RH_Collaborateurs\01_Dossiers_Individuels\FAURE_Romain\Bulletins_de_paie\2026\Bulletin_2026-05.pdf,02_RH_Collaborateurs,RH,/sites/MigrationFileServer/RH/01_Dossiers_Individuels/FAURE_Romain/Bulletins_de_paie/2026/Bulletin_2026-05.pdf,Bulletin_2026-05.pdf,.pdf,1698,2025-07-14T18:00:00,2026-05-28T18:00:00,False,False,125,110,5,,7220A26BE01F6C7B6E9D192E592E9425A9789A7B7C2CAA8D5D0251EF6A2FFA8A
\\DEMO-SRV01\FileServer\02_RH_Collaborateurs\01_Dossiers_Individuels\FAURE_Romain\Bulletins_de_paie\2026\Bulletin_2026-06.pdf,C:\DemoMigration\FileServer\02_RH_Collaborateurs\01_Dossiers_Individuels\FAURE_Romain\Bulletins_de_paie\2026\Bulletin_2026-06.pdf,02_RH_Collaborateurs\01_Dossiers_Individuels\FAURE_Romain\Bulletins_de_paie\2026\Bulletin_2026-06.pdf,02_RH_Collaborateurs,RH,/sites/MigrationFileServer/RH/01_Dossiers_Individuels/FAURE_Romain/Bulletins_de_paie/2026/Bulletin_2026-06.pdf,Bulletin_2026-06.pdf,.pdf,1698,2026-04-19T18:00:00,2026-06-28T18:00:00,False,False,125,110,5,,AC353AAA33592DD6FDC2DAF59BB79C0EBDF9220F82471E29AAADBA6E73566497
\\DEMO-SRV01\FileServer\02_RH_Collaborateurs\01_Dossiers_Individuels\FAURE_Romain\Bulletins_de_paie\2026\Bulletin_2026-07.pdf,C:\DemoMigration\FileServer\02_RH_Collaborateurs\01_Dossiers_Individuels\FAURE_Romain\Bulletins_de_paie\2026\Bulletin_2026-07.pdf,02_RH_Collaborateurs\01_Dossiers_Individuels\FAURE_Romain\Bulletins_de_paie\2026\Bulletin_2026-07.pdf,02_RH_Collaborateurs,RH,/sites/MigrationFileServer/RH/01_Dossiers_Individuels/FAURE_Romain/Bulletins_de_paie/2026/Bulletin_2026-07.pdf,Bulletin_2026-07.pdf,.pdf,1698,2026-06-05T18:00:00,2026-07-28T18:00:00,False,False,125,110,5,,79FE06C53303CE6E346AFA455352D59E2E7B23210DC9662894E71739E78679F2
\\DEMO-SRV01\FileServer\02_RH_Collaborateurs\01_Dossiers_Individuels\FAURE_Romain\Bulletins_de_paie\2026\Bulletin_2026-08.pdf,C:\DemoMigration\FileServer\02_RH_Collaborateurs\01_Dossiers_Individuels\FAURE_Romain\Bulletins_de_paie\2026\Bulletin_2026-08.pdf,02_RH_Collaborateurs\01_Dossiers_Individuels\FAURE_Romain\Bulletins_de_paie\2026\Bulletin_2026-08.pdf,02_RH_Collaborateurs,RH,/sites/MigrationFileServer/RH/01_Dossiers_Individuels/FAURE_Romain/Bulletins_de_paie/2026/Bulletin_2026-08.pdf,Bulletin_2026-08.pdf,.pdf,1695,2025-10-16T18:00:00,2026-08-28T18:00:00,False,False,125,110,5,,6D85CD138BB4F9E24F082EDFC1A09D018AE6E003E2F1C6FF1520DE27A79EBF06
\\DEMO-SRV01\FileServer\02_RH_Collaborateurs\01_Dossiers_Individuels\FAURE_Romain\Contrat_de_travail_FAURE.pdf,C:\DemoMigration\FileServer\02_RH_Collaborateurs\01_Dossiers_Individuels\FAURE_Romain\Contrat_de_travail_FAURE.pdf,02_RH_Collaborateurs\01_Dossiers_Individuels\FAURE_Romain\Contrat_de_travail_FAURE.pdf,02_RH_Collaborateurs,RH,/sites/MigrationFileServer/RH/01_Dossiers_Individuels/FAURE_Romain/Contrat_de_travail_FAURE.pdf,Contrat_de_travail_FAURE.pdf,.pdf,1724,2017-10-21T19:33:05,2018-06-20T19:33:05,False,False,110,95,3,,86F3097BD9161EFFA392292B3BD8B18DEBAA079B5AB9FCD3C63B9015B3A15CAA
\\DEMO-SRV01\FileServer\02_RH_Collaborateurs\01_Dossiers_Individuels\FAURE_Romain\Entretiens_annuels\Entretien_annuel_2024.docx,C:\DemoMigration\FileServer\02_RH_Collaborateurs\01_Dossiers_Individuels\FAURE_Romain\Entretiens_annuels\Entretien_annuel_2024.docx,02_RH_Collaborateurs\01_Dossiers_Individuels\FAURE_Romain\Entretiens_annuels\Entretien_annuel_2024.docx,02_RH_Collaborateurs,RH,/sites/MigrationFileServer/RH/01_Dossiers_Individuels/FAURE_Romain/Entretiens_annuels/Entretien_annuel_2024.docx,Entretien_annuel_2024.docx,.docx,36753,2024-10-11T00:00:00,2024-12-04T00:00:00,False,False,127,112,4,,A5A5D6FD322CBD1C1B65F421C1A1F41F1351B92B94C8BB74322B0017514E093B
\\DEMO-SRV01\FileServer\02_RH_Collaborateurs\01_Dossiers_Individuels\FAURE_Romain\Entretiens_annuels\Entretien_annuel_2025.docx,C:\DemoMigration\FileServer\02_RH_Collaborateurs\01_Dossiers_Individuels\FAURE_Romain\Entretiens_annuels\Entretien_annuel_2025.docx,02_RH_Collaborateurs\01_Dossiers_Individuels\FAURE_Romain\Entretiens_annuels\Entretien_annuel_2025.docx,02_RH_Collaborateurs,RH,/sites/MigrationFileServer/RH/01_Dossiers_Individuels/FAURE_Romain/Entretiens_annuels/Entretien_annuel_2025.docx,Entretien_annuel_2025.docx,.docx,36754,2025-09-05T00:00:00,2025-12-16T00:00:00,False,False,127,112,4,,F6AA19649558D7CDAB7E6CB0BC1D6BE34D67BC5DD65B4CE36098D09502DAB87E
\\DEMO-SRV01\FileServer\02_RH_Collaborateurs\01_Dossiers_Individuels\FOURNIER_Hugo\Bulletins_de_paie\2026\Bulletin_2026-01.pdf,C:\DemoMigration\FileServer\02_RH_Collaborateurs\01_Dossiers_Individuels\FOURNIER_Hugo\Bulletins_de_paie\2026\Bulletin_2026-01.pdf,02_RH_Collaborateurs\01_Dossiers_Individuels\FOURNIER_Hugo\Bulletins_de_paie\2026\Bulletin_2026-01.pdf,02_RH_Collaborateurs,RH,/sites/MigrationFileServer/RH/01_Dossiers_Individuels/FOURNIER_Hugo/Bulletins_de_paie/2026/Bulletin_2026-01.pdf,Bulletin_2026-01.pdf,.pdf,1698,2024-12-26T18:00:00,2026-01-28T18:00:00,False,False,126,111,5,,F1E4B072C4AC9C4743B7D4B1DCFF615CA70E20184677F86B9638ACAD29C1A403
\\DEMO-SRV01\FileServer\02_RH_Collaborateurs\01_Dossiers_Individuels\FOURNIER_Hugo\Bulletins_de_paie\2026\Bulletin_2026-02.pdf,C:\DemoMigration\FileServer\02_RH_Collaborateurs\01_Dossiers_Individuels\FOURNIER_Hugo\Bulletins_de_paie\2026\Bulletin_2026-02.pdf,02_RH_Collaborateurs\01_Dossiers_Individuels\FOURNIER_Hugo\Bulletins_de_paie\2026\Bulletin_2026-02.pdf,02_RH_Collaborateurs,RH,/sites/MigrationFileServer/RH/01_Dossiers_Individuels/FOURNIER_Hugo/Bulletins_de_paie/2026/Bulletin_2026-02.pdf,Bulletin_2026-02.pdf,.pdf,1697,2025-07-02T18:00:00,2026-02-28T18:00:00,False,False,126,111,5,,17D65CE6392BC32864FE9FDB8D3B8B2F2852CF70477D49658747BF7EB95C0246
\\DEMO-SRV01\FileServer\02_RH_Collaborateurs\01_Dossiers_Individuels\FOURNIER_Hugo\Bulletins_de_paie\2026\Bulletin_2026-03.pdf,C:\DemoMigration\FileServer\02_RH_Collaborateurs\01_Dossiers_Individuels\FOURNIER_Hugo\Bulletins_de_paie\2026\Bulletin_2026-03.pdf,02_RH_Collaborateurs\01_Dossiers_Individuels\FOURNIER_Hugo\Bulletins_de_paie\2026\Bulletin_2026-03.pdf,02_RH_Collaborateurs,RH,/sites/MigrationFileServer/RH/01_Dossiers_Individuels/FOURNIER_Hugo/Bulletins_de_paie/2026/Bulletin_2026-03.pdf,Bulletin_2026-03.pdf,.pdf,1697,2025-03-01T18:00:00,2026-03-28T18:00:00,False,False,126,111,5,,05CBED5587FD5A70C3C80760148D7436AE7B95781DD52C3E48EC8D400FA9F85A
\\DEMO-SRV01\FileServer\02_RH_Collaborateurs\01_Dossiers_Individuels\FOURNIER_Hugo\Bulletins_de_paie\2026\Bulletin_2026-04.pdf,C:\DemoMigration\FileServer\02_RH_Collaborateurs\01_Dossiers_Individuels\FOURNIER_Hugo\Bulletins_de_paie\2026\Bulletin_2026-04.pdf,02_RH_Collaborateurs\01_Dossiers_Individuels\FOURNIER_Hugo\Bulletins_de_paie\2026\Bulletin_2026-04.pdf,02_RH_Collaborateurs,RH,/sites/MigrationFileServer/RH/01_Dossiers_Individuels/FOURNIER_Hugo/Bulletins_de_paie/2026/Bulletin_2026-04.pdf,Bulletin_2026-04.pdf,.pdf,1697,2025-12-30T18:00:00,2026-04-28T18:00:00,False,False,126,111,5,,235F8D4FCADC8C89088E7E5982CB20A7864E9AC802C654E17FFEDBD6EB52E990
\\DEMO-SRV01\FileServer\02_RH_Collaborateurs\01_Dossiers_Individuels\FOURNIER_Hugo\Bulletins_de_paie\2026\Bulletin_2026-05.pdf,C:\DemoMigration\FileServer\02_RH_Collaborateurs\01_Dossiers_Individuels\FOURNIER_Hugo\Bulletins_de_paie\2026\Bulletin_2026-05.pdf,02_RH_Collaborateurs\01_Dossiers_Individuels\FOURNIER_Hugo\Bulletins_de_paie\2026\Bulletin_2026-05.pdf,02_RH_Collaborateurs,RH,/sites/MigrationFileServer/RH/01_Dossiers_Individuels/FOURNIER_Hugo/Bulletins_de_paie/2026/Bulletin_2026-05.pdf,Bulletin_2026-05.pdf,.pdf,1698,2026-04-07T18:00:00,2026-05-28T18:00:00,False,False,126,111,5,,EADE1D1F2308693D0FE02A5EC770FA3AA25182F1C4BB45724F68BA7DE6877313
\\DEMO-SRV01\FileServer\02_RH_Collaborateurs\01_Dossiers_Individuels\FOURNIER_Hugo\Bulletins_de_paie\2026\Bulletin_2026-06.pdf,C:\DemoMigration\FileServer\02_RH_Collaborateurs\01_Dossiers_Individuels\FOURNIER_Hugo\Bulletins_de_paie\2026\Bulletin_2026-06.pdf,02_RH_Collaborateurs\01_Dossiers_Individuels\FOURNIER_Hugo\Bulletins_de_paie\2026\Bulletin_2026-06.pdf,02_RH_Collaborateurs,RH,/sites/MigrationFileServer/RH/01_Dossiers_Individuels/FOURNIER_Hugo/Bulletins_de_paie/2026/Bulletin_2026-06.pdf,Bulletin_2026-06.pdf,.pdf,1698,2026-02-25T18:00:00,2026-06-28T18:00:00,False,False,126,111,5,,1486AA626A65AD42E8258DFC206B3DFACF7454C04CC98A36E8CA785C8B4C0213
\\DEMO-SRV01\FileServer\02_RH_Collaborateurs\01_Dossiers_Individuels\FOURNIER_Hugo\Bulletins_de_paie\2026\Bulletin_2026-07.pdf,C:\DemoMigration\FileServer\02_RH_Collaborateurs\01_Dossiers_Individuels\FOURNIER_Hugo\Bulletins_de_paie\2026\Bulletin_2026-07.pdf,02_RH_Collaborateurs\01_Dossiers_Individuels\FOURNIER_Hugo\Bulletins_de_paie\2026\Bulletin_2026-07.pdf,02_RH_Collaborateurs,RH,/sites/MigrationFileServer/RH/01_Dossiers_Individuels/FOURNIER_Hugo/Bulletins_de_paie/2026/Bulletin_2026-07.pdf,Bulletin_2026-07.pdf,.pdf,1697,2025-07-16T18:00:00,2026-07-28T18:00:00,False,False,126,111,5,,93A19CEA67B5FA4960FB905FF630DFC41E4A03C1A6D943C0F128153AE67ACBC4
\\DEMO-SRV01\FileServer\02_RH_Collaborateurs\01_Dossiers_Individuels\FOURNIER_Hugo\Bulletins_de_paie\2026\Bulletin_2026-08.pdf,C:\DemoMigration\FileServer\02_RH_Collaborateurs\01_Dossiers_Individuels\FOURNIER_Hugo\Bulletins_de_paie\2026\Bulletin_2026-08.pdf,02_RH_Collaborateurs\01_Dossiers_Individuels\FOURNIER_Hugo\Bulletins_de_paie\2026\Bulletin_2026-08.pdf,02_RH_Collaborateurs,RH,/sites/MigrationFileServer/RH/01_Dossiers_Individuels/FOURNIER_Hugo/Bulletins_de_paie/2026/Bulletin_2026-08.pdf,Bulletin_2026-08.pdf,.pdf,1698,2026-05-08T18:00:00,2026-08-28T18:00:00,False,False,126,111,5,,7E60CFD477CA057A8EF1297C4A3BE38FAEC907C9051A7DB832869335FFB1EBB5
\\DEMO-SRV01\FileServer\02_RH_Collaborateurs\01_Dossiers_Individuels\FOURNIER_Hugo\Contrat_de_travail_FOURNIER.pdf,C:\DemoMigration\FileServer\02_RH_Collaborateurs\01_Dossiers_Individuels\FOURNIER_Hugo\Contrat_de_travail_FOURNIER.pdf,02_RH_Collaborateurs\01_Dossiers_Individuels\FOURNIER_Hugo\Contrat_de_travail_FOURNIER.pdf,02_RH_Collaborateurs,RH,/sites/MigrationFileServer/RH/01_Dossiers_Individuels/FOURNIER_Hugo/Contrat_de_travail_FOURNIER.pdf,Contrat_de_travail_FOURNIER.pdf,.pdf,1723,2012-05-26T22:47:30,2012-06-10T22:47:30,False,False,114,99,3,,6CE72CCC4501AC59A4AF44EC54FB4FF4F0C1B749A2F51A7C3D34401433164221
\\DEMO-SRV01\FileServer\02_RH_Collaborateurs\01_Dossiers_Individuels\FOURNIER_Hugo\Entretiens_annuels\Entretien_annuel_2024.docx,C:\DemoMigration\FileServer\02_RH_Collaborateurs\01_Dossiers_Individuels\FOURNIER_Hugo\Entretiens_annuels\Entretien_annuel_2024.docx,02_RH_Collaborateurs\01_Dossiers_Individuels\FOURNIER_Hugo\Entretiens_annuels\Entretien_annuel_2024.docx,02_RH_Collaborateurs,RH,/sites/MigrationFileServer/RH/01_Dossiers_Individuels/FOURNIER_Hugo/Entretiens_annuels/Entretien_annuel_2024.docx,Entretien_annuel_2024.docx,.docx,36755,2024-06-04T00:00:00,2024-12-19T00:00:00,False,False,128,113,4,,4FCADD75B7C7E7C4CE45D63B786F2FF75981F953977CAA01B92D48D47BC050FA
\\DEMO-SRV01\FileServer\02_RH_Collaborateurs\01_Dossiers_Individuels\FOURNIER_Hugo\Entretiens_annuels\Entretien_annuel_2025.docx,C:\DemoMigration\FileServer\02_RH_Collaborateurs\01_Dossiers_Individuels\FOURNIER_Hugo\Entretiens_annuels\Entretien_annuel_2025.docx,02_RH_Collaborateurs\01_Dossiers_Individuels\FOURNIER_Hugo\Entretiens_annuels\Entretien_annuel_2025.docx,02_RH_Collaborateurs,RH,/sites/MigrationFileServer/RH/01_Dossiers_Individuels/FOURNIER_Hugo/Entretiens_annuels/Entretien_annuel_2025.docx,Entretien_annuel_2025.docx,.docx,36755,2025-09-15T00:00:00,2025-12-12T00:00:00,False,False,128,113,4,,7CB3ECC3221152D76DDF0FA043839D452B8F826A1A4366437631BE29D6051E3C
\\DEMO-SRV01\FileServer\02_RH_Collaborateurs\01_Dossiers_Individuels\FOURNIER_Laura\Bulletins_de_paie\2026\Bulletin_2026-01.pdf,C:\DemoMigration\FileServer\02_RH_Collaborateurs\01_Dossiers_Individuels\FOURNIER_Laura\Bulletins_de_paie\2026\Bulletin_2026-01.pdf,02_RH_Collaborateurs\01_Dossiers_Individuels\FOURNIER_Laura\Bulletins_de_paie\2026\Bulletin_2026-01.pdf,02_RH_Collaborateurs,RH,/sites/MigrationFileServer/RH/01_Dossiers_Individuels/FOURNIER_Laura/Bulletins_de_paie/2026/Bulletin_2026-01.pdf,Bulletin_2026-01.pdf,.pdf,1698,2025-01-31T18:00:00,2026-01-28T18:00:00,False,False,127,112,5,,96F08AF57EA51B89314A08AEC3EDB4729EAF2C621DD841E9052FC9D86F872B00
\\DEMO-SRV01\FileServer\02_RH_Collaborateurs\01_Dossiers_Individuels\FOURNIER_Laura\Bulletins_de_paie\2026\Bulletin_2026-02.pdf,C:\DemoMigration\FileServer\02_RH_Collaborateurs\01_Dossiers_Individuels\FOURNIER_Laura\Bulletins_de_paie\2026\Bulletin_2026-02.pdf,02_RH_Collaborateurs\01_Dossiers_Individuels\FOURNIER_Laura\Bulletins_de_paie\2026\Bulletin_2026-02.pdf,02_RH_Collaborateurs,RH,/sites/MigrationFileServer/RH/01_Dossiers_Individuels/FOURNIER_Laura/Bulletins_de_paie/2026/Bulletin_2026-02.pdf,Bulletin_2026-02.pdf,.pdf,1697,2025-03-10T18:00:00,2026-02-28T18:00:00,False,False,127,112,5,,300A20B1793F2B8BC2AD443E0E41CB408EF7F7C14F518FEEEBC1724FC45C66DC
\\DEMO-SRV01\FileServer\02_RH_Collaborateurs\01_Dossiers_Individuels\FOURNIER_Laura\Bulletins_de_paie\2026\Bulletin_2026-03.pdf,C:\DemoMigration\FileServer\02_RH_Collaborateurs\01_Dossiers_Individuels\FOURNIER_Laura\Bulletins_de_paie\2026\Bulletin_2026-03.pdf,02_RH_Collaborateurs\01_Dossiers_Individuels\FOURNIER_Laura\Bulletins_de_paie\2026\Bulletin_2026-03.pdf,02_RH_Collaborateurs,RH,/sites/MigrationFileServer/RH/01_Dossiers_Individuels/FOURNIER_Laura/Bulletins_de_paie/2026/Bulletin_2026-03.pdf,Bulletin_2026-03.pdf,.pdf,1700,2025-05-18T18:00:00,2026-03-28T18:00:00,False,False,127,112,5,,678B9B70FECAE0E2DBAB2800C3944716E05B9FDD38B27200F44DB718E9445CBD
\\DEMO-SRV01\FileServer\02_RH_Collaborateurs\01_Dossiers_Individuels\FOURNIER_Laura\Bulletins_de_paie\2026\Bulletin_2026-04.pdf,C:\DemoMigration\FileServer\02_RH_Collaborateurs\01_Dossiers_Individuels\FOURNIER_Laura\Bulletins_de_paie\2026\Bulletin_2026-04.pdf,02_RH_Collaborateurs\01_Dossiers_Individuels\FOURNIER_Laura\Bulletins_de_paie\2026\Bulletin_2026-04.pdf,02_RH_Collaborateurs,RH,/sites/MigrationFileServer/RH/01_Dossiers_Individuels/FOURNIER_Laura/Bulletins_de_paie/2026/Bulletin_2026-04.pdf,Bulletin_2026-04.pdf,.pdf,1697,2026-01-04T18:00:00,2026-04-28T18:00:00,False,False,127,112,5,,382FF77A56C20936F5B39C3653AE322E039D51D31A4F0A9967C266ADA6D7FB2D
\\DEMO-SRV01\FileServer\02_RH_Collaborateurs\01_Dossiers_Individuels\FOURNIER_Laura\Bulletins_de_paie\2026\Bulletin_2026-05.pdf,C:\DemoMigration\FileServer\02_RH_Collaborateurs\01_Dossiers_Individuels\FOURNIER_Laura\Bulletins_de_paie\2026\Bulletin_2026-05.pdf,02_RH_Collaborateurs\01_Dossiers_Individuels\FOURNIER_Laura\Bulletins_de_paie\2026\Bulletin_2026-05.pdf,02_RH_Collaborateurs,RH,/sites/MigrationFileServer/RH/01_Dossiers_Individuels/FOURNIER_Laura/Bulletins_de_paie/2026/Bulletin_2026-05.pdf,Bulletin_2026-05.pdf,.pdf,1698,2026-02-28T18:00:00,2026-05-28T18:00:00,False,False,127,112,5,,47D31EB7BC1F1A0506C8A016E08F70EBFF1F36C14F0B075B7672817C10AC30D7
\\DEMO-SRV01\FileServer\02_RH_Collaborateurs\01_Dossiers_Individuels\FOURNIER_Laura\Bulletins_de_paie\2026\Bulletin_2026-06.pdf,C:\DemoMigration\FileServer\02_RH_Collaborateurs\01_Dossiers_Individuels\FOURNIER_Laura\Bulletins_de_paie\2026\Bulletin_2026-06.pdf,02_RH_Collaborateurs\01_Dossiers_Individuels\FOURNIER_Laura\Bulletins_de_paie\2026\Bulletin_2026-06.pdf,02_RH_Collaborateurs,RH,/sites/MigrationFileServer/RH/01_Dossiers_Individuels/FOURNIER_Laura/Bulletins_de_paie/2026/Bulletin_2026-06.pdf,Bulletin_2026-06.pdf,.pdf,1698,2025-06-18T18:00:00,2026-06-28T18:00:00,False,False,127,112,5,,C219E40445407EC6585EE9D5F157599B5A5E99EE697AD20DAF9CFAF21EBCF4D6
\\DEMO-SRV01\FileServer\02_RH_Collaborateurs\01_Dossiers_Individuels\FOURNIER_Laura\Bulletins_de_paie\2026\Bulletin_2026-07.pdf,C:\DemoMigration\FileServer\02_RH_Collaborateurs\01_Dossiers_Individuels\FOURNIER_Laura\Bulletins_de_paie\2026\Bulletin_2026-07.pdf,02_RH_Collaborateurs\01_Dossiers_Individuels\FOURNIER_Laura\Bulletins_de_paie\2026\Bulletin_2026-07.pdf,02_RH_Collaborateurs,RH,/sites/MigrationFileServer/RH/01_Dossiers_Individuels/FOURNIER_Laura/Bulletins_de_paie/2026/Bulletin_2026-07.pdf,Bulletin_2026-07.pdf,.pdf,1697,2026-05-24T18:00:00,2026-07-28T18:00:00,False,False,127,112,5,,618D5351C8769631017F53EC4665A8F8ED3DAC85D77D84866BA19FE0FD45659E
\\DEMO-SRV01\FileServer\02_RH_Collaborateurs\01_Dossiers_Individuels\FOURNIER_Laura\Bulletins_de_paie\2026\Bulletin_2026-08.pdf,C:\DemoMigration\FileServer\02_RH_Collaborateurs\01_Dossiers_Individuels\FOURNIER_Laura\Bulletins_de_paie\2026\Bulletin_2026-08.pdf,02_RH_Collaborateurs\01_Dossiers_Individuels\FOURNIER_Laura\Bulletins_de_paie\2026\Bulletin_2026-08.pdf,02_RH_Collaborateurs,RH,/sites/MigrationFileServer/RH/01_Dossiers_Individuels/FOURNIER_Laura/Bulletins_de_paie/2026/Bulletin_2026-08.pdf,Bulletin_2026-08.pdf,.pdf,1698,2026-08-28T18:00:00,2026-08-28T18:00:00,False,False,127,112,5,,401A4337A5727BC219272DE1D0AEFADBFAC25FB358F03F6B731328CE908E6719
\\DEMO-SRV01\FileServer\02_RH_Collaborateurs\01_Dossiers_Individuels\FOURNIER_Laura\Contrat_de_travail_FOURNIER.pdf,C:\DemoMigration\FileServer\02_RH_Collaborateurs\01_Dossiers_Individuels\FOURNIER_Laura\Contrat_de_travail_FOURNIER.pdf,02_RH_Collaborateurs\01_Dossiers_Individuels\FOURNIER_Laura\Contrat_de_travail_FOURNIER.pdf,02_RH_Collaborateurs,RH,/sites/MigrationFileServer/RH/01_Dossiers_Individuels/FOURNIER_Laura/Contrat_de_travail_FOURNIER.pdf,Contrat_de_travail_FOURNIER.pdf,.pdf,1732,2024-07-24T08:06:56,2025-06-21T08:06:56,False,False,115,100,3,,B0EE52274CEC017F1144E2F8B5F1247BF2F6B178575DA99C492B5157F728A679
\\DEMO-SRV01\FileServer\02_RH_Collaborateurs\01_Dossiers_Individuels\FOURNIER_Laura\Entretiens_annuels\Entretien_annuel_2025.docx,C:\DemoMigration\FileServer\02_RH_Collaborateurs\01_Dossiers_Individuels\FOURNIER_Laura\Entretiens_annuels\Entretien_annuel_2025.docx,02_RH_Collaborateurs\01_Dossiers_Individuels\FOURNIER_Laura\Entretiens_annuels\Entretien_annuel_2025.docx,02_RH_Collaborateurs,RH,/sites/MigrationFileServer/RH/01_Dossiers_Individuels/FOURNIER_Laura/Entretiens_annuels/Entretien_annuel_2025.docx,Entretien_annuel_2025.docx,.docx,36756,2024-11-20T00:00:00,2025-12-19T00:00:00,False,False,129,114,4,,ECC4851D51012220B3D933AA1295FFD500CF6E24AAF19CAABE18000C96D4D3D2
\\DEMO-SRV01\FileServer\02_RH_Collaborateurs\01_Dossiers_Individuels\GARNIER_Adrien\Bulletins_de_paie\2026\Bulletin_2026-01.pdf,C:\DemoMigration\FileServer\02_RH_Collaborateurs\01_Dossiers_Individuels\GARNIER_Adrien\Bulletins_de_paie\2026\Bulletin_2026-01.pdf,02_RH_Collaborateurs\01_Dossiers_Individuels\GARNIER_Adrien\Bulletins_de_paie\2026\Bulletin_2026-01.pdf,02_RH_Collaborateurs,RH,/sites/MigrationFileServer/RH/01_Dossiers_Individuels/GARNIER_Adrien/Bulletins_de_paie/2026/Bulletin_2026-01.pdf,Bulletin_2026-01.pdf,.pdf,1700,2025-08-12T18:00:00,2026-01-28T18:00:00,False,False,127,112,5,,EE8994A71DBE6C7DF312A4E9C00975A3DB3E02D79D96DA8F297BCD5FE45199FE
\\DEMO-SRV01\FileServer\02_RH_Collaborateurs\01_Dossiers_Individuels\GARNIER_Adrien\Bulletins_de_paie\2026\Bulletin_2026-02.pdf,C:\DemoMigration\FileServer\02_RH_Collaborateurs\01_Dossiers_Individuels\GARNIER_Adrien\Bulletins_de_paie\2026\Bulletin_2026-02.pdf,02_RH_Collaborateurs\01_Dossiers_Individuels\GARNIER_Adrien\Bulletins_de_paie\2026\Bulletin_2026-02.pdf,02_RH_Collaborateurs,RH,/sites/MigrationFileServer/RH/01_Dossiers_Individuels/GARNIER_Adrien/Bulletins_de_paie/2026/Bulletin_2026-02.pdf,Bulletin_2026-02.pdf,.pdf,1699,2025-07-07T18:00:00,2026-02-28T18:00:00,False,False,127,112,5,,A6711C3BF92452B7D93D7D32D0BDE94C2A934DFF11342730AC1588ADB0C2315A
\\DEMO-SRV01\FileServer\02_RH_Collaborateurs\01_Dossiers_Individuels\GARNIER_Adrien\Bulletins_de_paie\2026\Bulletin_2026-03.pdf,C:\DemoMigration\FileServer\02_RH_Collaborateurs\01_Dossiers_Individuels\GARNIER_Adrien\Bulletins_de_paie\2026\Bulletin_2026-03.pdf,02_RH_Collaborateurs\01_Dossiers_Individuels\GARNIER_Adrien\Bulletins_de_paie\2026\Bulletin_2026-03.pdf,02_RH_Collaborateurs,RH,/sites/MigrationFileServer/RH/01_Dossiers_Individuels/GARNIER_Adrien/Bulletins_de_paie/2026/Bulletin_2026-03.pdf,Bulletin_2026-03.pdf,.pdf,1700,2025-06-08T18:00:00,2026-03-28T18:00:00,False,False,127,112,5,,E0BE9D0ECCF55305775B5B25769F30457161442362A0D7BBE130F9AB16285295
\\DEMO-SRV01\FileServer\02_RH_Collaborateurs\01_Dossiers_Individuels\GARNIER_Adrien\Bulletins_de_paie\2026\Bulletin_2026-04.pdf,C:\DemoMigration\FileServer\02_RH_Collaborateurs\01_Dossiers_Individuels\GARNIER_Adrien\Bulletins_de_paie\2026\Bulletin_2026-04.pdf,02_RH_Collaborateurs\01_Dossiers_Individuels\GARNIER_Adrien\Bulletins_de_paie\2026\Bulletin_2026-04.pdf,02_RH_Collaborateurs,RH,/sites/MigrationFileServer/RH/01_Dossiers_Individuels/GARNIER_Adrien/Bulletins_de_paie/2026/Bulletin_2026-04.pdf,Bulletin_2026-04.pdf,.pdf,1700,2025-04-23T18:00:00,2026-04-28T18:00:00,False,False,127,112,5,,40DBCEF2FAC0700FD237741063818215092A964BEAF0D824A6EFD0604A5F1923
\\DEMO-SRV01\FileServer\02_RH_Collaborateurs\01_Dossiers_Individuels\GARNIER_Adrien\Bulletins_de_paie\2026\Bulletin_2026-05.pdf,C:\DemoMigration\FileServer\02_RH_Collaborateurs\01_Dossiers_Individuels\GARNIER_Adrien\Bulletins_de_paie\2026\Bulletin_2026-05.pdf,02_RH_Collaborateurs\01_Dossiers_Individuels\GARNIER_Adrien\Bulletins_de_paie\2026\Bulletin_2026-05.pdf,02_RH_Collaborateurs,RH,/sites/MigrationFileServer/RH/01_Dossiers_Individuels/GARNIER_Adrien/Bulletins_de_paie/2026/Bulletin_2026-05.pdf,Bulletin_2026-05.pdf,.pdf,1700,2026-05-13T18:00:00,2026-05-28T18:00:00,False,False,127,112,5,,AD2D06325BEB6ACCD7846533AF10BFB295E9B541F340C059B92FF3450EF96E10
\\DEMO-SRV01\FileServer\02_RH_Collaborateurs\01_Dossiers_Individuels\GARNIER_Adrien\Bulletins_de_paie\2026\Bulletin_2026-06.pdf,C:\DemoMigration\FileServer\02_RH_Collaborateurs\01_Dossiers_Individuels\GARNIER_Adrien\Bulletins_de_paie\2026\Bulletin_2026-06.pdf,02_RH_Collaborateurs\01_Dossiers_Individuels\GARNIER_Adrien\Bulletins_de_paie\2026\Bulletin_2026-06.pdf,02_RH_Collaborateurs,RH,/sites/MigrationFileServer/RH/01_Dossiers_Individuels/GARNIER_Adrien/Bulletins_de_paie/2026/Bulletin_2026-06.pdf,Bulletin_2026-06.pdf,.pdf,1697,2025-11-22T18:00:00,2026-06-28T18:00:00,False,False,127,112,5,,8758FE075D917EB0DF9830F7D8CE0D7C24C730E83D7FA259F5C19E1A8B21DF3A
\\DEMO-SRV01\FileServer\02_RH_Collaborateurs\01_Dossiers_Individuels\GARNIER_Adrien\Bulletins_de_paie\2026\Bulletin_2026-07.pdf,C:\DemoMigration\FileServer\02_RH_Collaborateurs\01_Dossiers_Individuels\GARNIER_Adrien\Bulletins_de_paie\2026\Bulletin_2026-07.pdf,02_RH_Collaborateurs\01_Dossiers_Individuels\GARNIER_Adrien\Bulletins_de_paie\2026\Bulletin_2026-07.pdf,02_RH_Collaborateurs,RH,/sites/MigrationFileServer/RH/01_Dossiers_Individuels/GARNIER_Adrien/Bulletins_de_paie/2026/Bulletin_2026-07.pdf,Bulletin_2026-07.pdf,.pdf,1700,2026-04-10T18:00:00,2026-07-28T18:00:00,False,False,127,112,5,,4C1F8C297DA48729130D9CAB00F42CB4FA0C3B20522B94E2A64FB17FE65C0515
\\DEMO-SRV01\FileServer\02_RH_Collaborateurs\01_Dossiers_Individuels\GARNIER_Adrien\Bulletins_de_paie\2026\Bulletin_2026-08.pdf,C:\DemoMigration\FileServer\02_RH_Collaborateurs\01_Dossiers_Individuels\GARNIER_Adrien\Bulletins_de_paie\2026\Bulletin_2026-08.pdf,02_RH_Collaborateurs\01_Dossiers_Individuels\GARNIER_Adrien\Bulletins_de_paie\2026\Bulletin_2026-08.pdf,02_RH_Collaborateurs,RH,/sites/MigrationFileServer/RH/01_Dossiers_Individuels/GARNIER_Adrien/Bulletins_de_paie/2026/Bulletin_2026-08.pdf,Bulletin_2026-08.pdf,.pdf,1699,2026-04-10T18:00:00,2026-08-28T18:00:00,False,False,127,112,5,,8844310F1ED5946193A9B4E54A6F76295495F0ED0E1F3506F0231AC86BDD8467
\\DEMO-SRV01\FileServer\02_RH_Collaborateurs\01_Dossiers_Individuels\GARNIER_Adrien\Contrat_de_travail_GARNIER.pdf,C:\DemoMigration\FileServer\02_RH_Collaborateurs\01_Dossiers_Individuels\GARNIER_Adrien\Contrat_de_travail_GARNIER.pdf,02_RH_Collaborateurs\01_Dossiers_Individuels\GARNIER_Adrien\Contrat_de_travail_GARNIER.pdf,02_RH_Collaborateurs,RH,/sites/MigrationFileServer/RH/01_Dossiers_Individuels/GARNIER_Adrien/Contrat_de_travail_GARNIER.pdf,Contrat_de_travail_GARNIER.pdf,.pdf,1732,2022-11-11T00:32:54,2022-12-28T00:32:54,False,False,114,99,3,,4AAB0316FAD1F65E176C96BA31208320CE026782EB7B21DE0484F6B2DC2DE4FF
\\DEMO-SRV01\FileServer\02_RH_Collaborateurs\01_Dossiers_Individuels\GARNIER_Adrien\Entretiens_annuels\Entretien_annuel_2024.docx,C:\DemoMigration\FileServer\02_RH_Collaborateurs\01_Dossiers_Individuels\GARNIER_Adrien\Entretiens_annuels\Entretien_annuel_2024.docx,02_RH_Collaborateurs\01_Dossiers_Individuels\GARNIER_Adrien\Entretiens_annuels\Entretien_annuel_2024.docx,02_RH_Collaborateurs,RH,/sites/MigrationFileServer/RH/01_Dossiers_Individuels/GARNIER_Adrien/Entretiens_annuels/Entretien_annuel_2024.docx,Entretien_annuel_2024.docx,.docx,36754,2024-09-24T00:00:00,2024-12-09T00:00:00,False,False,129,114,4,,E35022DCE5B41DAE026F50FAEA8DC34F8BF2EAB4E2D4A6BAE4069EA4D8CD2728
\\DEMO-SRV01\FileServer\02_RH_Collaborateurs\01_Dossiers_Individuels\GARNIER_Adrien\Entretiens_annuels\Entretien_annuel_2025.docx,C:\DemoMigration\FileServer\02_RH_Collaborateurs\01_Dossiers_Individuels\GARNIER_Adrien\Entretiens_annuels\Entretien_annuel_2025.docx,02_RH_Collaborateurs\01_Dossiers_Individuels\GARNIER_Adrien\Entretiens_annuels\Entretien_annuel_2025.docx,02_RH_Collaborateurs,RH,/sites/MigrationFileServer/RH/01_Dossiers_Individuels/GARNIER_Adrien/Entretiens_annuels/Entretien_annuel_2025.docx,Entretien_annuel_2025.docx,.docx,36754,2025-01-21T00:00:00,2025-12-02T00:00:00,False,False,129,114,4,,1312487E682D4B61261B93885451845E1474E97C6CF15EDBAE5FC3C1E0E294F8
\\DEMO-SRV01\FileServer\02_RH_Collaborateurs\01_Dossiers_Individuels\GIRARD_Inès\Bulletins_de_paie\2026\Bulletin_2026-01.pdf,C:\DemoMigration\FileServer\02_RH_Collaborateurs\01_Dossiers_Individuels\GIRARD_Inès\Bulletins_de_paie\2026\Bulletin_2026-01.pdf,02_RH_Collaborateurs\01_Dossiers_Individuels\GIRARD_Inès\Bulletins_de_paie\2026\Bulletin_2026-01.pdf,02_RH_Collaborateurs,RH,/sites/MigrationFileServer/RH/01_Dossiers_Individuels/GIRARD_Inès/Bulletins_de_paie/2026/Bulletin_2026-01.pdf,Bulletin_2026-01.pdf,.pdf,1703,2025-03-06T18:00:00,2026-01-28T18:00:00,False,False,124,109,5,,D0C996E96C0685CDA653BA5EFF3EED23DFF03001C6D0B6FF691BB92D74724E15
\\DEMO-SRV01\FileServer\02_RH_Collaborateurs\01_Dossiers_Individuels\GIRARD_Inès\Bulletins_de_paie\2026\Bulletin_2026-02.pdf,C:\DemoMigration\FileServer\02_RH_Collaborateurs\01_Dossiers_Individuels\GIRARD_Inès\Bulletins_de_paie\2026\Bulletin_2026-02.pdf,02_RH_Collaborateurs\01_Dossiers_Individuels\GIRARD_Inès\Bulletins_de_paie\2026\Bulletin_2026-02.pdf,02_RH_Collaborateurs,RH,/sites/MigrationFileServer/RH/01_Dossiers_Individuels/GIRARD_Inès/Bulletins_de_paie/2026/Bulletin_2026-02.pdf,Bulletin_2026-02.pdf,.pdf,1703,2025-11-26T18:00:00,2026-02-28T18:00:00,False,False,124,109,5,,E6DFC693BFD62E99B2FE3493CC1F2546B56AB2A78FD83E361D33D9F2074705A8
\\DEMO-SRV01\FileServer\02_RH_Collaborateurs\01_Dossiers_Individuels\GIRARD_Inès\Bulletins_de_paie\2026\Bulletin_2026-03.pdf,C:\DemoMigration\FileServer\02_RH_Collaborateurs\01_Dossiers_Individuels\GIRARD_Inès\Bulletins_de_paie\2026\Bulletin_2026-03.pdf,02_RH_Collaborateurs\01_Dossiers_Individuels\GIRARD_Inès\Bulletins_de_paie\2026\Bulletin_2026-03.pdf,02_RH_Collaborateurs,RH,/sites/MigrationFileServer/RH/01_Dossiers_Individuels/GIRARD_Inès/Bulletins_de_paie/2026/Bulletin_2026-03.pdf,Bulletin_2026-03.pdf,.pdf,1703,2025-09-14T18:00:00,2026-03-28T18:00:00,False,False,124,109,5,,143A0DA19C2CF2B94527DC34E8E1510F9C940590B061A5EB41AEFB5C87AA9D02
\\DEMO-SRV01\FileServer\02_RH_Collaborateurs\01_Dossiers_Individuels\GIRARD_Inès\Bulletins_de_paie\2026\Bulletin_2026-04.pdf,C:\DemoMigration\FileServer\02_RH_Collaborateurs\01_Dossiers_Individuels\GIRARD_Inès\Bulletins_de_paie\2026\Bulletin_2026-04.pdf,02_RH_Collaborateurs\01_Dossiers_Individuels\GIRARD_Inès\Bulletins_de_paie\2026\Bulletin_2026-04.pdf,02_RH_Collaborateurs,RH,/sites/MigrationFileServer/RH/01_Dossiers_Individuels/GIRARD_Inès/Bulletins_de_paie/2026/Bulletin_2026-04.pdf,Bulletin_2026-04.pdf,.pdf,1702,2025-09-12T18:00:00,2026-04-28T18:00:00,False,False,124,109,5,,0663ED11D67A0F1BB4E4FE051F3042474F4786FA7CD666786CA9F0C713D2E474
\\DEMO-SRV01\FileServer\02_RH_Collaborateurs\01_Dossiers_Individuels\GIRARD_Inès\Bulletins_de_paie\2026\Bulletin_2026-05.pdf,C:\DemoMigration\FileServer\02_RH_Collaborateurs\01_Dossiers_Individuels\GIRARD_Inès\Bulletins_de_paie\2026\Bulletin_2026-05.pdf,02_RH_Collaborateurs\01_Dossiers_Individuels\GIRARD_Inès\Bulletins_de_paie\2026\Bulletin_2026-05.pdf,02_RH_Collaborateurs,RH,/sites/MigrationFileServer/RH/01_Dossiers_Individuels/GIRARD_Inès/Bulletins_de_paie/2026/Bulletin_2026-05.pdf,Bulletin_2026-05.pdf,.pdf,1703,2025-10-15T18:00:00,2026-05-28T18:00:00,False,False,124,109,5,,47423B31F9EC3C15206D7ABD20499A1D7CEC1E90B55B7BFF4A9636AC4F04BB4E
\\DEMO-SRV01\FileServer\02_RH_Collaborateurs\01_Dossiers_Individuels\GIRARD_Inès\Bulletins_de_paie\2026\Bulletin_2026-06.pdf,C:\DemoMigration\FileServer\02_RH_Collaborateurs\01_Dossiers_Individuels\GIRARD_Inès\Bulletins_de_paie\2026\Bulletin_2026-06.pdf,02_RH_Collaborateurs\01_Dossiers_Individuels\GIRARD_Inès\Bulletins_de_paie\2026\Bulletin_2026-06.pdf,02_RH_Collaborateurs,RH,/sites/MigrationFileServer/RH/01_Dossiers_Individuels/GIRARD_Inès/Bulletins_de_paie/2026/Bulletin_2026-06.pdf,Bulletin_2026-06.pdf,.pdf,1703,2026-03-05T18:00:00,2026-06-28T18:00:00,False,False,124,109,5,,30786E6F7BFDBAFD05A3BAE04EEEF46702220EBAF106CF5A06E4AA0A9AF4F6C2
\\DEMO-SRV01\FileServer\02_RH_Collaborateurs\01_Dossiers_Individuels\GIRARD_Inès\Bulletins_de_paie\2026\Bulletin_2026-07.pdf,C:\DemoMigration\FileServer\02_RH_Collaborateurs\01_Dossiers_Individuels\GIRARD_Inès\Bulletins_de_paie\2026\Bulletin_2026-07.pdf,02_RH_Collaborateurs\01_Dossiers_Individuels\GIRARD_Inès\Bulletins_de_paie\2026\Bulletin_2026-07.pdf,02_RH_Collaborateurs,RH,/sites/MigrationFileServer/RH/01_Dossiers_Individuels/GIRARD_Inès/Bulletins_de_paie/2026/Bulletin_2026-07.pdf,Bulletin_2026-07.pdf,.pdf,1702,2025-10-13T18:00:00,2026-07-28T18:00:00,False,False,124,109,5,,0E2EE298946C4DF723170D86F1509E5720E38F14AB854F0635C4554648A4D693
\\DEMO-SRV01\FileServer\02_RH_Collaborateurs\01_Dossiers_Individuels\GIRARD_Inès\Bulletins_de_paie\2026\Bulletin_2026-08.pdf,C:\DemoMigration\FileServer\02_RH_Collaborateurs\01_Dossiers_Individuels\GIRARD_Inès\Bulletins_de_paie\2026\Bulletin_2026-08.pdf,02_RH_Collaborateurs\01_Dossiers_Individuels\GIRARD_Inès\Bulletins_de_paie\2026\Bulletin_2026-08.pdf,02_RH_Collaborateurs,RH,/sites/MigrationFileServer/RH/01_Dossiers_Individuels/GIRARD_Inès/Bulletins_de_paie/2026/Bulletin_2026-08.pdf,Bulletin_2026-08.pdf,.pdf,1703,2025-08-08T18:00:00,2026-08-28T18:00:00,False,False,124,109,5,,DCAF0A77D49390E6DE9CE03533F96E1DA3E96669DCFE7DDA0C0A27B1B466178B
\\DEMO-SRV01\FileServer\02_RH_Collaborateurs\01_Dossiers_Individuels\GIRARD_Inès\Contrat_de_travail_GIRARD.pdf,C:\DemoMigration\FileServer\02_RH_Collaborateurs\01_Dossiers_Individuels\GIRARD_Inès\Contrat_de_travail_GIRARD.pdf,02_RH_Collaborateurs\01_Dossiers_Individuels\GIRARD_Inès\Contrat_de_travail_GIRARD.pdf,02_RH_Collaborateurs,RH,/sites/MigrationFileServer/RH/01_Dossiers_Individuels/GIRARD_Inès/Contrat_de_travail_GIRARD.pdf,Contrat_de_travail_GIRARD.pdf,.pdf,1724,2024-06-05T01:16:43,2025-05-09T01:16:43,False,False,110,95,3,,6F24C747D37CF6C8C5C52CB566CE6BAC590CEEA2D5435E642DBD9EDD5C2C7C7A
\\DEMO-SRV01\FileServer\02_RH_Collaborateurs\01_Dossiers_Individuels\GIRARD_Inès\Entretiens_annuels\Entretien_annuel_2025.docx,C:\DemoMigration\FileServer\02_RH_Collaborateurs\01_Dossiers_Individuels\GIRARD_Inès\Entretiens_annuels\Entretien_annuel_2025.docx,02_RH_Collaborateurs\01_Dossiers_Individuels\GIRARD_Inès\Entretiens_annuels\Entretien_annuel_2025.docx,02_RH_Collaborateurs,RH,/sites/MigrationFileServer/RH/01_Dossiers_Individuels/GIRARD_Inès/Entretiens_annuels/Entretien_annuel_2025.docx,Entretien_annuel_2025.docx,.docx,36756,2025-06-11T00:00:00,2025-12-04T00:00:00,False,False,126,111,4,,3D5E9F98D0588DC32F97A9C855045E4A88C307B4952B7E5914740FA0F5774F8C
\\DEMO-SRV01\FileServer\02_RH_Collaborateurs\01_Dossiers_Individuels\GIRARD_Julien\Bulletins_de_paie\2026\Bulletin_2026-01.pdf,C:\DemoMigration\FileServer\02_RH_Collaborateurs\01_Dossiers_Individuels\GIRARD_Julien\Bulletins_de_paie\2026\Bulletin_2026-01.pdf,02_RH_Collaborateurs\01_Dossiers_Individuels\GIRARD_Julien\Bulletins_de_paie\2026\Bulletin_2026-01.pdf,02_RH_Collaborateurs,RH,/sites/MigrationFileServer/RH/01_Dossiers_Individuels/GIRARD_Julien/Bulletins_de_paie/2026/Bulletin_2026-01.pdf,Bulletin_2026-01.pdf,.pdf,1700,2025-11-08T18:00:00,2026-01-28T18:00:00,False,False,126,111,5,,CB86C515D07B745A71E6EA733CE241E2202830D7A31097EE127ABB9E3028C5D0
\\DEMO-SRV01\FileServer\02_RH_Collaborateurs\01_Dossiers_Individuels\GIRARD_Julien\Bulletins_de_paie\2026\Bulletin_2026-02.pdf,C:\DemoMigration\FileServer\02_RH_Collaborateurs\01_Dossiers_Individuels\GIRARD_Julien\Bulletins_de_paie\2026\Bulletin_2026-02.pdf,02_RH_Collaborateurs\01_Dossiers_Individuels\GIRARD_Julien\Bulletins_de_paie\2026\Bulletin_2026-02.pdf,02_RH_Collaborateurs,RH,/sites/MigrationFileServer/RH/01_Dossiers_Individuels/GIRARD_Julien/Bulletins_de_paie/2026/Bulletin_2026-02.pdf,Bulletin_2026-02.pdf,.pdf,1700,2025-02-03T18:00:00,2026-02-28T18:00:00,False,False,126,111,5,,1A16B4B0E3FA6ADED1D5FAB8389B7687865436F7C591D1128EA59FF7C2236211
\\DEMO-SRV01\FileServer\02_RH_Collaborateurs\01_Dossiers_Individuels\GIRARD_Julien\Bulletins_de_paie\2026\Bulletin_2026-03.pdf,C:\DemoMigration\FileServer\02_RH_Collaborateurs\01_Dossiers_Individuels\GIRARD_Julien\Bulletins_de_paie\2026\Bulletin_2026-03.pdf,02_RH_Collaborateurs\01_Dossiers_Individuels\GIRARD_Julien\Bulletins_de_paie\2026\Bulletin_2026-03.pdf,02_RH_Collaborateurs,RH,/sites/MigrationFileServer/RH/01_Dossiers_Individuels/GIRARD_Julien/Bulletins_de_paie/2026/Bulletin_2026-03.pdf,Bulletin_2026-03.pdf,.pdf,1700,2026-01-21T18:00:00,2026-03-28T18:00:00,False,False,126,111,5,,DEFA8A7AD048F306195ADF28DE85B0B86E69DBAA2A2B1BCAB5BD15B6F5483176
\\DEMO-SRV01\FileServer\02_RH_Collaborateurs\01_Dossiers_Individuels\GIRARD_Julien\Bulletins_de_paie\2026\Bulletin_2026-04.pdf,C:\DemoMigration\FileServer\02_RH_Collaborateurs\01_Dossiers_Individuels\GIRARD_Julien\Bulletins_de_paie\2026\Bulletin_2026-04.pdf,02_RH_Collaborateurs\01_Dossiers_Individuels\GIRARD_Julien\Bulletins_de_paie\2026\Bulletin_2026-04.pdf,02_RH_Collaborateurs,RH,/sites/MigrationFileServer/RH/01_Dossiers_Individuels/GIRARD_Julien/Bulletins_de_paie/2026/Bulletin_2026-04.pdf,Bulletin_2026-04.pdf,.pdf,1700,2025-06-08T18:00:00,2026-04-28T18:00:00,False,False,126,111,5,,96556A6D63306920F6C5B2BE746A45843CEFC0C3379F395D3C1BEF9C265869BC
\\DEMO-SRV01\FileServer\02_RH_Collaborateurs\01_Dossiers_Individuels\GIRARD_Julien\Bulletins_de_paie\2026\Bulletin_2026-05.pdf,C:\DemoMigration\FileServer\02_RH_Collaborateurs\01_Dossiers_Individuels\GIRARD_Julien\Bulletins_de_paie\2026\Bulletin_2026-05.pdf,02_RH_Collaborateurs\01_Dossiers_Individuels\GIRARD_Julien\Bulletins_de_paie\2026\Bulletin_2026-05.pdf,02_RH_Collaborateurs,RH,/sites/MigrationFileServer/RH/01_Dossiers_Individuels/GIRARD_Julien/Bulletins_de_paie/2026/Bulletin_2026-05.pdf,Bulletin_2026-05.pdf,.pdf,1702,2025-10-21T18:00:00,2026-05-28T18:00:00,False,False,126,111,5,,E259FE7AF438F09610D2D9ED2B34C472255BE74120B09ECAFE3F609439FF5BA5
\\DEMO-SRV01\FileServer\02_RH_Collaborateurs\01_Dossiers_Individuels\GIRARD_Julien\Bulletins_de_paie\2026\Bulletin_2026-06.pdf,C:\DemoMigration\FileServer\02_RH_Collaborateurs\01_Dossiers_Individuels\GIRARD_Julien\Bulletins_de_paie\2026\Bulletin_2026-06.pdf,02_RH_Collaborateurs\01_Dossiers_Individuels\GIRARD_Julien\Bulletins_de_paie\2026\Bulletin_2026-06.pdf,02_RH_Collaborateurs,RH,/sites/MigrationFileServer/RH/01_Dossiers_Individuels/GIRARD_Julien/Bulletins_de_paie/2026/Bulletin_2026-06.pdf,Bulletin_2026-06.pdf,.pdf,1700,2025-12-14T18:00:00,2026-06-28T18:00:00,False,False,126,111,5,,87D7D0D6FCF7C60ABDB8352A98BF4BD9D8B3A14BCC76F2CE893F1A1AB06DB63B
\\DEMO-SRV01\FileServer\02_RH_Collaborateurs\01_Dossiers_Individuels\GIRARD_Julien\Bulletins_de_paie\2026\Bulletin_2026-07.pdf,C:\DemoMigration\FileServer\02_RH_Collaborateurs\01_Dossiers_Individuels\GIRARD_Julien\Bulletins_de_paie\2026\Bulletin_2026-07.pdf,02_RH_Collaborateurs\01_Dossiers_Individuels\GIRARD_Julien\Bulletins_de_paie\2026\Bulletin_2026-07.pdf,02_RH_Collaborateurs,RH,/sites/MigrationFileServer/RH/01_Dossiers_Individuels/GIRARD_Julien/Bulletins_de_paie/2026/Bulletin_2026-07.pdf,Bulletin_2026-07.pdf,.pdf,1700,2025-10-28T18:00:00,2026-07-28T18:00:00,False,False,126,111,5,,4BB715EB388A2341C533A2A53DC21A7F582CAB0EE94F24167B5980AFEEF99519
\\DEMO-SRV01\FileServer\02_RH_Collaborateurs\01_Dossiers_Individuels\GIRARD_Julien\Bulletins_de_paie\2026\Bulletin_2026-08.pdf,C:\DemoMigration\FileServer\02_RH_Collaborateurs\01_Dossiers_Individuels\GIRARD_Julien\Bulletins_de_paie\2026\Bulletin_2026-08.pdf,02_RH_Collaborateurs\01_Dossiers_Individuels\GIRARD_Julien\Bulletins_de_paie\2026\Bulletin_2026-08.pdf,02_RH_Collaborateurs,RH,/sites/MigrationFileServer/RH/01_Dossiers_Individuels/GIRARD_Julien/Bulletins_de_paie/2026/Bulletin_2026-08.pdf,Bulletin_2026-08.pdf,.pdf,1702,2026-02-18T18:00:00,2026-08-28T18:00:00,False,False,126,111,5,,AC016671A2AA5FB1588C55E707FCBCF67EEA0AC213A46AE9ABA9CC907317B0A5
\\DEMO-SRV01\FileServer\02_RH_Collaborateurs\01_Dossiers_Individuels\GIRARD_Julien\Contrat_de_travail_GIRARD.pdf,C:\DemoMigration\FileServer\02_RH_Collaborateurs\01_Dossiers_Individuels\GIRARD_Julien\Contrat_de_travail_GIRARD.pdf,02_RH_Collaborateurs\01_Dossiers_Individuels\GIRARD_Julien\Contrat_de_travail_GIRARD.pdf,02_RH_Collaborateurs,RH,/sites/MigrationFileServer/RH/01_Dossiers_Individuels/GIRARD_Julien/Contrat_de_travail_GIRARD.pdf,Contrat_de_travail_GIRARD.pdf,.pdf,1725,2016-06-01T15:25:53,2016-08-26T15:25:53,False,False,112,97,3,,837F81F1A696FAB88AEDA1D65B3FB821AE6ECD4A48B7D255EABA6F89B4C616AD
\\DEMO-SRV01\FileServer\02_RH_Collaborateurs\01_Dossiers_Individuels\GIRARD_Julien\Entretiens_annuels\Entretien_annuel_2024.docx,C:\DemoMigration\FileServer\02_RH_Collaborateurs\01_Dossiers_Individuels\GIRARD_Julien\Entretiens_annuels\Entretien_annuel_2024.docx,02_RH_Collaborateurs\01_Dossiers_Individuels\GIRARD_Julien\Entretiens_annuels\Entretien_annuel_2024.docx,02_RH_Collaborateurs,RH,/sites/MigrationFileServer/RH/01_Dossiers_Individuels/GIRARD_Julien/Entretiens_annuels/Entretien_annuel_2024.docx,Entretien_annuel_2024.docx,.docx,36755,2023-11-10T00:00:00,2024-12-01T00:00:00,False,False,128,113,4,,CB230C632E4B905B58D99CC5E76D7D275F31DB7D481935046A1B663A7D1BB545
\\DEMO-SRV01\FileServer\02_RH_Collaborateurs\01_Dossiers_Individuels\GIRARD_Julien\Entretiens_annuels\Entretien_annuel_2025.docx,C:\DemoMigration\FileServer\02_RH_Collaborateurs\01_Dossiers_Individuels\GIRARD_Julien\Entretiens_annuels\Entretien_annuel_2025.docx,02_RH_Collaborateurs\01_Dossiers_Individuels\GIRARD_Julien\Entretiens_annuels\Entretien_annuel_2025.docx,02_RH_Collaborateurs,RH,/sites/MigrationFileServer/RH/01_Dossiers_Individuels/GIRARD_Julien/Entretiens_annuels/Entretien_annuel_2025.docx,Entretien_annuel_2025.docx,.docx,36754,2025-01-05T00:00:00,2025-12-17T00:00:00,False,False,128,113,4,,59083208CE740D3FE4B1AB792D0821636F791889939B33FBB8901D5C349188C1
\\DEMO-SRV01\FileServer\02_RH_Collaborateurs\01_Dossiers_Individuels\LEROY_Marion\Bulletins_de_paie\2026\Bulletin_2026-01.pdf,C:\DemoMigration\FileServer\02_RH_Collaborateurs\01_Dossiers_Individuels\LEROY_Marion\Bulletins_de_paie\2026\Bulletin_2026-01.pdf,02_RH_Collaborateurs\01_Dossiers_Individuels\LEROY_Marion\Bulletins_de_paie\2026\Bulletin_2026-01.pdf,02_RH_Collaborateurs,RH,/sites/MigrationFileServer/RH/01_Dossiers_Individuels/LEROY_Marion/Bulletins_de_paie/2026/Bulletin_2026-01.pdf,Bulletin_2026-01.pdf,.pdf,1698,2025-01-24T18:00:00,2026-01-28T18:00:00,False,False,125,110,5,,99DD1634C8E2F1D0910C9D3923BAB7CC7B6594AF08F9A454A06CF421B8880BF8
\\DEMO-SRV01\FileServer\02_RH_Collaborateurs\01_Dossiers_Individuels\LEROY_Marion\Bulletins_de_paie\2026\Bulletin_2026-02.pdf,C:\DemoMigration\FileServer\02_RH_Collaborateurs\01_Dossiers_Individuels\LEROY_Marion\Bulletins_de_paie\2026\Bulletin_2026-02.pdf,02_RH_Collaborateurs\01_Dossiers_Individuels\LEROY_Marion\Bulletins_de_paie\2026\Bulletin_2026-02.pdf,02_RH_Collaborateurs,RH,/sites/MigrationFileServer/RH/01_Dossiers_Individuels/LEROY_Marion/Bulletins_de_paie/2026/Bulletin_2026-02.pdf,Bulletin_2026-02.pdf,.pdf,1698,2025-06-19T18:00:00,2026-02-28T18:00:00,False,False,125,110,5,,330EFC7190633BA2D88C2407BFF2AB44F3A084D0C5AEC9A3BF6403E1B8022E2D
\\DEMO-SRV01\FileServer\02_RH_Collaborateurs\01_Dossiers_Individuels\LEROY_Marion\Bulletins_de_paie\2026\Bulletin_2026-03.pdf,C:\DemoMigration\FileServer\02_RH_Collaborateurs\01_Dossiers_Individuels\LEROY_Marion\Bulletins_de_paie\2026\Bulletin_2026-03.pdf,02_RH_Collaborateurs\01_Dossiers_Individuels\LEROY_Marion\Bulletins_de_paie\2026\Bulletin_2026-03.pdf,02_RH_Collaborateurs,RH,/sites/MigrationFileServer/RH/01_Dossiers_Individuels/LEROY_Marion/Bulletins_de_paie/2026/Bulletin_2026-03.pdf,Bulletin_2026-03.pdf,.pdf,1697,2025-11-16T18:00:00,2026-03-28T18:00:00,False,False,125,110,5,,CCF32A80396CCB1B45B1D8D2632E364EDD36366F7946C1F877D0608D50354C60
\\DEMO-SRV01\FileServer\02_RH_Collaborateurs\01_Dossiers_Individuels\LEROY_Marion\Bulletins_de_paie\2026\Bulletin_2026-04.pdf,C:\DemoMigration\FileServer\02_RH_Collaborateurs\01_Dossiers_Individuels\LEROY_Marion\Bulletins_de_paie\2026\Bulletin_2026-04.pdf,02_RH_Collaborateurs\01_Dossiers_Individuels\LEROY_Marion\Bulletins_de_paie\2026\Bulletin_2026-04.pdf,02_RH_Collaborateurs,RH,/sites/MigrationFileServer/RH/01_Dossiers_Individuels/LEROY_Marion/Bulletins_de_paie/2026/Bulletin_2026-04.pdf,Bulletin_2026-04.pdf,.pdf,1697,2025-10-03T18:00:00,2026-04-28T18:00:00,False,False,125,110,5,,A40F5973769F6A1EA18D676400FD4A66B85813A27183AB0D75F929BA3923A981
\\DEMO-SRV01\FileServer\02_RH_Collaborateurs\01_Dossiers_Individuels\LEROY_Marion\Bulletins_de_paie\2026\Bulletin_2026-05.pdf,C:\DemoMigration\FileServer\02_RH_Collaborateurs\01_Dossiers_Individuels\LEROY_Marion\Bulletins_de_paie\2026\Bulletin_2026-05.pdf,02_RH_Collaborateurs\01_Dossiers_Individuels\LEROY_Marion\Bulletins_de_paie\2026\Bulletin_2026-05.pdf,02_RH_Collaborateurs,RH,/sites/MigrationFileServer/RH/01_Dossiers_Individuels/LEROY_Marion/Bulletins_de_paie/2026/Bulletin_2026-05.pdf,Bulletin_2026-05.pdf,.pdf,1698,2026-05-10T18:00:00,2026-05-28T18:00:00,False,False,125,110,5,,21C0F01B339597561990819866FB76E24CF85B2989605728B7F50FB96AC11C95
\\DEMO-SRV01\FileServer\02_RH_Collaborateurs\01_Dossiers_Individuels\LEROY_Marion\Bulletins_de_paie\2026\Bulletin_2026-06.pdf,C:\DemoMigration\FileServer\02_RH_Collaborateurs\01_Dossiers_Individuels\LEROY_Marion\Bulletins_de_paie\2026\Bulletin_2026-06.pdf,02_RH_Collaborateurs\01_Dossiers_Individuels\LEROY_Marion\Bulletins_de_paie\2026\Bulletin_2026-06.pdf,02_RH_Collaborateurs,RH,/sites/MigrationFileServer/RH/01_Dossiers_Individuels/LEROY_Marion/Bulletins_de_paie/2026/Bulletin_2026-06.pdf,Bulletin_2026-06.pdf,.pdf,1697,2025-09-09T18:00:00,2026-06-28T18:00:00,False,False,125,110,5,,748560A18623FA089200339AE1F9E883BE0A0226143DE802966DBE2F2134D2CB
\\DEMO-SRV01\FileServer\02_RH_Collaborateurs\01_Dossiers_Individuels\LEROY_Marion\Bulletins_de_paie\2026\Bulletin_2026-07.pdf,C:\DemoMigration\FileServer\02_RH_Collaborateurs\01_Dossiers_Individuels\LEROY_Marion\Bulletins_de_paie\2026\Bulletin_2026-07.pdf,02_RH_Collaborateurs\01_Dossiers_Individuels\LEROY_Marion\Bulletins_de_paie\2026\Bulletin_2026-07.pdf,02_RH_Collaborateurs,RH,/sites/MigrationFileServer/RH/01_Dossiers_Individuels/LEROY_Marion/Bulletins_de_paie/2026/Bulletin_2026-07.pdf,Bulletin_2026-07.pdf,.pdf,1697,2026-02-03T18:00:00,2026-07-28T18:00:00,False,False,125,110,5,,1262A70D95F1A5DEF838D87E62531EBFB4AAB497D02307B33037B93F7B4253BB
\\DEMO-SRV01\FileServer\02_RH_Collaborateurs\01_Dossiers_Individuels\LEROY_Marion\Bulletins_de_paie\2026\Bulletin_2026-08.pdf,C:\DemoMigration\FileServer\02_RH_Collaborateurs\01_Dossiers_Individuels\LEROY_Marion\Bulletins_de_paie\2026\Bulletin_2026-08.pdf,02_RH_Collaborateurs\01_Dossiers_Individuels\LEROY_Marion\Bulletins_de_paie\2026\Bulletin_2026-08.pdf,02_RH_Collaborateurs,RH,/sites/MigrationFileServer/RH/01_Dossiers_Individuels/LEROY_Marion/Bulletins_de_paie/2026/Bulletin_2026-08.pdf,Bulletin_2026-08.pdf,.pdf,1697,2026-05-07T18:00:00,2026-08-28T18:00:00,False,False,125,110,5,,1CB70FDA8DF8E572686F237B52435BBD2FE19ED953F1729DC1417391662E196A
\\DEMO-SRV01\FileServer\02_RH_Collaborateurs\01_Dossiers_Individuels\LEROY_Marion\Contrat_de_travail_LEROY.pdf,C:\DemoMigration\FileServer\02_RH_Collaborateurs\01_Dossiers_Individuels\LEROY_Marion\Contrat_de_travail_LEROY.pdf,02_RH_Collaborateurs\01_Dossiers_Individuels\LEROY_Marion\Contrat_de_travail_LEROY.pdf,02_RH_Collaborateurs,RH,/sites/MigrationFileServer/RH/01_Dossiers_Individuels/LEROY_Marion/Contrat_de_travail_LEROY.pdf,Contrat_de_travail_LEROY.pdf,.pdf,1730,2012-07-08T18:51:09,2012-12-18T18:51:09,False,False,110,95,3,,D9332C5B0BBEB2A2D932E1EACB204F973DE833FF24C1F17246B5021777531ABF
\\DEMO-SRV01\FileServer\02_RH_Collaborateurs\01_Dossiers_Individuels\LEROY_Marion\Entretiens_annuels\Entretien_annuel_2024.docx,C:\DemoMigration\FileServer\02_RH_Collaborateurs\01_Dossiers_Individuels\LEROY_Marion\Entretiens_annuels\Entretien_annuel_2024.docx,02_RH_Collaborateurs\01_Dossiers_Individuels\LEROY_Marion\Entretiens_annuels\Entretien_annuel_2024.docx,02_RH_Collaborateurs,RH,/sites/MigrationFileServer/RH/01_Dossiers_Individuels/LEROY_Marion/Entretiens_annuels/Entretien_annuel_2024.docx,Entretien_annuel_2024.docx,.docx,36755,2024-04-19T00:00:00,2024-12-18T00:00:00,False,False,127,112,4,,7B01F8C03DFBC0E44F5C82681380F20A3F02E57D1051657D3F8A785ACD6B293B
\\DEMO-SRV01\FileServer\02_RH_Collaborateurs\01_Dossiers_Individuels\LEROY_Marion\Entretiens_annuels\Entretien_annuel_2025.docx,C:\DemoMigration\FileServer\02_RH_Collaborateurs\01_Dossiers_Individuels\LEROY_Marion\Entretiens_annuels\Entretien_annuel_2025.docx,02_RH_Collaborateurs\01_Dossiers_Individuels\LEROY_Marion\Entretiens_annuels\Entretien_annuel_2025.docx,02_RH_Collaborateurs,RH,/sites/MigrationFileServer/RH/01_Dossiers_Individuels/LEROY_Marion/Entretiens_annuels/Entretien_annuel_2025.docx,Entretien_annuel_2025.docx,.docx,36754,2025-09-16T00:00:00,2025-12-12T00:00:00,False,False,127,112,4,,5A53E1AC6ABD533FA29E0C0D530EC0DF34C87DEBB3B15E5D6C165429F3472393
\\DEMO-SRV01\FileServer\02_RH_Collaborateurs\01_Dossiers_Individuels\MARTIN_Maxime\Bulletins_de_paie\2026\Bulletin_2026-01.pdf,C:\DemoMigration\FileServer\02_RH_Collaborateurs\01_Dossiers_Individuels\MARTIN_Maxime\Bulletins_de_paie\2026\Bulletin_2026-01.pdf,02_RH_Collaborateurs\01_Dossiers_Individuels\MARTIN_Maxime\Bulletins_de_paie\2026\Bulletin_2026-01.pdf,02_RH_Collaborateurs,RH,/sites/MigrationFileServer/RH/01_Dossiers_Individuels/MARTIN_Maxime/Bulletins_de_paie/2026/Bulletin_2026-01.pdf,Bulletin_2026-01.pdf,.pdf,1699,2025-02-13T18:00:00,2026-01-28T18:00:00,False,False,126,111,5,,A9ADF5BF27D8DFBB0A587C0D6686B2E16C4CB6622CD515C8B5A86A6EF8F4255B
\\DEMO-SRV01\FileServer\02_RH_Collaborateurs\01_Dossiers_Individuels\MARTIN_Maxime\Bulletins_de_paie\2026\Bulletin_2026-02.pdf,C:\DemoMigration\FileServer\02_RH_Collaborateurs\01_Dossiers_Individuels\MARTIN_Maxime\Bulletins_de_paie\2026\Bulletin_2026-02.pdf,02_RH_Collaborateurs\01_Dossiers_Individuels\MARTIN_Maxime\Bulletins_de_paie\2026\Bulletin_2026-02.pdf,02_RH_Collaborateurs,RH,/sites/MigrationFileServer/RH/01_Dossiers_Individuels/MARTIN_Maxime/Bulletins_de_paie/2026/Bulletin_2026-02.pdf,Bulletin_2026-02.pdf,.pdf,1697,2025-04-13T18:00:00,2026-02-28T18:00:00,False,False,126,111,5,,66477BB5581DCE4A80E76FAE545D79344768BD76A16C67E699F6DDE27E9391B3
\\DEMO-SRV01\FileServer\02_RH_Collaborateurs\01_Dossiers_Individuels\MARTIN_Maxime\Bulletins_de_paie\2026\Bulletin_2026-03.pdf,C:\DemoMigration\FileServer\02_RH_Collaborateurs\01_Dossiers_Individuels\MARTIN_Maxime\Bulletins_de_paie\2026\Bulletin_2026-03.pdf,02_RH_Collaborateurs\01_Dossiers_Individuels\MARTIN_Maxime\Bulletins_de_paie\2026\Bulletin_2026-03.pdf,02_RH_Collaborateurs,RH,/sites/MigrationFileServer/RH/01_Dossiers_Individuels/MARTIN_Maxime/Bulletins_de_paie/2026/Bulletin_2026-03.pdf,Bulletin_2026-03.pdf,.pdf,1699,2025-05-28T18:00:00,2026-03-28T18:00:00,False,False,126,111,5,,6FA8A8138813309820BC38E1779D5ED82835F06E766E6D8A8FCB8FC7D37CC07D
\\DEMO-SRV01\FileServer\02_RH_Collaborateurs\01_Dossiers_Individuels\MARTIN_Maxime\Bulletins_de_paie\2026\Bulletin_2026-04.pdf,C:\DemoMigration\FileServer\02_RH_Collaborateurs\01_Dossiers_Individuels\MARTIN_Maxime\Bulletins_de_paie\2026\Bulletin_2026-04.pdf,02_RH_Collaborateurs\01_Dossiers_Individuels\MARTIN_Maxime\Bulletins_de_paie\2026\Bulletin_2026-04.pdf,02_RH_Collaborateurs,RH,/sites/MigrationFileServer/RH/01_Dossiers_Individuels/MARTIN_Maxime/Bulletins_de_paie/2026/Bulletin_2026-04.pdf,Bulletin_2026-04.pdf,.pdf,1698,2025-04-21T18:00:00,2026-04-28T18:00:00,False,False,126,111,5,,BD902615485FB5365759B652E9565945A0631CB3FDE771353D62BB0F44FC4839
\\DEMO-SRV01\FileServer\02_RH_Collaborateurs\01_Dossiers_Individuels\MARTIN_Maxime\Bulletins_de_paie\2026\Bulletin_2026-05.pdf,C:\DemoMigration\FileServer\02_RH_Collaborateurs\01_Dossiers_Individuels\MARTIN_Maxime\Bulletins_de_paie\2026\Bulletin_2026-05.pdf,02_RH_Collaborateurs\01_Dossiers_Individuels\MARTIN_Maxime\Bulletins_de_paie\2026\Bulletin_2026-05.pdf,02_RH_Collaborateurs,RH,/sites/MigrationFileServer/RH/01_Dossiers_Individuels/MARTIN_Maxime/Bulletins_de_paie/2026/Bulletin_2026-05.pdf,Bulletin_2026-05.pdf,.pdf,1699,2026-04-24T18:00:00,2026-05-28T18:00:00,False,False,126,111,5,,346F3F3AC2311802205B80E748AAA0980A326C126C9F39862FA27A2F26F33335
\\DEMO-SRV01\FileServer\02_RH_Collaborateurs\01_Dossiers_Individuels\MARTIN_Maxime\Bulletins_de_paie\2026\Bulletin_2026-06.pdf,C:\DemoMigration\FileServer\02_RH_Collaborateurs\01_Dossiers_Individuels\MARTIN_Maxime\Bulletins_de_paie\2026\Bulletin_2026-06.pdf,02_RH_Collaborateurs\01_Dossiers_Individuels\MARTIN_Maxime\Bulletins_de_paie\2026\Bulletin_2026-06.pdf,02_RH_Collaborateurs,RH,/sites/MigrationFileServer/RH/01_Dossiers_Individuels/MARTIN_Maxime/Bulletins_de_paie/2026/Bulletin_2026-06.pdf,Bulletin_2026-06.pdf,.pdf,1697,2025-09-17T18:00:00,2026-06-28T18:00:00,False,False,126,111,5,,C1DA539B58F3D1BD28D19A1C1F7F10200D773AE1FFB6686CB22F632EA30CA473
\\DEMO-SRV01\FileServer\02_RH_Collaborateurs\01_Dossiers_Individuels\MARTIN_Maxime\Bulletins_de_paie\2026\Bulletin_2026-07.pdf,C:\DemoMigration\FileServer\02_RH_Collaborateurs\01_Dossiers_Individuels\MARTIN_Maxime\Bulletins_de_paie\2026\Bulletin_2026-07.pdf,02_RH_Collaborateurs\01_Dossiers_Individuels\MARTIN_Maxime\Bulletins_de_paie\2026\Bulletin_2026-07.pdf,02_RH_Collaborateurs,RH,/sites/MigrationFileServer/RH/01_Dossiers_Individuels/MARTIN_Maxime/Bulletins_de_paie/2026/Bulletin_2026-07.pdf,Bulletin_2026-07.pdf,.pdf,1699,2026-02-12T18:00:00,2026-07-28T18:00:00,False,False,126,111,5,,27C5F0D8940BA9CB943F3C148EF7C2D732EF5F6931969220D5DF4F4B5A0DF37F
\\DEMO-SRV01\FileServer\02_RH_Collaborateurs\01_Dossiers_Individuels\MARTIN_Maxime\Bulletins_de_paie\2026\Bulletin_2026-08.pdf,C:\DemoMigration\FileServer\02_RH_Collaborateurs\01_Dossiers_Individuels\MARTIN_Maxime\Bulletins_de_paie\2026\Bulletin_2026-08.pdf,02_RH_Collaborateurs\01_Dossiers_Individuels\MARTIN_Maxime\Bulletins_de_paie\2026\Bulletin_2026-08.pdf,02_RH_Collaborateurs,RH,/sites/MigrationFileServer/RH/01_Dossiers_Individuels/MARTIN_Maxime/Bulletins_de_paie/2026/Bulletin_2026-08.pdf,Bulletin_2026-08.pdf,.pdf,1698,2025-12-05T18:00:00,2026-08-28T18:00:00,False,False,126,111,5,,5DF1F355F52106FE565CAC044BEA249FCC31950AAF1F461F5F8EF6D00441E7AD
\\DEMO-SRV01\FileServer\02_RH_Collaborateurs\01_Dossiers_Individuels\MARTIN_Maxime\Contrat_de_travail_MARTIN.pdf,C:\DemoMigration\FileServer\02_RH_Collaborateurs\01_Dossiers_Individuels\MARTIN_Maxime\Contrat_de_travail_MARTIN.pdf,02_RH_Collaborateurs\01_Dossiers_Individuels\MARTIN_Maxime\Contrat_de_travail_MARTIN.pdf,02_RH_Collaborateurs,RH,/sites/MigrationFileServer/RH/01_Dossiers_Individuels/MARTIN_Maxime/Contrat_de_travail_MARTIN.pdf,Contrat_de_travail_MARTIN.pdf,.pdf,1733,2025-02-28T14:24:05,2025-10-02T14:24:05,False,False,112,97,3,,BEBBA322AADDDC8234EB1C9A3D81852B939A1D1AF5CFA5114545C613E06F305E
\\DEMO-SRV01\FileServer\02_RH_Collaborateurs\01_Dossiers_Individuels\MARTIN_Maxime\Entretiens_annuels\Entretien_annuel_2025.docx,C:\DemoMigration\FileServer\02_RH_Collaborateurs\01_Dossiers_Individuels\MARTIN_Maxime\Entretiens_annuels\Entretien_annuel_2025.docx,02_RH_Collaborateurs\01_Dossiers_Individuels\MARTIN_Maxime\Entretiens_annuels\Entretien_annuel_2025.docx,02_RH_Collaborateurs,RH,/sites/MigrationFileServer/RH/01_Dossiers_Individuels/MARTIN_Maxime/Entretiens_annuels/Entretien_annuel_2025.docx,Entretien_annuel_2025.docx,.docx,36755,2025-12-09T00:00:00,2025-12-15T00:00:00,False,False,128,113,4,,58F3F129F8B3AF613D03422BF2536A7AA92724B441BF7523F4A498B109FD2742
\\DEMO-SRV01\FileServer\02_RH_Collaborateurs\01_Dossiers_Individuels\MERCIER_Marion\Bulletins_de_paie\2026\Bulletin_2026-01.pdf,C:\DemoMigration\FileServer\02_RH_Collaborateurs\01_Dossiers_Individuels\MERCIER_Marion\Bulletins_de_paie\2026\Bulletin_2026-01.pdf,02_RH_Collaborateurs\01_Dossiers_Individuels\MERCIER_Marion\Bulletins_de_paie\2026\Bulletin_2026-01.pdf,02_RH_Collaborateurs,RH,/sites/MigrationFileServer/RH/01_Dossiers_Individuels/MERCIER_Marion/Bulletins_de_paie/2026/Bulletin_2026-01.pdf,Bulletin_2026-01.pdf,.pdf,1699,2025-12-10T18:00:00,2026-01-28T18:00:00,False,False,127,112,5,,346F8B1BE6D16C1B47507F08381C2C343AAE266D0A763F0F408B9026203ADDFD
\\DEMO-SRV01\FileServer\02_RH_Collaborateurs\01_Dossiers_Individuels\MERCIER_Marion\Bulletins_de_paie\2026\Bulletin_2026-02.pdf,C:\DemoMigration\FileServer\02_RH_Collaborateurs\01_Dossiers_Individuels\MERCIER_Marion\Bulletins_de_paie\2026\Bulletin_2026-02.pdf,02_RH_Collaborateurs\01_Dossiers_Individuels\MERCIER_Marion\Bulletins_de_paie\2026\Bulletin_2026-02.pdf,02_RH_Collaborateurs,RH,/sites/MigrationFileServer/RH/01_Dossiers_Individuels/MERCIER_Marion/Bulletins_de_paie/2026/Bulletin_2026-02.pdf,Bulletin_2026-02.pdf,.pdf,1699,2025-05-12T18:00:00,2026-02-28T18:00:00,False,False,127,112,5,,DE915C42A2890CCED894E506D5E8D7BB914FF5994B4F21E019E21B985FD97311
\\DEMO-SRV01\FileServer\02_RH_Collaborateurs\01_Dossiers_Individuels\MERCIER_Marion\Bulletins_de_paie\2026\Bulletin_2026-03.pdf,C:\DemoMigration\FileServer\02_RH_Collaborateurs\01_Dossiers_Individuels\MERCIER_Marion\Bulletins_de_paie\2026\Bulletin_2026-03.pdf,02_RH_Collaborateurs\01_Dossiers_Individuels\MERCIER_Marion\Bulletins_de_paie\2026\Bulletin_2026-03.pdf,02_RH_Collaborateurs,RH,/sites/MigrationFileServer/RH/01_Dossiers_Individuels/MERCIER_Marion/Bulletins_de_paie/2026/Bulletin_2026-03.pdf,Bulletin_2026-03.pdf,.pdf,1699,2025-07-20T18:00:00,2026-03-28T18:00:00,False,False,127,112,5,,BB22A625244C31F9E70BD57B8D8C9FABF74855A6B5D8BF97A3FF284755F63BCB
\\DEMO-SRV01\FileServer\02_RH_Collaborateurs\01_Dossiers_Individuels\MERCIER_Marion\Bulletins_de_paie\2026\Bulletin_2026-04.pdf,C:\DemoMigration\FileServer\02_RH_Collaborateurs\01_Dossiers_Individuels\MERCIER_Marion\Bulletins_de_paie\2026\Bulletin_2026-04.pdf,02_RH_Collaborateurs\01_Dossiers_Individuels\MERCIER_Marion\Bulletins_de_paie\2026\Bulletin_2026-04.pdf,02_RH_Collaborateurs,RH,/sites/MigrationFileServer/RH/01_Dossiers_Individuels/MERCIER_Marion/Bulletins_de_paie/2026/Bulletin_2026-04.pdf,Bulletin_2026-04.pdf,.pdf,1699,2025-10-26T18:00:00,2026-04-28T18:00:00,False,False,127,112,5,,DE56E8983AA3C6671254AE088C02B4EF2D9C5CF1DA285ED55411C874B7967EF4
\\DEMO-SRV01\FileServer\02_RH_Collaborateurs\01_Dossiers_Individuels\MERCIER_Marion\Bulletins_de_paie\2026\Bulletin_2026-05.pdf,C:\DemoMigration\FileServer\02_RH_Collaborateurs\01_Dossiers_Individuels\MERCIER_Marion\Bulletins_de_paie\2026\Bulletin_2026-05.pdf,02_RH_Collaborateurs\01_Dossiers_Individuels\MERCIER_Marion\Bulletins_de_paie\2026\Bulletin_2026-05.pdf,02_RH_Collaborateurs,RH,/sites/MigrationFileServer/RH/01_Dossiers_Individuels/MERCIER_Marion/Bulletins_de_paie/2026/Bulletin_2026-05.pdf,Bulletin_2026-05.pdf,.pdf,1700,2026-04-14T18:00:00,2026-05-28T18:00:00,False,False,127,112,5,,6ABF47B71DA22A07EC8C5A34EA66F6AF2D27F6C3A727EA494A5C1B0FAD396EDC
\\DEMO-SRV01\FileServer\02_RH_Collaborateurs\01_Dossiers_Individuels\MERCIER_Marion\Bulletins_de_paie\2026\Bulletin_2026-06.pdf,C:\DemoMigration\FileServer\02_RH_Collaborateurs\01_Dossiers_Individuels\MERCIER_Marion\Bulletins_de_paie\2026\Bulletin_2026-06.pdf,02_RH_Collaborateurs\01_Dossiers_Individuels\MERCIER_Marion\Bulletins_de_paie\2026\Bulletin_2026-06.pdf,02_RH_Collaborateurs,RH,/sites/MigrationFileServer/RH/01_Dossiers_Individuels/MERCIER_Marion/Bulletins_de_paie/2026/Bulletin_2026-06.pdf,Bulletin_2026-06.pdf,.pdf,1699,2025-07-25T18:00:00,2026-06-28T18:00:00,False,False,127,112,5,,960D19383B55A957D5505302E09AD2484B49A7690133182C1350717B94F23F15
\\DEMO-SRV01\FileServer\02_RH_Collaborateurs\01_Dossiers_Individuels\MERCIER_Marion\Bulletins_de_paie\2026\Bulletin_2026-07.pdf,C:\DemoMigration\FileServer\02_RH_Collaborateurs\01_Dossiers_Individuels\MERCIER_Marion\Bulletins_de_paie\2026\Bulletin_2026-07.pdf,02_RH_Collaborateurs\01_Dossiers_Individuels\MERCIER_Marion\Bulletins_de_paie\2026\Bulletin_2026-07.pdf,02_RH_Collaborateurs,RH,/sites/MigrationFileServer/RH/01_Dossiers_Individuels/MERCIER_Marion/Bulletins_de_paie/2026/Bulletin_2026-07.pdf,Bulletin_2026-07.pdf,.pdf,1699,2025-11-25T18:00:00,2026-07-28T18:00:00,False,False,127,112,5,,6C917D17BB663E1667A347DE75C9F066FBCA02344D0FB2E3EA06D633CF0C7229
\\DEMO-SRV01\FileServer\02_RH_Collaborateurs\01_Dossiers_Individuels\MERCIER_Marion\Bulletins_de_paie\2026\Bulletin_2026-08.pdf,C:\DemoMigration\FileServer\02_RH_Collaborateurs\01_Dossiers_Individuels\MERCIER_Marion\Bulletins_de_paie\2026\Bulletin_2026-08.pdf,02_RH_Collaborateurs\01_Dossiers_Individuels\MERCIER_Marion\Bulletins_de_paie\2026\Bulletin_2026-08.pdf,02_RH_Collaborateurs,RH,/sites/MigrationFileServer/RH/01_Dossiers_Individuels/MERCIER_Marion/Bulletins_de_paie/2026/Bulletin_2026-08.pdf,Bulletin_2026-08.pdf,.pdf,1700,2026-08-15T18:00:00,2026-08-28T18:00:00,False,False,127,112,5,,9E0E5D32A38948AD5FF13003984F3CFE9E9F65EC516287EFC5B93081646774C4
\\DEMO-SRV01\FileServer\02_RH_Collaborateurs\01_Dossiers_Individuels\MERCIER_Marion\Contrat_de_travail_MERCIER.pdf,C:\DemoMigration\FileServer\02_RH_Collaborateurs\01_Dossiers_Individuels\MERCIER_Marion\Contrat_de_travail_MERCIER.pdf,02_RH_Collaborateurs\01_Dossiers_Individuels\MERCIER_Marion\Contrat_de_travail_MERCIER.pdf,02_RH_Collaborateurs,RH,/sites/MigrationFileServer/RH/01_Dossiers_Individuels/MERCIER_Marion/Contrat_de_travail_MERCIER.pdf,Contrat_de_travail_MERCIER.pdf,.pdf,1733,2023-11-21T14:07:33,2024-04-13T14:07:33,False,False,114,99,3,,AC191D8789117638F026FC4830E19A69B0E94917E1645A20711096564FE60CD6
\\DEMO-SRV01\FileServer\02_RH_Collaborateurs\01_Dossiers_Individuels\MERCIER_Marion\Entretiens_annuels\Entretien_annuel_2024.docx,C:\DemoMigration\FileServer\02_RH_Collaborateurs\01_Dossiers_Individuels\MERCIER_Marion\Entretiens_annuels\Entretien_annuel_2024.docx,02_RH_Collaborateurs\01_Dossiers_Individuels\MERCIER_Marion\Entretiens_annuels\Entretien_annuel_2024.docx,02_RH_Collaborateurs,RH,/sites/MigrationFileServer/RH/01_Dossiers_Individuels/MERCIER_Marion/Entretiens_annuels/Entretien_annuel_2024.docx,Entretien_annuel_2024.docx,.docx,36756,2024-07-11T00:00:00,2024-12-07T00:00:00,False,False,129,114,4,,B2EB516A945E2A7879C90A5883CE4C4FE3D3719DCD8001FCC9688EE5FE1C1761
\\DEMO-SRV01\FileServer\02_RH_Collaborateurs\01_Dossiers_Individuels\MERCIER_Marion\Entretiens_annuels\Entretien_annuel_2025.docx,C:\DemoMigration\FileServer\02_RH_Collaborateurs\01_Dossiers_Individuels\MERCIER_Marion\Entretiens_annuels\Entretien_annuel_2025.docx,02_RH_Collaborateurs\01_Dossiers_Individuels\MERCIER_Marion\Entretiens_annuels\Entretien_annuel_2025.docx,02_RH_Collaborateurs,RH,/sites/MigrationFileServer/RH/01_Dossiers_Individuels/MERCIER_Marion/Entretiens_annuels/Entretien_annuel_2025.docx,Entretien_annuel_2025.docx,.docx,36756,2025-10-05T00:00:00,2025-12-03T00:00:00,False,False,129,114,4,,D4785CE263B970A08147FB004AA40351E5D06D7E639D4E52E98C86C5636B4967
\\DEMO-SRV01\FileServer\02_RH_Collaborateurs\01_Dossiers_Individuels\MOREAU_Manon\Bulletins_de_paie\2026\Bulletin_2026-01.pdf,C:\DemoMigration\FileServer\02_RH_Collaborateurs\01_Dossiers_Individuels\MOREAU_Manon\Bulletins_de_paie\2026\Bulletin_2026-01.pdf,02_RH_Collaborateurs\01_Dossiers_Individuels\MOREAU_Manon\Bulletins_de_paie\2026\Bulletin_2026-01.pdf,02_RH_Collaborateurs,RH,/sites/MigrationFileServer/RH/01_Dossiers_Individuels/MOREAU_Manon/Bulletins_de_paie/2026/Bulletin_2026-01.pdf,Bulletin_2026-01.pdf,.pdf,1700,2025-08-12T18:00:00,2026-01-28T18:00:00,False,False,125,110,5,,4175BC07CEADF0976C86EEE710CE57A77EC43437B095B0A1C6B8A02B2208B339
\\DEMO-SRV01\FileServer\02_RH_Collaborateurs\01_Dossiers_Individuels\MOREAU_Manon\Bulletins_de_paie\2026\Bulletin_2026-02.pdf,C:\DemoMigration\FileServer\02_RH_Collaborateurs\01_Dossiers_Individuels\MOREAU_Manon\Bulletins_de_paie\2026\Bulletin_2026-02.pdf,02_RH_Collaborateurs\01_Dossiers_Individuels\MOREAU_Manon\Bulletins_de_paie\2026\Bulletin_2026-02.pdf,02_RH_Collaborateurs,RH,/sites/MigrationFileServer/RH/01_Dossiers_Individuels/MOREAU_Manon/Bulletins_de_paie/2026/Bulletin_2026-02.pdf,Bulletin_2026-02.pdf,.pdf,1699,2026-02-03T18:00:00,2026-02-28T18:00:00,False,False,125,110,5,,4956B5FB87D9051A892BA46C1A648E9642E10DD48ACE51F79EA6853E6D531148
\\DEMO-SRV01\FileServer\02_RH_Collaborateurs\01_Dossiers_Individuels\MOREAU_Manon\Bulletins_de_paie\2026\Bulletin_2026-03.pdf,C:\DemoMigration\FileServer\02_RH_Collaborateurs\01_Dossiers_Individuels\MOREAU_Manon\Bulletins_de_paie\2026\Bulletin_2026-03.pdf,02_RH_Collaborateurs\01_Dossiers_Individuels\MOREAU_Manon\Bulletins_de_paie\2026\Bulletin_2026-03.pdf,02_RH_Collaborateurs,RH,/sites/MigrationFileServer/RH/01_Dossiers_Individuels/MOREAU_Manon/Bulletins_de_paie/2026/Bulletin_2026-03.pdf,Bulletin_2026-03.pdf,.pdf,1700,2025-11-11T18:00:00,2026-03-28T18:00:00,False,False,125,110,5,,0C7FE4EBC6CD2C43E4B16F913C0F8C76ACD761CB0B8D31667A6F8673F536BE28
\\DEMO-SRV01\FileServer\02_RH_Collaborateurs\01_Dossiers_Individuels\MOREAU_Manon\Bulletins_de_paie\2026\Bulletin_2026-04.pdf,C:\DemoMigration\FileServer\02_RH_Collaborateurs\01_Dossiers_Individuels\MOREAU_Manon\Bulletins_de_paie\2026\Bulletin_2026-04.pdf,02_RH_Collaborateurs\01_Dossiers_Individuels\MOREAU_Manon\Bulletins_de_paie\2026\Bulletin_2026-04.pdf,02_RH_Collaborateurs,RH,/sites/MigrationFileServer/RH/01_Dossiers_Individuels/MOREAU_Manon/Bulletins_de_paie/2026/Bulletin_2026-04.pdf,Bulletin_2026-04.pdf,.pdf,1699,2026-04-18T18:00:00,2026-04-28T18:00:00,False,False,125,110,5,,DA5DAE7FFC127C54090A638543B41A1D7A79B42A5AC786C0C876FE5E21FEBD5E
\\DEMO-SRV01\FileServer\02_RH_Collaborateurs\01_Dossiers_Individuels\MOREAU_Manon\Bulletins_de_paie\2026\Bulletin_2026-05.pdf,C:\DemoMigration\FileServer\02_RH_Collaborateurs\01_Dossiers_Individuels\MOREAU_Manon\Bulletins_de_paie\2026\Bulletin_2026-05.pdf,02_RH_Collaborateurs\01_Dossiers_Individuels\MOREAU_Manon\Bulletins_de_paie\2026\Bulletin_2026-05.pdf,02_RH_Collaborateurs,RH,/sites/MigrationFileServer/RH/01_Dossiers_Individuels/MOREAU_Manon/Bulletins_de_paie/2026/Bulletin_2026-05.pdf,Bulletin_2026-05.pdf,.pdf,1698,2025-12-24T18:00:00,2026-05-28T18:00:00,False,False,125,110,5,,7A68F8BA683D00B2331F5FD0C81AA2E5BB038298674B9B1F40070DD26F4D1579
\\DEMO-SRV01\FileServer\02_RH_Collaborateurs\01_Dossiers_Individuels\MOREAU_Manon\Bulletins_de_paie\2026\Bulletin_2026-06.pdf,C:\DemoMigration\FileServer\02_RH_Collaborateurs\01_Dossiers_Individuels\MOREAU_Manon\Bulletins_de_paie\2026\Bulletin_2026-06.pdf,02_RH_Collaborateurs\01_Dossiers_Individuels\MOREAU_Manon\Bulletins_de_paie\2026\Bulletin_2026-06.pdf,02_RH_Collaborateurs,RH,/sites/MigrationFileServer/RH/01_Dossiers_Individuels/MOREAU_Manon/Bulletins_de_paie/2026/Bulletin_2026-06.pdf,Bulletin_2026-06.pdf,.pdf,1698,2025-10-20T18:00:00,2026-06-28T18:00:00,False,False,125,110,5,,BD1475905FDA212807B1A18AAA9D2E45F72D63E6A6349B02BE84EB70F2368FBA
\\DEMO-SRV01\FileServer\02_RH_Collaborateurs\01_Dossiers_Individuels\MOREAU_Manon\Bulletins_de_paie\2026\Bulletin_2026-07.pdf,C:\DemoMigration\FileServer\02_RH_Collaborateurs\01_Dossiers_Individuels\MOREAU_Manon\Bulletins_de_paie\2026\Bulletin_2026-07.pdf,02_RH_Collaborateurs\01_Dossiers_Individuels\MOREAU_Manon\Bulletins_de_paie\2026\Bulletin_2026-07.pdf,02_RH_Collaborateurs,RH,/sites/MigrationFileServer/RH/01_Dossiers_Individuels/MOREAU_Manon/Bulletins_de_paie/2026/Bulletin_2026-07.pdf,Bulletin_2026-07.pdf,.pdf,1698,2025-08-12T18:00:00,2026-07-28T18:00:00,False,False,125,110,5,,8932FC8924160EF6698C76778C199333AD0B30EA2FD6B12F2BC4BAFD71208509
\\DEMO-SRV01\FileServer\02_RH_Collaborateurs\01_Dossiers_Individuels\MOREAU_Manon\Bulletins_de_paie\2026\Bulletin_2026-08.pdf,C:\DemoMigration\FileServer\02_RH_Collaborateurs\01_Dossiers_Individuels\MOREAU_Manon\Bulletins_de_paie\2026\Bulletin_2026-08.pdf,02_RH_Collaborateurs\01_Dossiers_Individuels\MOREAU_Manon\Bulletins_de_paie\2026\Bulletin_2026-08.pdf,02_RH_Collaborateurs,RH,/sites/MigrationFileServer/RH/01_Dossiers_Individuels/MOREAU_Manon/Bulletins_de_paie/2026/Bulletin_2026-08.pdf,Bulletin_2026-08.pdf,.pdf,1698,2026-05-04T18:00:00,2026-08-28T18:00:00,False,False,125,110,5,,371F2E5E35A2A402BDC6EEFDDAAC89433BE5915F560B42F1226650063925C2AF
\\DEMO-SRV01\FileServer\02_RH_Collaborateurs\01_Dossiers_Individuels\MOREAU_Manon\Contrat_de_travail_MOREAU.pdf,C:\DemoMigration\FileServer\02_RH_Collaborateurs\01_Dossiers_Individuels\MOREAU_Manon\Contrat_de_travail_MOREAU.pdf,02_RH_Collaborateurs\01_Dossiers_Individuels\MOREAU_Manon\Contrat_de_travail_MOREAU.pdf,02_RH_Collaborateurs,RH,/sites/MigrationFileServer/RH/01_Dossiers_Individuels/MOREAU_Manon/Contrat_de_travail_MOREAU.pdf,Contrat_de_travail_MOREAU.pdf,.pdf,1737,2022-04-21T01:15:04,2022-05-10T01:15:04,False,False,111,96,3,,510E1A23A3BD55816FD7BF1E31F03FF85F9D1888CC7641E7868DEB736B408B07
\\DEMO-SRV01\FileServer\02_RH_Collaborateurs\01_Dossiers_Individuels\MOREAU_Manon\Entretiens_annuels\Entretien_annuel_2024.docx,C:\DemoMigration\FileServer\02_RH_Collaborateurs\01_Dossiers_Individuels\MOREAU_Manon\Entretiens_annuels\Entretien_annuel_2024.docx,02_RH_Collaborateurs\01_Dossiers_Individuels\MOREAU_Manon\Entretiens_annuels\Entretien_annuel_2024.docx,02_RH_Collaborateurs,RH,/sites/MigrationFileServer/RH/01_Dossiers_Individuels/MOREAU_Manon/Entretiens_annuels/Entretien_annuel_2024.docx,Entretien_annuel_2024.docx,.docx,36755,2023-11-21T00:00:00,2024-12-05T00:00:00,False,False,127,112,4,,526939A5ADBF08A3F5E0289E805688310BDD3F18DF6CD3F1016B1A2FA5841B64
\\DEMO-SRV01\FileServer\02_RH_Collaborateurs\01_Dossiers_Individuels\MOREAU_Manon\Entretiens_annuels\Entretien_annuel_2025.docx,C:\DemoMigration\FileServer\02_RH_Collaborateurs\01_Dossiers_Individuels\MOREAU_Manon\Entretiens_annuels\Entretien_annuel_2025.docx,02_RH_Collaborateurs\01_Dossiers_Individuels\MOREAU_Manon\Entretiens_annuels\Entretien_annuel_2025.docx,02_RH_Collaborateurs,RH,/sites/MigrationFileServer/RH/01_Dossiers_Individuels/MOREAU_Manon/Entretiens_annuels/Entretien_annuel_2025.docx,Entretien_annuel_2025.docx,.docx,36754,2025-07-04T00:00:00,2025-12-15T00:00:00,False,False,127,112,4,,5F05D379ABCCA0A3EA0B395147E0390B480698D33A8C97B2BD404AB84BB17C8E
\\DEMO-SRV01\FileServer\02_RH_Collaborateurs\01_Dossiers_Individuels\MULLER_Kevin\Bulletins_de_paie\2026\Bulletin_2026-01.pdf,C:\DemoMigration\FileServer\02_RH_Collaborateurs\01_Dossiers_Individuels\MULLER_Kevin\Bulletins_de_paie\2026\Bulletin_2026-01.pdf,02_RH_Collaborateurs\01_Dossiers_Individuels\MULLER_Kevin\Bulletins_de_paie\2026\Bulletin_2026-01.pdf,02_RH_Collaborateurs,RH,/sites/MigrationFileServer/RH/01_Dossiers_Individuels/MULLER_Kevin/Bulletins_de_paie/2026/Bulletin_2026-01.pdf,Bulletin_2026-01.pdf,.pdf,1697,2025-07-11T18:00:00,2026-01-28T18:00:00,False,False,125,110,5,,A3B038AC0CD03C92173F692AD3561BDB0C1EEE2C788E6F7DD2D1680C332F880B
\\DEMO-SRV01\FileServer\02_RH_Collaborateurs\01_Dossiers_Individuels\MULLER_Kevin\Bulletins_de_paie\2026\Bulletin_2026-02.pdf,C:\DemoMigration\FileServer\02_RH_Collaborateurs\01_Dossiers_Individuels\MULLER_Kevin\Bulletins_de_paie\2026\Bulletin_2026-02.pdf,02_RH_Collaborateurs\01_Dossiers_Individuels\MULLER_Kevin\Bulletins_de_paie\2026\Bulletin_2026-02.pdf,02_RH_Collaborateurs,RH,/sites/MigrationFileServer/RH/01_Dossiers_Individuels/MULLER_Kevin/Bulletins_de_paie/2026/Bulletin_2026-02.pdf,Bulletin_2026-02.pdf,.pdf,1695,2025-05-14T18:00:00,2026-02-28T18:00:00,False,False,125,110,5,,BA0D05E41E665033967FD8E3BF155372BE2E99826D9355A6D218C72AF31B7716
\\DEMO-SRV01\FileServer\02_RH_Collaborateurs\01_Dossiers_Individuels\MULLER_Kevin\Bulletins_de_paie\2026\Bulletin_2026-03.pdf,C:\DemoMigration\FileServer\02_RH_Collaborateurs\01_Dossiers_Individuels\MULLER_Kevin\Bulletins_de_paie\2026\Bulletin_2026-03.pdf,02_RH_Collaborateurs\01_Dossiers_Individuels\MULLER_Kevin\Bulletins_de_paie\2026\Bulletin_2026-03.pdf,02_RH_Collaborateurs,RH,/sites/MigrationFileServer/RH/01_Dossiers_Individuels/MULLER_Kevin/Bulletins_de_paie/2026/Bulletin_2026-03.pdf,Bulletin_2026-03.pdf,.pdf,1697,2025-04-23T18:00:00,2026-03-28T18:00:00,False,False,125,110,5,,C0709DE5E006136C15875160BF9D21E5B6BEFCCFAF7B13F3AC91EA55AA855837
\\DEMO-SRV01\FileServer\02_RH_Collaborateurs\01_Dossiers_Individuels\MULLER_Kevin\Bulletins_de_paie\2026\Bulletin_2026-04.pdf,C:\DemoMigration\FileServer\02_RH_Collaborateurs\01_Dossiers_Individuels\MULLER_Kevin\Bulletins_de_paie\2026\Bulletin_2026-04.pdf,02_RH_Collaborateurs\01_Dossiers_Individuels\MULLER_Kevin\Bulletins_de_paie\2026\Bulletin_2026-04.pdf,02_RH_Collaborateurs,RH,/sites/MigrationFileServer/RH/01_Dossiers_Individuels/MULLER_Kevin/Bulletins_de_paie/2026/Bulletin_2026-04.pdf,Bulletin_2026-04.pdf,.pdf,1695,2025-12-28T18:00:00,2026-04-28T18:00:00,False,False,125,110,5,,04B4D49AAFDC2D3F81D0ED93CEFD245936FE5A7E54B22AD101F557A051DCC523
\\DEMO-SRV01\FileServer\02_RH_Collaborateurs\01_Dossiers_Individuels\MULLER_Kevin\Bulletins_de_paie\2026\Bulletin_2026-05.pdf,C:\DemoMigration\FileServer\02_RH_Collaborateurs\01_Dossiers_Individuels\MULLER_Kevin\Bulletins_de_paie\2026\Bulletin_2026-05.pdf,02_RH_Collaborateurs\01_Dossiers_Individuels\MULLER_Kevin\Bulletins_de_paie\2026\Bulletin_2026-05.pdf,02_RH_Collaborateurs,RH,/sites/MigrationFileServer/RH/01_Dossiers_Individuels/MULLER_Kevin/Bulletins_de_paie/2026/Bulletin_2026-05.pdf,Bulletin_2026-05.pdf,.pdf,1697,2025-12-18T18:00:00,2026-05-28T18:00:00,False,False,125,110,5,,FA7837C8F185658A06B11A7F5504C013981651CF18F1CFAB4251B96136502678
\\DEMO-SRV01\FileServer\02_RH_Collaborateurs\01_Dossiers_Individuels\MULLER_Kevin\Bulletins_de_paie\2026\Bulletin_2026-06.pdf,C:\DemoMigration\FileServer\02_RH_Collaborateurs\01_Dossiers_Individuels\MULLER_Kevin\Bulletins_de_paie\2026\Bulletin_2026-06.pdf,02_RH_Collaborateurs\01_Dossiers_Individuels\MULLER_Kevin\Bulletins_de_paie\2026\Bulletin_2026-06.pdf,02_RH_Collaborateurs,RH,/sites/MigrationFileServer/RH/01_Dossiers_Individuels/MULLER_Kevin/Bulletins_de_paie/2026/Bulletin_2026-06.pdf,Bulletin_2026-06.pdf,.pdf,1697,2025-12-09T18:00:00,2026-06-28T18:00:00,False,False,125,110,5,,D5AB18A4B9D6E57E50C664C7929F10A51537DC81CBA7413408D1B1FD0979E6A6
\\DEMO-SRV01\FileServer\02_RH_Collaborateurs\01_Dossiers_Individuels\MULLER_Kevin\Bulletins_de_paie\2026\Bulletin_2026-07.pdf,C:\DemoMigration\FileServer\02_RH_Collaborateurs\01_Dossiers_Individuels\MULLER_Kevin\Bulletins_de_paie\2026\Bulletin_2026-07.pdf,02_RH_Collaborateurs\01_Dossiers_Individuels\MULLER_Kevin\Bulletins_de_paie\2026\Bulletin_2026-07.pdf,02_RH_Collaborateurs,RH,/sites/MigrationFileServer/RH/01_Dossiers_Individuels/MULLER_Kevin/Bulletins_de_paie/2026/Bulletin_2026-07.pdf,Bulletin_2026-07.pdf,.pdf,1697,2025-07-17T18:00:00,2026-07-28T18:00:00,False,False,125,110,5,,4ADD7C384C4E1EB85B35F720CF4C2C45E85B11C2FC28DB17BFE301D0249F4264
\\DEMO-SRV01\FileServer\02_RH_Collaborateurs\01_Dossiers_Individuels\MULLER_Kevin\Bulletins_de_paie\2026\Bulletin_2026-08.pdf,C:\DemoMigration\FileServer\02_RH_Collaborateurs\01_Dossiers_Individuels\MULLER_Kevin\Bulletins_de_paie\2026\Bulletin_2026-08.pdf,02_RH_Collaborateurs\01_Dossiers_Individuels\MULLER_Kevin\Bulletins_de_paie\2026\Bulletin_2026-08.pdf,02_RH_Collaborateurs,RH,/sites/MigrationFileServer/RH/01_Dossiers_Individuels/MULLER_Kevin/Bulletins_de_paie/2026/Bulletin_2026-08.pdf,Bulletin_2026-08.pdf,.pdf,1695,2026-01-09T18:00:00,2026-08-28T18:00:00,False,False,125,110,5,,8222706498870D6AD116DEC2F1035490740258D11642AE4ABEDCE6853FE9AC4E
\\DEMO-SRV01\FileServer\02_RH_Collaborateurs\01_Dossiers_Individuels\MULLER_Kevin\Contrat_de_travail_MULLER.pdf,C:\DemoMigration\FileServer\02_RH_Collaborateurs\01_Dossiers_Individuels\MULLER_Kevin\Contrat_de_travail_MULLER.pdf,02_RH_Collaborateurs\01_Dossiers_Individuels\MULLER_Kevin\Contrat_de_travail_MULLER.pdf,02_RH_Collaborateurs,RH,/sites/MigrationFileServer/RH/01_Dossiers_Individuels/MULLER_Kevin/Contrat_de_travail_MULLER.pdf,Contrat_de_travail_MULLER.pdf,.pdf,1720,2019-02-03T18:12:57,2019-10-19T18:12:57,False,False,111,96,3,,2B7BF6F70CBD1F8D846285A76E62832B7027676523FE37A2420A7ABE703961A9
\\DEMO-SRV01\FileServer\02_RH_Collaborateurs\01_Dossiers_Individuels\MULLER_Kevin\Entretiens_annuels\Entretien_annuel_2024.docx,C:\DemoMigration\FileServer\02_RH_Collaborateurs\01_Dossiers_Individuels\MULLER_Kevin\Entretiens_annuels\Entretien_annuel_2024.docx,02_RH_Collaborateurs\01_Dossiers_Individuels\MULLER_Kevin\Entretiens_annuels\Entretien_annuel_2024.docx,02_RH_Collaborateurs,RH,/sites/MigrationFileServer/RH/01_Dossiers_Individuels/MULLER_Kevin/Entretiens_annuels/Entretien_annuel_2024.docx,Entretien_annuel_2024.docx,.docx,36754,2024-08-28T00:00:00,2024-12-09T00:00:00,False,False,127,112,4,,4221CEF11BCB67FB06F15E943B7D738B4B3959B55001C8E4FB3333ADF6C99DA1
\\DEMO-SRV01\FileServer\02_RH_Collaborateurs\01_Dossiers_Individuels\MULLER_Kevin\Entretiens_annuels\Entretien_annuel_2025.docx,C:\DemoMigration\FileServer\02_RH_Collaborateurs\01_Dossiers_Individuels\MULLER_Kevin\Entretiens_annuels\Entretien_annuel_2025.docx,02_RH_Collaborateurs\01_Dossiers_Individuels\MULLER_Kevin\Entretiens_annuels\Entretien_annuel_2025.docx,02_RH_Collaborateurs,RH,/sites/MigrationFileServer/RH/01_Dossiers_Individuels/MULLER_Kevin/Entretiens_annuels/Entretien_annuel_2025.docx,Entretien_annuel_2025.docx,.docx,36756,2025-02-09T00:00:00,2025-12-05T00:00:00,False,False,127,112,4,,9DA29664F4726C9E40158AE7898E156818B2D6863B09436AFA8DE0E5B2D3074A
\\DEMO-SRV01\FileServer\02_RH_Collaborateurs\01_Dossiers_Individuels\ROUSSEAU_Pauline\Bulletins_de_paie\2026\Bulletin_2026-01.pdf,C:\DemoMigration\FileServer\02_RH_Collaborateurs\01_Dossiers_Individuels\ROUSSEAU_Pauline\Bulletins_de_paie\2026\Bulletin_2026-01.pdf,02_RH_Collaborateurs\01_Dossiers_Individuels\ROUSSEAU_Pauline\Bulletins_de_paie\2026\Bulletin_2026-01.pdf,02_RH_Collaborateurs,RH,/sites/MigrationFileServer/RH/01_Dossiers_Individuels/ROUSSEAU_Pauline/Bulletins_de_paie/2026/Bulletin_2026-01.pdf,Bulletin_2026-01.pdf,.pdf,1702,2025-11-28T18:00:00,2026-01-28T18:00:00,False,False,129,114,5,,507A577B73BEB96C1FB5908FF4AF5990986F9B518CB310816379D9600DE0AFC0
\\DEMO-SRV01\FileServer\02_RH_Collaborateurs\01_Dossiers_Individuels\ROUSSEAU_Pauline\Bulletins_de_paie\2026\Bulletin_2026-02.pdf,C:\DemoMigration\FileServer\02_RH_Collaborateurs\01_Dossiers_Individuels\ROUSSEAU_Pauline\Bulletins_de_paie\2026\Bulletin_2026-02.pdf,02_RH_Collaborateurs\01_Dossiers_Individuels\ROUSSEAU_Pauline\Bulletins_de_paie\2026\Bulletin_2026-02.pdf,02_RH_Collaborateurs,RH,/sites/MigrationFileServer/RH/01_Dossiers_Individuels/ROUSSEAU_Pauline/Bulletins_de_paie/2026/Bulletin_2026-02.pdf,Bulletin_2026-02.pdf,.pdf,1700,2025-01-30T18:00:00,2026-02-28T18:00:00,False,False,129,114,5,,BC0DFCAB27AD13ABE24998E7D478A97E2245E5881F9A6B621CB4D2C5BD30FF0E
\\DEMO-SRV01\FileServer\02_RH_Collaborateurs\01_Dossiers_Individuels\ROUSSEAU_Pauline\Bulletins_de_paie\2026\Bulletin_2026-03.pdf,C:\DemoMigration\FileServer\02_RH_Collaborateurs\01_Dossiers_Individuels\ROUSSEAU_Pauline\Bulletins_de_paie\2026\Bulletin_2026-03.pdf,02_RH_Collaborateurs\01_Dossiers_Individuels\ROUSSEAU_Pauline\Bulletins_de_paie\2026\Bulletin_2026-03.pdf,02_RH_Collaborateurs,RH,/sites/MigrationFileServer/RH/01_Dossiers_Individuels/ROUSSEAU_Pauline/Bulletins_de_paie/2026/Bulletin_2026-03.pdf,Bulletin_2026-03.pdf,.pdf,1702,2025-10-22T18:00:00,2026-03-28T18:00:00,False,False,129,114,5,,79E8A8D5AC2AE84278F221A6E3A11B161E40FA8A0B436BC15E4D0DF251FB2E01
\\DEMO-SRV01\FileServer\02_RH_Collaborateurs\01_Dossiers_Individuels\ROUSSEAU_Pauline\Bulletins_de_paie\2026\Bulletin_2026-04.pdf,C:\DemoMigration\FileServer\02_RH_Collaborateurs\01_Dossiers_Individuels\ROUSSEAU_Pauline\Bulletins_de_paie\2026\Bulletin_2026-04.pdf,02_RH_Collaborateurs\01_Dossiers_Individuels\ROUSSEAU_Pauline\Bulletins_de_paie\2026\Bulletin_2026-04.pdf,02_RH_Collaborateurs,RH,/sites/MigrationFileServer/RH/01_Dossiers_Individuels/ROUSSEAU_Pauline/Bulletins_de_paie/2026/Bulletin_2026-04.pdf,Bulletin_2026-04.pdf,.pdf,1700,2026-02-26T18:00:00,2026-04-28T18:00:00,False,False,129,114,5,,A541F303A290519CE3CAB96228A01EF9C0594BF36BBEC085E460469507D4038F
\\DEMO-SRV01\FileServer\02_RH_Collaborateurs\01_Dossiers_Individuels\ROUSSEAU_Pauline\Bulletins_de_paie\2026\Bulletin_2026-05.pdf,C:\DemoMigration\FileServer\02_RH_Collaborateurs\01_Dossiers_Individuels\ROUSSEAU_Pauline\Bulletins_de_paie\2026\Bulletin_2026-05.pdf,02_RH_Collaborateurs\01_Dossiers_Individuels\ROUSSEAU_Pauline\Bulletins_de_paie\2026\Bulletin_2026-05.pdf,02_RH_Collaborateurs,RH,/sites/MigrationFileServer/RH/01_Dossiers_Individuels/ROUSSEAU_Pauline/Bulletins_de_paie/2026/Bulletin_2026-05.pdf,Bulletin_2026-05.pdf,.pdf,1699,2025-06-11T18:00:00,2026-05-28T18:00:00,False,False,129,114,5,,5338AA492F3ED151596CA617FEFFE768D6E8762086578A94ADC326639A3B056C
\\DEMO-SRV01\FileServer\02_RH_Collaborateurs\01_Dossiers_Individuels\ROUSSEAU_Pauline\Bulletins_de_paie\2026\Bulletin_2026-06.pdf,C:\DemoMigration\FileServer\02_RH_Collaborateurs\01_Dossiers_Individuels\ROUSSEAU_Pauline\Bulletins_de_paie\2026\Bulletin_2026-06.pdf,02_RH_Collaborateurs\01_Dossiers_Individuels\ROUSSEAU_Pauline\Bulletins_de_paie\2026\Bulletin_2026-06.pdf,02_RH_Collaborateurs,RH,/sites/MigrationFileServer/RH/01_Dossiers_Individuels/ROUSSEAU_Pauline/Bulletins_de_paie/2026/Bulletin_2026-06.pdf,Bulletin_2026-06.pdf,.pdf,1700,2025-07-03T18:00:00,2026-06-28T18:00:00,False,False,129,114,5,,1AC1C731C137D0AB96C0E55DBFACB1577A8E7B3994FC4BAB205265FB94E1E8AA
\\DEMO-SRV01\FileServer\02_RH_Collaborateurs\01_Dossiers_Individuels\ROUSSEAU_Pauline\Bulletins_de_paie\2026\Bulletin_2026-07.pdf,C:\DemoMigration\FileServer\02_RH_Collaborateurs\01_Dossiers_Individuels\ROUSSEAU_Pauline\Bulletins_de_paie\2026\Bulletin_2026-07.pdf,02_RH_Collaborateurs\01_Dossiers_Individuels\ROUSSEAU_Pauline\Bulletins_de_paie\2026\Bulletin_2026-07.pdf,02_RH_Collaborateurs,RH,/sites/MigrationFileServer/RH/01_Dossiers_Individuels/ROUSSEAU_Pauline/Bulletins_de_paie/2026/Bulletin_2026-07.pdf,Bulletin_2026-07.pdf,.pdf,1700,2026-07-08T18:00:00,2026-07-28T18:00:00,False,False,129,114,5,,67C6DF884EAA15CE8CBB640C941D8DAE56254AAEF68AEE8FB50CDF179D912670
\\DEMO-SRV01\FileServer\02_RH_Collaborateurs\01_Dossiers_Individuels\ROUSSEAU_Pauline\Bulletins_de_paie\2026\Bulletin_2026-08.pdf,C:\DemoMigration\FileServer\02_RH_Collaborateurs\01_Dossiers_Individuels\ROUSSEAU_Pauline\Bulletins_de_paie\2026\Bulletin_2026-08.pdf,02_RH_Collaborateurs\01_Dossiers_Individuels\ROUSSEAU_Pauline\Bulletins_de_paie\2026\Bulletin_2026-08.pdf,02_RH_Collaborateurs,RH,/sites/MigrationFileServer/RH/01_Dossiers_Individuels/ROUSSEAU_Pauline/Bulletins_de_paie/2026/Bulletin_2026-08.pdf,Bulletin_2026-08.pdf,.pdf,1702,2026-03-14T18:00:00,2026-08-28T18:00:00,False,False,129,114,5,,ED5E7ACCE5F97BF7960BC517E94C1BDEC203C84E77530252C3AAA0D0F578F32B
\\DEMO-SRV01\FileServer\02_RH_Collaborateurs\01_Dossiers_Individuels\ROUSSEAU_Pauline\Contrat_de_travail_ROUSSEAU.pdf,C:\DemoMigration\FileServer\02_RH_Collaborateurs\01_Dossiers_Individuels\ROUSSEAU_Pauline\Contrat_de_travail_ROUSSEAU.pdf,02_RH_Collaborateurs\01_Dossiers_Individuels\ROUSSEAU_Pauline\Contrat_de_travail_ROUSSEAU.pdf,02_RH_Collaborateurs,RH,/sites/MigrationFileServer/RH/01_Dossiers_Individuels/ROUSSEAU_Pauline/Contrat_de_travail_ROUSSEAU.pdf,Contrat_de_travail_ROUSSEAU.pdf,.pdf,1734,2013-12-28T16:30:05,2014-08-23T16:30:05,False,False,117,102,3,,A96103363462B4AB4E10269A593AC873574945F4B83E8B80B491FCFB9F7A3139
\\DEMO-SRV01\FileServer\02_RH_Collaborateurs\01_Dossiers_Individuels\ROUSSEAU_Pauline\Entretiens_annuels\Entretien_annuel_2024.docx,C:\DemoMigration\FileServer\02_RH_Collaborateurs\01_Dossiers_Individuels\ROUSSEAU_Pauline\Entretiens_annuels\Entretien_annuel_2024.docx,02_RH_Collaborateurs\01_Dossiers_Individuels\ROUSSEAU_Pauline\Entretiens_annuels\Entretien_annuel_2024.docx,02_RH_Collaborateurs,RH,/sites/MigrationFileServer/RH/01_Dossiers_Individuels/ROUSSEAU_Pauline/Entretiens_annuels/Entretien_annuel_2024.docx,Entretien_annuel_2024.docx,.docx,36758,2024-07-31T00:00:00,2024-12-05T00:00:00,False,False,131,116,4,,5C61E7888F9EAF0F66C66A951255E639638A77B40EA48C1626C818EFE35C34A4
\\DEMO-SRV01\FileServer\02_RH_Collaborateurs\01_Dossiers_Individuels\ROUSSEAU_Pauline\Entretiens_annuels\Entretien_annuel_2025.docx,C:\DemoMigration\FileServer\02_RH_Collaborateurs\01_Dossiers_Individuels\ROUSSEAU_Pauline\Entretiens_annuels\Entretien_annuel_2025.docx,02_RH_Collaborateurs\01_Dossiers_Individuels\ROUSSEAU_Pauline\Entretiens_annuels\Entretien_annuel_2025.docx,02_RH_Collaborateurs,RH,/sites/MigrationFileServer/RH/01_Dossiers_Individuels/ROUSSEAU_Pauline/Entretiens_annuels/Entretien_annuel_2025.docx,Entretien_annuel_2025.docx,.docx,36757,2025-11-17T00:00:00,2025-12-12T00:00:00,False,False,131,116,4,,E51286CC921127AAC892C447A44C404B60605D043C4C4A7919D0E4F0DC5CC802
\\DEMO-SRV01\FileServer\02_RH_Collaborateurs\01_Dossiers_Individuels\ROUX_Camille\Bulletins_de_paie\2026\Bulletin_2026-01.pdf,C:\DemoMigration\FileServer\02_RH_Collaborateurs\01_Dossiers_Individuels\ROUX_Camille\Bulletins_de_paie\2026\Bulletin_2026-01.pdf,02_RH_Collaborateurs\01_Dossiers_Individuels\ROUX_Camille\Bulletins_de_paie\2026\Bulletin_2026-01.pdf,02_RH_Collaborateurs,RH,/sites/MigrationFileServer/RH/01_Dossiers_Individuels/ROUX_Camille/Bulletins_de_paie/2026/Bulletin_2026-01.pdf,Bulletin_2026-01.pdf,.pdf,1699,2025-12-15T18:00:00,2026-01-28T18:00:00,False,False,125,110,5,,7CE3965246BCAF0DB4993958A2CFBD5702146B7DBD7851409EE27A366527D48F
\\DEMO-SRV01\FileServer\02_RH_Collaborateurs\01_Dossiers_Individuels\ROUX_Camille\Bulletins_de_paie\2026\Bulletin_2026-02.pdf,C:\DemoMigration\FileServer\02_RH_Collaborateurs\01_Dossiers_Individuels\ROUX_Camille\Bulletins_de_paie\2026\Bulletin_2026-02.pdf,02_RH_Collaborateurs\01_Dossiers_Individuels\ROUX_Camille\Bulletins_de_paie\2026\Bulletin_2026-02.pdf,02_RH_Collaborateurs,RH,/sites/MigrationFileServer/RH/01_Dossiers_Individuels/ROUX_Camille/Bulletins_de_paie/2026/Bulletin_2026-02.pdf,Bulletin_2026-02.pdf,.pdf,1697,2025-12-20T18:00:00,2026-02-28T18:00:00,False,False,125,110,5,,2AC519544858F36BC918E08033D44E9FD37E407B828A9FDCDC08BF1DF99585CB
\\DEMO-SRV01\FileServer\02_RH_Collaborateurs\01_Dossiers_Individuels\ROUX_Camille\Bulletins_de_paie\2026\Bulletin_2026-03.pdf,C:\DemoMigration\FileServer\02_RH_Collaborateurs\01_Dossiers_Individuels\ROUX_Camille\Bulletins_de_paie\2026\Bulletin_2026-03.pdf,02_RH_Collaborateurs\01_Dossiers_Individuels\ROUX_Camille\Bulletins_de_paie\2026\Bulletin_2026-03.pdf,02_RH_Collaborateurs,RH,/sites/MigrationFileServer/RH/01_Dossiers_Individuels/ROUX_Camille/Bulletins_de_paie/2026/Bulletin_2026-03.pdf,Bulletin_2026-03.pdf,.pdf,1698,2025-05-03T18:00:00,2026-03-28T18:00:00,False,False,125,110,5,,7EACA7F8AFCB6B64772F76C2BD4FB3F7A9AA1FB605A8FF48DDC7087AF749DCF3
\\DEMO-SRV01\FileServer\02_RH_Collaborateurs\01_Dossiers_Individuels\ROUX_Camille\Bulletins_de_paie\2026\Bulletin_2026-04.pdf,C:\DemoMigration\FileServer\02_RH_Collaborateurs\01_Dossiers_Individuels\ROUX_Camille\Bulletins_de_paie\2026\Bulletin_2026-04.pdf,02_RH_Collaborateurs\01_Dossiers_Individuels\ROUX_Camille\Bulletins_de_paie\2026\Bulletin_2026-04.pdf,02_RH_Collaborateurs,RH,/sites/MigrationFileServer/RH/01_Dossiers_Individuels/ROUX_Camille/Bulletins_de_paie/2026/Bulletin_2026-04.pdf,Bulletin_2026-04.pdf,.pdf,1695,2025-08-02T18:00:00,2026-04-28T18:00:00,False,False,125,110,5,,5C79856B6FCDA3E7A9B63C07C9CB28555A120D0C69DB1038A6E535993737585A
\\DEMO-SRV01\FileServer\02_RH_Collaborateurs\01_Dossiers_Individuels\ROUX_Camille\Bulletins_de_paie\2026\Bulletin_2026-05.pdf,C:\DemoMigration\FileServer\02_RH_Collaborateurs\01_Dossiers_Individuels\ROUX_Camille\Bulletins_de_paie\2026\Bulletin_2026-05.pdf,02_RH_Collaborateurs\01_Dossiers_Individuels\ROUX_Camille\Bulletins_de_paie\2026\Bulletin_2026-05.pdf,02_RH_Collaborateurs,RH,/sites/MigrationFileServer/RH/01_Dossiers_Individuels/ROUX_Camille/Bulletins_de_paie/2026/Bulletin_2026-05.pdf,Bulletin_2026-05.pdf,.pdf,1700,2025-08-23T18:00:00,2026-05-28T18:00:00,False,False,125,110,5,,A954FAFA00E1A6467FA60DEA61D6B17062DB9E61B4A691E9EF59968D43313905
\\DEMO-SRV01\FileServer\02_RH_Collaborateurs\01_Dossiers_Individuels\ROUX_Camille\Bulletins_de_paie\2026\Bulletin_2026-06.pdf,C:\DemoMigration\FileServer\02_RH_Collaborateurs\01_Dossiers_Individuels\ROUX_Camille\Bulletins_de_paie\2026\Bulletin_2026-06.pdf,02_RH_Collaborateurs\01_Dossiers_Individuels\ROUX_Camille\Bulletins_de_paie\2026\Bulletin_2026-06.pdf,02_RH_Collaborateurs,RH,/sites/MigrationFileServer/RH/01_Dossiers_Individuels/ROUX_Camille/Bulletins_de_paie/2026/Bulletin_2026-06.pdf,Bulletin_2026-06.pdf,.pdf,1698,2025-12-15T18:00:00,2026-06-28T18:00:00,False,False,125,110,5,,E4E868EC061A11E3753ED8652A711853A7C54F7CFCC9BD2A53C294404CD87956
\\DEMO-SRV01\FileServer\02_RH_Collaborateurs\01_Dossiers_Individuels\ROUX_Camille\Bulletins_de_paie\2026\Bulletin_2026-07.pdf,C:\DemoMigration\FileServer\02_RH_Collaborateurs\01_Dossiers_Individuels\ROUX_Camille\Bulletins_de_paie\2026\Bulletin_2026-07.pdf,02_RH_Collaborateurs\01_Dossiers_Individuels\ROUX_Camille\Bulletins_de_paie\2026\Bulletin_2026-07.pdf,02_RH_Collaborateurs,RH,/sites/MigrationFileServer/RH/01_Dossiers_Individuels/ROUX_Camille/Bulletins_de_paie/2026/Bulletin_2026-07.pdf,Bulletin_2026-07.pdf,.pdf,1698,2026-01-26T18:00:00,2026-07-28T18:00:00,False,False,125,110,5,,246769228BE747C3FAA4F95502824497C2F1F7678557360C73EBD08515497106
\\DEMO-SRV01\FileServer\02_RH_Collaborateurs\01_Dossiers_Individuels\ROUX_Camille\Bulletins_de_paie\2026\Bulletin_2026-08.pdf,C:\DemoMigration\FileServer\02_RH_Collaborateurs\01_Dossiers_Individuels\ROUX_Camille\Bulletins_de_paie\2026\Bulletin_2026-08.pdf,02_RH_Collaborateurs\01_Dossiers_Individuels\ROUX_Camille\Bulletins_de_paie\2026\Bulletin_2026-08.pdf,02_RH_Collaborateurs,RH,/sites/MigrationFileServer/RH/01_Dossiers_Individuels/ROUX_Camille/Bulletins_de_paie/2026/Bulletin_2026-08.pdf,Bulletin_2026-08.pdf,.pdf,1699,2025-07-24T18:00:00,2026-08-28T18:00:00,False,False,125,110,5,,3398F0B4B99429082F91B800D8F4993AA639ED75DA2D37BD0231176196F693A5
\\DEMO-SRV01\FileServer\02_RH_Collaborateurs\01_Dossiers_Individuels\ROUX_Camille\Contrat_de_travail_ROUX.pdf,C:\DemoMigration\FileServer\02_RH_Collaborateurs\01_Dossiers_Individuels\ROUX_Camille\Contrat_de_travail_ROUX.pdf,02_RH_Collaborateurs\01_Dossiers_Individuels\ROUX_Camille\Contrat_de_travail_ROUX.pdf,02_RH_Collaborateurs,RH,/sites/MigrationFileServer/RH/01_Dossiers_Individuels/ROUX_Camille/Contrat_de_travail_ROUX.pdf,Contrat_de_travail_ROUX.pdf,.pdf,1734,2022-03-30T01:09:04,2023-01-05T01:09:04,False,False,109,94,3,,D5756C72C7C62D7089163EE7A2271A3422A59BF1A77327911F4B3513D46190F3
\\DEMO-SRV01\FileServer\02_RH_Collaborateurs\01_Dossiers_Individuels\ROUX_Camille\Entretiens_annuels\Entretien_annuel_2024.docx,C:\DemoMigration\FileServer\02_RH_Collaborateurs\01_Dossiers_Individuels\ROUX_Camille\Entretiens_annuels\Entretien_annuel_2024.docx,02_RH_Collaborateurs\01_Dossiers_Individuels\ROUX_Camille\Entretiens_annuels\Entretien_annuel_2024.docx,02_RH_Collaborateurs,RH,/sites/MigrationFileServer/RH/01_Dossiers_Individuels/ROUX_Camille/Entretiens_annuels/Entretien_annuel_2024.docx,Entretien_annuel_2024.docx,.docx,36754,2024-03-02T00:00:00,2024-12-16T00:00:00,False,False,127,112,4,,1DCF3BD205A6F63B0B39692EDDA96C354D957A94D8FEDA96999080ED5B0E957C
\\DEMO-SRV01\FileServer\02_RH_Collaborateurs\01_Dossiers_Individuels\ROUX_Camille\Entretiens_annuels\Entretien_annuel_2025.docx,C:\DemoMigration\FileServer\02_RH_Collaborateurs\01_Dossiers_Individuels\ROUX_Camille\Entretiens_annuels\Entretien_annuel_2025.docx,02_RH_Collaborateurs\01_Dossiers_Individuels\ROUX_Camille\Entretiens_annuels\Entretien_annuel_2025.docx,02_RH_Collaborateurs,RH,/sites/MigrationFileServer/RH/01_Dossiers_Individuels/ROUX_Camille/Entretiens_annuels/Entretien_annuel_2025.docx,Entretien_annuel_2025.docx,.docx,36753,2025-08-01T00:00:00,2025-12-17T00:00:00,False,False,127,112,4,,288A97D48603605BEE963BCB9BE57AD59386CE8778B4A02D387D7409D6869FA9
\\DEMO-SRV01\FileServer\02_RH_Collaborateurs\01_Dossiers_Individuels\ROUX_Emma\Bulletins_de_paie\2026\Bulletin_2026-01.pdf,C:\DemoMigration\FileServer\02_RH_Collaborateurs\01_Dossiers_Individuels\ROUX_Emma\Bulletins_de_paie\2026\Bulletin_2026-01.pdf,02_RH_Collaborateurs\01_Dossiers_Individuels\ROUX_Emma\Bulletins_de_paie\2026\Bulletin_2026-01.pdf,02_RH_Collaborateurs,RH,/sites/MigrationFileServer/RH/01_Dossiers_Individuels/ROUX_Emma/Bulletins_de_paie/2026/Bulletin_2026-01.pdf,Bulletin_2026-01.pdf,.pdf,1694,2025-10-12T18:00:00,2026-01-28T18:00:00,False,False,122,107,5,,B9DC5A869380BF99B78F2CAEEE0EE8E3294446704B8C3F7F350249D5AAFDEB51
\\DEMO-SRV01\FileServer\02_RH_Collaborateurs\01_Dossiers_Individuels\ROUX_Emma\Bulletins_de_paie\2026\Bulletin_2026-02.pdf,C:\DemoMigration\FileServer\02_RH_Collaborateurs\01_Dossiers_Individuels\ROUX_Emma\Bulletins_de_paie\2026\Bulletin_2026-02.pdf,02_RH_Collaborateurs\01_Dossiers_Individuels\ROUX_Emma\Bulletins_de_paie\2026\Bulletin_2026-02.pdf,02_RH_Collaborateurs,RH,/sites/MigrationFileServer/RH/01_Dossiers_Individuels/ROUX_Emma/Bulletins_de_paie/2026/Bulletin_2026-02.pdf,Bulletin_2026-02.pdf,.pdf,1693,2025-08-04T18:00:00,2026-02-28T18:00:00,False,False,122,107,5,,720E608BA8A554ACCB3C02CA3C709405BA9437B5F5B775EDA5BDB0B0674DB498
\\DEMO-SRV01\FileServer\02_RH_Collaborateurs\01_Dossiers_Individuels\ROUX_Emma\Bulletins_de_paie\2026\Bulletin_2026-03.pdf,C:\DemoMigration\FileServer\02_RH_Collaborateurs\01_Dossiers_Individuels\ROUX_Emma\Bulletins_de_paie\2026\Bulletin_2026-03.pdf,02_RH_Collaborateurs\01_Dossiers_Individuels\ROUX_Emma\Bulletins_de_paie\2026\Bulletin_2026-03.pdf,02_RH_Collaborateurs,RH,/sites/MigrationFileServer/RH/01_Dossiers_Individuels/ROUX_Emma/Bulletins_de_paie/2026/Bulletin_2026-03.pdf,Bulletin_2026-03.pdf,.pdf,1695,2025-03-05T18:00:00,2026-03-28T18:00:00,False,False,122,107,5,,24C95EA6A94B2D3C7F266D68BAE424C22EFF03D0EB0A7EDD7033FC946C4FD6F4
\\DEMO-SRV01\FileServer\02_RH_Collaborateurs\01_Dossiers_Individuels\ROUX_Emma\Bulletins_de_paie\2026\Bulletin_2026-04.pdf,C:\DemoMigration\FileServer\02_RH_Collaborateurs\01_Dossiers_Individuels\ROUX_Emma\Bulletins_de_paie\2026\Bulletin_2026-04.pdf,02_RH_Collaborateurs\01_Dossiers_Individuels\ROUX_Emma\Bulletins_de_paie\2026\Bulletin_2026-04.pdf,02_RH_Collaborateurs,RH,/sites/MigrationFileServer/RH/01_Dossiers_Individuels/ROUX_Emma/Bulletins_de_paie/2026/Bulletin_2026-04.pdf,Bulletin_2026-04.pdf,.pdf,1694,2025-10-19T18:00:00,2026-04-28T18:00:00,False,False,122,107,5,,83483749E3F9A54D7F9AE22F822F0860308BFC03BD3D3AD6389C9A4689D6EBFE
\\DEMO-SRV01\FileServer\02_RH_Collaborateurs\01_Dossiers_Individuels\ROUX_Emma\Bulletins_de_paie\2026\Bulletin_2026-05.pdf,C:\DemoMigration\FileServer\02_RH_Collaborateurs\01_Dossiers_Individuels\ROUX_Emma\Bulletins_de_paie\2026\Bulletin_2026-05.pdf,02_RH_Collaborateurs\01_Dossiers_Individuels\ROUX_Emma\Bulletins_de_paie\2026\Bulletin_2026-05.pdf,02_RH_Collaborateurs,RH,/sites/MigrationFileServer/RH/01_Dossiers_Individuels/ROUX_Emma/Bulletins_de_paie/2026/Bulletin_2026-05.pdf,Bulletin_2026-05.pdf,.pdf,1694,2025-09-07T18:00:00,2026-05-28T18:00:00,False,False,122,107,5,,6C662FE192CA9FE01130C3A5E5598B92002BBFE78F52BA7F4739238E1766F7AA
\\DEMO-SRV01\FileServer\02_RH_Collaborateurs\01_Dossiers_Individuels\ROUX_Emma\Bulletins_de_paie\2026\Bulletin_2026-06.pdf,C:\DemoMigration\FileServer\02_RH_Collaborateurs\01_Dossiers_Individuels\ROUX_Emma\Bulletins_de_paie\2026\Bulletin_2026-06.pdf,02_RH_Collaborateurs\01_Dossiers_Individuels\ROUX_Emma\Bulletins_de_paie\2026\Bulletin_2026-06.pdf,02_RH_Collaborateurs,RH,/sites/MigrationFileServer/RH/01_Dossiers_Individuels/ROUX_Emma/Bulletins_de_paie/2026/Bulletin_2026-06.pdf,Bulletin_2026-06.pdf,.pdf,1694,2026-05-26T18:00:00,2026-06-28T18:00:00,False,False,122,107,5,,D3C044E322BFCC873DBB947209070FA28F991741B4EF3E9C113FFF91DCD8ECD5
\\DEMO-SRV01\FileServer\02_RH_Collaborateurs\01_Dossiers_Individuels\ROUX_Emma\Bulletins_de_paie\2026\Bulletin_2026-07.pdf,C:\DemoMigration\FileServer\02_RH_Collaborateurs\01_Dossiers_Individuels\ROUX_Emma\Bulletins_de_paie\2026\Bulletin_2026-07.pdf,02_RH_Collaborateurs\01_Dossiers_Individuels\ROUX_Emma\Bulletins_de_paie\2026\Bulletin_2026-07.pdf,02_RH_Collaborateurs,RH,/sites/MigrationFileServer/RH/01_Dossiers_Individuels/ROUX_Emma/Bulletins_de_paie/2026/Bulletin_2026-07.pdf,Bulletin_2026-07.pdf,.pdf,1695,2025-11-11T18:00:00,2026-07-28T18:00:00,False,False,122,107,5,,681CDD74D690D967D50362E56F84DDD9F2B403A0FDC7EF6A9B3F4F20ADD626A7
\\DEMO-SRV01\FileServer\02_RH_Collaborateurs\01_Dossiers_Individuels\ROUX_Emma\Bulletins_de_paie\2026\Bulletin_2026-08.pdf,C:\DemoMigration\FileServer\02_RH_Collaborateurs\01_Dossiers_Individuels\ROUX_Emma\Bulletins_de_paie\2026\Bulletin_2026-08.pdf,02_RH_Collaborateurs\01_Dossiers_Individuels\ROUX_Emma\Bulletins_de_paie\2026\Bulletin_2026-08.pdf,02_RH_Collaborateurs,RH,/sites/MigrationFileServer/RH/01_Dossiers_Individuels/ROUX_Emma/Bulletins_de_paie/2026/Bulletin_2026-08.pdf,Bulletin_2026-08.pdf,.pdf,1693,2025-07-25T18:00:00,2026-08-28T18:00:00,False,False,122,107,5,,82CFA5DDBE448DD5A8F75A487C373B92E04BAC21D8EB9AF279B2F8F342804B8E
\\DEMO-SRV01\FileServer\02_RH_Collaborateurs\01_Dossiers_Individuels\ROUX_Emma\Contrat_de_travail_ROUX.pdf,C:\DemoMigration\FileServer\02_RH_Collaborateurs\01_Dossiers_Individuels\ROUX_Emma\Contrat_de_travail_ROUX.pdf,02_RH_Collaborateurs\01_Dossiers_Individuels\ROUX_Emma\Contrat_de_travail_ROUX.pdf,02_RH_Collaborateurs,RH,/sites/MigrationFileServer/RH/01_Dossiers_Individuels/ROUX_Emma/Contrat_de_travail_ROUX.pdf,Contrat_de_travail_ROUX.pdf,.pdf,1720,2024-04-10T14:26:45,2024-05-25T14:26:45,False,False,106,91,3,,B66A3932680E7F748279DEC874F2E8D57FD56E533EB462AB88CD6E4427F3655C
\\DEMO-SRV01\FileServer\02_RH_Collaborateurs\01_Dossiers_Individuels\ROUX_Emma\Entretiens_annuels\Entretien_annuel_2024.docx,C:\DemoMigration\FileServer\02_RH_Collaborateurs\01_Dossiers_Individuels\ROUX_Emma\Entretiens_annuels\Entretien_annuel_2024.docx,02_RH_Collaborateurs\01_Dossiers_Individuels\ROUX_Emma\Entretiens_annuels\Entretien_annuel_2024.docx,02_RH_Collaborateurs,RH,/sites/MigrationFileServer/RH/01_Dossiers_Individuels/ROUX_Emma/Entretiens_annuels/Entretien_annuel_2024.docx,Entretien_annuel_2024.docx,.docx,36752,2024-12-03T00:00:00,2024-12-17T00:00:00,False,False,124,109,4,,08D1E1BC988B408D9A916281A1EB68915550670822D96EB566E01A8A9B9CB577
\\DEMO-SRV01\FileServer\02_RH_Collaborateurs\01_Dossiers_Individuels\ROUX_Emma\Entretiens_annuels\Entretien_annuel_2025.docx,C:\DemoMigration\FileServer\02_RH_Collaborateurs\01_Dossiers_Individuels\ROUX_Emma\Entretiens_annuels\Entretien_annuel_2025.docx,02_RH_Collaborateurs\01_Dossiers_Individuels\ROUX_Emma\Entretiens_annuels\Entretien_annuel_2025.docx,02_RH_Collaborateurs,RH,/sites/MigrationFileServer/RH/01_Dossiers_Individuels/ROUX_Emma/Entretiens_annuels/Entretien_annuel_2025.docx,Entretien_annuel_2025.docx,.docx,36752,2025-08-26T00:00:00,2025-12-06T00:00:00,False,False,124,109,4,,C0D9E29E7A5F546BF1938FBFEB8D65B1F0C0CB1734A7302BCCCDA067E55F7F8D
\\DEMO-SRV01\FileServer\02_RH_Collaborateurs\01_Dossiers_Individuels\SIMON_Bastien\Bulletins_de_paie\2026\Bulletin_2026-01.pdf,C:\DemoMigration\FileServer\02_RH_Collaborateurs\01_Dossiers_Individuels\SIMON_Bastien\Bulletins_de_paie\2026\Bulletin_2026-01.pdf,02_RH_Collaborateurs\01_Dossiers_Individuels\SIMON_Bastien\Bulletins_de_paie\2026\Bulletin_2026-01.pdf,02_RH_Collaborateurs,RH,/sites/MigrationFileServer/RH/01_Dossiers_Individuels/SIMON_Bastien/Bulletins_de_paie/2026/Bulletin_2026-01.pdf,Bulletin_2026-01.pdf,.pdf,1694,2025-11-02T18:00:00,2026-01-28T18:00:00,False,False,126,111,5,,8879679CC9CEF5E90F4C433F5BD72248C8931E5084C449F41C6BE922270F9031
\\DEMO-SRV01\FileServer\02_RH_Collaborateurs\01_Dossiers_Individuels\SIMON_Bastien\Bulletins_de_paie\2026\Bulletin_2026-02.pdf,C:\DemoMigration\FileServer\02_RH_Collaborateurs\01_Dossiers_Individuels\SIMON_Bastien\Bulletins_de_paie\2026\Bulletin_2026-02.pdf,02_RH_Collaborateurs\01_Dossiers_Individuels\SIMON_Bastien\Bulletins_de_paie\2026\Bulletin_2026-02.pdf,02_RH_Collaborateurs,RH,/sites/MigrationFileServer/RH/01_Dossiers_Individuels/SIMON_Bastien/Bulletins_de_paie/2026/Bulletin_2026-02.pdf,Bulletin_2026-02.pdf,.pdf,1694,2025-12-08T18:00:00,2026-02-28T18:00:00,False,False,126,111,5,,DFAC5074235C9407DE3783A3A9B7656A3695F723A0B8EE882388C1F41D36A8B7
\\DEMO-SRV01\FileServer\02_RH_Collaborateurs\01_Dossiers_Individuels\SIMON_Bastien\Bulletins_de_paie\2026\Bulletin_2026-03.pdf,C:\DemoMigration\FileServer\02_RH_Collaborateurs\01_Dossiers_Individuels\SIMON_Bastien\Bulletins_de_paie\2026\Bulletin_2026-03.pdf,02_RH_Collaborateurs\01_Dossiers_Individuels\SIMON_Bastien\Bulletins_de_paie\2026\Bulletin_2026-03.pdf,02_RH_Collaborateurs,RH,/sites/MigrationFileServer/RH/01_Dossiers_Individuels/SIMON_Bastien/Bulletins_de_paie/2026/Bulletin_2026-03.pdf,Bulletin_2026-03.pdf,.pdf,1697,2025-06-21T18:00:00,2026-03-28T18:00:00,False,False,126,111,5,,8343CAD937AC889C5C35F38A8A0FE2C001E88F446226E8409A0E59FF270D36CE
\\DEMO-SRV01\FileServer\02_RH_Collaborateurs\01_Dossiers_Individuels\SIMON_Bastien\Bulletins_de_paie\2026\Bulletin_2026-04.pdf,C:\DemoMigration\FileServer\02_RH_Collaborateurs\01_Dossiers_Individuels\SIMON_Bastien\Bulletins_de_paie\2026\Bulletin_2026-04.pdf,02_RH_Collaborateurs\01_Dossiers_Individuels\SIMON_Bastien\Bulletins_de_paie\2026\Bulletin_2026-04.pdf,02_RH_Collaborateurs,RH,/sites/MigrationFileServer/RH/01_Dossiers_Individuels/SIMON_Bastien/Bulletins_de_paie/2026/Bulletin_2026-04.pdf,Bulletin_2026-04.pdf,.pdf,1695,2026-03-12T18:00:00,2026-04-28T18:00:00,False,False,126,111,5,,86F41AE526BE8855F9DDA4522AB1CD8EDC63766C57580E75C640EEC9296C5185
\\DEMO-SRV01\FileServer\02_RH_Collaborateurs\01_Dossiers_Individuels\SIMON_Bastien\Bulletins_de_paie\2026\Bulletin_2026-05.pdf,C:\DemoMigration\FileServer\02_RH_Collaborateurs\01_Dossiers_Individuels\SIMON_Bastien\Bulletins_de_paie\2026\Bulletin_2026-05.pdf,02_RH_Collaborateurs\01_Dossiers_Individuels\SIMON_Bastien\Bulletins_de_paie\2026\Bulletin_2026-05.pdf,02_RH_Collaborateurs,RH,/sites/MigrationFileServer/RH/01_Dossiers_Individuels/SIMON_Bastien/Bulletins_de_paie/2026/Bulletin_2026-05.pdf,Bulletin_2026-05.pdf,.pdf,1695,2025-07-18T18:00:00,2026-05-28T18:00:00,False,False,126,111,5,,C45196426D67B7918F301EFFEC8A0A0BEDCDCF241A5CF28917B3F19B5B09DCD4
\\DEMO-SRV01\FileServer\02_RH_Collaborateurs\01_Dossiers_Individuels\SIMON_Bastien\Bulletins_de_paie\2026\Bulletin_2026-06.pdf,C:\DemoMigration\FileServer\02_RH_Collaborateurs\01_Dossiers_Individuels\SIMON_Bastien\Bulletins_de_paie\2026\Bulletin_2026-06.pdf,02_RH_Collaborateurs\01_Dossiers_Individuels\SIMON_Bastien\Bulletins_de_paie\2026\Bulletin_2026-06.pdf,02_RH_Collaborateurs,RH,/sites/MigrationFileServer/RH/01_Dossiers_Individuels/SIMON_Bastien/Bulletins_de_paie/2026/Bulletin_2026-06.pdf,Bulletin_2026-06.pdf,.pdf,1695,2025-07-03T18:00:00,2026-06-28T18:00:00,False,False,126,111,5,,DABC53A791AF2BFC8A6D3C39D280BC8341D510415128D569D682B36B2982167E
\\DEMO-SRV01\FileServer\02_RH_Collaborateurs\01_Dossiers_Individuels\SIMON_Bastien\Bulletins_de_paie\2026\Bulletin_2026-07.pdf,C:\DemoMigration\FileServer\02_RH_Collaborateurs\01_Dossiers_Individuels\SIMON_Bastien\Bulletins_de_paie\2026\Bulletin_2026-07.pdf,02_RH_Collaborateurs\01_Dossiers_Individuels\SIMON_Bastien\Bulletins_de_paie\2026\Bulletin_2026-07.pdf,02_RH_Collaborateurs,RH,/sites/MigrationFileServer/RH/01_Dossiers_Individuels/SIMON_Bastien/Bulletins_de_paie/2026/Bulletin_2026-07.pdf,Bulletin_2026-07.pdf,.pdf,1695,2025-08-28T18:00:00,2026-07-28T18:00:00,False,False,126,111,5,,B89061A5B1D8815D5744765AC0807A7362537A9E40BE456D20762E6B260CCA76
\\DEMO-SRV01\FileServer\02_RH_Collaborateurs\01_Dossiers_Individuels\SIMON_Bastien\Bulletins_de_paie\2026\Bulletin_2026-08.pdf,C:\DemoMigration\FileServer\02_RH_Collaborateurs\01_Dossiers_Individuels\SIMON_Bastien\Bulletins_de_paie\2026\Bulletin_2026-08.pdf,02_RH_Collaborateurs\01_Dossiers_Individuels\SIMON_Bastien\Bulletins_de_paie\2026\Bulletin_2026-08.pdf,02_RH_Collaborateurs,RH,/sites/MigrationFileServer/RH/01_Dossiers_Individuels/SIMON_Bastien/Bulletins_de_paie/2026/Bulletin_2026-08.pdf,Bulletin_2026-08.pdf,.pdf,1695,2026-01-18T18:00:00,2026-08-28T18:00:00,False,False,126,111,5,,B87A63DD867E98ECFEF4892EA3452308306800F303A67F3A73BF4E4DFE387CFE
\\DEMO-SRV01\FileServer\02_RH_Collaborateurs\01_Dossiers_Individuels\SIMON_Bastien\Contrat_de_travail_SIMON.pdf,C:\DemoMigration\FileServer\02_RH_Collaborateurs\01_Dossiers_Individuels\SIMON_Bastien\Contrat_de_travail_SIMON.pdf,02_RH_Collaborateurs\01_Dossiers_Individuels\SIMON_Bastien\Contrat_de_travail_SIMON.pdf,02_RH_Collaborateurs,RH,/sites/MigrationFileServer/RH/01_Dossiers_Individuels/SIMON_Bastien/Contrat_de_travail_SIMON.pdf,Contrat_de_travail_SIMON.pdf,.pdf,1720,2012-03-12T18:14:55,2012-05-04T18:14:55,False,False,111,96,3,,FE110E8B0E3250CF54CF3F764BA5A42CB103FE265D9AE8F57E0CADE72A64CBDA
\\DEMO-SRV01\FileServer\02_RH_Collaborateurs\01_Dossiers_Individuels\SIMON_Bastien\Entretiens_annuels\Entretien_annuel_2024.docx,C:\DemoMigration\FileServer\02_RH_Collaborateurs\01_Dossiers_Individuels\SIMON_Bastien\Entretiens_annuels\Entretien_annuel_2024.docx,02_RH_Collaborateurs\01_Dossiers_Individuels\SIMON_Bastien\Entretiens_annuels\Entretien_annuel_2024.docx,02_RH_Collaborateurs,RH,/sites/MigrationFileServer/RH/01_Dossiers_Individuels/SIMON_Bastien/Entretiens_annuels/Entretien_annuel_2024.docx,Entretien_annuel_2024.docx,.docx,36752,2024-06-20T00:00:00,2024-12-06T00:00:00,False,False,128,113,4,,C551F178AED8B791E43A6960FB9518FBBF284F2DF094C502CDEFC258BEF52799
\\DEMO-SRV01\FileServer\02_RH_Collaborateurs\01_Dossiers_Individuels\SIMON_Bastien\Entretiens_annuels\Entretien_annuel_2025.docx,C:\DemoMigration\FileServer\02_RH_Collaborateurs\01_Dossiers_Individuels\SIMON_Bastien\Entretiens_annuels\Entretien_annuel_2025.docx,02_RH_Collaborateurs\01_Dossiers_Individuels\SIMON_Bastien\Entretiens_annuels\Entretien_annuel_2025.docx,02_RH_Collaborateurs,RH,/sites/MigrationFileServer/RH/01_Dossiers_Individuels/SIMON_Bastien/Entretiens_annuels/Entretien_annuel_2025.docx,Entretien_annuel_2025.docx,.docx,36752,2025-05-12T00:00:00,2025-12-07T00:00:00,False,False,128,113,4,,D3D72FF4608616A9041731B5F0EFBA7E271AF5AE5130CFBD0A02FBF6FAE5100B
\\DEMO-SRV01\FileServer\02_RH_Collaborateurs\01_Dossiers_Individuels\SIMON_Thomas\Bulletins_de_paie\2026\Bulletin_2026-01.pdf,C:\DemoMigration\FileServer\02_RH_Collaborateurs\01_Dossiers_Individuels\SIMON_Thomas\Bulletins_de_paie\2026\Bulletin_2026-01.pdf,02_RH_Collaborateurs\01_Dossiers_Individuels\SIMON_Thomas\Bulletins_de_paie\2026\Bulletin_2026-01.pdf,02_RH_Collaborateurs,RH,/sites/MigrationFileServer/RH/01_Dossiers_Individuels/SIMON_Thomas/Bulletins_de_paie/2026/Bulletin_2026-01.pdf,Bulletin_2026-01.pdf,.pdf,1697,2025-02-14T18:00:00,2026-01-28T18:00:00,False,False,125,110,5,,F01D3DD9990C0DDD461F88AF98C870015FB41457FFBA1C0892B3FCC0623013CC
\\DEMO-SRV01\FileServer\02_RH_Collaborateurs\01_Dossiers_Individuels\SIMON_Thomas\Bulletins_de_paie\2026\Bulletin_2026-02.pdf,C:\DemoMigration\FileServer\02_RH_Collaborateurs\01_Dossiers_Individuels\SIMON_Thomas\Bulletins_de_paie\2026\Bulletin_2026-02.pdf,02_RH_Collaborateurs\01_Dossiers_Individuels\SIMON_Thomas\Bulletins_de_paie\2026\Bulletin_2026-02.pdf,02_RH_Collaborateurs,RH,/sites/MigrationFileServer/RH/01_Dossiers_Individuels/SIMON_Thomas/Bulletins_de_paie/2026/Bulletin_2026-02.pdf,Bulletin_2026-02.pdf,.pdf,1697,2025-09-29T18:00:00,2026-02-28T18:00:00,False,False,125,110,5,,39F742B9A7F362E611B43A7B212C6190E9E2B455AF2FA1AA6B4194D7A1C24C9C
\\DEMO-SRV01\FileServer\02_RH_Collaborateurs\01_Dossiers_Individuels\SIMON_Thomas\Bulletins_de_paie\2026\Bulletin_2026-03.pdf,C:\DemoMigration\FileServer\02_RH_Collaborateurs\01_Dossiers_Individuels\SIMON_Thomas\Bulletins_de_paie\2026\Bulletin_2026-03.pdf,02_RH_Collaborateurs\01_Dossiers_Individuels\SIMON_Thomas\Bulletins_de_paie\2026\Bulletin_2026-03.pdf,02_RH_Collaborateurs,RH,/sites/MigrationFileServer/RH/01_Dossiers_Individuels/SIMON_Thomas/Bulletins_de_paie/2026/Bulletin_2026-03.pdf,Bulletin_2026-03.pdf,.pdf,1698,2026-01-10T18:00:00,2026-03-28T18:00:00,False,False,125,110,5,,AD995F1CDC2A81183EC4A95C83302CFF4DDE8F1FC877FF4BD05B0D91279C3899
\\DEMO-SRV01\FileServer\02_RH_Collaborateurs\01_Dossiers_Individuels\SIMON_Thomas\Bulletins_de_paie\2026\Bulletin_2026-04.pdf,C:\DemoMigration\FileServer\02_RH_Collaborateurs\01_Dossiers_Individuels\SIMON_Thomas\Bulletins_de_paie\2026\Bulletin_2026-04.pdf,02_RH_Collaborateurs\01_Dossiers_Individuels\SIMON_Thomas\Bulletins_de_paie\2026\Bulletin_2026-04.pdf,02_RH_Collaborateurs,RH,/sites/MigrationFileServer/RH/01_Dossiers_Individuels/SIMON_Thomas/Bulletins_de_paie/2026/Bulletin_2026-04.pdf,Bulletin_2026-04.pdf,.pdf,1698,2026-01-16T18:00:00,2026-04-28T18:00:00,False,False,125,110,5,,42605011DBCA34A317710047158E7BBB0D81154C7FDD7C53DDE0954CF3C2C0E8
\\DEMO-SRV01\FileServer\02_RH_Collaborateurs\01_Dossiers_Individuels\SIMON_Thomas\Bulletins_de_paie\2026\Bulletin_2026-05.pdf,C:\DemoMigration\FileServer\02_RH_Collaborateurs\01_Dossiers_Individuels\SIMON_Thomas\Bulletins_de_paie\2026\Bulletin_2026-05.pdf,02_RH_Collaborateurs\01_Dossiers_Individuels\SIMON_Thomas\Bulletins_de_paie\2026\Bulletin_2026-05.pdf,02_RH_Collaborateurs,RH,/sites/MigrationFileServer/RH/01_Dossiers_Individuels/SIMON_Thomas/Bulletins_de_paie/2026/Bulletin_2026-05.pdf,Bulletin_2026-05.pdf,.pdf,1697,2025-08-10T18:00:00,2026-05-28T18:00:00,False,False,125,110,5,,83608646EC51834B45BA52B0E87424CE32FB33AC7DB5DCD52B1DFC79AF17647F
\\DEMO-SRV01\FileServer\02_RH_Collaborateurs\01_Dossiers_Individuels\SIMON_Thomas\Bulletins_de_paie\2026\Bulletin_2026-06.pdf,C:\DemoMigration\FileServer\02_RH_Collaborateurs\01_Dossiers_Individuels\SIMON_Thomas\Bulletins_de_paie\2026\Bulletin_2026-06.pdf,02_RH_Collaborateurs\01_Dossiers_Individuels\SIMON_Thomas\Bulletins_de_paie\2026\Bulletin_2026-06.pdf,02_RH_Collaborateurs,RH,/sites/MigrationFileServer/RH/01_Dossiers_Individuels/SIMON_Thomas/Bulletins_de_paie/2026/Bulletin_2026-06.pdf,Bulletin_2026-06.pdf,.pdf,1698,2025-11-06T18:00:00,2026-06-28T18:00:00,False,False,125,110,5,,3B5DB18C85A9A60FFAEFB289390638DC202D5EB5ABAF819B4B3C83832C961004
\\DEMO-SRV01\FileServer\02_RH_Collaborateurs\01_Dossiers_Individuels\SIMON_Thomas\Bulletins_de_paie\2026\Bulletin_2026-07.pdf,C:\DemoMigration\FileServer\02_RH_Collaborateurs\01_Dossiers_Individuels\SIMON_Thomas\Bulletins_de_paie\2026\Bulletin_2026-07.pdf,02_RH_Collaborateurs\01_Dossiers_Individuels\SIMON_Thomas\Bulletins_de_paie\2026\Bulletin_2026-07.pdf,02_RH_Collaborateurs,RH,/sites/MigrationFileServer/RH/01_Dossiers_Individuels/SIMON_Thomas/Bulletins_de_paie/2026/Bulletin_2026-07.pdf,Bulletin_2026-07.pdf,.pdf,1698,2025-07-27T18:00:00,2026-07-28T18:00:00,False,False,125,110,5,,8D2C4DAFFF0A7C948598D12F8906BE8FD96F15BFDBE0F7BD3F4A62A8F788C492
\\DEMO-SRV01\FileServer\02_RH_Collaborateurs\01_Dossiers_Individuels\SIMON_Thomas\Bulletins_de_paie\2026\Bulletin_2026-08.pdf,C:\DemoMigration\FileServer\02_RH_Collaborateurs\01_Dossiers_Individuels\SIMON_Thomas\Bulletins_de_paie\2026\Bulletin_2026-08.pdf,02_RH_Collaborateurs\01_Dossiers_Individuels\SIMON_Thomas\Bulletins_de_paie\2026\Bulletin_2026-08.pdf,02_RH_Collaborateurs,RH,/sites/MigrationFileServer/RH/01_Dossiers_Individuels/SIMON_Thomas/Bulletins_de_paie/2026/Bulletin_2026-08.pdf,Bulletin_2026-08.pdf,.pdf,1697,2026-07-18T18:00:00,2026-08-28T18:00:00,False,False,125,110,5,,1E4EE874160F459968B91FF2D8BE71F7D33D80BF2A8D6FEF9A827C53B72471F0
\\DEMO-SRV01\FileServer\02_RH_Collaborateurs\01_Dossiers_Individuels\SIMON_Thomas\Contrat_de_travail_SIMON.pdf,C:\DemoMigration\FileServer\02_RH_Collaborateurs\01_Dossiers_Individuels\SIMON_Thomas\Contrat_de_travail_SIMON.pdf,02_RH_Collaborateurs\01_Dossiers_Individuels\SIMON_Thomas\Contrat_de_travail_SIMON.pdf,02_RH_Collaborateurs,RH,/sites/MigrationFileServer/RH/01_Dossiers_Individuels/SIMON_Thomas/Contrat_de_travail_SIMON.pdf,Contrat_de_travail_SIMON.pdf,.pdf,1735,2021-08-07T22:33:45,2021-11-14T22:33:45,False,False,110,95,3,,214A90DEA2B3BF1077323B22A7F7A1FB84C13F17891408FEC4111F0729CB6645
\\DEMO-SRV01\FileServer\02_RH_Collaborateurs\01_Dossiers_Individuels\SIMON_Thomas\Entretiens_annuels\Entretien_annuel_2024.docx,C:\DemoMigration\FileServer\02_RH_Collaborateurs\01_Dossiers_Individuels\SIMON_Thomas\Entretiens_annuels\Entretien_annuel_2024.docx,02_RH_Collaborateurs\01_Dossiers_Individuels\SIMON_Thomas\Entretiens_annuels\Entretien_annuel_2024.docx,02_RH_Collaborateurs,RH,/sites/MigrationFileServer/RH/01_Dossiers_Individuels/SIMON_Thomas/Entretiens_annuels/Entretien_annuel_2024.docx,Entretien_annuel_2024.docx,.docx,36753,2024-09-17T00:00:00,2024-12-16T00:00:00,False,False,127,112,4,,5EE2248543FF68491571AA25F85B8DB8A7C87F57203AAF8F3D07D4D1EBD0982B
\\DEMO-SRV01\FileServer\02_RH_Collaborateurs\01_Dossiers_Individuels\SIMON_Thomas\Entretiens_annuels\Entretien_annuel_2025.docx,C:\DemoMigration\FileServer\02_RH_Collaborateurs\01_Dossiers_Individuels\SIMON_Thomas\Entretiens_annuels\Entretien_annuel_2025.docx,02_RH_Collaborateurs\01_Dossiers_Individuels\SIMON_Thomas\Entretiens_annuels\Entretien_annuel_2025.docx,02_RH_Collaborateurs,RH,/sites/MigrationFileServer/RH/01_Dossiers_Individuels/SIMON_Thomas/Entretiens_annuels/Entretien_annuel_2025.docx,Entretien_annuel_2025.docx,.docx,36753,2025-12-09T00:00:00,2025-12-11T00:00:00,False,False,127,112,4,,E60DFC8D72CD4378C5BD97F980353269B12D7E09CBF4C62A0384664D076121C9
\\DEMO-SRV01\FileServer\02_RH_Collaborateurs\01_Dossiers_Individuels\VINCENT_Florian\Bulletins_de_paie\2026\Bulletin_2026-01.pdf,C:\DemoMigration\FileServer\02_RH_Collaborateurs\01_Dossiers_Individuels\VINCENT_Florian\Bulletins_de_paie\2026\Bulletin_2026-01.pdf,02_RH_Collaborateurs\01_Dossiers_Individuels\VINCENT_Florian\Bulletins_de_paie\2026\Bulletin_2026-01.pdf,02_RH_Collaborateurs,RH,/sites/MigrationFileServer/RH/01_Dossiers_Individuels/VINCENT_Florian/Bulletins_de_paie/2026/Bulletin_2026-01.pdf,Bulletin_2026-01.pdf,.pdf,1698,2025-04-19T18:00:00,2026-01-28T18:00:00,False,False,128,113,5,,76EC007F9E8640B7585001641A31B94201DF451ED7DDFE221B32114456A4673D
\\DEMO-SRV01\FileServer\02_RH_Collaborateurs\01_Dossiers_Individuels\VINCENT_Florian\Bulletins_de_paie\2026\Bulletin_2026-02.pdf,C:\DemoMigration\FileServer\02_RH_Collaborateurs\01_Dossiers_Individuels\VINCENT_Florian\Bulletins_de_paie\2026\Bulletin_2026-02.pdf,02_RH_Collaborateurs\01_Dossiers_Individuels\VINCENT_Florian\Bulletins_de_paie\2026\Bulletin_2026-02.pdf,02_RH_Collaborateurs,RH,/sites/MigrationFileServer/RH/01_Dossiers_Individuels/VINCENT_Florian/Bulletins_de_paie/2026/Bulletin_2026-02.pdf,Bulletin_2026-02.pdf,.pdf,1697,2025-10-24T18:00:00,2026-02-28T18:00:00,False,False,128,113,5,,26F10996682448C9A44BA904B839B489198E06185CF714E509F55A0FDF8A1235
\\DEMO-SRV01\FileServer\02_RH_Collaborateurs\01_Dossiers_Individuels\VINCENT_Florian\Bulletins_de_paie\2026\Bulletin_2026-03.pdf,C:\DemoMigration\FileServer\02_RH_Collaborateurs\01_Dossiers_Individuels\VINCENT_Florian\Bulletins_de_paie\2026\Bulletin_2026-03.pdf,02_RH_Collaborateurs\01_Dossiers_Individuels\VINCENT_Florian\Bulletins_de_paie\2026\Bulletin_2026-03.pdf,02_RH_Collaborateurs,RH,/sites/MigrationFileServer/RH/01_Dossiers_Individuels/VINCENT_Florian/Bulletins_de_paie/2026/Bulletin_2026-03.pdf,Bulletin_2026-03.pdf,.pdf,1698,2026-02-04T18:00:00,2026-03-28T18:00:00,False,False,128,113,5,,3573A64E15AFD1EB081FEF15C153083E10519E1D59CC98C9274CF31B27D2DB98
\\DEMO-SRV01\FileServer\02_RH_Collaborateurs\01_Dossiers_Individuels\VINCENT_Florian\Bulletins_de_paie\2026\Bulletin_2026-04.pdf,C:\DemoMigration\FileServer\02_RH_Collaborateurs\01_Dossiers_Individuels\VINCENT_Florian\Bulletins_de_paie\2026\Bulletin_2026-04.pdf,02_RH_Collaborateurs\01_Dossiers_Individuels\VINCENT_Florian\Bulletins_de_paie\2026\Bulletin_2026-04.pdf,02_RH_Collaborateurs,RH,/sites/MigrationFileServer/RH/01_Dossiers_Individuels/VINCENT_Florian/Bulletins_de_paie/2026/Bulletin_2026-04.pdf,Bulletin_2026-04.pdf,.pdf,1699,2026-02-16T18:00:00,2026-04-28T18:00:00,False,False,128,113,5,,E4BB0B05435B488F6A79AD7B70ABBBEAD59DAA951AB34B959488BB598895BDE5
\\DEMO-SRV01\FileServer\02_RH_Collaborateurs\01_Dossiers_Individuels\VINCENT_Florian\Bulletins_de_paie\2026\Bulletin_2026-05.pdf,C:\DemoMigration\FileServer\02_RH_Collaborateurs\01_Dossiers_Individuels\VINCENT_Florian\Bulletins_de_paie\2026\Bulletin_2026-05.pdf,02_RH_Collaborateurs\01_Dossiers_Individuels\VINCENT_Florian\Bulletins_de_paie\2026\Bulletin_2026-05.pdf,02_RH_Collaborateurs,RH,/sites/MigrationFileServer/RH/01_Dossiers_Individuels/VINCENT_Florian/Bulletins_de_paie/2026/Bulletin_2026-05.pdf,Bulletin_2026-05.pdf,.pdf,1698,2026-04-27T18:00:00,2026-05-28T18:00:00,False,False,128,113,5,,248F527C16F032CC4E989BD87D5450081030F8439279F6ED20D112E0840B275C
\\DEMO-SRV01\FileServer\02_RH_Collaborateurs\01_Dossiers_Individuels\VINCENT_Florian\Bulletins_de_paie\2026\Bulletin_2026-06.pdf,C:\DemoMigration\FileServer\02_RH_Collaborateurs\01_Dossiers_Individuels\VINCENT_Florian\Bulletins_de_paie\2026\Bulletin_2026-06.pdf,02_RH_Collaborateurs\01_Dossiers_Individuels\VINCENT_Florian\Bulletins_de_paie\2026\Bulletin_2026-06.pdf,02_RH_Collaborateurs,RH,/sites/MigrationFileServer/RH/01_Dossiers_Individuels/VINCENT_Florian/Bulletins_de_paie/2026/Bulletin_2026-06.pdf,Bulletin_2026-06.pdf,.pdf,1699,2026-03-07T18:00:00,2026-06-28T18:00:00,False,False,128,113,5,,5B203018F26316FB0FAC92798E9D327512D8C157EC3756BBF709E88536C95EBC
\\DEMO-SRV01\FileServer\02_RH_Collaborateurs\01_Dossiers_Individuels\VINCENT_Florian\Bulletins_de_paie\2026\Bulletin_2026-07.pdf,C:\DemoMigration\FileServer\02_RH_Collaborateurs\01_Dossiers_Individuels\VINCENT_Florian\Bulletins_de_paie\2026\Bulletin_2026-07.pdf,02_RH_Collaborateurs\01_Dossiers_Individuels\VINCENT_Florian\Bulletins_de_paie\2026\Bulletin_2026-07.pdf,02_RH_Collaborateurs,RH,/sites/MigrationFileServer/RH/01_Dossiers_Individuels/VINCENT_Florian/Bulletins_de_paie/2026/Bulletin_2026-07.pdf,Bulletin_2026-07.pdf,.pdf,1697,2026-01-04T18:00:00,2026-07-28T18:00:00,False,False,128,113,5,,AB7E2CA3ACA16DBC6A88A5651803750224BF13696833F3600C35215B9000984F
\\DEMO-SRV01\FileServer\02_RH_Collaborateurs\01_Dossiers_Individuels\VINCENT_Florian\Bulletins_de_paie\2026\Bulletin_2026-08.pdf,C:\DemoMigration\FileServer\02_RH_Collaborateurs\01_Dossiers_Individuels\VINCENT_Florian\Bulletins_de_paie\2026\Bulletin_2026-08.pdf,02_RH_Collaborateurs\01_Dossiers_Individuels\VINCENT_Florian\Bulletins_de_paie\2026\Bulletin_2026-08.pdf,02_RH_Collaborateurs,RH,/sites/MigrationFileServer/RH/01_Dossiers_Individuels/VINCENT_Florian/Bulletins_de_paie/2026/Bulletin_2026-08.pdf,Bulletin_2026-08.pdf,.pdf,1698,2025-10-10T18:00:00,2026-08-28T18:00:00,False,False,128,113,5,,2BB12C4479C9D5C3EF5631BA09E36CEE44872F9248C940E2A6A97A01D4DAE864
\\DEMO-SRV01\FileServer\02_RH_Collaborateurs\01_Dossiers_Individuels\VINCENT_Florian\Contrat_de_travail_VINCENT.pdf,C:\DemoMigration\FileServer\02_RH_Collaborateurs\01_Dossiers_Individuels\VINCENT_Florian\Contrat_de_travail_VINCENT.pdf,02_RH_Collaborateurs\01_Dossiers_Individuels\VINCENT_Florian\Contrat_de_travail_VINCENT.pdf,02_RH_Collaborateurs,RH,/sites/MigrationFileServer/RH/01_Dossiers_Individuels/VINCENT_Florian/Contrat_de_travail_VINCENT.pdf,Contrat_de_travail_VINCENT.pdf,.pdf,1722,2015-11-10T14:53:03,2016-06-04T14:53:03,False,False,115,100,3,,632C10DB0F6AC2D81CB86993580EDA312FB3F25400EF72C2F4B34AF480B5A997
\\DEMO-SRV01\FileServer\02_RH_Collaborateurs\01_Dossiers_Individuels\VINCENT_Florian\Entretiens_annuels\Entretien_annuel_2024.docx,C:\DemoMigration\FileServer\02_RH_Collaborateurs\01_Dossiers_Individuels\VINCENT_Florian\Entretiens_annuels\Entretien_annuel_2024.docx,02_RH_Collaborateurs\01_Dossiers_Individuels\VINCENT_Florian\Entretiens_annuels\Entretien_annuel_2024.docx,02_RH_Collaborateurs,RH,/sites/MigrationFileServer/RH/01_Dossiers_Individuels/VINCENT_Florian/Entretiens_annuels/Entretien_annuel_2024.docx,Entretien_annuel_2024.docx,.docx,36756,2024-07-24T00:00:00,2024-12-03T00:00:00,False,False,130,115,4,,CBD032AF05B5C5515C08ED562EC904091726BDEBEC923AC46C3FAAB1ACAECCAD
\\DEMO-SRV01\FileServer\02_RH_Collaborateurs\01_Dossiers_Individuels\VINCENT_Florian\Entretiens_annuels\Entretien_annuel_2025.docx,C:\DemoMigration\FileServer\02_RH_Collaborateurs\01_Dossiers_Individuels\VINCENT_Florian\Entretiens_annuels\Entretien_annuel_2025.docx,02_RH_Collaborateurs\01_Dossiers_Individuels\VINCENT_Florian\Entretiens_annuels\Entretien_annuel_2025.docx,02_RH_Collaborateurs,RH,/sites/MigrationFileServer/RH/01_Dossiers_Individuels/VINCENT_Florian/Entretiens_annuels/Entretien_annuel_2025.docx,Entretien_annuel_2025.docx,.docx,36756,2025-10-31T00:00:00,2025-12-03T00:00:00,False,False,130,115,4,,CF42484DF7885149CA622024D0D1032C32510B87D68A62BAE70053DC0726A9E1
\\DEMO-SRV01\FileServer\02_RH_Collaborateurs\02_Recrutement\Assistante_de_direction\CV_Blanc_Hugo.pdf,C:\DemoMigration\FileServer\02_RH_Collaborateurs\02_Recrutement\Assistante_de_direction\CV_Blanc_Hugo.pdf,02_RH_Collaborateurs\02_Recrutement\Assistante_de_direction\CV_Blanc_Hugo.pdf,02_RH_Collaborateurs,RH,/sites/MigrationFileServer/RH/02_Recrutement/Assistante_de_direction/CV_Blanc_Hugo.pdf,CV_Blanc_Hugo.pdf,.pdf,1664,2025-05-28T15:50:33,2026-06-10T15:50:33,False,False,101,86,3,,D0C73C7F7115CEF566B646DE168354B73F6008610A965679C6F17F2A5F2D79A4
\\DEMO-SRV01\FileServer\02_RH_Collaborateurs\02_Recrutement\Assistante_de_direction\CV_Guérin_Thomas.pdf,C:\DemoMigration\FileServer\02_RH_Collaborateurs\02_Recrutement\Assistante_de_direction\CV_Guérin_Thomas.pdf,02_RH_Collaborateurs\02_Recrutement\Assistante_de_direction\CV_Guérin_Thomas.pdf,02_RH_Collaborateurs,RH,/sites/MigrationFileServer/RH/02_Recrutement/Assistante_de_direction/CV_Guérin_Thomas.pdf,CV_Guérin_Thomas.pdf,.pdf,1673,2024-12-19T16:40:39,2025-05-16T16:40:39,False,False,104,89,3,,0C883F92406F8B3CC8BBE8FE220423FBDCC1621D33C8D5F0773A8087C1697BB4
\\DEMO-SRV01\FileServer\02_RH_Collaborateurs\02_Recrutement\Assistante_de_direction\CV_Laurent_Quentin.pdf,C:\DemoMigration\FileServer\02_RH_Collaborateurs\02_Recrutement\Assistante_de_direction\CV_Laurent_Quentin.pdf,02_RH_Collaborateurs\02_Recrutement\Assistante_de_direction\CV_Laurent_Quentin.pdf,02_RH_Collaborateurs,RH,/sites/MigrationFileServer/RH/02_Recrutement/Assistante_de_direction/CV_Laurent_Quentin.pdf,CV_Laurent_Quentin.pdf,.pdf,1669,2025-12-14T05:50:02,2026-05-31T05:50:02,False,False,106,91,3,,3477BCFBE93446E7EF138780CDC432EF79F382B631ED392548A226DEEF4A9189
\\DEMO-SRV01\FileServer\02_RH_Collaborateurs\02_Recrutement\Assistante_de_direction\CV_Moreau_Thomas.pdf,C:\DemoMigration\FileServer\02_RH_Collaborateurs\02_Recrutement\Assistante_de_direction\CV_Moreau_Thomas.pdf,02_RH_Collaborateurs\02_Recrutement\Assistante_de_direction\CV_Moreau_Thomas.pdf,02_RH_Collaborateurs,RH,/sites/MigrationFileServer/RH/02_Recrutement/Assistante_de_direction/CV_Moreau_Thomas.pdf,CV_Moreau_Thomas.pdf,.pdf,1668,2026-08-08T21:56:49,2026-08-12T21:56:49,False,False,104,89,3,,23A65EA2F75B4A7C9BE6EFEA22B1EEA2462D28D3E1057DE2C1FDAD04EBE0CDFA
\\DEMO-SRV01\FileServer\02_RH_Collaborateurs\02_Recrutement\Chargé_de_communication\CV_Girard_Kevin.pdf,C:\DemoMigration\FileServer\02_RH_Collaborateurs\02_Recrutement\Chargé_de_communication\CV_Girard_Kevin.pdf,02_RH_Collaborateurs\02_Recrutement\Chargé_de_communication\CV_Girard_Kevin.pdf,02_RH_Collaborateurs,RH,/sites/MigrationFileServer/RH/02_Recrutement/Chargé_de_communication/CV_Girard_Kevin.pdf,CV_Girard_Kevin.pdf,.pdf,1667,2025-08-26T17:58:58,2025-09-22T17:58:58,False,False,103,88,3,,87AB3D0E39AD5ABBC37A621170B9CEA0291E9F7E787CA057818A4CCD919B332A
\\DEMO-SRV01\FileServer\02_RH_Collaborateurs\02_Recrutement\Chargé_de_communication\CV_Guérin_Camille.pdf,C:\DemoMigration\FileServer\02_RH_Collaborateurs\02_Recrutement\Chargé_de_communication\CV_Guérin_Camille.pdf,02_RH_Collaborateurs\02_Recrutement\Chargé_de_communication\CV_Guérin_Camille.pdf,02_RH_Collaborateurs,RH,/sites/MigrationFileServer/RH/02_Recrutement/Chargé_de_communication/CV_Guérin_Camille.pdf,CV_Guérin_Camille.pdf,.pdf,1673,2024-04-30T14:24:56,2025-03-12T14:24:56,False,False,105,90,3,,83ED9141509FF3B921CFC25805B771BE17C736A7CDA96426902ECABBD6A70C1D
\\DEMO-SRV01\FileServer\02_RH_Collaborateurs\02_Recrutement\Chargé_de_communication\CV_Lefèvre_Elodie.pdf,C:\DemoMigration\FileServer\02_RH_Collaborateurs\02_Recrutement\Chargé_de_communication\CV_Lefèvre_Elodie.pdf,02_RH_Collaborateurs\02_Recrutement\Chargé_de_communication\CV_Lefèvre_Elodie.pdf,02_RH_Collaborateurs,RH,/sites/MigrationFileServer/RH/02_Recrutement/Chargé_de_communication/CV_Lefèvre_Elodie.pdf,CV_Lefèvre_Elodie.pdf,.pdf,1670,2024-11-22T23:44:53,2025-12-19T23:44:53,False,False,105,90,3,,E06743CF08052D29926DD02D2AA5C10879ADAAF8CC02177692E6CD151BE1666C
\\DEMO-SRV01\FileServer\02_RH_Collaborateurs\02_Recrutement\Chargé_de_communication\CV_Moreau_Inès.pdf,C:\DemoMigration\FileServer\02_RH_Collaborateurs\02_Recrutement\Chargé_de_communication\CV_Moreau_Inès.pdf,02_RH_Collaborateurs\02_Recrutement\Chargé_de_communication\CV_Moreau_Inès.pdf,02_RH_Collaborateurs,RH,/sites/MigrationFileServer/RH/02_Recrutement/Chargé_de_communication/CV_Moreau_Inès.pdf,CV_Moreau_Inès.pdf,.pdf,1672,2026-01-13T07:42:40,2026-01-22T07:42:40,False,False,102,87,3,,6A29DCB95119BC16BAE4E3267F321F3B9A366FC9CDF73866602C90FD7C69A876
\\DEMO-SRV01\FileServer\02_RH_Collaborateurs\02_Recrutement\Chargé_de_communication\CV_Morel_Thomas.pdf,C:\DemoMigration\FileServer\02_RH_Collaborateurs\02_Recrutement\Chargé_de_communication\CV_Morel_Thomas.pdf,02_RH_Collaborateurs\02_Recrutement\Chargé_de_communication\CV_Morel_Thomas.pdf,02_RH_Collaborateurs,RH,/sites/MigrationFileServer/RH/02_Recrutement/Chargé_de_communication/CV_Morel_Thomas.pdf,CV_Morel_Thomas.pdf,.pdf,1664,2025-02-09T06:32:51,2025-11-17T06:32:51,False,False,103,88,3,,C98234843216560104EEC9BF4D6EB7C466E5CBDA80E1683896F4AFD64ED90506
\\DEMO-SRV01\FileServer\02_RH_Collaborateurs\02_Recrutement\Chargé_de_communication\CV_Rousseau_Pierre.pdf,C:\DemoMigration\FileServer\02_RH_Collaborateurs\02_Recrutement\Chargé_de_communication\CV_Rousseau_Pierre.pdf,02_RH_Collaborateurs\02_Recrutement\Chargé_de_communication\CV_Rousseau_Pierre.pdf,02_RH_Collaborateurs,RH,/sites/MigrationFileServer/RH/02_Recrutement/Chargé_de_communication/CV_Rousseau_Pierre.pdf,CV_Rousseau_Pierre.pdf,.pdf,1668,2025-07-01T11:51:03,2026-01-03T11:51:03,False,False,106,91,3,,3E170BE6E62863FE05A2A710E1453D038518A477638CF83A274ABA754705AD42
\\DEMO-SRV01\FileServer\02_RH_Collaborateurs\02_Recrutement\Chargé_de_communication\CV_Roux_Anaïs.pdf,C:\DemoMigration\FileServer\02_RH_Collaborateurs\02_Recrutement\Chargé_de_communication\CV_Roux_Anaïs.pdf,02_RH_Collaborateurs\02_Recrutement\Chargé_de_communication\CV_Roux_Anaïs.pdf,02_RH_Collaborateurs,RH,/sites/MigrationFileServer/RH/02_Recrutement/Chargé_de_communication/CV_Roux_Anaïs.pdf,CV_Roux_Anaïs.pdf,.pdf,1669,2025-03-01T20:06:08,2026-01-30T20:06:08,False,False,101,86,3,,9F6FC9EC1AE692559416012CC73CEB7466A22CC97FFBD0F255DE9A2DA577B547
\\DEMO-SRV01\FileServer\02_RH_Collaborateurs\02_Recrutement\Commercial\CV_Bonnet_Maxime.pdf,C:\DemoMigration\FileServer\02_RH_Collaborateurs\02_Recrutement\Commercial\CV_Bonnet_Maxime.pdf,02_RH_Collaborateurs\02_Recrutement\Commercial\CV_Bonnet_Maxime.pdf,02_RH_Collaborateurs,RH,/sites/MigrationFileServer/RH/02_Recrutement/Commercial/CV_Bonnet_Maxime.pdf,CV_Bonnet_Maxime.pdf,.pdf,1667,2024-11-02T13:14:15,2025-09-26T13:14:15,False,False,91,76,3,,D3E8519C7B499F985933032749020F5BBB46D2365FC6125F36194A5604B14E5D
\\DEMO-SRV01\FileServer\02_RH_Collaborateurs\02_Recrutement\Commercial\CV_David_Anaïs.pdf,C:\DemoMigration\FileServer\02_RH_Collaborateurs\02_Recrutement\Commercial\CV_David_Anaïs.pdf,02_RH_Collaborateurs\02_Recrutement\Commercial\CV_David_Anaïs.pdf,02_RH_Collaborateurs,RH,/sites/MigrationFileServer/RH/02_Recrutement/Commercial/CV_David_Anaïs.pdf,CV_David_Anaïs.pdf,.pdf,1672,2024-01-29T14:24:39,2025-01-10T14:24:39,False,False,89,74,3,,B2C01710E6036EC56B09529D1E9A1112DD45654554FD566B90050AF0FA85256A
\\DEMO-SRV01\FileServer\02_RH_Collaborateurs\02_Recrutement\Commercial\CV_Fournier_Pauline.pdf,C:\DemoMigration\FileServer\02_RH_Collaborateurs\02_Recrutement\Commercial\CV_Fournier_Pauline.pdf,02_RH_Collaborateurs\02_Recrutement\Commercial\CV_Fournier_Pauline.pdf,02_RH_Collaborateurs,RH,/sites/MigrationFileServer/RH/02_Recrutement/Commercial/CV_Fournier_Pauline.pdf,CV_Fournier_Pauline.pdf,.pdf,1672,2025-07-29T07:01:03,2025-12-09T07:01:03,False,False,94,79,3,,1D4302B510A0B8B597C54A7EC040868F591967E2FF25FC01CC8CE84AE8A35E0B
\\DEMO-SRV01\FileServer\02_RH_Collaborateurs\02_Recrutement\Commercial\CV_Laurent_Pauline.pdf,C:\DemoMigration\FileServer\02_RH_Collaborateurs\02_Recrutement\Commercial\CV_Laurent_Pauline.pdf,02_RH_Collaborateurs\02_Recrutement\Commercial\CV_Laurent_Pauline.pdf,02_RH_Collaborateurs,RH,/sites/MigrationFileServer/RH/02_Recrutement/Commercial/CV_Laurent_Pauline.pdf,CV_Laurent_Pauline.pdf,.pdf,1669,2025-11-15T05:15:26,2026-01-11T05:15:26,False,False,93,78,3,,8D51D386E0610A431A4ACA9EE092E1A37A64865B7932D82C8488A225C91C471E
\\DEMO-SRV01\FileServer\02_RH_Collaborateurs\02_Recrutement\Commercial\CV_Martin_Pierre.pdf,C:\DemoMigration\FileServer\02_RH_Collaborateurs\02_Recrutement\Commercial\CV_Martin_Pierre.pdf,02_RH_Collaborateurs\02_Recrutement\Commercial\CV_Martin_Pierre.pdf,02_RH_Collaborateurs,RH,/sites/MigrationFileServer/RH/02_Recrutement/Commercial/CV_Martin_Pierre.pdf,CV_Martin_Pierre.pdf,.pdf,1665,2025-06-09T15:20:10,2026-06-16T15:20:10,False,False,91,76,3,,001699AD78BEC6CA7BD0E16A98D2442B50E254F8603E27F9C39F55B2E226A44C
\\DEMO-SRV01\FileServer\02_RH_Collaborateurs\02_Recrutement\Commercial\CV_Mercier_Clara.pdf,C:\DemoMigration\FileServer\02_RH_Collaborateurs\02_Recrutement\Commercial\CV_Mercier_Clara.pdf,02_RH_Collaborateurs\02_Recrutement\Commercial\CV_Mercier_Clara.pdf,02_RH_Collaborateurs,RH,/sites/MigrationFileServer/RH/02_Recrutement/Commercial/CV_Mercier_Clara.pdf,CV_Mercier_Clara.pdf,.pdf,1665,2025-10-16T14:09:09,2026-08-01T14:09:09,False,False,91,76,3,,C2C2A162AF88A1394DD170952F529CE187D707E54AC11BEF977862A799BDD06E
\\DEMO-SRV01\FileServer\02_RH_Collaborateurs\02_Recrutement\Commercial\CV_Muller_Maxime.pdf,C:\DemoMigration\FileServer\02_RH_Collaborateurs\02_Recrutement\Commercial\CV_Muller_Maxime.pdf,02_RH_Collaborateurs\02_Recrutement\Commercial\CV_Muller_Maxime.pdf,02_RH_Collaborateurs,RH,/sites/MigrationFileServer/RH/02_Recrutement/Commercial/CV_Muller_Maxime.pdf,CV_Muller_Maxime.pdf,.pdf,1667,2024-10-03T18:22:51,2025-09-20T18:22:51,False,False,91,76,3,,4DE6975841B328637FA34058561018976903222F37D598E368A84ED5793AE35A
\\DEMO-SRV01\FileServer\02_RH_Collaborateurs\02_Recrutement\Commercial\CV_Rousseau_Laura.pdf,C:\DemoMigration\FileServer\02_RH_Collaborateurs\02_Recrutement\Commercial\CV_Rousseau_Laura.pdf,02_RH_Collaborateurs\02_Recrutement\Commercial\CV_Rousseau_Laura.pdf,02_RH_Collaborateurs,RH,/sites/MigrationFileServer/RH/02_Recrutement/Commercial/CV_Rousseau_Laura.pdf,CV_Rousseau_Laura.pdf,.pdf,1667,2024-03-08T23:26:31,2025-03-15T23:26:31,False,False,92,77,3,,BF2AA6A3BDD527FD57611C2B1E6D046D26DE8BC242D8825ECC768076F7A533E4
\\DEMO-SRV01\FileServer\02_RH_Collaborateurs\02_Recrutement\Commercial\CV_Simon_Emma.pdf,C:\DemoMigration\FileServer\02_RH_Collaborateurs\02_Recrutement\Commercial\CV_Simon_Emma.pdf,02_RH_Collaborateurs\02_Recrutement\Commercial\CV_Simon_Emma.pdf,02_RH_Collaborateurs,RH,/sites/MigrationFileServer/RH/02_Recrutement/Commercial/CV_Simon_Emma.pdf,CV_Simon_Emma.pdf,.pdf,1663,2025-10-19T19:53:22,2026-04-20T19:53:22,False,False,88,73,3,,FA322121DCC0D97C5DD7C8C74FBC5BF39D5018FA4BADD738A107E114781F3E9B
\\DEMO-SRV01\FileServer\02_RH_Collaborateurs\02_Recrutement\Comptable\CV_Bonnet_Marion.pdf,C:\DemoMigration\FileServer\02_RH_Collaborateurs\02_Recrutement\Comptable\CV_Bonnet_Marion.pdf,02_RH_Collaborateurs\02_Recrutement\Comptable\CV_Bonnet_Marion.pdf,02_RH_Collaborateurs,RH,/sites/MigrationFileServer/RH/02_Recrutement/Comptable/CV_Bonnet_Marion.pdf,CV_Bonnet_Marion.pdf,.pdf,1667,2025-04-18T01:02:51,2025-09-07T01:02:51,False,False,90,75,3,,5D743DD4D812EDAF7300E7976C5E2997F5EA7CB719CB05527135F68679E7964B
\\DEMO-SRV01\FileServer\02_RH_Collaborateurs\02_Recrutement\Comptable\CV_Bonnet_Quentin.pdf,C:\DemoMigration\FileServer\02_RH_Collaborateurs\02_Recrutement\Comptable\CV_Bonnet_Quentin.pdf,02_RH_Collaborateurs\02_Recrutement\Comptable\CV_Bonnet_Quentin.pdf,02_RH_Collaborateurs,RH,/sites/MigrationFileServer/RH/02_Recrutement/Comptable/CV_Bonnet_Quentin.pdf,CV_Bonnet_Quentin.pdf,.pdf,1667,2025-12-14T03:01:58,2026-01-21T03:01:58,False,False,91,76,3,,10B176821A7DEF1E518B1307136F324A4C0B1F7BBB0A0F1A9BC20D74283FDF46
\\DEMO-SRV01\FileServer\02_RH_Collaborateurs\02_Recrutement\Comptable\CV_Dupont_Julien.pdf,C:\DemoMigration\FileServer\02_RH_Collaborateurs\02_Recrutement\Comptable\CV_Dupont_Julien.pdf,02_RH_Collaborateurs\02_Recrutement\Comptable\CV_Dupont_Julien.pdf,02_RH_Collaborateurs,RH,/sites/MigrationFileServer/RH/02_Recrutement/Comptable/CV_Dupont_Julien.pdf,CV_Dupont_Julien.pdf,.pdf,1668,2024-12-11T23:33:01,2025-06-22T23:33:01,False,False,90,75,3,,77E70EDC1BB115D3D2A955A08F7F9EA3BE10850AADB6F97679E882CC5EFBC483
\\DEMO-SRV01\FileServer\02_RH_Collaborateurs\02_Recrutement\Comptable\CV_Fontaine_Bastien.pdf,C:\DemoMigration\FileServer\02_RH_Collaborateurs\02_Recrutement\Comptable\CV_Fontaine_Bastien.pdf,02_RH_Collaborateurs\02_Recrutement\Comptable\CV_Fontaine_Bastien.pdf,02_RH_Collaborateurs,RH,/sites/MigrationFileServer/RH/02_Recrutement/Comptable/CV_Fontaine_Bastien.pdf,CV_Fontaine_Bastien.pdf,.pdf,1667,2025-04-04T01:09:47,2025-12-15T01:09:47,False,False,93,78,3,,48B26C93EC41D0968536ECF80231179CF232EBDF63B1F388D577473422226C22
\\DEMO-SRV01\FileServer\02_RH_Collaborateurs\02_Recrutement\Comptable\CV_Guérin_Léa.pdf,C:\DemoMigration\FileServer\02_RH_Collaborateurs\02_Recrutement\Comptable\CV_Guérin_Léa.pdf,02_RH_Collaborateurs\02_Recrutement\Comptable\CV_Guérin_Léa.pdf,02_RH_Collaborateurs,RH,/sites/MigrationFileServer/RH/02_Recrutement/Comptable/CV_Guérin_Léa.pdf,CV_Guérin_Léa.pdf,.pdf,1670,2025-05-01T16:17:27,2026-03-10T16:17:27,False,False,87,72,3,,4C18AD630DA40F78D16E0238DA10CA2E74D60952BCE3C581164704FFFBF11D69
\\DEMO-SRV01\FileServer\02_RH_Collaborateurs\02_Recrutement\Comptable\CV_Guérin_Sarah.pdf,C:\DemoMigration\FileServer\02_RH_Collaborateurs\02_Recrutement\Comptable\CV_Guérin_Sarah.pdf,02_RH_Collaborateurs\02_Recrutement\Comptable\CV_Guérin_Sarah.pdf,02_RH_Collaborateurs,RH,/sites/MigrationFileServer/RH/02_Recrutement/Comptable/CV_Guérin_Sarah.pdf,CV_Guérin_Sarah.pdf,.pdf,1670,2024-11-17T12:43:03,2025-07-02T12:43:03,False,False,89,74,3,,8D0CF0E3F5105A5D1D4AFC7CD9B3482B794D8ACFD8CDF1D117D4E206F75A6B89
\\DEMO-SRV01\FileServer\02_RH_Collaborateurs\02_Recrutement\Comptable\CV_Martin_Julien.pdf,C:\DemoMigration\FileServer\02_RH_Collaborateurs\02_Recrutement\Comptable\CV_Martin_Julien.pdf,02_RH_Collaborateurs\02_Recrutement\Comptable\CV_Martin_Julien.pdf,02_RH_Collaborateurs,RH,/sites/MigrationFileServer/RH/02_Recrutement/Comptable/CV_Martin_Julien.pdf,CV_Martin_Julien.pdf,.pdf,1669,2025-08-30T17:49:16,2026-05-15T17:49:16,False,False,90,75,3,,AF239561CFC6A8DF48AC2070BAFF113C6DF68091EE2B86A6614F3F126C96F99C
\\DEMO-SRV01\FileServer\02_RH_Collaborateurs\02_Recrutement\Responsable_RH\CV_Bertrand_Sophie.pdf,C:\DemoMigration\FileServer\02_RH_Collaborateurs\02_Recrutement\Responsable_RH\CV_Bertrand_Sophie.pdf,02_RH_Collaborateurs\02_Recrutement\Responsable_RH\CV_Bertrand_Sophie.pdf,02_RH_Collaborateurs,RH,/sites/MigrationFileServer/RH/02_Recrutement/Responsable_RH/CV_Bertrand_Sophie.pdf,CV_Bertrand_Sophie.pdf,.pdf,1665,2025-03-03T04:48:52,2025-09-24T04:48:52,False,False,97,82,3,,75F175AE181CDCE3678176087FE7834FB6959E8317710CE214154790715CB4B8
\\DEMO-SRV01\FileServer\02_RH_Collaborateurs\02_Recrutement\Responsable_RH\CV_Bonnet_Quentin.pdf,C:\DemoMigration\FileServer\02_RH_Collaborateurs\02_Recrutement\Responsable_RH\CV_Bonnet_Quentin.pdf,02_RH_Collaborateurs\02_Recrutement\Responsable_RH\CV_Bonnet_Quentin.pdf,02_RH_Collaborateurs,RH,/sites/MigrationFileServer/RH/02_Recrutement/Responsable_RH/CV_Bonnet_Quentin.pdf,CV_Bonnet_Quentin.pdf,.pdf,1667,2025-08-31T13:48:00,2025-11-24T13:48:00,False,False,96,81,3,,F9C0C32D9378CF0AB6DBD1BF746FE87F2AB3273974C70CBA53AFFC8DE8A01E08
\\DEMO-SRV01\FileServer\02_RH_Collaborateurs\02_Recrutement\Responsable_RH\CV_Fournier_Thomas.pdf,C:\DemoMigration\FileServer\02_RH_Collaborateurs\02_Recrutement\Responsable_RH\CV_Fournier_Thomas.pdf,02_RH_Collaborateurs\02_Recrutement\Responsable_RH\CV_Fournier_Thomas.pdf,02_RH_Collaborateurs,RH,/sites/MigrationFileServer/RH/02_Recrutement/Responsable_RH/CV_Fournier_Thomas.pdf,CV_Fournier_Thomas.pdf,.pdf,1667,2025-06-17T20:23:01,2026-04-04T20:23:01,False,False,97,82,3,,63B0647F3807E02EC6CD2D21F853FEFBCCB53B8677FD4F89C123E94881A65721
\\DEMO-SRV01\FileServer\02_RH_Collaborateurs\02_Recrutement\Responsable_RH\CV_Girard_Pauline.pdf,C:\DemoMigration\FileServer\02_RH_Collaborateurs\02_Recrutement\Responsable_RH\CV_Girard_Pauline.pdf,02_RH_Collaborateurs\02_Recrutement\Responsable_RH\CV_Girard_Pauline.pdf,02_RH_Collaborateurs,RH,/sites/MigrationFileServer/RH/02_Recrutement/Responsable_RH/CV_Girard_Pauline.pdf,CV_Girard_Pauline.pdf,.pdf,1669,2025-04-18T23:19:23,2026-04-28T23:19:23,False,False,96,81,3,,B8B6123C27B6D864D552706B7565B165CBB4488D7E1720404AD2325A4CBE1486
\\DEMO-SRV01\FileServer\02_RH_Collaborateurs\02_Recrutement\Responsable_RH\CV_Girard_Sarah.pdf,C:\DemoMigration\FileServer\02_RH_Collaborateurs\02_Recrutement\Responsable_RH\CV_Girard_Sarah.pdf,02_RH_Collaborateurs\02_Recrutement\Responsable_RH\CV_Girard_Sarah.pdf,02_RH_Collaborateurs,RH,/sites/MigrationFileServer/RH/02_Recrutement/Responsable_RH/CV_Girard_Sarah.pdf,CV_Girard_Sarah.pdf,.pdf,1667,2024-08-12T03:20:09,2025-07-31T03:20:09,False,False,94,79,3,,D0E95FC334C80E07E6743B9AB503380C9E8ECFF8554F4969D2A96913847C0BC0
\\DEMO-SRV01\FileServer\02_RH_Collaborateurs\02_Recrutement\Responsable_RH\CV_Laurent_Thomas.pdf,C:\DemoMigration\FileServer\02_RH_Collaborateurs\02_Recrutement\Responsable_RH\CV_Laurent_Thomas.pdf,02_RH_Collaborateurs\02_Recrutement\Responsable_RH\CV_Laurent_Thomas.pdf,02_RH_Collaborateurs,RH,/sites/MigrationFileServer/RH/02_Recrutement/Responsable_RH/CV_Laurent_Thomas.pdf,CV_Laurent_Thomas.pdf,.pdf,1665,2026-04-05T17:32:49,2026-06-25T17:32:49,False,False,96,81,3,,512DF55F65FB13034551D3C77648A0FC6E3E6AD999BF962278DE64A98CBD791F
\\DEMO-SRV01\FileServer\02_RH_Collaborateurs\03_Formation\Plan_de_formation_2025.xlsx,C:\DemoMigration\FileServer\02_RH_Collaborateurs\03_Formation\Plan_de_formation_2025.xlsx,02_RH_Collaborateurs\03_Formation\Plan_de_formation_2025.xlsx,02_RH_Collaborateurs,RH,/sites/MigrationFileServer/RH/03_Formation/Plan_de_formation_2025.xlsx,Plan_de_formation_2025.xlsx,.xlsx,5538,2024-11-17T23:44:19,2025-01-15T23:44:19,False,False,85,70,2,,CFEAB64FE617D4CE12D416A0122826E8D57DB5031B434C50120777BE9302BECD
\\DEMO-SRV01\FileServer\02_RH_Collaborateurs\03_Formation\Plan_de_formation_2026.xlsx,C:\DemoMigration\FileServer\02_RH_Collaborateurs\03_Formation\Plan_de_formation_2026.xlsx,02_RH_Collaborateurs\03_Formation\Plan_de_formation_2026.xlsx,02_RH_Collaborateurs,RH,/sites/MigrationFileServer/RH/03_Formation/Plan_de_formation_2026.xlsx,Plan_de_formation_2026.xlsx,.xlsx,5544,2021-12-21T20:11:04,2022-12-19T20:11:04,False,False,85,70,2,,2A10C483E9D17A0543238F987439523F2FB6E958ACBEEB1E0B007966AF4BAA59
\\DEMO-SRV01\FileServer\02_RH_Collaborateurs\04_Politiques_RH\Charte_informatique.docx,C:\DemoMigration\FileServer\02_RH_Collaborateurs\04_Politiques_RH\Charte_informatique.docx,02_RH_Collaborateurs\04_Politiques_RH\Charte_informatique.docx,02_RH_Collaborateurs,RH,/sites/MigrationFileServer/RH/04_Politiques_RH/Charte_informatique.docx,Charte_informatique.docx,.docx,36722,2024-10-28T08:04:34,2024-12-21T08:04:34,False,False,86,71,2,,2D4C141B7BAACBC902F4B9D8743F51D9435200A9211883BE1B11E18A94787F5E
\\DEMO-SRV01\FileServer\02_RH_Collaborateurs\04_Politiques_RH\Charte_teletravail.docx,C:\DemoMigration\FileServer\02_RH_Collaborateurs\04_Politiques_RH\Charte_teletravail.docx,02_RH_Collaborateurs\04_Politiques_RH\Charte_teletravail.docx,02_RH_Collaborateurs,RH,/sites/MigrationFileServer/RH/04_Politiques_RH/Charte_teletravail.docx,Charte_teletravail.docx,.docx,36724,2024-04-18T03:54:35,2024-08-09T03:54:35,False,False,85,70,2,,4D16B20641095E3C39856583636E4FF4A093F0CD295C558B400D6798E08F5BD6
\\DEMO-SRV01\FileServer\02_RH_Collaborateurs\04_Politiques_RH\Politique_conges.docx,C:\DemoMigration\FileServer\02_RH_Collaborateurs\04_Politiques_RH\Politique_conges.docx,02_RH_Collaborateurs\04_Politiques_RH\Politique_conges.docx,02_RH_Collaborateurs,RH,/sites/MigrationFileServer/RH/04_Politiques_RH/Politique_conges.docx,Politique_conges.docx,.docx,36723,2020-09-19T03:52:21,2021-06-26T03:52:21,False,False,83,68,2,,0F530AB06A37629B7B7E75530CCD4CBBE0B3B13F4264951182E0F77F33821B47
\\DEMO-SRV01\FileServer\02_RH_Collaborateurs\04_Politiques_RH\Reglement_interieur.docx,C:\DemoMigration\FileServer\02_RH_Collaborateurs\04_Politiques_RH\Reglement_interieur.docx,02_RH_Collaborateurs\04_Politiques_RH\Reglement_interieur.docx,02_RH_Collaborateurs,RH,/sites/MigrationFileServer/RH/04_Politiques_RH/Reglement_interieur.docx,Reglement_interieur.docx,.docx,36722,2021-02-18T09:04:53,2022-01-08T09:04:53,False,False,86,71,2,,BD37106C1FD30ADC6ED6DC7CB7AC3E0D5AEB5F786CC9315648EE4E9FCC7E332F
\\DEMO-SRV01\FileServer\02_RH_Collaborateurs\05_Registre_du_personnel.xlsx,C:\DemoMigration\FileServer\02_RH_Collaborateurs\05_Registre_du_personnel.xlsx,02_RH_Collaborateurs\05_Registre_du_personnel.xlsx,02_RH_Collaborateurs,RH,/sites/MigrationFileServer/RH/05_Registre_du_personnel.xlsx,05_Registre_du_personnel.xlsx,.xlsx,6370,2026-07-05T00:00:00,2026-09-01T00:00:00,False,False,74,59,1,,73FF43BAFA29A95E4E24DE5029EACDD221271B0530722DBFE24B123B9C6097E0
\\DEMO-SRV01\FileServer\03_Finance\Budget;version2.txt,C:\DemoMigration\FileServer\03_Finance\Budget;version2.txt,03_Finance\Budget;version2.txt,03_Finance,Finance,/sites/MigrationFileServer/Finance/Budget;version2.txt,Budget;version2.txt,.txt,14,2026-09-16T09:12:00,2026-09-16T09:12:00,False,False,54,54,1,,C31AFE79CF124486259FD3F5D65C0A6044F665582AE76E4237E5782F134D5673
\\DEMO-SRV01\FileServer\03_Finance\Budgets\2022\Budget_previsionnel_2022.xlsx,C:\DemoMigration\FileServer\03_Finance\Budgets\2022\Budget_previsionnel_2022.xlsx,03_Finance\Budgets\2022\Budget_previsionnel_2022.xlsx,03_Finance,Finance,/sites/MigrationFileServer/Finance/Budgets/2022/Budget_previsionnel_2022.xlsx,Budget_previsionnel_2022.xlsx,.xlsx,5091,2021-01-18T00:00:00,2022-01-15T00:00:00,False,False,77,77,3,,B75265C799E0B9214BB407DDA7C50AFD82A2B3DB46CB9AF423DBD51A46323991
\\DEMO-SRV01\FileServer\03_Finance\Budgets\2023\Budget_previsionnel_2023.xlsx,C:\DemoMigration\FileServer\03_Finance\Budgets\2023\Budget_previsionnel_2023.xlsx,03_Finance\Budgets\2023\Budget_previsionnel_2023.xlsx,03_Finance,Finance,/sites/MigrationFileServer/Finance/Budgets/2023/Budget_previsionnel_2023.xlsx,Budget_previsionnel_2023.xlsx,.xlsx,5088,2023-01-12T00:00:00,2023-01-15T00:00:00,False,False,77,77,3,,119A8C42F0029DC5BE6B748226905B07BB4B1725B4B3EA234BEDB8F9AE9A2F86
\\DEMO-SRV01\FileServer\03_Finance\Budgets\2024\Budget_previsionnel_2024.xlsx,C:\DemoMigration\FileServer\03_Finance\Budgets\2024\Budget_previsionnel_2024.xlsx,03_Finance\Budgets\2024\Budget_previsionnel_2024.xlsx,03_Finance,Finance,/sites/MigrationFileServer/Finance/Budgets/2024/Budget_previsionnel_2024.xlsx,Budget_previsionnel_2024.xlsx,.xlsx,5093,2023-07-26T00:00:00,2024-01-15T00:00:00,False,False,77,77,3,,393640A5C7AEFE65D9AF5EEAD5EF337389AE6CA4C69B8DBFF657BEE217A99CD7
\\DEMO-SRV01\FileServer\03_Finance\Budgets\2025\Budget_previsionnel_2025.xlsx,C:\DemoMigration\FileServer\03_Finance\Budgets\2025\Budget_previsionnel_2025.xlsx,03_Finance\Budgets\2025\Budget_previsionnel_2025.xlsx,03_Finance,Finance,/sites/MigrationFileServer/Finance/Budgets/2025/Budget_previsionnel_2025.xlsx,Budget_previsionnel_2025.xlsx,.xlsx,5092,2024-07-24T00:00:00,2025-01-15T00:00:00,False,False,77,77,3,,5A794A4687DA3F2792CB1F463FD2B290BE8BD057E28162093811D6B77E393CDC
\\DEMO-SRV01\FileServer\03_Finance\Budgets\2026\Budget_previsionnel_2026.xlsx,C:\DemoMigration\FileServer\03_Finance\Budgets\2026\Budget_previsionnel_2026.xlsx,03_Finance\Budgets\2026\Budget_previsionnel_2026.xlsx,03_Finance,Finance,/sites/MigrationFileServer/Finance/Budgets/2026/Budget_previsionnel_2026.xlsx,Budget_previsionnel_2026.xlsx,.xlsx,5088,2025-11-11T00:00:00,2026-01-15T00:00:00,False,False,77,77,3,,9993DFBDBF79CD27C525714DE72130281660B2D3661053042F72177227489BA2
\\DEMO-SRV01\FileServer\03_Finance\Budgets\2026\~WRL0003.tmp,C:\DemoMigration\FileServer\03_Finance\Budgets\2026\~WRL0003.tmp,03_Finance\Budgets\2026\~WRL0003.tmp,03_Finance,Finance,/sites/MigrationFileServer/Finance/Budgets/2026/~WRL0003.tmp,~WRL0003.tmp,.tmp,1048576,2026-09-16T09:12:00,2026-09-16T09:12:00,False,False,60,60,3,Extension exclue,DB61D4D6CF0001FEA82493832A7C7CFC8642DE09B2DF71D9BB827003E80CAEA4
\\DEMO-SRV01\FileServer\03_Finance\Comptabilite\Grand_livre_2022.xlsx,C:\DemoMigration\FileServer\03_Finance\Comptabilite\Grand_livre_2022.xlsx,03_Finance\Comptabilite\Grand_livre_2022.xlsx,03_Finance,Finance,/sites/MigrationFileServer/Finance/Comptabilite/Grand_livre_2022.xlsx,Grand_livre_2022.xlsx,.xlsx,17650,2022-08-31T00:00:00,2023-03-31T00:00:00,False,False,69,69,2,,21B15D941C0A896EEC73E1EA8CBA1794265A74C0C90830429B8920F8918D9564
\\DEMO-SRV01\FileServer\03_Finance\Comptabilite\Grand_livre_2023.xlsx,C:\DemoMigration\FileServer\03_Finance\Comptabilite\Grand_livre_2023.xlsx,03_Finance\Comptabilite\Grand_livre_2023.xlsx,03_Finance,Finance,/sites/MigrationFileServer/Finance/Comptabilite/Grand_livre_2023.xlsx,Grand_livre_2023.xlsx,.xlsx,17581,2023-09-02T00:00:00,2024-03-31T00:00:00,False,False,69,69,2,,B1638233D943BC5BE51FBC632E0A76729007424C85E02B0CA40A5892BB0C1852
\\DEMO-SRV01\FileServer\03_Finance\Comptabilite\Grand_livre_2024.xlsx,C:\DemoMigration\FileServer\03_Finance\Comptabilite\Grand_livre_2024.xlsx,03_Finance\Comptabilite\Grand_livre_2024.xlsx,03_Finance,Finance,/sites/MigrationFileServer/Finance/Comptabilite/Grand_livre_2024.xlsx,Grand_livre_2024.xlsx,.xlsx,17554,2024-07-18T00:00:00,2025-03-31T00:00:00,False,False,69,69,2,,ACE8635D86C9D7FBF675E47D2E38ACE426DC0C697A4277CD5D5D2BC4E2C3718E
\\DEMO-SRV01\FileServer\03_Finance\Comptabilite\Grand_livre_2025.xlsx,C:\DemoMigration\FileServer\03_Finance\Comptabilite\Grand_livre_2025.xlsx,03_Finance\Comptabilite\Grand_livre_2025.xlsx,03_Finance,Finance,/sites/MigrationFileServer/Finance/Comptabilite/Grand_livre_2025.xlsx,Grand_livre_2025.xlsx,.xlsx,17634,2025-06-20T00:00:00,2026-03-31T00:00:00,False,False,69,69,2,,97D2C78FA0B2218BDF07F92A81DBC571CF3D10A434B6397DA872B9337ED6BB6C
\\DEMO-SRV01\FileServer\03_Finance\Comptabilite\Grand_livre_2026.xlsx,C:\DemoMigration\FileServer\03_Finance\Comptabilite\Grand_livre_2026.xlsx,03_Finance\Comptabilite\Grand_livre_2026.xlsx,03_Finance,Finance,/sites/MigrationFileServer/Finance/Comptabilite/Grand_livre_2026.xlsx,Grand_livre_2026.xlsx,.xlsx,17617,2025-05-21T00:00:00,2026-03-31T00:00:00,False,False,69,69,2,,00D2937BBEFA0ED2C37B20A02D34FBBFEB371860BEA2F87073665997E1E9C775
\\DEMO-SRV01\FileServer\03_Finance\Modele_devis - Copie.docx,C:\DemoMigration\FileServer\03_Finance\Modele_devis - Copie.docx,03_Finance\Modele_devis - Copie.docx,03_Finance,Finance,/sites/MigrationFileServer/Finance/Modele_devis - Copie.docx,Modele_devis - Copie.docx,.docx,36722,2025-06-09T06:10:16,2026-04-18T06:10:16,False,False,60,60,1,,143B3BAEEB3A805134BC888E97D37E2856E16BC2B305833459250CFE62D9A8E3
\\DEMO-SRV01\FileServer\03_Finance\Notes_de_frais\2026\01_Janvier\NDF_BOYER_1.pdf,C:\DemoMigration\FileServer\03_Finance\Notes_de_frais\2026\01_Janvier\NDF_BOYER_1.pdf,03_Finance\Notes_de_frais\2026\01_Janvier\NDF_BOYER_1.pdf,03_Finance,Finance,/sites/MigrationFileServer/Finance/Notes_de_frais/2026/01_Janvier/NDF_BOYER_1.pdf,NDF_BOYER_1.pdf,.pdf,1674,2025-08-05T00:00:00,2026-01-06T00:00:00,False,False,81,81,4,,38C236C513D2E2075AB6FF9417BA0201ED9EC5AF323F6FF8F6F74E04CFF867F2
\\DEMO-SRV01\FileServer\03_Finance\Notes_de_frais\2026\01_Janvier\NDF_CHEVALIER_2.pdf,C:\DemoMigration\FileServer\03_Finance\Notes_de_frais\2026\01_Janvier\NDF_CHEVALIER_2.pdf,03_Finance\Notes_de_frais\2026\01_Janvier\NDF_CHEVALIER_2.pdf,03_Finance,Finance,/sites/MigrationFileServer/Finance/Notes_de_frais/2026/01_Janvier/NDF_CHEVALIER_2.pdf,NDF_CHEVALIER_2.pdf,.pdf,1678,2025-04-24T00:00:00,2026-01-15T00:00:00,False,False,85,85,4,,D74B24ED006B72A2F6ED68F19AAE233924B7517200A77F72D6A80F844BDF01A8
\\DEMO-SRV01\FileServer\03_Finance\Notes_de_frais\2026\01_Janvier\NDF_CHEVALIER_4.pdf,C:\DemoMigration\FileServer\03_Finance\Notes_de_frais\2026\01_Janvier\NDF_CHEVALIER_4.pdf,03_Finance\Notes_de_frais\2026\01_Janvier\NDF_CHEVALIER_4.pdf,03_Finance,Finance,/sites/MigrationFileServer/Finance/Notes_de_frais/2026/01_Janvier/NDF_CHEVALIER_4.pdf,NDF_CHEVALIER_4.pdf,.pdf,1678,2025-01-10T00:00:00,2026-01-22T00:00:00,False,False,85,85,4,,46720F048FAEEDD196230B0F0B2D10B0D3D69B52EEF0792776EF4F6682E774F0
\\DEMO-SRV01\FileServer\03_Finance\Notes_de_frais\2026\01_Janvier\NDF_DUBOIS_3.pdf,C:\DemoMigration\FileServer\03_Finance\Notes_de_frais\2026\01_Janvier\NDF_DUBOIS_3.pdf,03_Finance\Notes_de_frais\2026\01_Janvier\NDF_DUBOIS_3.pdf,03_Finance,Finance,/sites/MigrationFileServer/Finance/Notes_de_frais/2026/01_Janvier/NDF_DUBOIS_3.pdf,NDF_DUBOIS_3.pdf,.pdf,1674,2025-11-03T00:00:00,2026-01-09T00:00:00,False,False,82,82,4,,579A7DE87F737BD703CF2CCA8E909DB88010569C8A3F03F10EE0A72573542297
\\DEMO-SRV01\FileServer\03_Finance\Notes_de_frais\2026\02_Fevrier\NDF_BLANC_4.pdf,C:\DemoMigration\FileServer\03_Finance\Notes_de_frais\2026\02_Fevrier\NDF_BLANC_4.pdf,03_Finance\Notes_de_frais\2026\02_Fevrier\NDF_BLANC_4.pdf,03_Finance,Finance,/sites/MigrationFileServer/Finance/Notes_de_frais/2026/02_Fevrier/NDF_BLANC_4.pdf,NDF_BLANC_4.pdf,.pdf,1673,2025-05-02T00:00:00,2026-02-21T00:00:00,False,False,81,81,4,,7C63C420111562EA1F161A7D807CA38FE9C4B9E22B363F089398FE2025DCB046
\\DEMO-SRV01\FileServer\03_Finance\Notes_de_frais\2026\02_Fevrier\NDF_DUPONT_1.pdf,C:\DemoMigration\FileServer\03_Finance\Notes_de_frais\2026\02_Fevrier\NDF_DUPONT_1.pdf,03_Finance\Notes_de_frais\2026\02_Fevrier\NDF_DUPONT_1.pdf,03_Finance,Finance,/sites/MigrationFileServer/Finance/Notes_de_frais/2026/02_Fevrier/NDF_DUPONT_1.pdf,NDF_DUPONT_1.pdf,.pdf,1673,2025-11-04T00:00:00,2026-02-13T00:00:00,False,False,82,82,4,,80799AC6EDA1B7B79D5436E18779DF91AA9715D72F82A370DDD41A144F70654A
\\DEMO-SRV01\FileServer\03_Finance\Notes_de_frais\2026\02_Fevrier\NDF_FOURNIER_2.pdf,C:\DemoMigration\FileServer\03_Finance\Notes_de_frais\2026\02_Fevrier\NDF_FOURNIER_2.pdf,03_Finance\Notes_de_frais\2026\02_Fevrier\NDF_FOURNIER_2.pdf,03_Finance,Finance,/sites/MigrationFileServer/Finance/Notes_de_frais/2026/02_Fevrier/NDF_FOURNIER_2.pdf,NDF_FOURNIER_2.pdf,.pdf,1672,2025-10-23T00:00:00,2026-02-21T00:00:00,False,False,84,84,4,,C0CC053BD8B84F8D47DF679C6E2605963F98B482335E5AAF1AB3D5549A76F621
\\DEMO-SRV01\FileServer\03_Finance\Notes_de_frais\2026\02_Fevrier\NDF_FOURNIER_3.pdf,C:\DemoMigration\FileServer\03_Finance\Notes_de_frais\2026\02_Fevrier\NDF_FOURNIER_3.pdf,03_Finance\Notes_de_frais\2026\02_Fevrier\NDF_FOURNIER_3.pdf,03_Finance,Finance,/sites/MigrationFileServer/Finance/Notes_de_frais/2026/02_Fevrier/NDF_FOURNIER_3.pdf,NDF_FOURNIER_3.pdf,.pdf,1673,2025-05-30T00:00:00,2026-02-01T00:00:00,False,False,84,84,4,,4E5EB69202E03B53D0D2980F678631510B59BFE7360940EC61F545B7B0A7037E
\\DEMO-SRV01\FileServer\03_Finance\Notes_de_frais\2026\03_Mars\NDF_BERNARD_6.pdf,C:\DemoMigration\FileServer\03_Finance\Notes_de_frais\2026\03_Mars\NDF_BERNARD_6.pdf,03_Finance\Notes_de_frais\2026\03_Mars\NDF_BERNARD_6.pdf,03_Finance,Finance,/sites/MigrationFileServer/Finance/Notes_de_frais/2026/03_Mars/NDF_BERNARD_6.pdf,NDF_BERNARD_6.pdf,.pdf,1673,2025-11-22T00:00:00,2026-03-18T00:00:00,False,False,80,80,4,,4A299805A515E983A13E354AF3DE1CC327DED5EF87A1BBD82D0D2920780F98CD
\\DEMO-SRV01\FileServer\03_Finance\Notes_de_frais\2026\03_Mars\NDF_DUBOIS_3.pdf,C:\DemoMigration\FileServer\03_Finance\Notes_de_frais\2026\03_Mars\NDF_DUBOIS_3.pdf,03_Finance\Notes_de_frais\2026\03_Mars\NDF_DUBOIS_3.pdf,03_Finance,Finance,/sites/MigrationFileServer/Finance/Notes_de_frais/2026/03_Mars/NDF_DUBOIS_3.pdf,NDF_DUBOIS_3.pdf,.pdf,1673,2025-06-30T00:00:00,2026-03-06T00:00:00,False,False,79,79,4,,3524E9FB835CF0FD9FF1671921FBE6F933FF537DE242B6C9B9789D8F12769DDA
\\DEMO-SRV01\FileServer\03_Finance\Notes_de_frais\2026\03_Mars\NDF_DUPONT_1.pdf,C:\DemoMigration\FileServer\03_Finance\Notes_de_frais\2026\03_Mars\NDF_DUPONT_1.pdf,03_Finance\Notes_de_frais\2026\03_Mars\NDF_DUPONT_1.pdf,03_Finance,Finance,/sites/MigrationFileServer/Finance/Notes_de_frais/2026/03_Mars/NDF_DUPONT_1.pdf,NDF_DUPONT_1.pdf,.pdf,1674,2025-06-09T00:00:00,2026-03-15T00:00:00,False,False,79,79,4,,2B26C740C768EE947C639DBB43363DA4F12D51AB0F8FCB8C71D0B9A952C4D5E0
\\DEMO-SRV01\FileServer\03_Finance\Notes_de_frais\2026\03_Mars\NDF_DUPONT_2.pdf,C:\DemoMigration\FileServer\03_Finance\Notes_de_frais\2026\03_Mars\NDF_DUPONT_2.pdf,03_Finance\Notes_de_frais\2026\03_Mars\NDF_DUPONT_2.pdf,03_Finance,Finance,/sites/MigrationFileServer/Finance/Notes_de_frais/2026/03_Mars/NDF_DUPONT_2.pdf,NDF_DUPONT_2.pdf,.pdf,1672,2025-06-19T00:00:00,2026-03-09T00:00:00,False,False,79,79,4,,C05904EDF11D031F2EC6461130DECD72FE640F045572B7CB5C6DE490180B5644
\\DEMO-SRV01\FileServer\03_Finance\Notes_de_frais\2026\03_Mars\NDF_DUPONT_7.pdf,C:\DemoMigration\FileServer\03_Finance\Notes_de_frais\2026\03_Mars\NDF_DUPONT_7.pdf,03_Finance\Notes_de_frais\2026\03_Mars\NDF_DUPONT_7.pdf,03_Finance,Finance,/sites/MigrationFileServer/Finance/Notes_de_frais/2026/03_Mars/NDF_DUPONT_7.pdf,NDF_DUPONT_7.pdf,.pdf,1672,2025-10-04T00:00:00,2026-03-04T00:00:00,False,False,79,79,4,,96D4D0EFE2A50CD7EBA75B88A081CD5A8B81C25C8751E7877B4B13ED0204F979
\\DEMO-SRV01\FileServer\03_Finance\Notes_de_frais\2026\03_Mars\NDF_SIMON_4.pdf,C:\DemoMigration\FileServer\03_Finance\Notes_de_frais\2026\03_Mars\NDF_SIMON_4.pdf,03_Finance\Notes_de_frais\2026\03_Mars\NDF_SIMON_4.pdf,03_Finance,Finance,/sites/MigrationFileServer/Finance/Notes_de_frais/2026/03_Mars/NDF_SIMON_4.pdf,NDF_SIMON_4.pdf,.pdf,1672,2025-09-28T00:00:00,2026-03-22T00:00:00,False,False,78,78,4,,757D7F28E54ACE50C6ACE092F7E1437950C313E7E250BF876E8AA040D4FB0A67
\\DEMO-SRV01\FileServer\03_Finance\Notes_de_frais\2026\03_Mars\NDF_SIMON_5.pdf,C:\DemoMigration\FileServer\03_Finance\Notes_de_frais\2026\03_Mars\NDF_SIMON_5.pdf,03_Finance\Notes_de_frais\2026\03_Mars\NDF_SIMON_5.pdf,03_Finance,Finance,/sites/MigrationFileServer/Finance/Notes_de_frais/2026/03_Mars/NDF_SIMON_5.pdf,NDF_SIMON_5.pdf,.pdf,1672,2025-07-28T00:00:00,2026-03-03T00:00:00,False,False,78,78,4,,7E5D8D66059CB0E6A1E89252189C7C6266A95C07B892BBC284986245C6E2CB85
\\DEMO-SRV01\FileServer\03_Finance\Notes_de_frais\2026\04_Avril\NDF_BERNARD_3.pdf,C:\DemoMigration\FileServer\03_Finance\Notes_de_frais\2026\04_Avril\NDF_BERNARD_3.pdf,03_Finance\Notes_de_frais\2026\04_Avril\NDF_BERNARD_3.pdf,03_Finance,Finance,/sites/MigrationFileServer/Finance/Notes_de_frais/2026/04_Avril/NDF_BERNARD_3.pdf,NDF_BERNARD_3.pdf,.pdf,1675,2026-04-14T00:00:00,2026-04-22T00:00:00,False,False,81,81,4,,B8D2B008E8B64F4F1D9DC7E0C3DCCC024705E1F699FE9A3EE3E6F9F606859DC6
\\DEMO-SRV01\FileServer\03_Finance\Notes_de_frais\2026\04_Avril\NDF_BERNARD_4.pdf,C:\DemoMigration\FileServer\03_Finance\Notes_de_frais\2026\04_Avril\NDF_BERNARD_4.pdf,03_Finance\Notes_de_frais\2026\04_Avril\NDF_BERNARD_4.pdf,03_Finance,Finance,/sites/MigrationFileServer/Finance/Notes_de_frais/2026/04_Avril/NDF_BERNARD_4.pdf,NDF_BERNARD_4.pdf,.pdf,1674,2025-03-09T00:00:00,2026-04-12T00:00:00,False,False,81,81,4,,CD7208FECE4D45E5FEABCA35D35BC68A498448F87CD90FB395CE53E78978F66C
\\DEMO-SRV01\FileServer\03_Finance\Notes_de_frais\2026\04_Avril\NDF_BLANC_1.pdf,C:\DemoMigration\FileServer\03_Finance\Notes_de_frais\2026\04_Avril\NDF_BLANC_1.pdf,03_Finance\Notes_de_frais\2026\04_Avril\NDF_BLANC_1.pdf,03_Finance,Finance,/sites/MigrationFileServer/Finance/Notes_de_frais/2026/04_Avril/NDF_BLANC_1.pdf,NDF_BLANC_1.pdf,.pdf,1673,2026-03-04T00:00:00,2026-04-15T00:00:00,False,False,79,79,4,,933EDB9CDC60D12FFF0800546C7A88ECC506B4CD8DA1A9C74B8B9A77FB724A0D
\\DEMO-SRV01\FileServer\03_Finance\Notes_de_frais\2026\04_Avril\NDF_BLANC_2.pdf,C:\DemoMigration\FileServer\03_Finance\Notes_de_frais\2026\04_Avril\NDF_BLANC_2.pdf,03_Finance\Notes_de_frais\2026\04_Avril\NDF_BLANC_2.pdf,03_Finance,Finance,/sites/MigrationFileServer/Finance/Notes_de_frais/2026/04_Avril/NDF_BLANC_2.pdf,NDF_BLANC_2.pdf,.pdf,1673,2025-07-19T00:00:00,2026-04-06T00:00:00,False,False,79,79,4,,D588CDE228B72C37361697CE7347B3DBF28B7F0C07B4043509A4787737C9FA45
\\DEMO-SRV01\FileServer\03_Finance\Notes_de_frais\2026\04_Avril\NDF_ROUX_5.pdf,C:\DemoMigration\FileServer\03_Finance\Notes_de_frais\2026\04_Avril\NDF_ROUX_5.pdf,03_Finance\Notes_de_frais\2026\04_Avril\NDF_ROUX_5.pdf,03_Finance,Finance,/sites/MigrationFileServer/Finance/Notes_de_frais/2026/04_Avril/NDF_ROUX_5.pdf,NDF_ROUX_5.pdf,.pdf,1674,2025-07-19T00:00:00,2026-04-17T00:00:00,False,False,78,78,4,,E281AC7EE65A9112C40DE18E44180F6AC22794C4BF9AF5FFD2B82A792A9E1058
\\DEMO-SRV01\FileServer\03_Finance\Notes_de_frais\2026\05_Mai\NDF_ANDRÉ_4.pdf,C:\DemoMigration\FileServer\03_Finance\Notes_de_frais\2026\05_Mai\NDF_ANDRÉ_4.pdf,03_Finance\Notes_de_frais\2026\05_Mai\NDF_ANDRÉ_4.pdf,03_Finance,Finance,/sites/MigrationFileServer/Finance/Notes_de_frais/2026/05_Mai/NDF_ANDRÉ_4.pdf,NDF_ANDRÉ_4.pdf,.pdf,1677,2025-10-14T00:00:00,2026-05-07T00:00:00,False,False,77,77,4,,AF768FA8A740B4EA53AF898197D995A3FC0992118854DE944E0A1C791FAADFF1
\\DEMO-SRV01\FileServer\03_Finance\Notes_de_frais\2026\05_Mai\NDF_BLANC_5.pdf,C:\DemoMigration\FileServer\03_Finance\Notes_de_frais\2026\05_Mai\NDF_BLANC_5.pdf,03_Finance\Notes_de_frais\2026\05_Mai\NDF_BLANC_5.pdf,03_Finance,Finance,/sites/MigrationFileServer/Finance/Notes_de_frais/2026/05_Mai/NDF_BLANC_5.pdf,NDF_BLANC_5.pdf,.pdf,1674,2025-09-16T00:00:00,2026-05-17T00:00:00,False,False,77,77,4,,6D71E804DD6FC7460DD10BF2636BB33585443EB574E8532121FE2DF194B122A8
\\DEMO-SRV01\FileServer\03_Finance\Notes_de_frais\2026\05_Mai\NDF_BOYER_3.pdf,C:\DemoMigration\FileServer\03_Finance\Notes_de_frais\2026\05_Mai\NDF_BOYER_3.pdf,03_Finance\Notes_de_frais\2026\05_Mai\NDF_BOYER_3.pdf,03_Finance,Finance,/sites/MigrationFileServer/Finance/Notes_de_frais/2026/05_Mai/NDF_BOYER_3.pdf,NDF_BOYER_3.pdf,.pdf,1673,2025-08-22T00:00:00,2026-05-25T00:00:00,False,False,77,77,4,,9235E2A9864510E3C01604E142BC8C792AD6799AA743380E93A71604383C8BC5
\\DEMO-SRV01\FileServer\03_Finance\Notes_de_frais\2026\05_Mai\NDF_DUPONT_6.pdf,C:\DemoMigration\FileServer\03_Finance\Notes_de_frais\2026\05_Mai\NDF_DUPONT_6.pdf,03_Finance\Notes_de_frais\2026\05_Mai\NDF_DUPONT_6.pdf,03_Finance,Finance,/sites/MigrationFileServer/Finance/Notes_de_frais/2026/05_Mai/NDF_DUPONT_6.pdf,NDF_DUPONT_6.pdf,.pdf,1674,2026-05-24T00:00:00,2026-05-24T00:00:00,False,False,78,78,4,,9262368013DF554230E153CA4145D1B5F6B58A0A9FCB4631DF08E7DFBF22A644
\\DEMO-SRV01\FileServer\03_Finance\Notes_de_frais\2026\05_Mai\NDF_GARNIER_2.pdf,C:\DemoMigration\FileServer\03_Finance\Notes_de_frais\2026\05_Mai\NDF_GARNIER_2.pdf,03_Finance\Notes_de_frais\2026\05_Mai\NDF_GARNIER_2.pdf,03_Finance,Finance,/sites/MigrationFileServer/Finance/Notes_de_frais/2026/05_Mai/NDF_GARNIER_2.pdf,NDF_GARNIER_2.pdf,.pdf,1675,2025-07-09T00:00:00,2026-05-21T00:00:00,False,False,79,79,4,,890B2F4D7ECD3564FB8BBDCFED02E4B0F61C59DE7A8725289CFB88BECE3F5B62
\\DEMO-SRV01\FileServer\03_Finance\Notes_de_frais\2026\05_Mai\NDF_MOREAU_1.pdf,C:\DemoMigration\FileServer\03_Finance\Notes_de_frais\2026\05_Mai\NDF_MOREAU_1.pdf,03_Finance\Notes_de_frais\2026\05_Mai\NDF_MOREAU_1.pdf,03_Finance,Finance,/sites/MigrationFileServer/Finance/Notes_de_frais/2026/05_Mai/NDF_MOREAU_1.pdf,NDF_MOREAU_1.pdf,.pdf,1673,2026-02-25T00:00:00,2026-05-17T00:00:00,False,False,78,78,4,,54DCA0DE6C33064783790E13D4AA8D7DA2865C61194AF9A1AA3C21CBCEFDFB7C
\\DEMO-SRV01\FileServer\03_Finance\Notes_de_frais\2026\06_Juin\NDF_ANDRÉ_2.pdf,C:\DemoMigration\FileServer\03_Finance\Notes_de_frais\2026\06_Juin\NDF_ANDRÉ_2.pdf,03_Finance\Notes_de_frais\2026\06_Juin\NDF_ANDRÉ_2.pdf,03_Finance,Finance,/sites/MigrationFileServer/Finance/Notes_de_frais/2026/06_Juin/NDF_ANDRÉ_2.pdf,NDF_ANDRÉ_2.pdf,.pdf,1675,2025-11-05T00:00:00,2026-06-03T00:00:00,False,False,78,78,4,,2C2D55B3712F31BE3A32C17FD5024B6F67910E51EC866F8CA077D6BAE2426166
\\DEMO-SRV01\FileServer\03_Finance\Notes_de_frais\2026\06_Juin\NDF_FOURNIER_1.pdf,C:\DemoMigration\FileServer\03_Finance\Notes_de_frais\2026\06_Juin\NDF_FOURNIER_1.pdf,03_Finance\Notes_de_frais\2026\06_Juin\NDF_FOURNIER_1.pdf,03_Finance,Finance,/sites/MigrationFileServer/Finance/Notes_de_frais/2026/06_Juin/NDF_FOURNIER_1.pdf,NDF_FOURNIER_1.pdf,.pdf,1673,2025-06-12T00:00:00,2026-06-22T00:00:00,False,False,81,81,4,,B6F246EDF6DFF4D67A09BBD516DAD283B2C2F288C170DC2451DC83B7DC7A8DB1
\\DEMO-SRV01\FileServer\03_Finance\Notes_de_frais\2026\06_Juin\NDF_MERCIER_4.pdf,C:\DemoMigration\FileServer\03_Finance\Notes_de_frais\2026\06_Juin\NDF_MERCIER_4.pdf,03_Finance\Notes_de_frais\2026\06_Juin\NDF_MERCIER_4.pdf,03_Finance,Finance,/sites/MigrationFileServer/Finance/Notes_de_frais/2026/06_Juin/NDF_MERCIER_4.pdf,NDF_MERCIER_4.pdf,.pdf,1672,2025-08-23T00:00:00,2026-06-21T00:00:00,False,False,80,80,4,,3653CCB6E137297D86BFA2444ED3FD9ACF4AF62CC4F14C66D3CA5F464A8D1788
\\DEMO-SRV01\FileServer\03_Finance\Notes_de_frais\2026\06_Juin\NDF_ROUX_3.pdf,C:\DemoMigration\FileServer\03_Finance\Notes_de_frais\2026\06_Juin\NDF_ROUX_3.pdf,03_Finance\Notes_de_frais\2026\06_Juin\NDF_ROUX_3.pdf,03_Finance,Finance,/sites/MigrationFileServer/Finance/Notes_de_frais/2026/06_Juin/NDF_ROUX_3.pdf,NDF_ROUX_3.pdf,.pdf,1674,2026-02-23T00:00:00,2026-06-27T00:00:00,False,False,77,77,4,,EA3571B1FD137147845ED028E70B38A5838403D928643B16B40829B26BAEC140
\\DEMO-SRV01\FileServer\03_Finance\Notes_de_frais\2026\07_Juillet\NDF_BLANC_3.pdf,C:\DemoMigration\FileServer\03_Finance\Notes_de_frais\2026\07_Juillet\NDF_BLANC_3.pdf,03_Finance\Notes_de_frais\2026\07_Juillet\NDF_BLANC_3.pdf,03_Finance,Finance,/sites/MigrationFileServer/Finance/Notes_de_frais/2026/07_Juillet/NDF_BLANC_3.pdf,NDF_BLANC_3.pdf,.pdf,1673,2026-02-24T00:00:00,2026-07-15T00:00:00,False,False,81,81,4,,FD8C437956969C44324B15ECF717224E3ABBDBB04FD3A74E81AD87FAAAB45776
\\DEMO-SRV01\FileServer\03_Finance\Notes_de_frais\2026\07_Juillet\NDF_BOYER_1.pdf,C:\DemoMigration\FileServer\03_Finance\Notes_de_frais\2026\07_Juillet\NDF_BOYER_1.pdf,03_Finance\Notes_de_frais\2026\07_Juillet\NDF_BOYER_1.pdf,03_Finance,Finance,/sites/MigrationFileServer/Finance/Notes_de_frais/2026/07_Juillet/NDF_BOYER_1.pdf,NDF_BOYER_1.pdf,.pdf,1675,2026-02-12T00:00:00,2026-07-03T00:00:00,False,False,81,81,4,,86788433180773BB50332748295AB415F7DA995716499C0566AD0AE5BCF519A6
\\DEMO-SRV01\FileServer\03_Finance\Notes_de_frais\2026\07_Juillet\NDF_DUBOIS_5.pdf,C:\DemoMigration\FileServer\03_Finance\Notes_de_frais\2026\07_Juillet\NDF_DUBOIS_5.pdf,03_Finance\Notes_de_frais\2026\07_Juillet\NDF_DUBOIS_5.pdf,03_Finance,Finance,/sites/MigrationFileServer/Finance/Notes_de_frais/2026/07_Juillet/NDF_DUBOIS_5.pdf,NDF_DUBOIS_5.pdf,.pdf,1675,2026-03-25T00:00:00,2026-07-21T00:00:00,False,False,82,82,4,,CA427238A291B919115CCB624F97634AF26F5AEE75414BD1F5169DF9F1DE5BE3
\\DEMO-SRV01\FileServer\03_Finance\Notes_de_frais\2026\07_Juillet\NDF_ROUX_2.pdf,C:\DemoMigration\FileServer\03_Finance\Notes_de_frais\2026\07_Juillet\NDF_ROUX_2.pdf,03_Finance\Notes_de_frais\2026\07_Juillet\NDF_ROUX_2.pdf,03_Finance,Finance,/sites/MigrationFileServer/Finance/Notes_de_frais/2026/07_Juillet/NDF_ROUX_2.pdf,NDF_ROUX_2.pdf,.pdf,1673,2025-09-08T00:00:00,2026-07-04T00:00:00,False,False,80,80,4,,52C8882047D9C6497875E9166D9171F7257AD7609330BA047D08D9D0E98A0C1C
\\DEMO-SRV01\FileServer\03_Finance\Notes_de_frais\2026\07_Juillet\NDF_SIMON_4.pdf,C:\DemoMigration\FileServer\03_Finance\Notes_de_frais\2026\07_Juillet\NDF_SIMON_4.pdf,03_Finance\Notes_de_frais\2026\07_Juillet\NDF_SIMON_4.pdf,03_Finance,Finance,/sites/MigrationFileServer/Finance/Notes_de_frais/2026/07_Juillet/NDF_SIMON_4.pdf,NDF_SIMON_4.pdf,.pdf,1673,2026-02-12T00:00:00,2026-07-21T00:00:00,False,False,81,81,4,,D25425519553A7678A55411EF6BB5F8CA66AE2CF96F00F10E49E724C8409D6BF
\\DEMO-SRV01\FileServer\03_Finance\Notes_de_frais\2026\08_Aout\NDF_BLANC_1.pdf,C:\DemoMigration\FileServer\03_Finance\Notes_de_frais\2026\08_Aout\NDF_BLANC_1.pdf,03_Finance\Notes_de_frais\2026\08_Aout\NDF_BLANC_1.pdf,03_Finance,Finance,/sites/MigrationFileServer/Finance/Notes_de_frais/2026/08_Aout/NDF_BLANC_1.pdf,NDF_BLANC_1.pdf,.pdf,1672,2025-12-29T00:00:00,2026-08-18T00:00:00,False,False,78,78,4,,77FCAF8B533E59BB0AA9BDC21826A06F7CCD84F15F0DB8B677535A35799EE8E2
\\DEMO-SRV01\FileServer\03_Finance\Notes_de_frais\2026\08_Aout\NDF_BLANC_7.pdf,C:\DemoMigration\FileServer\03_Finance\Notes_de_frais\2026\08_Aout\NDF_BLANC_7.pdf,03_Finance\Notes_de_frais\2026\08_Aout\NDF_BLANC_7.pdf,03_Finance,Finance,/sites/MigrationFileServer/Finance/Notes_de_frais/2026/08_Aout/NDF_BLANC_7.pdf,NDF_BLANC_7.pdf,.pdf,1674,2025-12-18T00:00:00,2026-08-28T00:00:00,False,False,78,78,4,,DE5C2C262790AC9424B8AF15182353DB674C757F0E32FAD5F3B2DA46E611949F
\\DEMO-SRV01\FileServer\03_Finance\Notes_de_frais\2026\08_Aout\NDF_DUBOIS_6.pdf,C:\DemoMigration\FileServer\03_Finance\Notes_de_frais\2026\08_Aout\NDF_DUBOIS_6.pdf,03_Finance\Notes_de_frais\2026\08_Aout\NDF_DUBOIS_6.pdf,03_Finance,Finance,/sites/MigrationFileServer/Finance/Notes_de_frais/2026/08_Aout/NDF_DUBOIS_6.pdf,NDF_DUBOIS_6.pdf,.pdf,1677,2025-10-22T00:00:00,2026-08-24T00:00:00,False,False,79,79,4,,1DA7B2A35E8BFC8A62FE261948E8006D74AC784FFF2672C39CD906188DDE1742
\\DEMO-SRV01\FileServer\03_Finance\Notes_de_frais\2026\08_Aout\NDF_FAURE_3.pdf,C:\DemoMigration\FileServer\03_Finance\Notes_de_frais\2026\08_Aout\NDF_FAURE_3.pdf,03_Finance\Notes_de_frais\2026\08_Aout\NDF_FAURE_3.pdf,03_Finance,Finance,/sites/MigrationFileServer/Finance/Notes_de_frais/2026/08_Aout/NDF_FAURE_3.pdf,NDF_FAURE_3.pdf,.pdf,1673,2026-03-25T00:00:00,2026-08-02T00:00:00,False,False,78,78,4,,CE23696A3D91A8180B0FAEA04FCA833F2C4CB986F3BB7C0F180558239BFA2B61
\\DEMO-SRV01\FileServer\03_Finance\Notes_de_frais\2026\08_Aout\NDF_GARNIER_4.pdf,C:\DemoMigration\FileServer\03_Finance\Notes_de_frais\2026\08_Aout\NDF_GARNIER_4.pdf,03_Finance\Notes_de_frais\2026\08_Aout\NDF_GARNIER_4.pdf,03_Finance,Finance,/sites/MigrationFileServer/Finance/Notes_de_frais/2026/08_Aout/NDF_GARNIER_4.pdf,NDF_GARNIER_4.pdf,.pdf,1675,2025-08-16T00:00:00,2026-08-14T00:00:00,False,False,80,80,4,,A0362DA74C58978092FDF869228543E936D47430D29A45C09CC9325EB37EE3DC
\\DEMO-SRV01\FileServer\03_Finance\Notes_de_frais\2026\08_Aout\NDF_LEROY_5.pdf,C:\DemoMigration\FileServer\03_Finance\Notes_de_frais\2026\08_Aout\NDF_LEROY_5.pdf,03_Finance\Notes_de_frais\2026\08_Aout\NDF_LEROY_5.pdf,03_Finance,Finance,/sites/MigrationFileServer/Finance/Notes_de_frais/2026/08_Aout/NDF_LEROY_5.pdf,NDF_LEROY_5.pdf,.pdf,1673,2026-04-23T00:00:00,2026-08-16T00:00:00,False,False,78,78,4,,44C0C4A786463F4C671DBBDD123AC809A9F2B957762070DAAA0829DBA1605566
\\DEMO-SRV01\FileServer\03_Finance\Notes_de_frais\2026\08_Aout\NDF_ROUX_2.pdf,C:\DemoMigration\FileServer\03_Finance\Notes_de_frais\2026\08_Aout\NDF_ROUX_2.pdf,03_Finance\Notes_de_frais\2026\08_Aout\NDF_ROUX_2.pdf,03_Finance,Finance,/sites/MigrationFileServer/Finance/Notes_de_frais/2026/08_Aout/NDF_ROUX_2.pdf,NDF_ROUX_2.pdf,.pdf,1672,2026-03-04T00:00:00,2026-08-25T00:00:00,False,False,77,77,4,,AEE980F3B0D5D9C8EAEA8728FDFD056B7615071ECF1F955C2D56FBDF730CEE79
\\DEMO-SRV01\FileServer\04_Direction\ Note avec espace initial.txt,C:\DemoMigration\FileServer\04_Direction\ Note avec espace initial.txt,04_Direction\ Note avec espace initial.txt,04_Direction,Direction,/sites/MigrationFileServer/Direction/ Note avec espace initial.txt, Note avec espace initial.txt,.txt,30,2026-09-16T09:12:00,2026-09-16T09:12:00,False,False,66,66,1,Espace ou point en début/fin de nom,771D46546C7E1FF1AFD2DF9319A254397039D1AAE8674F7D0D39CB450873C4AF
\\DEMO-SRV01\FileServer\04_Direction\Comite_de_direction\2024\CR_CODIR_2024-01.docx,C:\DemoMigration\FileServer\04_Direction\Comite_de_direction\2024\CR_CODIR_2024-01.docx,04_Direction\Comite_de_direction\2024\CR_CODIR_2024-01.docx,04_Direction,Direction,/sites/MigrationFileServer/Direction/Comite_de_direction/2024/CR_CODIR_2024-01.docx,CR_CODIR_2024-01.docx,.docx,36744,2023-06-23T00:00:00,2024-01-24T00:00:00,False,False,83,83,3,,6AE26882B447551639D354960F4BCCB6E7E279DB5AC3DDF3FDE35256EF4B465A
\\DEMO-SRV01\FileServer\04_Direction\Comite_de_direction\2024\CR_CODIR_2024-02.docx,C:\DemoMigration\FileServer\04_Direction\Comite_de_direction\2024\CR_CODIR_2024-02.docx,04_Direction\Comite_de_direction\2024\CR_CODIR_2024-02.docx,04_Direction,Direction,/sites/MigrationFileServer/Direction/Comite_de_direction/2024/CR_CODIR_2024-02.docx,CR_CODIR_2024-02.docx,.docx,36745,2023-01-05T00:00:00,2024-02-03T00:00:00,False,False,83,83,3,,8594F152CF369AFFB6CDBAE890CF4D679964A769E71D690230680E4902E93BD0
\\DEMO-SRV01\FileServer\04_Direction\Comite_de_direction\2024\CR_CODIR_2024-03.docx,C:\DemoMigration\FileServer\04_Direction\Comite_de_direction\2024\CR_CODIR_2024-03.docx,04_Direction\Comite_de_direction\2024\CR_CODIR_2024-03.docx,04_Direction,Direction,/sites/MigrationFileServer/Direction/Comite_de_direction/2024/CR_CODIR_2024-03.docx,CR_CODIR_2024-03.docx,.docx,36744,2023-03-01T00:00:00,2024-03-10T00:00:00,False,False,83,83,3,,6A9C6B0B4F4252CE30B9EEFF0AAAE21AF7D8D650600BB9A36026584C6B49150F
\\DEMO-SRV01\FileServer\04_Direction\Comite_de_direction\2024\CR_CODIR_2024-04.docx,C:\DemoMigration\FileServer\04_Direction\Comite_de_direction\2024\CR_CODIR_2024-04.docx,04_Direction\Comite_de_direction\2024\CR_CODIR_2024-04.docx,04_Direction,Direction,/sites/MigrationFileServer/Direction/Comite_de_direction/2024/CR_CODIR_2024-04.docx,CR_CODIR_2024-04.docx,.docx,36743,2023-05-19T00:00:00,2024-04-10T00:00:00,False,False,83,83,3,,C70F10397880F1B808AE0BC072E8D99FEEB1AD050904A1DCDF4860FC126AAB02
\\DEMO-SRV01\FileServer\04_Direction\Comite_de_direction\2024\CR_CODIR_2024-05.docx,C:\DemoMigration\FileServer\04_Direction\Comite_de_direction\2024\CR_CODIR_2024-05.docx,04_Direction\Comite_de_direction\2024\CR_CODIR_2024-05.docx,04_Direction,Direction,/sites/MigrationFileServer/Direction/Comite_de_direction/2024/CR_CODIR_2024-05.docx,CR_CODIR_2024-05.docx,.docx,36745,2023-06-12T00:00:00,2024-05-18T00:00:00,False,False,83,83,3,,48E81613FB5D90044DE6FFCA0BE112FDFED75074175B2A2F7E6397E01EBAC6A7
\\DEMO-SRV01\FileServer\04_Direction\Comite_de_direction\2024\CR_CODIR_2024-06.docx,C:\DemoMigration\FileServer\04_Direction\Comite_de_direction\2024\CR_CODIR_2024-06.docx,04_Direction\Comite_de_direction\2024\CR_CODIR_2024-06.docx,04_Direction,Direction,/sites/MigrationFileServer/Direction/Comite_de_direction/2024/CR_CODIR_2024-06.docx,CR_CODIR_2024-06.docx,.docx,36745,2024-04-29T00:00:00,2024-06-10T00:00:00,False,False,83,83,3,,BD8055C181BBA00C1A5435DCD02BAD8B96D5BE041822D6C400A422E5EBBEF8D7
\\DEMO-SRV01\FileServer\04_Direction\Comite_de_direction\2024\CR_CODIR_2024-07.docx,C:\DemoMigration\FileServer\04_Direction\Comite_de_direction\2024\CR_CODIR_2024-07.docx,04_Direction\Comite_de_direction\2024\CR_CODIR_2024-07.docx,04_Direction,Direction,/sites/MigrationFileServer/Direction/Comite_de_direction/2024/CR_CODIR_2024-07.docx,CR_CODIR_2024-07.docx,.docx,36745,2023-10-28T00:00:00,2024-07-02T00:00:00,False,False,83,83,3,,EA0E8D10392ED32A386333494EC119A0A1C5C760FFB15B8F554A977DD89B3264
\\DEMO-SRV01\FileServer\04_Direction\Comite_de_direction\2024\CR_CODIR_2024-08.docx,C:\DemoMigration\FileServer\04_Direction\Comite_de_direction\2024\CR_CODIR_2024-08.docx,04_Direction\Comite_de_direction\2024\CR_CODIR_2024-08.docx,04_Direction,Direction,/sites/MigrationFileServer/Direction/Comite_de_direction/2024/CR_CODIR_2024-08.docx,CR_CODIR_2024-08.docx,.docx,36745,2024-04-18T00:00:00,2024-08-09T00:00:00,False,False,83,83,3,,94058CD29C9A4EAC004EA8B4A9A9C47898D607FF141C886C80CC658AC3796D65
\\DEMO-SRV01\FileServer\04_Direction\Comite_de_direction\2024\CR_CODIR_2024-09.docx,C:\DemoMigration\FileServer\04_Direction\Comite_de_direction\2024\CR_CODIR_2024-09.docx,04_Direction\Comite_de_direction\2024\CR_CODIR_2024-09.docx,04_Direction,Direction,/sites/MigrationFileServer/Direction/Comite_de_direction/2024/CR_CODIR_2024-09.docx,CR_CODIR_2024-09.docx,.docx,36745,2024-05-07T00:00:00,2024-09-20T00:00:00,False,False,83,83,3,,DDC286908D326E03A9F2E01218EDE17611011D8E2CF6A6CD82A922C9D84AFF4F
\\DEMO-SRV01\FileServer\04_Direction\Comite_de_direction\2024\CR_CODIR_2024-10.docx,C:\DemoMigration\FileServer\04_Direction\Comite_de_direction\2024\CR_CODIR_2024-10.docx,04_Direction\Comite_de_direction\2024\CR_CODIR_2024-10.docx,04_Direction,Direction,/sites/MigrationFileServer/Direction/Comite_de_direction/2024/CR_CODIR_2024-10.docx,CR_CODIR_2024-10.docx,.docx,36743,2023-10-09T00:00:00,2024-10-05T00:00:00,False,False,83,83,3,,CC8329730D1FC48C1AC1A9602420607F5919C66597DDC1BC22534274DC85E680
\\DEMO-SRV01\FileServer\04_Direction\Comite_de_direction\2024\CR_CODIR_2024-11.docx,C:\DemoMigration\FileServer\04_Direction\Comite_de_direction\2024\CR_CODIR_2024-11.docx,04_Direction\Comite_de_direction\2024\CR_CODIR_2024-11.docx,04_Direction,Direction,/sites/MigrationFileServer/Direction/Comite_de_direction/2024/CR_CODIR_2024-11.docx,CR_CODIR_2024-11.docx,.docx,36744,2024-02-02T00:00:00,2024-11-17T00:00:00,False,False,83,83,3,,C6ADEC8B80864C590CCEF145BAA3E3ABF69472D02B00D804976B2FCAB3628867
\\DEMO-SRV01\FileServer\04_Direction\Comite_de_direction\2024\CR_CODIR_2024-12.docx,C:\DemoMigration\FileServer\04_Direction\Comite_de_direction\2024\CR_CODIR_2024-12.docx,04_Direction\Comite_de_direction\2024\CR_CODIR_2024-12.docx,04_Direction,Direction,/sites/MigrationFileServer/Direction/Comite_de_direction/2024/CR_CODIR_2024-12.docx,CR_CODIR_2024-12.docx,.docx,36744,2024-01-08T00:00:00,2024-12-14T00:00:00,False,False,83,83,3,,E2B48C8BA32A32AC76F383D6B24ACBF5124D9A5AE519C965E00EF961FA63EF44
\\DEMO-SRV01\FileServer\04_Direction\Comite_de_direction\2025\CR_CODIR_2025-01.docx,C:\DemoMigration\FileServer\04_Direction\Comite_de_direction\2025\CR_CODIR_2025-01.docx,04_Direction\Comite_de_direction\2025\CR_CODIR_2025-01.docx,04_Direction,Direction,/sites/MigrationFileServer/Direction/Comite_de_direction/2025/CR_CODIR_2025-01.docx,CR_CODIR_2025-01.docx,.docx,36745,2024-11-20T00:00:00,2025-01-14T00:00:00,False,False,83,83,3,,9342F8D6BF7948FE3507F8AB4B44AB53EDB1633C35E936BBF7A95B689807D468
\\DEMO-SRV01\FileServer\04_Direction\Comite_de_direction\2025\CR_CODIR_2025-02.docx,C:\DemoMigration\FileServer\04_Direction\Comite_de_direction\2025\CR_CODIR_2025-02.docx,04_Direction\Comite_de_direction\2025\CR_CODIR_2025-02.docx,04_Direction,Direction,/sites/MigrationFileServer/Direction/Comite_de_direction/2025/CR_CODIR_2025-02.docx,CR_CODIR_2025-02.docx,.docx,36745,2024-03-28T00:00:00,2025-02-20T00:00:00,False,False,83,83,3,,E40D64A4E12AD12C4D355DBB420744B0EBAC7B305B2164B5C2A8BE158F4B150F
\\DEMO-SRV01\FileServer\04_Direction\Comite_de_direction\2025\CR_CODIR_2025-03.docx,C:\DemoMigration\FileServer\04_Direction\Comite_de_direction\2025\CR_CODIR_2025-03.docx,04_Direction\Comite_de_direction\2025\CR_CODIR_2025-03.docx,04_Direction,Direction,/sites/MigrationFileServer/Direction/Comite_de_direction/2025/CR_CODIR_2025-03.docx,CR_CODIR_2025-03.docx,.docx,36743,2025-01-04T00:00:00,2025-03-05T00:00:00,False,False,83,83,3,,1755317B45E72590756DCF352993C77DDC02BC606282810C7B7BBE0B926A39B2
\\DEMO-SRV01\FileServer\04_Direction\Comite_de_direction\2025\CR_CODIR_2025-04.docx,C:\DemoMigration\FileServer\04_Direction\Comite_de_direction\2025\CR_CODIR_2025-04.docx,04_Direction\Comite_de_direction\2025\CR_CODIR_2025-04.docx,04_Direction,Direction,/sites/MigrationFileServer/Direction/Comite_de_direction/2025/CR_CODIR_2025-04.docx,CR_CODIR_2025-04.docx,.docx,36743,2024-07-03T00:00:00,2025-04-26T00:00:00,False,False,83,83,3,,DB0A8EC62A4C392A39B79CBA0D8A27BD443F93E8BA3D38BE3DC545C2A0FFA092
\\DEMO-SRV01\FileServer\04_Direction\Comite_de_direction\2025\CR_CODIR_2025-05.docx,C:\DemoMigration\FileServer\04_Direction\Comite_de_direction\2025\CR_CODIR_2025-05.docx,04_Direction\Comite_de_direction\2025\CR_CODIR_2025-05.docx,04_Direction,Direction,/sites/MigrationFileServer/Direction/Comite_de_direction/2025/CR_CODIR_2025-05.docx,CR_CODIR_2025-05.docx,.docx,36745,2024-07-18T00:00:00,2025-05-23T00:00:00,False,False,83,83,3,,EA2CBE3BD9C2C02C2340E74F62CC365C1A6FAE13D5EB90C37FE9DF0FF2F9D037
\\DEMO-SRV01\FileServer\04_Direction\Comite_de_direction\2025\CR_CODIR_2025-06.docx,C:\DemoMigration\FileServer\04_Direction\Comite_de_direction\2025\CR_CODIR_2025-06.docx,04_Direction\Comite_de_direction\2025\CR_CODIR_2025-06.docx,04_Direction,Direction,/sites/MigrationFileServer/Direction/Comite_de_direction/2025/CR_CODIR_2025-06.docx,CR_CODIR_2025-06.docx,.docx,36743,2024-06-13T00:00:00,2025-06-15T00:00:00,False,False,83,83,3,,EBE4C0A4E1AA10C71E6175BE18267C3A7EA70B04FE5649C6AEFB51308A2A9F65
\\DEMO-SRV01\FileServer\04_Direction\Comite_de_direction\2025\CR_CODIR_2025-07.docx,C:\DemoMigration\FileServer\04_Direction\Comite_de_direction\2025\CR_CODIR_2025-07.docx,04_Direction\Comite_de_direction\2025\CR_CODIR_2025-07.docx,04_Direction,Direction,/sites/MigrationFileServer/Direction/Comite_de_direction/2025/CR_CODIR_2025-07.docx,CR_CODIR_2025-07.docx,.docx,36744,2024-08-28T00:00:00,2025-07-25T00:00:00,False,False,83,83,3,,1389077288EA69F78FA51643759BF2EB4EEBEB4AF6EEB3914BB9701C573A50DE
\\DEMO-SRV01\FileServer\04_Direction\Comite_de_direction\2025\CR_CODIR_2025-08.docx,C:\DemoMigration\FileServer\04_Direction\Comite_de_direction\2025\CR_CODIR_2025-08.docx,04_Direction\Comite_de_direction\2025\CR_CODIR_2025-08.docx,04_Direction,Direction,/sites/MigrationFileServer/Direction/Comite_de_direction/2025/CR_CODIR_2025-08.docx,CR_CODIR_2025-08.docx,.docx,36744,2025-01-04T00:00:00,2025-08-27T00:00:00,False,False,83,83,3,,833E2973992995D1B5264FFABC764E0AD3398447831BA4D349748CF9D03F7AF7
\\DEMO-SRV01\FileServer\04_Direction\Comite_de_direction\2025\CR_CODIR_2025-09.docx,C:\DemoMigration\FileServer\04_Direction\Comite_de_direction\2025\CR_CODIR_2025-09.docx,04_Direction\Comite_de_direction\2025\CR_CODIR_2025-09.docx,04_Direction,Direction,/sites/MigrationFileServer/Direction/Comite_de_direction/2025/CR_CODIR_2025-09.docx,CR_CODIR_2025-09.docx,.docx,36743,2025-09-01T00:00:00,2025-09-20T00:00:00,False,False,83,83,3,,0AAD8DA462CD23D619E745E6FE94819BE0D4F3DCF516E26BA5F0FC02CA57C88F
\\DEMO-SRV01\FileServer\04_Direction\Comite_de_direction\2025\CR_CODIR_2025-10.docx,C:\DemoMigration\FileServer\04_Direction\Comite_de_direction\2025\CR_CODIR_2025-10.docx,04_Direction\Comite_de_direction\2025\CR_CODIR_2025-10.docx,04_Direction,Direction,/sites/MigrationFileServer/Direction/Comite_de_direction/2025/CR_CODIR_2025-10.docx,CR_CODIR_2025-10.docx,.docx,36744,2024-11-27T00:00:00,2025-10-14T00:00:00,False,False,83,83,3,,81C61E63C0303148E4B56E5043663A5C512CAF21AD54BA7B0C00462A76FB23BF
\\DEMO-SRV01\FileServer\04_Direction\Comite_de_direction\2025\CR_CODIR_2025-11.docx,C:\DemoMigration\FileServer\04_Direction\Comite_de_direction\2025\CR_CODIR_2025-11.docx,04_Direction\Comite_de_direction\2025\CR_CODIR_2025-11.docx,04_Direction,Direction,/sites/MigrationFileServer/Direction/Comite_de_direction/2025/CR_CODIR_2025-11.docx,CR_CODIR_2025-11.docx,.docx,36743,2024-12-18T00:00:00,2025-11-25T00:00:00,False,False,83,83,3,,01CF3496CAFF01497363FB82E0678F81B001681D9C49552ECC6AD8FCAB409CC1
\\DEMO-SRV01\FileServer\04_Direction\Comite_de_direction\2025\CR_CODIR_2025-12.docx,C:\DemoMigration\FileServer\04_Direction\Comite_de_direction\2025\CR_CODIR_2025-12.docx,04_Direction\Comite_de_direction\2025\CR_CODIR_2025-12.docx,04_Direction,Direction,/sites/MigrationFileServer/Direction/Comite_de_direction/2025/CR_CODIR_2025-12.docx,CR_CODIR_2025-12.docx,.docx,36744,2025-09-01T00:00:00,2025-12-02T00:00:00,False,False,83,83,3,,B7A6C08A1769A9E48C551454353ED973EF4F6AD40E89F021632D2511D52A1BFA
\\DEMO-SRV01\FileServer\04_Direction\Comite_de_direction\2026\CR_CODIR_2026-01.docx,C:\DemoMigration\FileServer\04_Direction\Comite_de_direction\2026\CR_CODIR_2026-01.docx,04_Direction\Comite_de_direction\2026\CR_CODIR_2026-01.docx,04_Direction,Direction,/sites/MigrationFileServer/Direction/Comite_de_direction/2026/CR_CODIR_2026-01.docx,CR_CODIR_2026-01.docx,.docx,36743,2025-07-18T00:00:00,2026-01-02T00:00:00,False,False,83,83,3,,F41857CF94CE6196F40B297001B37F6A2B1C2FAD0A07CA78BCF1FD6CF5D3D3B8
\\DEMO-SRV01\FileServer\04_Direction\Comite_de_direction\2026\CR_CODIR_2026-02.docx,C:\DemoMigration\FileServer\04_Direction\Comite_de_direction\2026\CR_CODIR_2026-02.docx,04_Direction\Comite_de_direction\2026\CR_CODIR_2026-02.docx,04_Direction,Direction,/sites/MigrationFileServer/Direction/Comite_de_direction/2026/CR_CODIR_2026-02.docx,CR_CODIR_2026-02.docx,.docx,36745,2025-07-09T00:00:00,2026-02-05T00:00:00,False,False,83,83,3,,A21F7FC642D743C44EB0DDC99E302007B04C700BDF04DB52E0BD19665E9DC336
\\DEMO-SRV01\FileServer\04_Direction\Comite_de_direction\2026\CR_CODIR_2026-03.docx,C:\DemoMigration\FileServer\04_Direction\Comite_de_direction\2026\CR_CODIR_2026-03.docx,04_Direction\Comite_de_direction\2026\CR_CODIR_2026-03.docx,04_Direction,Direction,/sites/MigrationFileServer/Direction/Comite_de_direction/2026/CR_CODIR_2026-03.docx,CR_CODIR_2026-03.docx,.docx,36744,2025-08-06T00:00:00,2026-03-27T00:00:00,False,False,83,83,3,,1795CE5838DC947672D43FB3CA1A153E0A4980115CC00202B846829CA85B788F
\\DEMO-SRV01\FileServer\04_Direction\Comite_de_direction\2026\CR_CODIR_2026-04.docx,C:\DemoMigration\FileServer\04_Direction\Comite_de_direction\2026\CR_CODIR_2026-04.docx,04_Direction\Comite_de_direction\2026\CR_CODIR_2026-04.docx,04_Direction,Direction,/sites/MigrationFileServer/Direction/Comite_de_direction/2026/CR_CODIR_2026-04.docx,CR_CODIR_2026-04.docx,.docx,36744,2025-04-26T00:00:00,2026-04-10T00:00:00,False,False,83,83,3,,F83A7F987B4EA3F99C16E3F877C3985019E5739381ED4F0ED861B004355CAD0C
\\DEMO-SRV01\FileServer\04_Direction\Comite_de_direction\2026\CR_CODIR_2026-05.docx,C:\DemoMigration\FileServer\04_Direction\Comite_de_direction\2026\CR_CODIR_2026-05.docx,04_Direction\Comite_de_direction\2026\CR_CODIR_2026-05.docx,04_Direction,Direction,/sites/MigrationFileServer/Direction/Comite_de_direction/2026/CR_CODIR_2026-05.docx,CR_CODIR_2026-05.docx,.docx,36744,2026-01-06T00:00:00,2026-05-13T00:00:00,False,False,83,83,3,,4A579467DA5924753CDE0E641BC0E2CF7D93AA8DD81A0E45E567FC086A012332
\\DEMO-SRV01\FileServer\04_Direction\Comite_de_direction\2026\CR_CODIR_2026-06.docx,C:\DemoMigration\FileServer\04_Direction\Comite_de_direction\2026\CR_CODIR_2026-06.docx,04_Direction\Comite_de_direction\2026\CR_CODIR_2026-06.docx,04_Direction,Direction,/sites/MigrationFileServer/Direction/Comite_de_direction/2026/CR_CODIR_2026-06.docx,CR_CODIR_2026-06.docx,.docx,36743,2026-05-17T00:00:00,2026-06-10T00:00:00,False,False,83,83,3,,32ACA76B88FAFE670077E585110B77630912B7E0666B013271D0E9A6BCABD52F
\\DEMO-SRV01\FileServer\04_Direction\Comite_de_direction\2026\CR_CODIR_2026-07.docx,C:\DemoMigration\FileServer\04_Direction\Comite_de_direction\2026\CR_CODIR_2026-07.docx,04_Direction\Comite_de_direction\2026\CR_CODIR_2026-07.docx,04_Direction,Direction,/sites/MigrationFileServer/Direction/Comite_de_direction/2026/CR_CODIR_2026-07.docx,CR_CODIR_2026-07.docx,.docx,36744,2025-08-21T00:00:00,2026-07-12T00:00:00,False,False,83,83,3,,596828B8421F39A892D3325CF856A2D6E65943B52CFE4F902162DF12780406AE
\\DEMO-SRV01\FileServer\04_Direction\Comite_de_direction\2026\CR_CODIR_2026-08.docx,C:\DemoMigration\FileServer\04_Direction\Comite_de_direction\2026\CR_CODIR_2026-08.docx,04_Direction\Comite_de_direction\2026\CR_CODIR_2026-08.docx,04_Direction,Direction,/sites/MigrationFileServer/Direction/Comite_de_direction/2026/CR_CODIR_2026-08.docx,CR_CODIR_2026-08.docx,.docx,36743,2026-05-20T00:00:00,2026-08-10T00:00:00,False,False,83,83,3,,63223BB61B2EB43A66278A78597F0D0A56D36A12BDF8BABDB24D4BB34C400092
\\DEMO-SRV01\FileServer\04_Direction\Raccourci vers Budgets.lnk,C:\DemoMigration\FileServer\04_Direction\Raccourci vers Budgets.lnk,04_Direction\Raccourci vers Budgets.lnk,04_Direction,Direction,/sites/MigrationFileServer/Direction/Raccourci vers Budgets.lnk,Raccourci vers Budgets.lnk,.lnk,1024,2026-09-16T09:12:00,2026-09-16T09:12:00,False,False,63,63,1,,DC178B9570AD4B0F3FFA4A92CE6A02121A276FEFC7932C5A16301B909AD1600A
\\DEMO-SRV01\FileServer\04_Direction\Strategie\Modele_devis - Copie.docx,C:\DemoMigration\FileServer\04_Direction\Strategie\Modele_devis - Copie.docx,04_Direction\Strategie\Modele_devis - Copie.docx,04_Direction,Direction,/sites/MigrationFileServer/Direction/Strategie/Modele_devis - Copie.docx,Modele_devis - Copie.docx,.docx,36722,2022-07-01T11:28:04,2023-02-10T11:28:04,False,False,72,72,2,,143B3BAEEB3A805134BC888E97D37E2856E16BC2B305833459250CFE62D9A8E3
\\DEMO-SRV01\FileServer\04_Direction\Strategie\Notes_personnelles_DG.txt,C:\DemoMigration\FileServer\04_Direction\Strategie\Notes_personnelles_DG.txt,04_Direction\Strategie\Notes_personnelles_DG.txt,04_Direction,Direction,/sites/MigrationFileServer/Direction/Strategie/Notes_personnelles_DG.txt,Notes_personnelles_DG.txt,.txt,31,2026-09-16T09:12:00,2026-09-16T09:12:00,True,False,72,72,2,Fichier caché/système (migré par défaut),79A5B4C7AFA55BF4C7A6346403A39E3415A3BCE756B42A3F9FE5043D434E3B5A
\\DEMO-SRV01\FileServer\04_Direction\Strategie\Plan #1 - Transformation 100% cloud.docx,C:\DemoMigration\FileServer\04_Direction\Strategie\Plan #1 - Transformation 100% cloud.docx,04_Direction\Strategie\Plan #1 - Transformation 100% cloud.docx,04_Direction,Direction,/sites/MigrationFileServer/Direction/Strategie/Plan #1 - Transformation 100% cloud.docx,Plan #1 - Transformation 100% cloud.docx,.docx,36764,2025-06-06T00:00:00,2026-05-03T00:00:00,False,False,87,87,2,,6AF2137CD68D8BF96FE500EDC7099471FE1C25BD3CF01AE5FD0E6BF163A46DEE
\\DEMO-SRV01\FileServer\04_Direction\Strategie\Présentation – Stratégie & Vision 2027.pptx,C:\DemoMigration\FileServer\04_Direction\Strategie\Présentation – Stratégie & Vision 2027.pptx,04_Direction\Strategie\Présentation – Stratégie & Vision 2027.pptx,04_Direction,Direction,/sites/MigrationFileServer/Direction/Strategie/Présentation – Stratégie & Vision 2027.pptx,Présentation – Stratégie & Vision 2027.pptx,.pptx,29185,2025-05-14T00:00:00,2026-06-12T00:00:00,False,False,90,90,2,,C292CCF8FAFF21873C47D7AAD724824870DD2CFA3731D76E0CBA37FBEC876E92
\\DEMO-SRV01\FileServer\05_Commun\Evenements\Seminaire_2025_Annecy\IMG_4000.jpg,C:\DemoMigration\FileServer\05_Commun\Evenements\Seminaire_2025_Annecy\IMG_4000.jpg,05_Commun\Evenements\Seminaire_2025_Annecy\IMG_4000.jpg,05_Commun,Commun,/sites/MigrationFileServer/Commun/Evenements/Seminaire_2025_Annecy/IMG_4000.jpg,IMG_4000.jpg,.jpg,305079,2025-03-03T10:00:00,2025-06-14T10:00:00,False,False,79,79,3,,8143C77C473FE3621A1FBD28B7DF3616E918D8AB897DA3406F4E6AA23D835742
\\DEMO-SRV01\FileServer\05_Commun\Evenements\Seminaire_2025_Annecy\IMG_4001.jpg,C:\DemoMigration\FileServer\05_Commun\Evenements\Seminaire_2025_Annecy\IMG_4001.jpg,05_Commun\Evenements\Seminaire_2025_Annecy\IMG_4001.jpg,05_Commun,Commun,/sites/MigrationFileServer/Commun/Evenements/Seminaire_2025_Annecy/IMG_4001.jpg,IMG_4001.jpg,.jpg,306693,2024-06-17T11:00:00,2025-06-14T11:00:00,False,False,79,79,3,,E4506CF833429C10CE071B39D8785126897A13FDD3B943958950A43F029D950D
\\DEMO-SRV01\FileServer\05_Commun\Evenements\Seminaire_2025_Annecy\IMG_4002.jpg,C:\DemoMigration\FileServer\05_Commun\Evenements\Seminaire_2025_Annecy\IMG_4002.jpg,05_Commun\Evenements\Seminaire_2025_Annecy\IMG_4002.jpg,05_Commun,Commun,/sites/MigrationFileServer/Commun/Evenements/Seminaire_2025_Annecy/IMG_4002.jpg,IMG_4002.jpg,.jpg,304775,2024-12-17T12:00:00,2025-06-14T12:00:00,False,False,79,79,3,,FE6DD8FA3D0E877F140C60B8B93EDCAAADE9706CCF3EB5C642E26326CD811E20
\\DEMO-SRV01\FileServer\05_Commun\Evenements\Seminaire_2025_Annecy\IMG_4003.jpg,C:\DemoMigration\FileServer\05_Commun\Evenements\Seminaire_2025_Annecy\IMG_4003.jpg,05_Commun\Evenements\Seminaire_2025_Annecy\IMG_4003.jpg,05_Commun,Commun,/sites/MigrationFileServer/Commun/Evenements/Seminaire_2025_Annecy/IMG_4003.jpg,IMG_4003.jpg,.jpg,307184,2024-11-02T13:00:00,2025-06-14T13:00:00,False,False,79,79,3,,BB168374C38B1D7118AB74F99BAFD2A1321073A34389557BEC089226ED7AC2E5
\\DEMO-SRV01\FileServer\05_Commun\Evenements\Seminaire_2025_Annecy\IMG_4004.jpg,C:\DemoMigration\FileServer\05_Commun\Evenements\Seminaire_2025_Annecy\IMG_4004.jpg,05_Commun\Evenements\Seminaire_2025_Annecy\IMG_4004.jpg,05_Commun,Commun,/sites/MigrationFileServer/Commun/Evenements/Seminaire_2025_Annecy/IMG_4004.jpg,IMG_4004.jpg,.jpg,306036,2024-05-24T14:00:00,2025-06-14T14:00:00,False,False,79,79,3,,3C48016921D16810424C9DEB2986C467B2CA34F93B57A07D35E83A26A07A6446
\\DEMO-SRV01\FileServer\05_Commun\Evenements\Seminaire_2025_Annecy\IMG_4005.jpg,C:\DemoMigration\FileServer\05_Commun\Evenements\Seminaire_2025_Annecy\IMG_4005.jpg,05_Commun\Evenements\Seminaire_2025_Annecy\IMG_4005.jpg,05_Commun,Commun,/sites/MigrationFileServer/Commun/Evenements/Seminaire_2025_Annecy/IMG_4005.jpg,IMG_4005.jpg,.jpg,195098,2025-03-20T15:00:00,2025-06-14T15:00:00,False,False,79,79,3,,5D44938B4156798A8AC95B9F1B0C32FC77C736F46E0C271C355F3503BD46E4B5
\\DEMO-SRV01\FileServer\05_Commun\Evenements\Seminaire_2025_Annecy\IMG_4006.jpg,C:\DemoMigration\FileServer\05_Commun\Evenements\Seminaire_2025_Annecy\IMG_4006.jpg,05_Commun\Evenements\Seminaire_2025_Annecy\IMG_4006.jpg,05_Commun,Commun,/sites/MigrationFileServer/Commun/Evenements/Seminaire_2025_Annecy/IMG_4006.jpg,IMG_4006.jpg,.jpg,305913,2025-06-06T16:00:00,2025-06-14T16:00:00,False,False,79,79,3,,1E63238BA85FE0CD546130B7B071C1B56963871DED4AAB3936D0481E9E339973
\\DEMO-SRV01\FileServer\05_Commun\Evenements\Seminaire_2025_Annecy\IMG_4007.jpg,C:\DemoMigration\FileServer\05_Commun\Evenements\Seminaire_2025_Annecy\IMG_4007.jpg,05_Commun\Evenements\Seminaire_2025_Annecy\IMG_4007.jpg,05_Commun,Commun,/sites/MigrationFileServer/Commun/Evenements/Seminaire_2025_Annecy/IMG_4007.jpg,IMG_4007.jpg,.jpg,196560,2025-03-09T17:00:00,2025-06-14T17:00:00,False,False,79,79,3,,A0CBCEDAEA8BBA436B8F17671741C2DA7269BCF5B979F8CDB71FA0FA48C5125F
\\DEMO-SRV01\FileServer\05_Commun\Evenements\Seminaire_2025_Annecy\IMG_4008.jpg,C:\DemoMigration\FileServer\05_Commun\Evenements\Seminaire_2025_Annecy\IMG_4008.jpg,05_Commun\Evenements\Seminaire_2025_Annecy\IMG_4008.jpg,05_Commun,Commun,/sites/MigrationFileServer/Commun/Evenements/Seminaire_2025_Annecy/IMG_4008.jpg,IMG_4008.jpg,.jpg,110638,2025-01-07T10:00:00,2025-06-14T10:00:00,False,False,79,79,3,,645DB07ED5EC01DB1AD2C05A447FC3BEB40105302AA50A211CFF87FF19D3DCB6
\\DEMO-SRV01\FileServer\05_Commun\Evenements\Seminaire_2025_Annecy\IMG_4009.jpg,C:\DemoMigration\FileServer\05_Commun\Evenements\Seminaire_2025_Annecy\IMG_4009.jpg,05_Commun\Evenements\Seminaire_2025_Annecy\IMG_4009.jpg,05_Commun,Commun,/sites/MigrationFileServer/Commun/Evenements/Seminaire_2025_Annecy/IMG_4009.jpg,IMG_4009.jpg,.jpg,110750,2024-06-21T11:00:00,2025-06-14T11:00:00,False,False,79,79,3,,913A57BCCC034DF210C2076361DA436C21B9AB4CD7150FE4B6C7FF6165BC7547
\\DEMO-SRV01\FileServer\05_Commun\Evenements\Seminaire_2025_Annecy\IMG_4010.jpg,C:\DemoMigration\FileServer\05_Commun\Evenements\Seminaire_2025_Annecy\IMG_4010.jpg,05_Commun\Evenements\Seminaire_2025_Annecy\IMG_4010.jpg,05_Commun,Commun,/sites/MigrationFileServer/Commun/Evenements/Seminaire_2025_Annecy/IMG_4010.jpg,IMG_4010.jpg,.jpg,109410,2024-09-01T12:00:00,2025-06-14T12:00:00,False,False,79,79,3,,A6AD99918EA4EE853DCC08607E22A34CFEABDF611634282ACB13B61066A15CAB
\\DEMO-SRV01\FileServer\05_Commun\Evenements\Seminaire_2025_Annecy\IMG_4011.jpg,C:\DemoMigration\FileServer\05_Commun\Evenements\Seminaire_2025_Annecy\IMG_4011.jpg,05_Commun\Evenements\Seminaire_2025_Annecy\IMG_4011.jpg,05_Commun,Commun,/sites/MigrationFileServer/Commun/Evenements/Seminaire_2025_Annecy/IMG_4011.jpg,IMG_4011.jpg,.jpg,308289,2024-05-23T13:00:00,2025-06-14T13:00:00,False,False,79,79,3,,2A75456BB54B29B38F57BCCD8B9DC3FA6026150CB1008E7E23BA2702C7958591
\\DEMO-SRV01\FileServer\05_Commun\Evenements\Seminaire_2025_Annecy\IMG_4012.jpg,C:\DemoMigration\FileServer\05_Commun\Evenements\Seminaire_2025_Annecy\IMG_4012.jpg,05_Commun\Evenements\Seminaire_2025_Annecy\IMG_4012.jpg,05_Commun,Commun,/sites/MigrationFileServer/Commun/Evenements/Seminaire_2025_Annecy/IMG_4012.jpg,IMG_4012.jpg,.jpg,110274,2024-09-12T14:00:00,2025-06-14T14:00:00,False,False,79,79,3,,ABA8C8F0621879C316DC4BF6C5E9DD376FC1C50669043E41786F626F10260CBA
\\DEMO-SRV01\FileServer\05_Commun\Evenements\Seminaire_2025_Annecy\IMG_4013.jpg,C:\DemoMigration\FileServer\05_Commun\Evenements\Seminaire_2025_Annecy\IMG_4013.jpg,05_Commun\Evenements\Seminaire_2025_Annecy\IMG_4013.jpg,05_Commun,Commun,/sites/MigrationFileServer/Commun/Evenements/Seminaire_2025_Annecy/IMG_4013.jpg,IMG_4013.jpg,.jpg,196961,2024-11-23T15:00:00,2025-06-14T15:00:00,False,False,79,79,3,,AEBB3FD2D50C29E9801BB2FA05CDDE39C9C95B87DBB7AA3A0061FB684B9B695E
\\DEMO-SRV01\FileServer\05_Commun\Evenements\Seminaire_2025_Annecy\IMG_4014.jpg,C:\DemoMigration\FileServer\05_Commun\Evenements\Seminaire_2025_Annecy\IMG_4014.jpg,05_Commun\Evenements\Seminaire_2025_Annecy\IMG_4014.jpg,05_Commun,Commun,/sites/MigrationFileServer/Commun/Evenements/Seminaire_2025_Annecy/IMG_4014.jpg,IMG_4014.jpg,.jpg,109833,2024-06-23T16:00:00,2025-06-14T16:00:00,False,False,79,79,3,,EBD49113378498BB0D8BB7502DD564DEA7EEAB188216476D1696BB587A63B7BD
\\DEMO-SRV01\FileServer\05_Commun\Evenements\Seminaire_2025_Annecy\IMG_4015.jpg,C:\DemoMigration\FileServer\05_Commun\Evenements\Seminaire_2025_Annecy\IMG_4015.jpg,05_Commun\Evenements\Seminaire_2025_Annecy\IMG_4015.jpg,05_Commun,Commun,/sites/MigrationFileServer/Commun/Evenements/Seminaire_2025_Annecy/IMG_4015.jpg,IMG_4015.jpg,.jpg,195564,2025-03-05T17:00:00,2025-06-14T17:00:00,False,False,79,79,3,,FB615DEDCD72517BBA9319DF9DD9322B6EF5778DF65F8AFCDD9278E9DC3F8E15
\\DEMO-SRV01\FileServer\05_Commun\Evenements\Seminaire_2025_Annecy\IMG_4016.jpg,C:\DemoMigration\FileServer\05_Commun\Evenements\Seminaire_2025_Annecy\IMG_4016.jpg,05_Commun\Evenements\Seminaire_2025_Annecy\IMG_4016.jpg,05_Commun,Commun,/sites/MigrationFileServer/Commun/Evenements/Seminaire_2025_Annecy/IMG_4016.jpg,IMG_4016.jpg,.jpg,196736,2025-04-29T10:00:00,2025-06-14T10:00:00,False,False,79,79,3,,58786961CB9D3768530D1E4CDE8DFB3CFE1FC7FBA6EC98CD3AC6D0BE11EC6D8B
\\DEMO-SRV01\FileServer\05_Commun\Evenements\Seminaire_2025_Annecy\IMG_4017.jpg,C:\DemoMigration\FileServer\05_Commun\Evenements\Seminaire_2025_Annecy\IMG_4017.jpg,05_Commun\Evenements\Seminaire_2025_Annecy\IMG_4017.jpg,05_Commun,Commun,/sites/MigrationFileServer/Commun/Evenements/Seminaire_2025_Annecy/IMG_4017.jpg,IMG_4017.jpg,.jpg,110785,2024-08-12T11:00:00,2025-06-14T11:00:00,False,False,79,79,3,,4E722C211B276371B0DCAACF6FF44CAC8705C8370196F0FD2CFE0009BB5A1649
\\DEMO-SRV01\FileServer\05_Commun\Evenements\Seminaire_2025_Annecy\Thumbs.db,C:\DemoMigration\FileServer\05_Commun\Evenements\Seminaire_2025_Annecy\Thumbs.db,05_Commun\Evenements\Seminaire_2025_Annecy\Thumbs.db,05_Commun,Commun,/sites/MigrationFileServer/Commun/Evenements/Seminaire_2025_Annecy/Thumbs.db,Thumbs.db,.db,1048576,2026-09-16T09:12:00,2026-09-16T09:12:00,True,True,76,76,3,Fichier caché/système (migré par défaut),72785BC605061809A1E3D1ED49459D01A02043EEAD3AF434417E5B75AD05C519
\\DEMO-SRV01\FileServer\05_Commun\Evenements\Seminaire_2025_Annecy\Video_teaser.mp4,C:\DemoMigration\FileServer\05_Commun\Evenements\Seminaire_2025_Annecy\Video_teaser.mp4,05_Commun\Evenements\Seminaire_2025_Annecy\Video_teaser.mp4,05_Commun,Commun,/sites/MigrationFileServer/Commun/Evenements/Seminaire_2025_Annecy/Video_teaser.mp4,Video_teaser.mp4,.mp4,26214400,2025-06-20T00:00:00,2025-06-20T00:00:00,False,False,83,83,3,,61602970663659AD09AD66792C9A4260D0AE5704E8DC12CD6B1922B122F666A1
\\DEMO-SRV01\FileServer\05_Commun\Evenements\Soiree_fin_annee_2025\IMG_4000.jpg,C:\DemoMigration\FileServer\05_Commun\Evenements\Soiree_fin_annee_2025\IMG_4000.jpg,05_Commun\Evenements\Soiree_fin_annee_2025\IMG_4000.jpg,05_Commun,Commun,/sites/MigrationFileServer/Commun/Evenements/Soiree_fin_annee_2025/IMG_4000.jpg,IMG_4000.jpg,.jpg,110809,2025-05-21T10:00:00,2025-12-14T10:00:00,False,False,79,79,3,,F5F5ABB91889B445174F93F8FBE55EEDF61547057F928A9615EBFAC323C07950
\\DEMO-SRV01\FileServer\05_Commun\Evenements\Soiree_fin_annee_2025\IMG_4001.jpg,C:\DemoMigration\FileServer\05_Commun\Evenements\Soiree_fin_annee_2025\IMG_4001.jpg,05_Commun\Evenements\Soiree_fin_annee_2025\IMG_4001.jpg,05_Commun,Commun,/sites/MigrationFileServer/Commun/Evenements/Soiree_fin_annee_2025/IMG_4001.jpg,IMG_4001.jpg,.jpg,305771,2025-10-01T11:00:00,2025-12-14T11:00:00,False,False,79,79,3,,530903C4315F4B3A0685BD3A6E3E3BC37106BAAA2DE7D4A4347E4D64CEF3EAAE
\\DEMO-SRV01\FileServer\05_Commun\Evenements\Soiree_fin_annee_2025\IMG_4002.jpg,C:\DemoMigration\FileServer\05_Commun\Evenements\Soiree_fin_annee_2025\IMG_4002.jpg,05_Commun\Evenements\Soiree_fin_annee_2025\IMG_4002.jpg,05_Commun,Commun,/sites/MigrationFileServer/Commun/Evenements/Soiree_fin_annee_2025/IMG_4002.jpg,IMG_4002.jpg,.jpg,109273,2025-06-23T12:00:00,2025-12-14T12:00:00,False,False,79,79,3,,EECF844FDDBDF0FA8FE2060EDCA1B181C0BF2969C6985902D50D097E6EC92A12
\\DEMO-SRV01\FileServer\05_Commun\Evenements\Soiree_fin_annee_2025\IMG_4003.jpg,C:\DemoMigration\FileServer\05_Commun\Evenements\Soiree_fin_annee_2025\IMG_4003.jpg,05_Commun\Evenements\Soiree_fin_annee_2025\IMG_4003.jpg,05_Commun,Commun,/sites/MigrationFileServer/Commun/Evenements/Soiree_fin_annee_2025/IMG_4003.jpg,IMG_4003.jpg,.jpg,110222,2025-06-16T13:00:00,2025-12-14T13:00:00,False,False,79,79,3,,9D45683247AB3168F2EB6A48B7C757AE70D0EA3FC272255DB6DC0DD0F64C5BED
\\DEMO-SRV01\FileServer\05_Commun\Evenements\Soiree_fin_annee_2025\IMG_4004.jpg,C:\DemoMigration\FileServer\05_Commun\Evenements\Soiree_fin_annee_2025\IMG_4004.jpg,05_Commun\Evenements\Soiree_fin_annee_2025\IMG_4004.jpg,05_Commun,Commun,/sites/MigrationFileServer/Commun/Evenements/Soiree_fin_annee_2025/IMG_4004.jpg,IMG_4004.jpg,.jpg,308177,2025-10-07T14:00:00,2025-12-14T14:00:00,False,False,79,79,3,,C4A6EA2E93DD5032A8D673F7AD834AE6084202490D9F888712C8B55C4EFB609F
\\DEMO-SRV01\FileServer\05_Commun\Evenements\Soiree_fin_annee_2025\IMG_4005.jpg,C:\DemoMigration\FileServer\05_Commun\Evenements\Soiree_fin_annee_2025\IMG_4005.jpg,05_Commun\Evenements\Soiree_fin_annee_2025\IMG_4005.jpg,05_Commun,Commun,/sites/MigrationFileServer/Commun/Evenements/Soiree_fin_annee_2025/IMG_4005.jpg,IMG_4005.jpg,.jpg,306696,2025-10-22T15:00:00,2025-12-14T15:00:00,False,False,79,79,3,,BA19A28F24B450423C12145FB060C94444B3624AE70A304EC33205488FDB2DD6
\\DEMO-SRV01\FileServer\05_Commun\Evenements\Soiree_fin_annee_2025\IMG_4006.jpg,C:\DemoMigration\FileServer\05_Commun\Evenements\Soiree_fin_annee_2025\IMG_4006.jpg,05_Commun\Evenements\Soiree_fin_annee_2025\IMG_4006.jpg,05_Commun,Commun,/sites/MigrationFileServer/Commun/Evenements/Soiree_fin_annee_2025/IMG_4006.jpg,IMG_4006.jpg,.jpg,109753,2025-07-17T16:00:00,2025-12-14T16:00:00,False,False,79,79,3,,679610B9DD9EA141A827717E782DABF021522DF407FBEC29ED4AB44B77A49927
\\DEMO-SRV01\FileServer\05_Commun\Evenements\Soiree_fin_annee_2025\IMG_4007.jpg,C:\DemoMigration\FileServer\05_Commun\Evenements\Soiree_fin_annee_2025\IMG_4007.jpg,05_Commun\Evenements\Soiree_fin_annee_2025\IMG_4007.jpg,05_Commun,Commun,/sites/MigrationFileServer/Commun/Evenements/Soiree_fin_annee_2025/IMG_4007.jpg,IMG_4007.jpg,.jpg,109515,2025-02-26T17:00:00,2025-12-14T17:00:00,False,False,79,79,3,,AF3E3D066E24A91F000C7E83ABD64CFBAEE8994A547F2B7A72C508A8CA597137
\\DEMO-SRV01\FileServer\05_Commun\Evenements\Soiree_fin_annee_2025\IMG_4008.jpg,C:\DemoMigration\FileServer\05_Commun\Evenements\Soiree_fin_annee_2025\IMG_4008.jpg,05_Commun\Evenements\Soiree_fin_annee_2025\IMG_4008.jpg,05_Commun,Commun,/sites/MigrationFileServer/Commun/Evenements/Soiree_fin_annee_2025/IMG_4008.jpg,IMG_4008.jpg,.jpg,194873,2025-07-02T10:00:00,2025-12-14T10:00:00,False,False,79,79,3,,209161C4C131C3F9E12C362FDD16C08363EE2CC4285C26EC02DA2E7799A3F22C
\\DEMO-SRV01\FileServer\05_Commun\Evenements\Soiree_fin_annee_2025\IMG_4009.jpg,C:\DemoMigration\FileServer\05_Commun\Evenements\Soiree_fin_annee_2025\IMG_4009.jpg,05_Commun\Evenements\Soiree_fin_annee_2025\IMG_4009.jpg,05_Commun,Commun,/sites/MigrationFileServer/Commun/Evenements/Soiree_fin_annee_2025/IMG_4009.jpg,IMG_4009.jpg,.jpg,196219,2025-05-02T11:00:00,2025-12-14T11:00:00,False,False,79,79,3,,020E4068AEECD8E5E9C81316DA3F518CFB8C54B4FFAEF07FC800C88FE525E661
\\DEMO-SRV01\FileServer\05_Commun\Evenements\Soiree_fin_annee_2025\IMG_4010.jpg,C:\DemoMigration\FileServer\05_Commun\Evenements\Soiree_fin_annee_2025\IMG_4010.jpg,05_Commun\Evenements\Soiree_fin_annee_2025\IMG_4010.jpg,05_Commun,Commun,/sites/MigrationFileServer/Commun/Evenements/Soiree_fin_annee_2025/IMG_4010.jpg,IMG_4010.jpg,.jpg,197444,2025-08-11T12:00:00,2025-12-14T12:00:00,False,False,79,79,3,,91E1FCCD92308D456AD4389A74F527A969C0DED15FDD73AD343FC0C2E8321E25
\\DEMO-SRV01\FileServer\05_Commun\Evenements\Soiree_fin_annee_2025\IMG_4011.jpg,C:\DemoMigration\FileServer\05_Commun\Evenements\Soiree_fin_annee_2025\IMG_4011.jpg,05_Commun\Evenements\Soiree_fin_annee_2025\IMG_4011.jpg,05_Commun,Commun,/sites/MigrationFileServer/Commun/Evenements/Soiree_fin_annee_2025/IMG_4011.jpg,IMG_4011.jpg,.jpg,111037,2025-09-26T13:00:00,2025-12-14T13:00:00,False,False,79,79,3,,1D62B1D11AABCC5838AC578D3315B88D3B60327B3C0376A04C8E8C4850C5473B
\\DEMO-SRV01\FileServer\05_Commun\Evenements\Soiree_fin_annee_2025\IMG_4012.jpg,C:\DemoMigration\FileServer\05_Commun\Evenements\Soiree_fin_annee_2025\IMG_4012.jpg,05_Commun\Evenements\Soiree_fin_annee_2025\IMG_4012.jpg,05_Commun,Commun,/sites/MigrationFileServer/Commun/Evenements/Soiree_fin_annee_2025/IMG_4012.jpg,IMG_4012.jpg,.jpg,109340,2025-07-27T14:00:00,2025-12-14T14:00:00,False,False,79,79,3,,4CD69CCBE52602FBC08EF88FF80B858C3736979BA6860507D2DBB73C78DA2633
\\DEMO-SRV01\FileServer\05_Commun\Evenements\Soiree_fin_annee_2025\IMG_4013.jpg,C:\DemoMigration\FileServer\05_Commun\Evenements\Soiree_fin_annee_2025\IMG_4013.jpg,05_Commun\Evenements\Soiree_fin_annee_2025\IMG_4013.jpg,05_Commun,Commun,/sites/MigrationFileServer/Commun/Evenements/Soiree_fin_annee_2025/IMG_4013.jpg,IMG_4013.jpg,.jpg,194372,2025-04-05T15:00:00,2025-12-14T15:00:00,False,False,79,79,3,,9C6D46B1EC540F5BC50EF7C0BE6530991A4711F71C0B7132AB74A222AD2A4D9F
\\DEMO-SRV01\FileServer\05_Commun\Evenements\Soiree_fin_annee_2025\IMG_4014.jpg,C:\DemoMigration\FileServer\05_Commun\Evenements\Soiree_fin_annee_2025\IMG_4014.jpg,05_Commun\Evenements\Soiree_fin_annee_2025\IMG_4014.jpg,05_Commun,Commun,/sites/MigrationFileServer/Commun/Evenements/Soiree_fin_annee_2025/IMG_4014.jpg,IMG_4014.jpg,.jpg,196962,2024-12-24T16:00:00,2025-12-14T16:00:00,False,False,79,79,3,,90B7CD9399759A1AA0BF59C87A31ADBBFC18A149FF0493E8D0AF4D69D84CD6EC
\\DEMO-SRV01\FileServer\05_Commun\Evenements\Soiree_fin_annee_2025\IMG_4015.jpg,C:\DemoMigration\FileServer\05_Commun\Evenements\Soiree_fin_annee_2025\IMG_4015.jpg,05_Commun\Evenements\Soiree_fin_annee_2025\IMG_4015.jpg,05_Commun,Commun,/sites/MigrationFileServer/Commun/Evenements/Soiree_fin_annee_2025/IMG_4015.jpg,IMG_4015.jpg,.jpg,197022,2025-08-11T17:00:00,2025-12-14T17:00:00,False,False,79,79,3,,C18A0286AE4899624AEE88170D284890302AA5B189A3DB79C4857CAB4D7B0495
\\DEMO-SRV01\FileServer\05_Commun\Evenements\Soiree_fin_annee_2025\IMG_4016.jpg,C:\DemoMigration\FileServer\05_Commun\Evenements\Soiree_fin_annee_2025\IMG_4016.jpg,05_Commun\Evenements\Soiree_fin_annee_2025\IMG_4016.jpg,05_Commun,Commun,/sites/MigrationFileServer/Commun/Evenements/Soiree_fin_annee_2025/IMG_4016.jpg,IMG_4016.jpg,.jpg,195189,2025-05-03T10:00:00,2025-12-14T10:00:00,False,False,79,79,3,,1C6E9E22EC0F0FA8F7D20B64F9E3ACE0F6DE3452C13B39EE61CE1BE0AE919453
\\DEMO-SRV01\FileServer\05_Commun\Evenements\Soiree_fin_annee_2025\IMG_4017.jpg,C:\DemoMigration\FileServer\05_Commun\Evenements\Soiree_fin_annee_2025\IMG_4017.jpg,05_Commun\Evenements\Soiree_fin_annee_2025\IMG_4017.jpg,05_Commun,Commun,/sites/MigrationFileServer/Commun/Evenements/Soiree_fin_annee_2025/IMG_4017.jpg,IMG_4017.jpg,.jpg,111099,2025-08-26T11:00:00,2025-12-14T11:00:00,False,False,79,79,3,,BA03E58847A4526330C40934038A791B2343C43B52DA021FF2305F32046490B7
\\DEMO-SRV01\FileServer\05_Commun\Modeles\Fichier_vide.txt,C:\DemoMigration\FileServer\05_Commun\Modeles\Fichier_vide.txt,05_Commun\Modeles\Fichier_vide.txt,05_Commun,Commun,/sites/MigrationFileServer/Commun/Modeles/Fichier_vide.txt,Fichier_vide.txt,.txt,0,2026-09-16T09:12:00,2026-09-16T09:12:00,False,False,58,58,2,Fichier vide,74CD2786CB516B2569DD179A739E99AA671D97DE8EC50AB08597DC6F88117084
\\DEMO-SRV01\FileServer\05_Commun\Modeles\Installer_modeles.bat,C:\DemoMigration\FileServer\05_Commun\Modeles\Installer_modeles.bat,05_Commun\Modeles\Installer_modeles.bat,05_Commun,Commun,/sites/MigrationFileServer/Commun/Modeles/Installer_modeles.bat,Installer_modeles.bat,.bat,36,2026-09-16T09:12:00,2026-09-16T09:12:00,False,False,63,63,2,,E75BD9A6265BE841467EB23EDB8B6AA288BCACD15DA802F8CCC0B01F0B98FAF2
\\DEMO-SRV01\FileServer\05_Commun\Modeles\Modele_compte_rendu.docx,C:\DemoMigration\FileServer\05_Commun\Modeles\Modele_compte_rendu.docx,05_Commun\Modeles\Modele_compte_rendu.docx,05_Commun,Commun,/sites/MigrationFileServer/Commun/Modeles/Modele_compte_rendu.docx,Modele_compte_rendu.docx,.docx,36726,2020-09-21T20:57:43,2020-12-18T20:57:43,False,False,66,66,2,,D69D4DDD74EBB03AE8D42FBF20E3BF39EA086858661561B89A27461FD2C4DE50
\\DEMO-SRV01\FileServer\05_Commun\Modeles\Modele_courrier.docx,C:\DemoMigration\FileServer\05_Commun\Modeles\Modele_courrier.docx,05_Commun\Modeles\Modele_courrier.docx,05_Commun,Commun,/sites/MigrationFileServer/Commun/Modeles/Modele_courrier.docx,Modele_courrier.docx,.docx,36725,2019-09-08T01:11:52,2020-09-27T01:11:52,False,False,62,62,2,,FC3165016848B2D63D71051B68B8DC82F63CC9E689CF5A9BD9B8FF76D10F055C
\\DEMO-SRV01\FileServer\05_Commun\Modeles\Modele_devis.docx,C:\DemoMigration\FileServer\05_Commun\Modeles\Modele_devis.docx,05_Commun\Modeles\Modele_devis.docx,05_Commun,Commun,/sites/MigrationFileServer/Commun/Modeles/Modele_devis.docx,Modele_devis.docx,.docx,36722,2021-10-14T22:30:13,2022-04-02T22:30:13,False,False,59,59,2,,143B3BAEEB3A805134BC888E97D37E2856E16BC2B305833459250CFE62D9A8E3
\\DEMO-SRV01\FileServer\05_Commun\Modeles\Modele_facture.docx,C:\DemoMigration\FileServer\05_Commun\Modeles\Modele_facture.docx,05_Commun\Modeles\Modele_facture.docx,05_Commun,Commun,/sites/MigrationFileServer/Commun/Modeles/Modele_facture.docx,Modele_facture.docx,.docx,36724,2019-12-17T00:27:34,2020-12-29T00:27:34,False,False,61,61,2,,9A0CAAC5CB402A484AC6511C1642CFCD0999542B27FAC80F5073DEE31CC4C3AA
\\DEMO-SRV01\FileServer\05_Commun\Procedures\Intranet_ancien.aspx,C:\DemoMigration\FileServer\05_Commun\Procedures\Intranet_ancien.aspx,05_Commun\Procedures\Intranet_ancien.aspx,05_Commun,Commun,/sites/MigrationFileServer/Commun/Procedures/Intranet_ancien.aspx,Intranet_ancien.aspx,.aspx,76,2026-09-16T09:12:00,2026-09-16T09:12:00,False,False,65,65,2,,8DA1AFB6299123AA40560E196D5F236AC8A72207C06FA9D45FC64F44C6BD4CFB
\\DEMO-SRV01\FileServer\05_Commun\Procedures\Note_liens_serveur.docx,C:\DemoMigration\FileServer\05_Commun\Procedures\Note_liens_serveur.docx,05_Commun\Procedures\Note_liens_serveur.docx,05_Commun,Commun,/sites/MigrationFileServer/Commun/Procedures/Note_liens_serveur.docx,Note_liens_serveur.docx,.docx,36901,2023-10-13T00:00:00,2024-03-12T00:00:00,False,False,68,68,2,,9CD15562664A4D6277D2D7F180F092382CFA7A28A77382DA6CF336118D3D84FA
\\DEMO-SRV01\FileServer\05_Commun\Procedures\Procedure_accueil_nouvel_arrivant.pdf,C:\DemoMigration\FileServer\05_Commun\Procedures\Procedure_accueil_nouvel_arrivant.pdf,05_Commun\Procedures\Procedure_accueil_nouvel_arrivant.pdf,05_Commun,Commun,/sites/MigrationFileServer/Commun/Procedures/Procedure_accueil_nouvel_arrivant.pdf,Procedure_accueil_nouvel_arrivant.pdf,.pdf,1680,2018-11-07T17:20:18,2019-11-11T17:20:18,False,False,82,82,2,,CED4DB11D31460C975D07924B0D0C6518F60E7B05C4652B0B67793F81BDA953C
\\DEMO-SRV01\FileServer\05_Commun\Procedures\Procedure_achats.pdf,C:\DemoMigration\FileServer\05_Commun\Procedures\Procedure_achats.pdf,05_Commun\Procedures\Procedure_achats.pdf,05_Commun,Commun,/sites/MigrationFileServer/Commun/Procedures/Procedure_achats.pdf,Procedure_achats.pdf,.pdf,1668,2020-06-29T00:55:04,2020-12-08T00:55:04,False,False,65,65,2,,C447309887F6526AFFA251F7813017E9CBEB4F6F51F70197E563CCAC9DBBE7CB
\\DEMO-SRV01\FileServer\05_Commun\Procedures\Procedure_gestion_incidents.pdf,C:\DemoMigration\FileServer\05_Commun\Procedures\Procedure_gestion_incidents.pdf,05_Commun\Procedures\Procedure_gestion_incidents.pdf,05_Commun,Commun,/sites/MigrationFileServer/Commun/Procedures/Procedure_gestion_incidents.pdf,Procedure_gestion_incidents.pdf,.pdf,1674,2024-03-06T18:42:44,2024-06-09T18:42:44,False,False,76,76,2,,B504CD57CA51C17BF25D458B7DDFC74714EF67CA7E7168BEAD2B9F1F56F8F21C
\\DEMO-SRV01\FileServer\05_Commun\Procedures\Procedure_sauvegarde.pdf,C:\DemoMigration\FileServer\05_Commun\Procedures\Procedure_sauvegarde.pdf,05_Commun\Procedures\Procedure_sauvegarde.pdf,05_Commun,Commun,/sites/MigrationFileServer/Commun/Procedures/Procedure_sauvegarde.pdf,Procedure_sauvegarde.pdf,.pdf,1672,2022-01-06T14:25:15,2022-06-15T14:25:15,False,False,69,69,2,,D7067F1E1372D003512038F2F1C43DA23155A9FA7684AC2D90C45C2B7EF7F0A2
\\DEMO-SRV01\FileServer\05_Commun\Procedures\_vti_config_intranet.txt,C:\DemoMigration\FileServer\05_Commun\Procedures\_vti_config_intranet.txt,05_Commun\Procedures\_vti_config_intranet.txt,05_Commun,Commun,/sites/MigrationFileServer/Commun/Procedures/_vti_config_intranet.txt,_vti_config_intranet.txt,.txt,6,2026-09-16T09:12:00,2026-09-16T09:12:00,False,False,69,69,2,Nom interdit SharePoint,99BA1BEBB582085DE5F387ED4BE8663F95E5E670DD3F6B2AE4E9BA71190DC9FE
\\DEMO-SRV01\FileServer\05_Commun\forms\Formulaire_conges.txt,C:\DemoMigration\FileServer\05_Commun\forms\Formulaire_conges.txt,05_Commun\forms\Formulaire_conges.txt,05_Commun,Commun,/sites/MigrationFileServer/Commun/forms/Formulaire_conges.txt,Formulaire_conges.txt,.txt,18,2026-09-16T09:12:00,2026-09-16T09:12:00,False,False,61,61,2,,F24C71AC42F7E40109A0DBC1D8362823E40C4206EA890226103EB2860BDC7D60
\\DEMO-SRV01\FileServer\06_Archives\2009\Dossier_Boulangeries_009.xlsx,C:\DemoMigration\FileServer\06_Archives\2009\Dossier_Boulangeries_009.xlsx,06_Archives\2009\Dossier_Boulangeries_009.xlsx,06_Archives,Archives,/sites/MigrationFileServer/Archives/2009/Dossier_Boulangeries_009.xlsx,Dossier_Boulangeries_009.xlsx,.xlsx,4914,2008-09-08T11:11:37,2009-08-06T11:11:37,False,False,70,70,2,,D56A7BED69104C9B75C6BA28BD5CA4E92825C4E51DDD650805147B6A5EC30850
\\DEMO-SRV01\FileServer\06_Archives\2009\Dossier_Boulangeries_012.pdf,C:\DemoMigration\FileServer\06_Archives\2009\Dossier_Boulangeries_012.pdf,06_Archives\2009\Dossier_Boulangeries_012.pdf,06_Archives,Archives,/sites/MigrationFileServer/Archives/2009/Dossier_Boulangeries_012.pdf,Dossier_Boulangeries_012.pdf,.pdf,1624,2009-02-27T03:20:51,2009-10-05T03:20:51,False,False,69,69,2,,14DE2D6333758650A13C0A63C7B178A4F1CDEBD3DF43CF72E32CF89EA5E89702
\\DEMO-SRV01\FileServer\06_Archives\2009\Dossier_Boulangeries_016.pdf,C:\DemoMigration\FileServer\06_Archives\2009\Dossier_Boulangeries_016.pdf,06_Archives\2009\Dossier_Boulangeries_016.pdf,06_Archives,Archives,/sites/MigrationFileServer/Archives/2009/Dossier_Boulangeries_016.pdf,Dossier_Boulangeries_016.pdf,.pdf,1624,2008-08-04T17:49:55,2009-08-25T17:49:55,False,False,69,69,2,,A282A845EBBACAA4CD47B301AF52EDFFCEE648364FB58A812C02A2705BF6C7B2
\\DEMO-SRV01\FileServer\06_Archives\2009\Dossier_Boulangeries_026.pdf,C:\DemoMigration\FileServer\06_Archives\2009\Dossier_Boulangeries_026.pdf,06_Archives\2009\Dossier_Boulangeries_026.pdf,06_Archives,Archives,/sites/MigrationFileServer/Archives/2009/Dossier_Boulangeries_026.pdf,Dossier_Boulangeries_026.pdf,.pdf,1625,2009-02-26T11:40:54,2009-12-08T11:40:54,False,False,69,69,2,,26416E6863AB8C022D23E10FA3E822F94DAB1B4F5925497C303589C51637B45E
\\DEMO-SRV01\FileServer\06_Archives\2009\Dossier_Cabinet_000.xlsx,C:\DemoMigration\FileServer\06_Archives\2009\Dossier_Cabinet_000.xlsx,06_Archives\2009\Dossier_Cabinet_000.xlsx,06_Archives,Archives,/sites/MigrationFileServer/Archives/2009/Dossier_Cabinet_000.xlsx,Dossier_Cabinet_000.xlsx,.xlsx,4914,2008-05-21T06:11:11,2009-03-14T06:11:11,False,False,65,65,2,,2FA08A1945397B0606C9B768F2608C2763CA39ED2FDB611B856358AD63E46CB8
\\DEMO-SRV01\FileServer\06_Archives\2009\Dossier_Cabinet_001.txt,C:\DemoMigration\FileServer\06_Archives\2009\Dossier_Cabinet_001.txt,06_Archives\2009\Dossier_Cabinet_001.txt,06_Archives,Archives,/sites/MigrationFileServer/Archives/2009/Dossier_Cabinet_001.txt,Dossier_Cabinet_001.txt,.txt,31,2009-04-15T00:36:47,2009-10-18T00:36:47,False,False,64,64,2,,BE84D8E589A47AD1700F407F22D819412447F30D8638A3EE597E8C822E060101
\\DEMO-SRV01\FileServer\06_Archives\2009\Dossier_Cabinet_002.pdf,C:\DemoMigration\FileServer\06_Archives\2009\Dossier_Cabinet_002.pdf,06_Archives\2009\Dossier_Cabinet_002.pdf,06_Archives,Archives,/sites/MigrationFileServer/Archives/2009/Dossier_Cabinet_002.pdf,Dossier_Cabinet_002.pdf,.pdf,1625,2009-01-24T18:46:47,2009-05-24T18:46:47,False,False,64,64,2,,D3E6350AC8490A4FE230E27F716A45F618D21D6F5CD1B0390F604A9097A2EB82
\\DEMO-SRV01\FileServer\06_Archives\2009\Dossier_Cabinet_013.xlsx,C:\DemoMigration\FileServer\06_Archives\2009\Dossier_Cabinet_013.xlsx,06_Archives\2009\Dossier_Cabinet_013.xlsx,06_Archives,Archives,/sites/MigrationFileServer/Archives/2009/Dossier_Cabinet_013.xlsx,Dossier_Cabinet_013.xlsx,.xlsx,4914,2008-10-18T13:50:52,2009-03-25T13:50:52,False,False,65,65,2,,65E2BF9502C868BCB768A3231BED97EA7A8117F6309F07BDC7F5F3ADAF5FABBE
\\DEMO-SRV01\FileServer\06_Archives\2009\Dossier_Cabinet_018.docx,C:\DemoMigration\FileServer\06_Archives\2009\Dossier_Cabinet_018.docx,06_Archives\2009\Dossier_Cabinet_018.docx,06_Archives,Archives,/sites/MigrationFileServer/Archives/2009/Dossier_Cabinet_018.docx,Dossier_Cabinet_018.docx,.docx,36709,2009-07-04T15:38:17,2009-10-11T15:38:17,False,False,65,65,2,,8180EF65C7C98C3A86DDB1ACDD123D39179FAA6F8C9B71B5C5894EE88DCE55E3
\\DEMO-SRV01\FileServer\06_Archives\2009\Dossier_Cabinet_021.txt,C:\DemoMigration\FileServer\06_Archives\2009\Dossier_Cabinet_021.txt,06_Archives\2009\Dossier_Cabinet_021.txt,06_Archives,Archives,/sites/MigrationFileServer/Archives/2009/Dossier_Cabinet_021.txt,Dossier_Cabinet_021.txt,.txt,31,2009-03-20T01:53:13,2009-05-29T01:53:13,False,False,64,64,2,,590DD082684AF310B70D0174C06188DD5BC697B131124C2D7045CC27047A35EA
\\DEMO-SRV01\FileServer\06_Archives\2009\Dossier_Clinique_015.txt,C:\DemoMigration\FileServer\06_Archives\2009\Dossier_Clinique_015.txt,06_Archives\2009\Dossier_Clinique_015.txt,06_Archives,Archives,/sites/MigrationFileServer/Archives/2009/Dossier_Clinique_015.txt,Dossier_Clinique_015.txt,.txt,31,2008-11-11T14:26:09,2009-10-25T14:26:09,False,False,65,65,2,,99DAFADEB5897B2060AC48A4782AAAFC017FE5A79E2B9C12D834DE890AE5BE44
\\DEMO-SRV01\FileServer\06_Archives\2009\Dossier_Clinique_019.xlsx,C:\DemoMigration\FileServer\06_Archives\2009\Dossier_Clinique_019.xlsx,06_Archives\2009\Dossier_Clinique_019.xlsx,06_Archives,Archives,/sites/MigrationFileServer/Archives/2009/Dossier_Clinique_019.xlsx,Dossier_Clinique_019.xlsx,.xlsx,4913,2008-12-24T13:39:21,2009-11-21T13:39:21,False,False,66,66,2,,1040DA32E093DFFADB8E7125506A98725FCB348D9B259C38ED9030DDF87CE4AA
\\DEMO-SRV01\FileServer\06_Archives\2009\Dossier_Clinique_022.pdf,C:\DemoMigration\FileServer\06_Archives\2009\Dossier_Clinique_022.pdf,06_Archives\2009\Dossier_Clinique_022.pdf,06_Archives,Archives,/sites/MigrationFileServer/Archives/2009/Dossier_Clinique_022.pdf,Dossier_Clinique_022.pdf,.pdf,1625,2008-11-09T05:30:38,2009-02-07T05:30:38,False,False,65,65,2,,99231A4F103ECE760424C6CB97030C0F18DD9AA5E3A52AB595B9013C952902D0
\\DEMO-SRV01\FileServer\06_Archives\2009\Dossier_Hôtel_004.pdf,C:\DemoMigration\FileServer\06_Archives\2009\Dossier_Hôtel_004.pdf,06_Archives\2009\Dossier_Hôtel_004.pdf,06_Archives,Archives,/sites/MigrationFileServer/Archives/2009/Dossier_Hôtel_004.pdf,Dossier_Hôtel_004.pdf,.pdf,1624,2009-09-01T23:07:45,2009-11-05T23:07:45,False,False,62,62,2,,13666D80A54684C1B80F698656112457FC6C3432109D044B2D27E92D632A7210
\\DEMO-SRV01\FileServer\06_Archives\2009\Dossier_Hôtel_024.txt,C:\DemoMigration\FileServer\06_Archives\2009\Dossier_Hôtel_024.txt,06_Archives\2009\Dossier_Hôtel_024.txt,06_Archives,Archives,/sites/MigrationFileServer/Archives/2009/Dossier_Hôtel_024.txt,Dossier_Hôtel_024.txt,.txt,31,2008-05-03T00:26:23,2009-03-30T00:26:23,False,False,62,62,2,,AFEC63A1C5B89011E5F8C88317EB934A4AA941CFBAB2592A0DC8B8EA80F296F0
\\DEMO-SRV01\FileServer\06_Archives\2009\Dossier_Laboratoires_003.pdf,C:\DemoMigration\FileServer\06_Archives\2009\Dossier_Laboratoires_003.pdf,06_Archives\2009\Dossier_Laboratoires_003.pdf,06_Archives,Archives,/sites/MigrationFileServer/Archives/2009/Dossier_Laboratoires_003.pdf,Dossier_Laboratoires_003.pdf,.pdf,1624,2008-11-23T22:04:08,2009-01-30T22:04:08,False,False,69,69,2,,31406501E2374C04DFF1FD4A6A414F5A7BC7B9C1A937118F169E0A3094800E82
\\DEMO-SRV01\FileServer\06_Archives\2009\Dossier_Laboratoires_006.xlsx,C:\DemoMigration\FileServer\06_Archives\2009\Dossier_Laboratoires_006.xlsx,06_Archives\2009\Dossier_Laboratoires_006.xlsx,06_Archives,Archives,/sites/MigrationFileServer/Archives/2009/Dossier_Laboratoires_006.xlsx,Dossier_Laboratoires_006.xlsx,.xlsx,4912,2008-12-27T16:11:10,2009-10-06T16:11:10,False,False,70,70,2,,4867BA66B27DE91E156217E6753F8A9A4A316044A265FE4132FB20EC93C3DFC8
\\DEMO-SRV01\FileServer\06_Archives\2009\Dossier_Laboratoires_010.docx,C:\DemoMigration\FileServer\06_Archives\2009\Dossier_Laboratoires_010.docx,06_Archives\2009\Dossier_Laboratoires_010.docx,06_Archives,Archives,/sites/MigrationFileServer/Archives/2009/Dossier_Laboratoires_010.docx,Dossier_Laboratoires_010.docx,.docx,36709,2009-04-21T02:28:49,2009-07-05T02:28:49,False,False,70,70,2,,24A47BA9F57DB4AAED9343F50C6EF1A2BB06218DFAD5DF0B3F3FD08AC26900B2
\\DEMO-SRV01\FileServer\06_Archives\2009\Dossier_Laboratoires_011.docx,C:\DemoMigration\FileServer\06_Archives\2009\Dossier_Laboratoires_011.docx,06_Archives\2009\Dossier_Laboratoires_011.docx,06_Archives,Archives,/sites/MigrationFileServer/Archives/2009/Dossier_Laboratoires_011.docx,Dossier_Laboratoires_011.docx,.docx,36708,2008-09-07T09:41:27,2009-01-26T09:41:27,False,False,70,70,2,,7D1C4889EF7AC096D965E5CD3744625BCBC34E11324169EFDB739A80C1E811C5
\\DEMO-SRV01\FileServer\06_Archives\2009\Dossier_Laboratoires_014.pdf,C:\DemoMigration\FileServer\06_Archives\2009\Dossier_Laboratoires_014.pdf,06_Archives\2009\Dossier_Laboratoires_014.pdf,06_Archives,Archives,/sites/MigrationFileServer/Archives/2009/Dossier_Laboratoires_014.pdf,Dossier_Laboratoires_014.pdf,.pdf,1624,2008-07-15T07:39:24,2009-04-01T07:39:24,False,False,69,69,2,,3CD526D30D9F6B3D564E18BD4E4566F1AD5F43EB63B1652593A57FA6A273C014
\\DEMO-SRV01\FileServer\06_Archives\2009\Dossier_Laboratoires_025.docx,C:\DemoMigration\FileServer\06_Archives\2009\Dossier_Laboratoires_025.docx,06_Archives\2009\Dossier_Laboratoires_025.docx,06_Archives,Archives,/sites/MigrationFileServer/Archives/2009/Dossier_Laboratoires_025.docx,Dossier_Laboratoires_025.docx,.docx,36708,2008-09-30T10:24:19,2009-06-25T10:24:19,False,False,70,70,2,,981CDFE7573150387FAEF1B9D0AF6912EDA9805076AAAF97039163C8D780FFDC
\\DEMO-SRV01\FileServer\06_Archives\2009\Dossier_Laboratoires_027.docx,C:\DemoMigration\FileServer\06_Archives\2009\Dossier_Laboratoires_027.docx,06_Archives\2009\Dossier_Laboratoires_027.docx,06_Archives,Archives,/sites/MigrationFileServer/Archives/2009/Dossier_Laboratoires_027.docx,Dossier_Laboratoires_027.docx,.docx,36708,2008-05-13T02:02:03,2009-02-07T02:02:03,False,False,70,70,2,,33360141C7D3002C7AA38FFC0D6816A9BB47EFBF16B4832366BD7B9208A92A73
\\DEMO-SRV01\FileServer\06_Archives\2009\Dossier_Menuiserie_023.txt,C:\DemoMigration\FileServer\06_Archives\2009\Dossier_Menuiserie_023.txt,06_Archives\2009\Dossier_Menuiserie_023.txt,06_Archives,Archives,/sites/MigrationFileServer/Archives/2009/Dossier_Menuiserie_023.txt,Dossier_Menuiserie_023.txt,.txt,31,2009-03-03T01:22:19,2009-07-14T01:22:19,False,False,67,67,2,,F85696D65B6E5A94EC9F9F7BD61A65750CD3B00280A77999816C60057C4F5728
\\DEMO-SRV01\FileServer\06_Archives\2009\Dossier_Pharmacie_005.docx,C:\DemoMigration\FileServer\06_Archives\2009\Dossier_Pharmacie_005.docx,06_Archives\2009\Dossier_Pharmacie_005.docx,06_Archives,Archives,/sites/MigrationFileServer/Archives/2009/Dossier_Pharmacie_005.docx,Dossier_Pharmacie_005.docx,.docx,36708,2008-09-21T21:54:57,2009-07-27T21:54:57,False,False,67,67,2,,1F65A5E792F1E638A3D90BB91A063D029A181BD1F50B0B697EF7595442BE343B
\\DEMO-SRV01\FileServer\06_Archives\2009\Dossier_Pharmacie_007.xlsx,C:\DemoMigration\FileServer\06_Archives\2009\Dossier_Pharmacie_007.xlsx,06_Archives\2009\Dossier_Pharmacie_007.xlsx,06_Archives,Archives,/sites/MigrationFileServer/Archives/2009/Dossier_Pharmacie_007.xlsx,Dossier_Pharmacie_007.xlsx,.xlsx,4913,2009-03-19T12:30:19,2009-04-15T12:30:19,False,False,67,67,2,,C3F989C2F963AF4F1BAC3654376A591FFA371F9136F949A39CD91EB40BE8AED3
\\DEMO-SRV01\FileServer\06_Archives\2009\Dossier_Pharmacie_008.txt,C:\DemoMigration\FileServer\06_Archives\2009\Dossier_Pharmacie_008.txt,06_Archives\2009\Dossier_Pharmacie_008.txt,06_Archives,Archives,/sites/MigrationFileServer/Archives/2009/Dossier_Pharmacie_008.txt,Dossier_Pharmacie_008.txt,.txt,31,2009-06-10T01:36:53,2009-07-13T01:36:53,False,False,66,66,2,,608037DE9C3599922CE6634641C63F83CA6CEFC7ADEFAB200625DADB400EC782
\\DEMO-SRV01\FileServer\06_Archives\2009\Dossier_Transports_017.pdf,C:\DemoMigration\FileServer\06_Archives\2009\Dossier_Transports_017.pdf,06_Archives\2009\Dossier_Transports_017.pdf,06_Archives,Archives,/sites/MigrationFileServer/Archives/2009/Dossier_Transports_017.pdf,Dossier_Transports_017.pdf,.pdf,1625,2008-12-18T19:59:24,2009-10-28T19:59:24,False,False,67,67,2,,693DC6F140AA55F75DCF8CB803025ADDABF2C6FB5BEC6188DCD7DC9183A6DD67
\\DEMO-SRV01\FileServer\06_Archives\2009\Dossier_Transports_020.txt,C:\DemoMigration\FileServer\06_Archives\2009\Dossier_Transports_020.txt,06_Archives\2009\Dossier_Transports_020.txt,06_Archives,Archives,/sites/MigrationFileServer/Archives/2009/Dossier_Transports_020.txt,Dossier_Transports_020.txt,.txt,31,2008-10-15T20:30:28,2009-05-09T20:30:28,False,False,67,67,2,,16EC4B43C7A92648460B76C0BB9DE3447CE1DFB2C74A32BBC37746597B66B613
\\DEMO-SRV01\FileServer\06_Archives\2010\Dossier_Boulangeries_005.docx,C:\DemoMigration\FileServer\06_Archives\2010\Dossier_Boulangeries_005.docx,06_Archives\2010\Dossier_Boulangeries_005.docx,06_Archives,Archives,/sites/MigrationFileServer/Archives/2010/Dossier_Boulangeries_005.docx,Dossier_Boulangeries_005.docx,.docx,36708,2010-10-30T05:33:46,2010-12-30T05:33:46,False,False,70,70,2,,E64200948B0CD4E40E8AFF28296C7D78022D00286FD4F25E311A14D79D995506
\\DEMO-SRV01\FileServer\06_Archives\2010\Dossier_Cabinet_011.xlsx,C:\DemoMigration\FileServer\06_Archives\2010\Dossier_Cabinet_011.xlsx,06_Archives\2010\Dossier_Cabinet_011.xlsx,06_Archives,Archives,/sites/MigrationFileServer/Archives/2010/Dossier_Cabinet_011.xlsx,Dossier_Cabinet_011.xlsx,.xlsx,4915,2009-05-17T03:39:01,2010-01-17T03:39:01,False,False,65,65,2,,22A433825F1EC5A07D2D98DB8674281A9756F1F2219E6F6A0E5DABFE50713FB3
\\DEMO-SRV01\FileServer\06_Archives\2010\Dossier_Clinique_002.txt,C:\DemoMigration\FileServer\06_Archives\2010\Dossier_Clinique_002.txt,06_Archives\2010\Dossier_Clinique_002.txt,06_Archives,Archives,/sites/MigrationFileServer/Archives/2010/Dossier_Clinique_002.txt,Dossier_Clinique_002.txt,.txt,31,2010-02-01T20:33:21,2010-07-27T20:33:21,False,False,65,65,2,,B7670906FFA9D5CB2D62EA4628A32ADD4E60A17F126F6A18D0766AEA00D5211B
\\DEMO-SRV01\FileServer\06_Archives\2010\Dossier_Clinique_003.docx,C:\DemoMigration\FileServer\06_Archives\2010\Dossier_Clinique_003.docx,06_Archives\2010\Dossier_Clinique_003.docx,06_Archives,Archives,/sites/MigrationFileServer/Archives/2010/Dossier_Clinique_003.docx,Dossier_Clinique_003.docx,.docx,36708,2010-05-23T21:46:47,2010-08-21T21:46:47,False,False,66,66,2,,C00D8E05A9D71565D474EF8CEE20DB242A1E9D339211F139CD02375675112E8B
\\DEMO-SRV01\FileServer\06_Archives\2010\Dossier_Clinique_004.txt,C:\DemoMigration\FileServer\06_Archives\2010\Dossier_Clinique_004.txt,06_Archives\2010\Dossier_Clinique_004.txt,06_Archives,Archives,/sites/MigrationFileServer/Archives/2010/Dossier_Clinique_004.txt,Dossier_Clinique_004.txt,.txt,31,2009-12-02T00:38:47,2010-07-17T00:38:47,False,False,65,65,2,,4C60150DE891CE01CA70032ACE0CABF807394E882ACD5E591B1F6854377A6A3F
\\DEMO-SRV01\FileServer\06_Archives\2010\Dossier_Hôtel_013.txt,C:\DemoMigration\FileServer\06_Archives\2010\Dossier_Hôtel_013.txt,06_Archives\2010\Dossier_Hôtel_013.txt,06_Archives,Archives,/sites/MigrationFileServer/Archives/2010/Dossier_Hôtel_013.txt,Dossier_Hôtel_013.txt,.txt,31,2009-09-03T17:39:52,2010-04-20T17:39:52,False,False,62,62,2,,65D823B36715EA6337FAF5D20A75CAF1794DDED5905454EE83983060EC892B71
\\DEMO-SRV01\FileServer\06_Archives\2010\Dossier_Laboratoires_000.docx,C:\DemoMigration\FileServer\06_Archives\2010\Dossier_Laboratoires_000.docx,06_Archives\2010\Dossier_Laboratoires_000.docx,06_Archives,Archives,/sites/MigrationFileServer/Archives/2010/Dossier_Laboratoires_000.docx,Dossier_Laboratoires_000.docx,.docx,36707,2009-08-13T10:09:45,2010-05-30T10:09:45,False,False,70,70,2,,7C077FA3A90D68DCF5994C2EEFC5C20D063132CC0021E12963F62899D6697A5B
\\DEMO-SRV01\FileServer\06_Archives\2010\Dossier_Laboratoires_010.xlsx,C:\DemoMigration\FileServer\06_Archives\2010\Dossier_Laboratoires_010.xlsx,06_Archives\2010\Dossier_Laboratoires_010.xlsx,06_Archives,Archives,/sites/MigrationFileServer/Archives/2010/Dossier_Laboratoires_010.xlsx,Dossier_Laboratoires_010.xlsx,.xlsx,4915,2009-06-18T21:46:11,2010-02-24T21:46:11,False,False,70,70,2,,2E7EF5FF9C40B92594E9238FE9C3BBCA9E17CDFA34106125B4953BE642B51B23
\\DEMO-SRV01\FileServer\06_Archives\2010\Dossier_Menuiserie_006.pdf,C:\DemoMigration\FileServer\06_Archives\2010\Dossier_Menuiserie_006.pdf,06_Archives\2010\Dossier_Menuiserie_006.pdf,06_Archives,Archives,/sites/MigrationFileServer/Archives/2010/Dossier_Menuiserie_006.pdf,Dossier_Menuiserie_006.pdf,.pdf,1625,2009-11-11T20:32:06,2010-02-11T20:32:06,False,False,67,67,2,,9751DAA93D24E9AF48FC5AA4802FCD9C7AC3CEE7E8D89EC0BF8CFF28D62CE7F7
\\DEMO-SRV01\FileServer\06_Archives\2010\Dossier_Menuiserie_014.xlsx,C:\DemoMigration\FileServer\06_Archives\2010\Dossier_Menuiserie_014.xlsx,06_Archives\2010\Dossier_Menuiserie_014.xlsx,06_Archives,Archives,/sites/MigrationFileServer/Archives/2010/Dossier_Menuiserie_014.xlsx,Dossier_Menuiserie_014.xlsx,.xlsx,4915,2010-01-22T05:54:18,2010-09-01T05:54:18,False,False,68,68,2,,32A7B2DB03E89793DDBCB72F080A55BB2FA30C077774D0C351C36C381DA56EF7
\\DEMO-SRV01\FileServer\06_Archives\2010\Dossier_Pharmacie_008.pdf,C:\DemoMigration\FileServer\06_Archives\2010\Dossier_Pharmacie_008.pdf,06_Archives\2010\Dossier_Pharmacie_008.pdf,06_Archives,Archives,/sites/MigrationFileServer/Archives/2010/Dossier_Pharmacie_008.pdf,Dossier_Pharmacie_008.pdf,.pdf,1625,2010-06-11T15:14:22,2010-12-27T15:14:22,False,False,66,66,2,,C6648DAFFC66AF991474A723EF4529DD9063B015ECF7B14F559D67BF88D55B04
\\DEMO-SRV01\FileServer\06_Archives\2010\Dossier_Transports_001.pdf,C:\DemoMigration\FileServer\06_Archives\2010\Dossier_Transports_001.pdf,06_Archives\2010\Dossier_Transports_001.pdf,06_Archives,Archives,/sites/MigrationFileServer/Archives/2010/Dossier_Transports_001.pdf,Dossier_Transports_001.pdf,.pdf,1624,2009-04-25T22:49:07,2010-03-08T22:49:07,False,False,67,67,2,,D9403B6A4CC36801A97123D45347C91ECBE48CC62F2EBF7C42C4855EAA053AE9
\\DEMO-SRV01\FileServer\06_Archives\2010\Dossier_Transports_007.xlsx,C:\DemoMigration\FileServer\06_Archives\2010\Dossier_Transports_007.xlsx,06_Archives\2010\Dossier_Transports_007.xlsx,06_Archives,Archives,/sites/MigrationFileServer/Archives/2010/Dossier_Transports_007.xlsx,Dossier_Transports_007.xlsx,.xlsx,4916,2010-04-25T06:26:38,2010-07-13T06:26:38,False,False,68,68,2,,BCD2E714FEF405526FB6795A86995CA291B2B0F35ED5B095DEBBB8B55E1DA284
\\DEMO-SRV01\FileServer\06_Archives\2010\Dossier_Transports_009.txt,C:\DemoMigration\FileServer\06_Archives\2010\Dossier_Transports_009.txt,06_Archives\2010\Dossier_Transports_009.txt,06_Archives,Archives,/sites/MigrationFileServer/Archives/2010/Dossier_Transports_009.txt,Dossier_Transports_009.txt,.txt,31,2010-03-28T16:46:59,2010-09-17T16:46:59,False,False,67,67,2,,4F499441B8830763F40F1CBB9B9D3708A756A19404E88F4CB423833D370E7B3C
\\DEMO-SRV01\FileServer\06_Archives\2010\Dossier_Transports_012.docx,C:\DemoMigration\FileServer\06_Archives\2010\Dossier_Transports_012.docx,06_Archives\2010\Dossier_Transports_012.docx,06_Archives,Archives,/sites/MigrationFileServer/Archives/2010/Dossier_Transports_012.docx,Dossier_Transports_012.docx,.docx,36708,2009-12-20T16:23:08,2010-09-15T16:23:08,False,False,68,68,2,,B962555C3AFB5C40C20032119055205F9A6D9A1D8124E0914F52A2ECC4E62863
\\DEMO-SRV01\FileServer\06_Archives\2011\Dossier_Boulangeries_002.pdf,C:\DemoMigration\FileServer\06_Archives\2011\Dossier_Boulangeries_002.pdf,06_Archives\2011\Dossier_Boulangeries_002.pdf,06_Archives,Archives,/sites/MigrationFileServer/Archives/2011/Dossier_Boulangeries_002.pdf,Dossier_Boulangeries_002.pdf,.pdf,1624,2011-04-19T21:07:24,2011-07-24T21:07:24,False,False,69,69,2,,067C31B1C23857375E3403554C609A8867FB4D759E626774E36D4592ABFBDC9A
\\DEMO-SRV01\FileServer\06_Archives\2011\Dossier_Boulangeries_007.pdf,C:\DemoMigration\FileServer\06_Archives\2011\Dossier_Boulangeries_007.pdf,06_Archives\2011\Dossier_Boulangeries_007.pdf,06_Archives,Archives,/sites/MigrationFileServer/Archives/2011/Dossier_Boulangeries_007.pdf,Dossier_Boulangeries_007.pdf,.pdf,1625,2011-04-30T15:59:09,2011-12-20T15:59:09,False,False,69,69,2,,1D02D0461C4023AADBCA7531BCCAD7F258B0973897A67315B11F7F8F4BB7C946
\\DEMO-SRV01\FileServer\06_Archives\2011\Dossier_Boulangeries_010.docx,C:\DemoMigration\FileServer\06_Archives\2011\Dossier_Boulangeries_010.docx,06_Archives\2011\Dossier_Boulangeries_010.docx,06_Archives,Archives,/sites/MigrationFileServer/Archives/2011/Dossier_Boulangeries_010.docx,Dossier_Boulangeries_010.docx,.docx,36707,2011-01-07T02:28:03,2011-12-25T02:28:03,False,False,70,70,2,,8FF76D2063CA2EFC35497F742C2A7A923F5505DB4CFFE4FA8F76D2610A425155
\\DEMO-SRV01\FileServer\06_Archives\2011\Dossier_Boulangeries_013.txt,C:\DemoMigration\FileServer\06_Archives\2011\Dossier_Boulangeries_013.txt,06_Archives\2011\Dossier_Boulangeries_013.txt,06_Archives,Archives,/sites/MigrationFileServer/Archives/2011/Dossier_Boulangeries_013.txt,Dossier_Boulangeries_013.txt,.txt,31,2010-10-27T13:21:48,2011-03-02T13:21:48,False,False,69,69,2,,F3B3E7E56AB172A23495AD1BBCFB1E83D18C1992551751F4854EB4FE292FCDA2
\\DEMO-SRV01\FileServer\06_Archives\2011\Dossier_Boulangeries_016.txt,C:\DemoMigration\FileServer\06_Archives\2011\Dossier_Boulangeries_016.txt,06_Archives\2011\Dossier_Boulangeries_016.txt,06_Archives,Archives,/sites/MigrationFileServer/Archives/2011/Dossier_Boulangeries_016.txt,Dossier_Boulangeries_016.txt,.txt,31,2010-11-30T12:21:04,2011-06-11T12:21:04,False,False,69,69,2,,8FE305FCE239FC2E847D63EC24627D71BEDDB49FF87154C0893BEA8D8A1F964A
\\DEMO-SRV01\FileServer\06_Archives\2011\Dossier_Cabinet_001.txt,C:\DemoMigration\FileServer\06_Archives\2011\Dossier_Cabinet_001.txt,06_Archives\2011\Dossier_Cabinet_001.txt,06_Archives,Archives,/sites/MigrationFileServer/Archives/2011/Dossier_Cabinet_001.txt,Dossier_Cabinet_001.txt,.txt,31,2010-03-31T19:10:19,2011-04-29T19:10:19,False,False,64,64,2,,EF975F6C2B18970D81A54B0E2889019EEEB88D3A85B2F09B2252F1255E2573A3
\\DEMO-SRV01\FileServer\06_Archives\2011\Dossier_Cabinet_006.docx,C:\DemoMigration\FileServer\06_Archives\2011\Dossier_Cabinet_006.docx,06_Archives\2011\Dossier_Cabinet_006.docx,06_Archives,Archives,/sites/MigrationFileServer/Archives/2011/Dossier_Cabinet_006.docx,Dossier_Cabinet_006.docx,.docx,36707,2011-07-15T19:41:33,2011-10-14T19:41:33,False,False,65,65,2,,B504DD8010984BA160BE760C87E9A09D6A6D47B3976FB1AB628E4CC73D228A85
\\DEMO-SRV01\FileServer\06_Archives\2011\Dossier_Cabinet_014.pdf,C:\DemoMigration\FileServer\06_Archives\2011\Dossier_Cabinet_014.pdf,06_Archives\2011\Dossier_Cabinet_014.pdf,06_Archives,Archives,/sites/MigrationFileServer/Archives/2011/Dossier_Cabinet_014.pdf,Dossier_Cabinet_014.pdf,.pdf,1625,2010-11-06T05:44:51,2011-09-22T05:44:51,False,False,64,64,2,,84512A645B6AE1B655D9BC0C55BC74A8C7FC618F3F568C8FE38AD586B11B55E3
\\DEMO-SRV01\FileServer\06_Archives\2011\Dossier_Cabinet_018.docx,C:\DemoMigration\FileServer\06_Archives\2011\Dossier_Cabinet_018.docx,06_Archives\2011\Dossier_Cabinet_018.docx,06_Archives,Archives,/sites/MigrationFileServer/Archives/2011/Dossier_Cabinet_018.docx,Dossier_Cabinet_018.docx,.docx,36709,2010-06-02T05:35:53,2011-01-17T05:35:53,False,False,65,65,2,,0FE625CBA6049572C3BF3220C482D49C96ED4EB56053AC34836F0B510306268C
\\DEMO-SRV01\FileServer\06_Archives\2011\Dossier_Clinique_012.pdf,C:\DemoMigration\FileServer\06_Archives\2011\Dossier_Clinique_012.pdf,06_Archives\2011\Dossier_Clinique_012.pdf,06_Archives,Archives,/sites/MigrationFileServer/Archives/2011/Dossier_Clinique_012.pdf,Dossier_Clinique_012.pdf,.pdf,1625,2010-11-23T10:16:42,2011-06-01T10:16:42,False,False,65,65,2,,F8008B5F26224B85BED0448F4A09A3513B78ED979F17409AED0D4CE76C0E79B0
\\DEMO-SRV01\FileServer\06_Archives\2011\Dossier_Clinique_026.txt,C:\DemoMigration\FileServer\06_Archives\2011\Dossier_Clinique_026.txt,06_Archives\2011\Dossier_Clinique_026.txt,06_Archives,Archives,/sites/MigrationFileServer/Archives/2011/Dossier_Clinique_026.txt,Dossier_Clinique_026.txt,.txt,31,2010-12-30T11:16:59,2011-02-02T11:16:59,False,False,65,65,2,,DFEDEB788184B131821484137B2419E944119E01F0FD8F9C94BA4B51EBD0C94C
\\DEMO-SRV01\FileServer\06_Archives\2011\Dossier_Hôtel_008.xlsx,C:\DemoMigration\FileServer\06_Archives\2011\Dossier_Hôtel_008.xlsx,06_Archives\2011\Dossier_Hôtel_008.xlsx,06_Archives,Archives,/sites/MigrationFileServer/Archives/2011/Dossier_Hôtel_008.xlsx,Dossier_Hôtel_008.xlsx,.xlsx,4915,2010-10-04T16:08:52,2011-10-04T16:08:52,False,False,63,63,2,,2E44222601B916C3DA863DAAB84830F47677A2C90BD7985766FF0A22AA4A8CA0
\\DEMO-SRV01\FileServer\06_Archives\2011\Dossier_Hôtel_015.pdf,C:\DemoMigration\FileServer\06_Archives\2011\Dossier_Hôtel_015.pdf,06_Archives\2011\Dossier_Hôtel_015.pdf,06_Archives,Archives,/sites/MigrationFileServer/Archives/2011/Dossier_Hôtel_015.pdf,Dossier_Hôtel_015.pdf,.pdf,1623,2011-07-22T05:54:03,2011-12-08T05:54:03,False,False,62,62,2,,F20198CE0D3ED22AD0CDBAC72522506C63E748AAE5323C3F1933E96F04A4A736
\\DEMO-SRV01\FileServer\06_Archives\2011\Dossier_Hôtel_017.pdf,C:\DemoMigration\FileServer\06_Archives\2011\Dossier_Hôtel_017.pdf,06_Archives\2011\Dossier_Hôtel_017.pdf,06_Archives,Archives,/sites/MigrationFileServer/Archives/2011/Dossier_Hôtel_017.pdf,Dossier_Hôtel_017.pdf,.pdf,1624,2011-07-08T04:25:31,2011-11-14T04:25:31,False,False,62,62,2,,CDAE6021665BE62FE5EAF7E02DB83352670676610E40BCF7DDA44D826BD8D57C
\\DEMO-SRV01\FileServer\06_Archives\2011\Dossier_Hôtel_019.xlsx,C:\DemoMigration\FileServer\06_Archives\2011\Dossier_Hôtel_019.xlsx,06_Archives\2011\Dossier_Hôtel_019.xlsx,06_Archives,Archives,/sites/MigrationFileServer/Archives/2011/Dossier_Hôtel_019.xlsx,Dossier_Hôtel_019.xlsx,.xlsx,4915,2010-11-30T09:20:04,2011-01-28T09:20:04,False,False,63,63,2,,4D6792F7CD48BDFBD74A0E160EDF204B78739EA2F868DF19DAB226E6951986CF
\\DEMO-SRV01\FileServer\06_Archives\2011\Dossier_Laboratoires_004.xlsx,C:\DemoMigration\FileServer\06_Archives\2011\Dossier_Laboratoires_004.xlsx,06_Archives\2011\Dossier_Laboratoires_004.xlsx,06_Archives,Archives,/sites/MigrationFileServer/Archives/2011/Dossier_Laboratoires_004.xlsx,Dossier_Laboratoires_004.xlsx,.xlsx,4915,2011-10-01T02:22:30,2011-10-15T02:22:30,False,False,70,70,2,,891D6B6251F98851F97E43F593B7DEF6E5EE2178BA49584CBCD134524A522AD7
\\DEMO-SRV01\FileServer\06_Archives\2011\Dossier_Menuiserie_003.docx,C:\DemoMigration\FileServer\06_Archives\2011\Dossier_Menuiserie_003.docx,06_Archives\2011\Dossier_Menuiserie_003.docx,06_Archives,Archives,/sites/MigrationFileServer/Archives/2011/Dossier_Menuiserie_003.docx,Dossier_Menuiserie_003.docx,.docx,36708,2011-02-24T10:54:18,2011-12-13T10:54:18,False,False,68,68,2,,EDFFBF5F4F05A20B36AD8DA4CBC50A10CD619A5CF316335DB050D5F671899A4D
\\DEMO-SRV01\FileServer\06_Archives\2011\Dossier_Menuiserie_005.docx,C:\DemoMigration\FileServer\06_Archives\2011\Dossier_Menuiserie_005.docx,06_Archives\2011\Dossier_Menuiserie_005.docx,06_Archives,Archives,/sites/MigrationFileServer/Archives/2011/Dossier_Menuiserie_005.docx,Dossier_Menuiserie_005.docx,.docx,36708,2010-08-28T11:32:27,2011-05-30T11:32:27,False,False,68,68,2,,9232F971CA58EA02D4100BBCA30FA2A60E18A62345B96ED3B078C03329B11C2D
\\DEMO-SRV01\FileServer\06_Archives\2011\Dossier_Menuiserie_011.docx,C:\DemoMigration\FileServer\06_Archives\2011\Dossier_Menuiserie_011.docx,06_Archives\2011\Dossier_Menuiserie_011.docx,06_Archives,Archives,/sites/MigrationFileServer/Archives/2011/Dossier_Menuiserie_011.docx,Dossier_Menuiserie_011.docx,.docx,36709,2010-01-30T20:10:07,2011-01-02T20:10:07,False,False,68,68,2,,C9A93CBAC7D896994F5ED8FF2789B27526146249F2C3004CFF4B5355730C1874
\\DEMO-SRV01\FileServer\06_Archives\2011\Dossier_Menuiserie_021.xlsx,C:\DemoMigration\FileServer\06_Archives\2011\Dossier_Menuiserie_021.xlsx,06_Archives\2011\Dossier_Menuiserie_021.xlsx,06_Archives,Archives,/sites/MigrationFileServer/Archives/2011/Dossier_Menuiserie_021.xlsx,Dossier_Menuiserie_021.xlsx,.xlsx,4915,2010-10-02T10:30:00,2011-09-22T10:30:00,False,False,68,68,2,,5571CDDF911D10F4FA182E80CC89C4F13365A9BBF6C9F9CA26FB6805CBD17C28
\\DEMO-SRV01\FileServer\06_Archives\2011\Dossier_Menuiserie_022.txt,C:\DemoMigration\FileServer\06_Archives\2011\Dossier_Menuiserie_022.txt,06_Archives\2011\Dossier_Menuiserie_022.txt,06_Archives,Archives,/sites/MigrationFileServer/Archives/2011/Dossier_Menuiserie_022.txt,Dossier_Menuiserie_022.txt,.txt,31,2010-10-10T06:18:22,2011-07-28T06:18:22,False,False,67,67,2,,D0395E779A2F0121890D2BFD04B542F03D65EAF68731A5B3B4221E0A163A9D6A
\\DEMO-SRV01\FileServer\06_Archives\2011\Dossier_Pharmacie_000.docx,C:\DemoMigration\FileServer\06_Archives\2011\Dossier_Pharmacie_000.docx,06_Archives\2011\Dossier_Pharmacie_000.docx,06_Archives,Archives,/sites/MigrationFileServer/Archives/2011/Dossier_Pharmacie_000.docx,Dossier_Pharmacie_000.docx,.docx,36708,2010-07-30T06:09:01,2011-01-10T06:09:01,False,False,67,67,2,,C22AF97BDBB62E4F20529032D0FAF05FB0A3A6992080F911CBCC36593B58F346
\\DEMO-SRV01\FileServer\06_Archives\2011\Dossier_Pharmacie_009.xlsx,C:\DemoMigration\FileServer\06_Archives\2011\Dossier_Pharmacie_009.xlsx,06_Archives\2011\Dossier_Pharmacie_009.xlsx,06_Archives,Archives,/sites/MigrationFileServer/Archives/2011/Dossier_Pharmacie_009.xlsx,Dossier_Pharmacie_009.xlsx,.xlsx,4914,2010-05-13T06:55:40,2011-03-22T06:55:40,False,False,67,67,2,,5D5961ADF8B15AE01BC8337CB6CC66EF78A5DCA53E0CA3BDCFFCB7A3A27FBBAB
\\DEMO-SRV01\FileServer\06_Archives\2011\Dossier_Pharmacie_020.xlsx,C:\DemoMigration\FileServer\06_Archives\2011\Dossier_Pharmacie_020.xlsx,06_Archives\2011\Dossier_Pharmacie_020.xlsx,06_Archives,Archives,/sites/MigrationFileServer/Archives/2011/Dossier_Pharmacie_020.xlsx,Dossier_Pharmacie_020.xlsx,.xlsx,4914,2010-08-12T19:49:40,2011-01-26T19:49:40,False,False,67,67,2,,2F26092719D4D3C531FDAE494C83032153FB19998CEE56D2E73ADDAC678CD1B6
\\DEMO-SRV01\FileServer\06_Archives\2011\Dossier_Pharmacie_024.docx,C:\DemoMigration\FileServer\06_Archives\2011\Dossier_Pharmacie_024.docx,06_Archives\2011\Dossier_Pharmacie_024.docx,06_Archives,Archives,/sites/MigrationFileServer/Archives/2011/Dossier_Pharmacie_024.docx,Dossier_Pharmacie_024.docx,.docx,36708,2011-03-01T23:28:53,2011-03-19T23:28:53,False,False,67,67,2,,7B547D89DB815CC8FCE9AE688D6ADB08C5CE03061A71B318F91A5CED2562D8DA
\\DEMO-SRV01\FileServer\06_Archives\2011\Dossier_Pharmacie_025.txt,C:\DemoMigration\FileServer\06_Archives\2011\Dossier_Pharmacie_025.txt,06_Archives\2011\Dossier_Pharmacie_025.txt,06_Archives,Archives,/sites/MigrationFileServer/Archives/2011/Dossier_Pharmacie_025.txt,Dossier_Pharmacie_025.txt,.txt,31,2011-01-24T11:09:32,2011-02-12T11:09:32,False,False,66,66,2,,4FB33F22BD61DFCA98DF29660AAF18C5D12C4CF4073F71A65FFE6CDC49020BFF
\\DEMO-SRV01\FileServer\06_Archives\2011\Dossier_Transports_023.pdf,C:\DemoMigration\FileServer\06_Archives\2011\Dossier_Transports_023.pdf,06_Archives\2011\Dossier_Transports_023.pdf,06_Archives,Archives,/sites/MigrationFileServer/Archives/2011/Dossier_Transports_023.pdf,Dossier_Transports_023.pdf,.pdf,1624,2011-07-12T12:56:03,2011-10-23T12:56:03,False,False,67,67,2,,93B06842F1B17DF0C2CEE0DFF40A1428923AC1EB2FEB79A700E079D61D71E29A
\\DEMO-SRV01\FileServer\06_Archives\2012\Archive_hors_ligne.pdf,C:\DemoMigration\FileServer\06_Archives\2012\Archive_hors_ligne.pdf,06_Archives\2012\Archive_hors_ligne.pdf,06_Archives,Archives,/sites/MigrationFileServer/Archives/2012/Archive_hors_ligne.pdf,Archive_hors_ligne.pdf,.pdf,23,2026-09-16T09:12:00,2026-09-16T09:12:00,False,False,63,63,2,,9A46175BBBA8C44DCE1092B9DCFDBB71FA8953CEE35D30991C9CEBDA9252DDDC
\\DEMO-SRV01\FileServer\06_Archives\2012\Dossier_Boulangeries_002.docx,C:\DemoMigration\FileServer\06_Archives\2012\Dossier_Boulangeries_002.docx,06_Archives\2012\Dossier_Boulangeries_002.docx,06_Archives,Archives,/sites/MigrationFileServer/Archives/2012/Dossier_Boulangeries_002.docx,Dossier_Boulangeries_002.docx,.docx,36708,2011-10-24T07:21:55,2012-02-29T07:21:55,False,False,70,70,2,,340BCCA1D90F0D0C305DBADD676E2580A78FC72DC095F4EE301E7B01CD8A71C3
\\DEMO-SRV01\FileServer\06_Archives\2012\Dossier_Boulangeries_006.txt,C:\DemoMigration\FileServer\06_Archives\2012\Dossier_Boulangeries_006.txt,06_Archives\2012\Dossier_Boulangeries_006.txt,06_Archives,Archives,/sites/MigrationFileServer/Archives/2012/Dossier_Boulangeries_006.txt,Dossier_Boulangeries_006.txt,.txt,31,2012-08-01T09:27:08,2012-12-04T09:27:08,False,False,69,69,2,,97AF4CD5B544F0A1FF4483A0BD2810F88A728B481523AB6ECAA48EE54B2DE87C
\\DEMO-SRV01\FileServer\06_Archives\2012\Dossier_Boulangeries_013.docx,C:\DemoMigration\FileServer\06_Archives\2012\Dossier_Boulangeries_013.docx,06_Archives\2012\Dossier_Boulangeries_013.docx,06_Archives,Archives,/sites/MigrationFileServer/Archives/2012/Dossier_Boulangeries_013.docx,Dossier_Boulangeries_013.docx,.docx,36708,2012-01-09T23:50:16,2012-09-08T23:50:16,False,False,70,70,2,,18E4BE48F0D2B7D0F2090E8330A894623FE524F313D36CF069A5803C7740A536
\\DEMO-SRV01\FileServer\06_Archives\2012\Dossier_Cabinet_004.docx,C:\DemoMigration\FileServer\06_Archives\2012\Dossier_Cabinet_004.docx,06_Archives\2012\Dossier_Cabinet_004.docx,06_Archives,Archives,/sites/MigrationFileServer/Archives/2012/Dossier_Cabinet_004.docx,Dossier_Cabinet_004.docx,.docx,36707,2011-12-30T14:10:36,2012-05-27T14:10:36,False,False,65,65,2,,3F80488B12B3827C1433F40BF300121244C7DFF29B8D5949B61FB92342CA1760
\\DEMO-SRV01\FileServer\06_Archives\2012\Dossier_Cabinet_011.docx,C:\DemoMigration\FileServer\06_Archives\2012\Dossier_Cabinet_011.docx,06_Archives\2012\Dossier_Cabinet_011.docx,06_Archives,Archives,/sites/MigrationFileServer/Archives/2012/Dossier_Cabinet_011.docx,Dossier_Cabinet_011.docx,.docx,36707,2011-06-18T07:53:08,2012-01-02T07:53:08,False,False,65,65,2,,C3401AC2DD308A02D3F15249F7746CDBC1C88E1436957E3502B25CD909E2C188
\\DEMO-SRV01\FileServer\06_Archives\2012\Dossier_Cabinet_018.xlsx,C:\DemoMigration\FileServer\06_Archives\2012\Dossier_Cabinet_018.xlsx,06_Archives\2012\Dossier_Cabinet_018.xlsx,06_Archives,Archives,/sites/MigrationFileServer/Archives/2012/Dossier_Cabinet_018.xlsx,Dossier_Cabinet_018.xlsx,.xlsx,4915,2011-10-04T21:22:47,2012-04-09T21:22:47,False,False,65,65,2,,BEDC069A8BB8DB70251C5A4C53D5E410FBE1D44DFC12C2B060F60DDE8CD64FE6
\\DEMO-SRV01\FileServer\06_Archives\2012\Dossier_Cabinet_019.docx,C:\DemoMigration\FileServer\06_Archives\2012\Dossier_Cabinet_019.docx,06_Archives\2012\Dossier_Cabinet_019.docx,06_Archives,Archives,/sites/MigrationFileServer/Archives/2012/Dossier_Cabinet_019.docx,Dossier_Cabinet_019.docx,.docx,36708,2012-10-18T19:20:33,2012-11-08T19:20:33,False,False,65,65,2,,FF7C2D4B2F0BAACF8F42CCC9A0AE577C4488BDCCF16638FD6EEDB7B4E750ECEC
\\DEMO-SRV01\FileServer\06_Archives\2012\Dossier_Cabinet_020.txt,C:\DemoMigration\FileServer\06_Archives\2012\Dossier_Cabinet_020.txt,06_Archives\2012\Dossier_Cabinet_020.txt,06_Archives,Archives,/sites/MigrationFileServer/Archives/2012/Dossier_Cabinet_020.txt,Dossier_Cabinet_020.txt,.txt,31,2012-06-09T00:04:19,2012-10-03T00:04:19,False,False,64,64,2,,304585AEEE90B6D313E2C0BE302A8DEB038D088FBDEB305A82905503AEAEDA20
\\DEMO-SRV01\FileServer\06_Archives\2012\Dossier_Clinique_007.pdf,C:\DemoMigration\FileServer\06_Archives\2012\Dossier_Clinique_007.pdf,06_Archives\2012\Dossier_Clinique_007.pdf,06_Archives,Archives,/sites/MigrationFileServer/Archives/2012/Dossier_Clinique_007.pdf,Dossier_Clinique_007.pdf,.pdf,1624,2011-09-16T16:14:39,2012-02-25T16:14:39,False,False,65,65,2,,0F0EC2ED9F836432F8DA1D919EF6F11338A3808ED71E6ED1D9C2D99D82B11C1E
\\DEMO-SRV01\FileServer\06_Archives\2012\Dossier_Clinique_009.docx,C:\DemoMigration\FileServer\06_Archives\2012\Dossier_Clinique_009.docx,06_Archives\2012\Dossier_Clinique_009.docx,06_Archives,Archives,/sites/MigrationFileServer/Archives/2012/Dossier_Clinique_009.docx,Dossier_Clinique_009.docx,.docx,36708,2012-04-02T04:54:31,2012-10-08T04:54:31,False,False,66,66,2,,E5E5FCC93F083C39D8A7154E00AFFBEC497B95D8A170E4730742CA419A18C31E
\\DEMO-SRV01\FileServer\06_Archives\2012\Dossier_Clinique_010.docx,C:\DemoMigration\FileServer\06_Archives\2012\Dossier_Clinique_010.docx,06_Archives\2012\Dossier_Clinique_010.docx,06_Archives,Archives,/sites/MigrationFileServer/Archives/2012/Dossier_Clinique_010.docx,Dossier_Clinique_010.docx,.docx,36708,2012-08-19T02:46:18,2012-12-16T02:46:18,False,False,66,66,2,,BD873D737908AA043B1A878FD9C17A048514D7E8520A7F951DB2BBF7AA252119
\\DEMO-SRV01\FileServer\06_Archives\2012\Dossier_Clinique_021.txt,C:\DemoMigration\FileServer\06_Archives\2012\Dossier_Clinique_021.txt,06_Archives\2012\Dossier_Clinique_021.txt,06_Archives,Archives,/sites/MigrationFileServer/Archives/2012/Dossier_Clinique_021.txt,Dossier_Clinique_021.txt,.txt,31,2012-08-08T06:37:44,2012-11-22T06:37:44,False,False,65,65,2,,D0892C9FFC2601DDD096D252DA33F705F5DA03F6F76BB4E81975B825DF813073
\\DEMO-SRV01\FileServer\06_Archives\2012\Dossier_Hôtel_001.docx,C:\DemoMigration\FileServer\06_Archives\2012\Dossier_Hôtel_001.docx,06_Archives\2012\Dossier_Hôtel_001.docx,06_Archives,Archives,/sites/MigrationFileServer/Archives/2012/Dossier_Hôtel_001.docx,Dossier_Hôtel_001.docx,.docx,36709,2012-05-16T11:23:52,2012-10-25T11:23:52,False,False,63,63,2,,8347D4F2E69A6BCB70AC3A4142B53FEC218733D99840F6D5A9E8A9785ABC6A1B
\\DEMO-SRV01\FileServer\06_Archives\2012\Dossier_Hôtel_005.docx,C:\DemoMigration\FileServer\06_Archives\2012\Dossier_Hôtel_005.docx,06_Archives\2012\Dossier_Hôtel_005.docx,06_Archives,Archives,/sites/MigrationFileServer/Archives/2012/Dossier_Hôtel_005.docx,Dossier_Hôtel_005.docx,.docx,36708,2011-09-23T10:39:39,2012-03-12T10:39:39,False,False,63,63,2,,DB19E95267F908AF962BE0113EF8BC5FF8F3810676F78CB4C395D4D09709B9DE
\\DEMO-SRV01\FileServer\06_Archives\2012\Dossier_Hôtel_012.docx,C:\DemoMigration\FileServer\06_Archives\2012\Dossier_Hôtel_012.docx,06_Archives\2012\Dossier_Hôtel_012.docx,06_Archives,Archives,/sites/MigrationFileServer/Archives/2012/Dossier_Hôtel_012.docx,Dossier_Hôtel_012.docx,.docx,36708,2012-01-08T23:59:51,2012-10-22T23:59:51,False,False,63,63,2,,9ADCF91F83C5E8FCA223DA881EB8306082954185546E4B9DC0A582DFA5860BA6
\\DEMO-SRV01\FileServer\06_Archives\2012\Dossier_Hôtel_017.pdf,C:\DemoMigration\FileServer\06_Archives\2012\Dossier_Hôtel_017.pdf,06_Archives\2012\Dossier_Hôtel_017.pdf,06_Archives,Archives,/sites/MigrationFileServer/Archives/2012/Dossier_Hôtel_017.pdf,Dossier_Hôtel_017.pdf,.pdf,1625,2011-02-17T01:58:28,2012-02-26T01:58:28,False,False,62,62,2,,5D257C6A364A560ACC4455BEF8D184FE702BA3533F890AF6BE345F6463AAEE86
\\DEMO-SRV01\FileServer\06_Archives\2012\Dossier_Laboratoires_000.txt,C:\DemoMigration\FileServer\06_Archives\2012\Dossier_Laboratoires_000.txt,06_Archives\2012\Dossier_Laboratoires_000.txt,06_Archives,Archives,/sites/MigrationFileServer/Archives/2012/Dossier_Laboratoires_000.txt,Dossier_Laboratoires_000.txt,.txt,31,2011-11-06T03:28:03,2012-06-19T03:28:03,False,False,69,69,2,,A4E1B611BC19A92C43B94DC85729861BFBB79204110E9F40363D2E38E8E6C6F6
\\DEMO-SRV01\FileServer\06_Archives\2012\Dossier_Laboratoires_003.xlsx,C:\DemoMigration\FileServer\06_Archives\2012\Dossier_Laboratoires_003.xlsx,06_Archives\2012\Dossier_Laboratoires_003.xlsx,06_Archives,Archives,/sites/MigrationFileServer/Archives/2012/Dossier_Laboratoires_003.xlsx,Dossier_Laboratoires_003.xlsx,.xlsx,4915,2011-08-04T10:28:56,2012-06-28T10:28:56,False,False,70,70,2,,466A930917D73E49A77502039C3E51D6117395F831B3870E03A18CD1433DC21A
\\DEMO-SRV01\FileServer\06_Archives\2012\Dossier_Menuiserie_014.txt,C:\DemoMigration\FileServer\06_Archives\2012\Dossier_Menuiserie_014.txt,06_Archives\2012\Dossier_Menuiserie_014.txt,06_Archives,Archives,/sites/MigrationFileServer/Archives/2012/Dossier_Menuiserie_014.txt,Dossier_Menuiserie_014.txt,.txt,31,2012-02-06T06:20:53,2012-09-23T06:20:53,False,False,67,67,2,,51125AE04045CD7E36B2A0EDC0E9E7D531E923EB8BB227693ADFE6336EA300FE
\\DEMO-SRV01\FileServer\06_Archives\2012\Dossier_Pharmacie_015.xlsx,C:\DemoMigration\FileServer\06_Archives\2012\Dossier_Pharmacie_015.xlsx,06_Archives\2012\Dossier_Pharmacie_015.xlsx,06_Archives,Archives,/sites/MigrationFileServer/Archives/2012/Dossier_Pharmacie_015.xlsx,Dossier_Pharmacie_015.xlsx,.xlsx,4914,2011-10-05T21:55:30,2012-08-25T21:55:30,False,False,67,67,2,,1B1F3D4B04EDB729467FEDDD88360A7FA1D12A28AFB8C5447AD18EF544257AE8
\\DEMO-SRV01\FileServer\06_Archives\2012\Dossier_Pharmacie_016.txt,C:\DemoMigration\FileServer\06_Archives\2012\Dossier_Pharmacie_016.txt,06_Archives\2012\Dossier_Pharmacie_016.txt,06_Archives,Archives,/sites/MigrationFileServer/Archives/2012/Dossier_Pharmacie_016.txt,Dossier_Pharmacie_016.txt,.txt,31,2012-05-05T01:40:34,2012-12-23T01:40:34,False,False,66,66,2,,2C781EECF84911CFD2549A71306BFD7A3A8E861E13862A8A8AE56B7440E228A9
\\DEMO-SRV01\FileServer\06_Archives\2012\Dossier_Transports_008.docx,C:\DemoMigration\FileServer\06_Archives\2012\Dossier_Transports_008.docx,06_Archives\2012\Dossier_Transports_008.docx,06_Archives,Archives,/sites/MigrationFileServer/Archives/2012/Dossier_Transports_008.docx,Dossier_Transports_008.docx,.docx,36708,2012-01-01T22:27:07,2012-09-22T22:27:07,False,False,68,68,2,,FE795BB61BB8418625DAEA7FC9D34FED7643602319A4A5B3C0507A485B20D6D7
\\DEMO-SRV01\FileServer\06_Archives\2013\Dossier_Boulangeries_007.txt,C:\DemoMigration\FileServer\06_Archives\2013\Dossier_Boulangeries_007.txt,06_Archives\2013\Dossier_Boulangeries_007.txt,06_Archives,Archives,/sites/MigrationFileServer/Archives/2013/Dossier_Boulangeries_007.txt,Dossier_Boulangeries_007.txt,.txt,31,2012-06-10T10:38:00,2013-03-19T10:38:00,False,False,69,69,2,,AC78DC542B65DD1E6134F16B271B05CCE4D3C58665C62D6922933F349AB1E741
\\DEMO-SRV01\FileServer\06_Archives\2013\Dossier_Boulangeries_009.txt,C:\DemoMigration\FileServer\06_Archives\2013\Dossier_Boulangeries_009.txt,06_Archives\2013\Dossier_Boulangeries_009.txt,06_Archives,Archives,/sites/MigrationFileServer/Archives/2013/Dossier_Boulangeries_009.txt,Dossier_Boulangeries_009.txt,.txt,31,2012-12-11T12:15:56,2013-09-27T12:15:56,False,False,69,69,2,,8A0D8E67C91975CF91BC47A2A8BCB952961D88A681796CDE395F4D34DD9AC208
\\DEMO-SRV01\FileServer\06_Archives\2013\Dossier_Boulangeries_015.docx,C:\DemoMigration\FileServer\06_Archives\2013\Dossier_Boulangeries_015.docx,06_Archives\2013\Dossier_Boulangeries_015.docx,06_Archives,Archives,/sites/MigrationFileServer/Archives/2013/Dossier_Boulangeries_015.docx,Dossier_Boulangeries_015.docx,.docx,36709,2012-11-30T17:53:03,2013-05-09T17:53:03,False,False,70,70,2,,6E683C4210747DA32801BDE61047A38CED48464A21E1CB57E917DBEBE55F937E
\\DEMO-SRV01\FileServer\06_Archives\2013\Dossier_Cabinet_000.txt,C:\DemoMigration\FileServer\06_Archives\2013\Dossier_Cabinet_000.txt,06_Archives\2013\Dossier_Cabinet_000.txt,06_Archives,Archives,/sites/MigrationFileServer/Archives/2013/Dossier_Cabinet_000.txt,Dossier_Cabinet_000.txt,.txt,31,2012-11-13T20:55:51,2013-06-28T20:55:51,False,False,64,64,2,,51D45253EBF4D198F5ADBCF1BE5C6D24220BBF717A5ED70104D3C2992818D0DB
\\DEMO-SRV01\FileServer\06_Archives\2013\Dossier_Cabinet_008.xlsx,C:\DemoMigration\FileServer\06_Archives\2013\Dossier_Cabinet_008.xlsx,06_Archives\2013\Dossier_Cabinet_008.xlsx,06_Archives,Archives,/sites/MigrationFileServer/Archives/2013/Dossier_Cabinet_008.xlsx,Dossier_Cabinet_008.xlsx,.xlsx,4916,2013-09-29T22:36:35,2013-12-30T22:36:35,False,False,65,65,2,,EF02BA536BDA129F11F4B2CBBBCCC575CF7DE0E3A83312B04FBA87C5830DCB18
\\DEMO-SRV01\FileServer\06_Archives\2013\Dossier_Cabinet_011.xlsx,C:\DemoMigration\FileServer\06_Archives\2013\Dossier_Cabinet_011.xlsx,06_Archives\2013\Dossier_Cabinet_011.xlsx,06_Archives,Archives,/sites/MigrationFileServer/Archives/2013/Dossier_Cabinet_011.xlsx,Dossier_Cabinet_011.xlsx,.xlsx,4915,2013-05-03T08:01:58,2013-08-12T08:01:58,False,False,65,65,2,,869E716F4BD99F1B64C903F5FF56DFDDFD246435DD0DA31318015AA49F4EC16A
\\DEMO-SRV01\FileServer\06_Archives\2013\Dossier_Cabinet_012.xlsx,C:\DemoMigration\FileServer\06_Archives\2013\Dossier_Cabinet_012.xlsx,06_Archives\2013\Dossier_Cabinet_012.xlsx,06_Archives,Archives,/sites/MigrationFileServer/Archives/2013/Dossier_Cabinet_012.xlsx,Dossier_Cabinet_012.xlsx,.xlsx,4916,2012-04-20T21:54:25,2013-05-03T21:54:25,False,False,65,65,2,,5F67842954D6F2E2353663960E42A62B4E3455B8F807778CDD2051966510088C
\\DEMO-SRV01\FileServer\06_Archives\2013\Dossier_Cabinet_020.xlsx,C:\DemoMigration\FileServer\06_Archives\2013\Dossier_Cabinet_020.xlsx,06_Archives\2013\Dossier_Cabinet_020.xlsx,06_Archives,Archives,/sites/MigrationFileServer/Archives/2013/Dossier_Cabinet_020.xlsx,Dossier_Cabinet_020.xlsx,.xlsx,4916,2012-04-05T23:56:42,2013-02-15T23:56:42,False,False,65,65,2,,E2F9E4E639822368B835DC766EC7D43990AAAE4510890F05DE8EA63AAC4C0780
\\DEMO-SRV01\FileServer\06_Archives\2013\Dossier_Cabinet_024.txt,C:\DemoMigration\FileServer\06_Archives\2013\Dossier_Cabinet_024.txt,06_Archives\2013\Dossier_Cabinet_024.txt,06_Archives,Archives,/sites/MigrationFileServer/Archives/2013/Dossier_Cabinet_024.txt,Dossier_Cabinet_024.txt,.txt,31,2013-06-25T04:50:39,2013-07-05T04:50:39,False,False,64,64,2,,BA98414547334AB0408037FBFFA0D7983824F6793EEEAFCCF6D7E8C0CD0123AB
\\DEMO-SRV01\FileServer\06_Archives\2013\Dossier_Clinique_002.txt,C:\DemoMigration\FileServer\06_Archives\2013\Dossier_Clinique_002.txt,06_Archives\2013\Dossier_Clinique_002.txt,06_Archives,Archives,/sites/MigrationFileServer/Archives/2013/Dossier_Clinique_002.txt,Dossier_Clinique_002.txt,.txt,31,2013-06-05T21:42:59,2013-10-08T21:42:59,False,False,65,65,2,,D21BD3859BA95204DAC085C897766F69FA9E10EE0E51CFD105D9FB78F9DAD44C
\\DEMO-SRV01\FileServer\06_Archives\2013\Dossier_Clinique_021.txt,C:\DemoMigration\FileServer\06_Archives\2013\Dossier_Clinique_021.txt,06_Archives\2013\Dossier_Clinique_021.txt,06_Archives,Archives,/sites/MigrationFileServer/Archives/2013/Dossier_Clinique_021.txt,Dossier_Clinique_021.txt,.txt,31,2012-12-10T03:05:18,2013-08-07T03:05:18,False,False,65,65,2,,C84EF761B15AA8E18675BF28BDF94C2A0CFD984B67C0DF2E36F3C8C04965F45E
\\DEMO-SRV01\FileServer\06_Archives\2013\Dossier_Hôtel_003.xlsx,C:\DemoMigration\FileServer\06_Archives\2013\Dossier_Hôtel_003.xlsx,06_Archives\2013\Dossier_Hôtel_003.xlsx,06_Archives,Archives,/sites/MigrationFileServer/Archives/2013/Dossier_Hôtel_003.xlsx,Dossier_Hôtel_003.xlsx,.xlsx,4915,2012-08-01T17:44:49,2013-08-09T17:44:49,False,False,63,63,2,,5D5FD07562AB36C9E75BEB3E8260BBEB0700E2DF446C7A594AF2FF6EF3FE0818
\\DEMO-SRV01\FileServer\06_Archives\2013\Dossier_Hôtel_016.pdf,C:\DemoMigration\FileServer\06_Archives\2013\Dossier_Hôtel_016.pdf,06_Archives\2013\Dossier_Hôtel_016.pdf,06_Archives,Archives,/sites/MigrationFileServer/Archives/2013/Dossier_Hôtel_016.pdf,Dossier_Hôtel_016.pdf,.pdf,1625,2013-06-29T18:42:29,2013-10-16T18:42:29,False,False,62,62,2,,25EEC33ABFAD561C74473AB3D597C878355C63A5931C8A73809EF25A7D5B3D7D
\\DEMO-SRV01\FileServer\06_Archives\2013\Dossier_Hôtel_022.pdf,C:\DemoMigration\FileServer\06_Archives\2013\Dossier_Hôtel_022.pdf,06_Archives\2013\Dossier_Hôtel_022.pdf,06_Archives,Archives,/sites/MigrationFileServer/Archives/2013/Dossier_Hôtel_022.pdf,Dossier_Hôtel_022.pdf,.pdf,1625,2012-12-01T00:35:45,2013-02-14T00:35:45,False,False,62,62,2,,43A264E523964E0406A253A429B93381023A7425A32AE737042C9916C010C3E8
\\DEMO-SRV01\FileServer\06_Archives\2013\Dossier_Menuiserie_005.pdf,C:\DemoMigration\FileServer\06_Archives\2013\Dossier_Menuiserie_005.pdf,06_Archives\2013\Dossier_Menuiserie_005.pdf,06_Archives,Archives,/sites/MigrationFileServer/Archives/2013/Dossier_Menuiserie_005.pdf,Dossier_Menuiserie_005.pdf,.pdf,1625,2012-07-27T22:05:30,2013-03-24T22:05:30,False,False,67,67,2,,9C328FB4E3EF1D885A5FEEF75EC493BD4BD0C769BE06EBBD42DE594DAE7986CB
\\DEMO-SRV01\FileServer\06_Archives\2013\Dossier_Menuiserie_010.xlsx,C:\DemoMigration\FileServer\06_Archives\2013\Dossier_Menuiserie_010.xlsx,06_Archives\2013\Dossier_Menuiserie_010.xlsx,06_Archives,Archives,/sites/MigrationFileServer/Archives/2013/Dossier_Menuiserie_010.xlsx,Dossier_Menuiserie_010.xlsx,.xlsx,4916,2012-09-19T16:57:36,2013-10-17T16:57:36,False,False,68,68,2,,0979ED186C4D72C9BB621EACFABAEE68684B7CD536248F3B38ECC0AA0C14D1D2
\\DEMO-SRV01\FileServer\06_Archives\2013\Dossier_Pharmacie_001.txt,C:\DemoMigration\FileServer\06_Archives\2013\Dossier_Pharmacie_001.txt,06_Archives\2013\Dossier_Pharmacie_001.txt,06_Archives,Archives,/sites/MigrationFileServer/Archives/2013/Dossier_Pharmacie_001.txt,Dossier_Pharmacie_001.txt,.txt,31,2012-06-16T04:37:38,2013-05-22T04:37:38,False,False,66,66,2,,5179EA7C8F9121F029E83B0745E7D4B1E04D671DB3EDD1D9BD32018B1AB15B68
\\DEMO-SRV01\FileServer\06_Archives\2013\Dossier_Pharmacie_004.pdf,C:\DemoMigration\FileServer\06_Archives\2013\Dossier_Pharmacie_004.pdf,06_Archives\2013\Dossier_Pharmacie_004.pdf,06_Archives,Archives,/sites/MigrationFileServer/Archives/2013/Dossier_Pharmacie_004.pdf,Dossier_Pharmacie_004.pdf,.pdf,1624,2013-01-04T21:38:44,2013-08-01T21:38:44,False,False,66,66,2,,8C293ABB4BCAD7BBC900B4AF6DA95548B397CF09EC2ECA588982750812CA29CB
\\DEMO-SRV01\FileServer\06_Archives\2013\Dossier_Pharmacie_006.docx,C:\DemoMigration\FileServer\06_Archives\2013\Dossier_Pharmacie_006.docx,06_Archives\2013\Dossier_Pharmacie_006.docx,06_Archives,Archives,/sites/MigrationFileServer/Archives/2013/Dossier_Pharmacie_006.docx,Dossier_Pharmacie_006.docx,.docx,36709,2012-03-27T15:11:16,2013-04-27T15:11:16,False,False,67,67,2,,FEA39CD33DDB64836F78D9B640958BE786FDD01E2CEDDB793A004A817B3F6199
\\DEMO-SRV01\FileServer\06_Archives\2013\Dossier_Pharmacie_013.xlsx,C:\DemoMigration\FileServer\06_Archives\2013\Dossier_Pharmacie_013.xlsx,06_Archives\2013\Dossier_Pharmacie_013.xlsx,06_Archives,Archives,/sites/MigrationFileServer/Archives/2013/Dossier_Pharmacie_013.xlsx,Dossier_Pharmacie_013.xlsx,.xlsx,4916,2012-04-08T19:20:01,2013-05-03T19:20:01,False,False,67,67,2,,E66E8810E8FF2B0DBBE70743C450EB743A94799E7DD2EE5639500A7739D22AAF
\\DEMO-SRV01\FileServer\06_Archives\2013\Dossier_Pharmacie_018.txt,C:\DemoMigration\FileServer\06_Archives\2013\Dossier_Pharmacie_018.txt,06_Archives\2013\Dossier_Pharmacie_018.txt,06_Archives,Archives,/sites/MigrationFileServer/Archives/2013/Dossier_Pharmacie_018.txt,Dossier_Pharmacie_018.txt,.txt,31,2012-12-15T12:10:27,2013-05-12T12:10:27,False,False,66,66,2,,8BFC487CDA6C2CBBA50E53D4D775E76C4AFA9A44066628AE894AE84F13B1E0BB
\\DEMO-SRV01\FileServer\06_Archives\2013\Dossier_Pharmacie_025.pdf,C:\DemoMigration\FileServer\06_Archives\2013\Dossier_Pharmacie_025.pdf,06_Archives\2013\Dossier_Pharmacie_025.pdf,06_Archives,Archives,/sites/MigrationFileServer/Archives/2013/Dossier_Pharmacie_025.pdf,Dossier_Pharmacie_025.pdf,.pdf,1625,2012-12-30T03:34:52,2013-08-16T03:34:52,False,False,66,66,2,,8EC9EB8CAC73ED6F329BEAE9EB8DB60BE7C4EB97A066FEB5CEF9F0A703D19FE7
\\DEMO-SRV01\FileServer\06_Archives\2013\Dossier_Pharmacie_026.docx,C:\DemoMigration\FileServer\06_Archives\2013\Dossier_Pharmacie_026.docx,06_Archives\2013\Dossier_Pharmacie_026.docx,06_Archives,Archives,/sites/MigrationFileServer/Archives/2013/Dossier_Pharmacie_026.docx,Dossier_Pharmacie_026.docx,.docx,36708,2013-03-29T21:16:23,2013-09-18T21:16:23,False,False,67,67,2,,F4942E5AA3F2577269367417A44E28BA4105AD012D590BB741BDE6C52C3F5B08
\\DEMO-SRV01\FileServer\06_Archives\2013\Dossier_Transports_014.docx,C:\DemoMigration\FileServer\06_Archives\2013\Dossier_Transports_014.docx,06_Archives\2013\Dossier_Transports_014.docx,06_Archives,Archives,/sites/MigrationFileServer/Archives/2013/Dossier_Transports_014.docx,Dossier_Transports_014.docx,.docx,36708,2013-10-23T15:01:11,2013-11-02T15:01:11,False,False,68,68,2,,C091E58DF21872C4C1D8466F51B1D2C68204C08508D6626CACAA69751F51E680
\\DEMO-SRV01\FileServer\06_Archives\2013\Dossier_Transports_017.pdf,C:\DemoMigration\FileServer\06_Archives\2013\Dossier_Transports_017.pdf,06_Archives\2013\Dossier_Transports_017.pdf,06_Archives,Archives,/sites/MigrationFileServer/Archives/2013/Dossier_Transports_017.pdf,Dossier_Transports_017.pdf,.pdf,1625,2012-12-11T22:50:47,2013-05-21T22:50:47,False,False,67,67,2,,249EBF3D953B97294EE4A4F20CE1845F17181F1E1A1B88D1E13F7736BC8C53D8
\\DEMO-SRV01\FileServer\06_Archives\2013\Dossier_Transports_019.pdf,C:\DemoMigration\FileServer\06_Archives\2013\Dossier_Transports_019.pdf,06_Archives\2013\Dossier_Transports_019.pdf,06_Archives,Archives,/sites/MigrationFileServer/Archives/2013/Dossier_Transports_019.pdf,Dossier_Transports_019.pdf,.pdf,1625,2013-08-23T14:18:46,2013-11-08T14:18:46,False,False,67,67,2,,4D598469BFF1C9F5803DD88CDFD2DD9D3DC27414690FCA0CCE07471A2AB3FA20
\\DEMO-SRV01\FileServer\06_Archives\2013\Dossier_Transports_023.txt,C:\DemoMigration\FileServer\06_Archives\2013\Dossier_Transports_023.txt,06_Archives\2013\Dossier_Transports_023.txt,06_Archives,Archives,/sites/MigrationFileServer/Archives/2013/Dossier_Transports_023.txt,Dossier_Transports_023.txt,.txt,31,2013-04-09T11:23:15,2013-10-21T11:23:15,False,False,67,67,2,,CC72156F758FE0D8D38209FA11B7ABB1C24E200EC7D4A679C4D09EF9FA4F81A0
\\DEMO-SRV01\FileServer\06_Archives\2014\Dossier_Boulangeries_005.pdf,C:\DemoMigration\FileServer\06_Archives\2014\Dossier_Boulangeries_005.pdf,06_Archives\2014\Dossier_Boulangeries_005.pdf,06_Archives,Archives,/sites/MigrationFileServer/Archives/2014/Dossier_Boulangeries_005.pdf,Dossier_Boulangeries_005.pdf,.pdf,1624,2014-04-16T03:29:13,2014-07-10T03:29:13,False,False,69,69,2,,2C29ED9401A70DE320EDCE4EA4DF93B36A19A5CAEFA5A431FCFD9C755A830BEC
\\DEMO-SRV01\FileServer\06_Archives\2014\Dossier_Boulangeries_009.docx,C:\DemoMigration\FileServer\06_Archives\2014\Dossier_Boulangeries_009.docx,06_Archives\2014\Dossier_Boulangeries_009.docx,06_Archives,Archives,/sites/MigrationFileServer/Archives/2014/Dossier_Boulangeries_009.docx,Dossier_Boulangeries_009.docx,.docx,36709,2013-08-31T13:27:57,2014-04-28T13:27:57,False,False,70,70,2,,5F6F2C19699F46D05F6D0EDF160C6FEBF6716E05B461DBD9A14F1DFF2DFB456C
\\DEMO-SRV01\FileServer\06_Archives\2014\Dossier_Boulangeries_015.docx,C:\DemoMigration\FileServer\06_Archives\2014\Dossier_Boulangeries_015.docx,06_Archives\2014\Dossier_Boulangeries_015.docx,06_Archives,Archives,/sites/MigrationFileServer/Archives/2014/Dossier_Boulangeries_015.docx,Dossier_Boulangeries_015.docx,.docx,36708,2013-10-17T20:47:06,2014-11-11T20:47:06,False,False,70,70,2,,0ACE396E71A43916CC610AF56D5609F0639A623B799A00B02254EC5BA712D5A1
\\DEMO-SRV01\FileServer\06_Archives\2014\Dossier_Cabinet_010.txt,C:\DemoMigration\FileServer\06_Archives\2014\Dossier_Cabinet_010.txt,06_Archives\2014\Dossier_Cabinet_010.txt,06_Archives,Archives,/sites/MigrationFileServer/Archives/2014/Dossier_Cabinet_010.txt,Dossier_Cabinet_010.txt,.txt,31,2013-08-29T23:23:14,2014-01-14T23:23:14,False,False,64,64,2,,8C68FB78E4BF058ED762C070CD554298491C72D42C9A0672B1CB389457E92643
\\DEMO-SRV01\FileServer\06_Archives\2014\Dossier_Clinique_001.txt,C:\DemoMigration\FileServer\06_Archives\2014\Dossier_Clinique_001.txt,06_Archives\2014\Dossier_Clinique_001.txt,06_Archives,Archives,/sites/MigrationFileServer/Archives/2014/Dossier_Clinique_001.txt,Dossier_Clinique_001.txt,.txt,31,2013-03-08T02:19:56,2014-02-13T02:19:56,False,False,65,65,2,,9739D497AA8ABA3799C1EB3DCD605D729D4C791F416BF3CD8708DE75AFE28936
\\DEMO-SRV01\FileServer\06_Archives\2014\Dossier_Clinique_004.txt,C:\DemoMigration\FileServer\06_Archives\2014\Dossier_Clinique_004.txt,06_Archives\2014\Dossier_Clinique_004.txt,06_Archives,Archives,/sites/MigrationFileServer/Archives/2014/Dossier_Clinique_004.txt,Dossier_Clinique_004.txt,.txt,31,2014-02-13T20:03:34,2014-05-22T20:03:34,False,False,65,65,2,,A34163D3229DCD4DD9EE0608C6FF6DB5DCD569D5476C04BF7FE35D5B2C080D19
\\DEMO-SRV01\FileServer\06_Archives\2014\Dossier_Hôtel_006.docx,C:\DemoMigration\FileServer\06_Archives\2014\Dossier_Hôtel_006.docx,06_Archives\2014\Dossier_Hôtel_006.docx,06_Archives,Archives,/sites/MigrationFileServer/Archives/2014/Dossier_Hôtel_006.docx,Dossier_Hôtel_006.docx,.docx,36709,2014-02-13T01:16:19,2014-09-30T01:16:19,False,False,63,63,2,,42B97ABD60272F752F69610EB8B386CA18CB9CDD2EE68F7154A3336C62605D9F
\\DEMO-SRV01\FileServer\06_Archives\2014\Dossier_Hôtel_013.pdf,C:\DemoMigration\FileServer\06_Archives\2014\Dossier_Hôtel_013.pdf,06_Archives\2014\Dossier_Hôtel_013.pdf,06_Archives,Archives,/sites/MigrationFileServer/Archives/2014/Dossier_Hôtel_013.pdf,Dossier_Hôtel_013.pdf,.pdf,1624,2014-05-28T20:13:47,2014-07-09T20:13:47,False,False,62,62,2,,0F8BAE0838BCF38125ADD204D579C9D5B56B1C94DC7FD2DF353B1F5921DBB3FD
\\DEMO-SRV01\FileServer\06_Archives\2014\Dossier_Hôtel_016.docx,C:\DemoMigration\FileServer\06_Archives\2014\Dossier_Hôtel_016.docx,06_Archives\2014\Dossier_Hôtel_016.docx,06_Archives,Archives,/sites/MigrationFileServer/Archives/2014/Dossier_Hôtel_016.docx,Dossier_Hôtel_016.docx,.docx,36707,2013-12-27T21:35:40,2014-01-29T21:35:40,False,False,63,63,2,,DC41F5F637CEA7B4A78933ABF60A25634ECD6B01D56DE659F34576ED5CB2BA2A
\\DEMO-SRV01\FileServer\06_Archives\2014\Dossier_Laboratoires_002.xlsx,C:\DemoMigration\FileServer\06_Archives\2014\Dossier_Laboratoires_002.xlsx,06_Archives\2014\Dossier_Laboratoires_002.xlsx,06_Archives,Archives,/sites/MigrationFileServer/Archives/2014/Dossier_Laboratoires_002.xlsx,Dossier_Laboratoires_002.xlsx,.xlsx,4916,2014-03-13T12:53:40,2014-04-24T12:53:40,False,False,70,70,2,,F9C957F5FD03D65F47AAD05AD53CA81B5BA6912DFF6B0AF6962D04158C64CC88
\\DEMO-SRV01\FileServer\06_Archives\2014\Dossier_Laboratoires_007.txt,C:\DemoMigration\FileServer\06_Archives\2014\Dossier_Laboratoires_007.txt,06_Archives\2014\Dossier_Laboratoires_007.txt,06_Archives,Archives,/sites/MigrationFileServer/Archives/2014/Dossier_Laboratoires_007.txt,Dossier_Laboratoires_007.txt,.txt,31,2012-12-24T17:04:29,2014-01-16T17:04:29,False,False,69,69,2,,48DCBBBCB9C3B24C048CA9FF37C518EBD57B089A14C34E054DC4B092FC97068B
\\DEMO-SRV01\FileServer\06_Archives\2014\Dossier_Laboratoires_011.txt,C:\DemoMigration\FileServer\06_Archives\2014\Dossier_Laboratoires_011.txt,06_Archives\2014\Dossier_Laboratoires_011.txt,06_Archives,Archives,/sites/MigrationFileServer/Archives/2014/Dossier_Laboratoires_011.txt,Dossier_Laboratoires_011.txt,.txt,31,2013-10-18T10:46:00,2014-05-23T10:46:00,False,False,69,69,2,,38ECE8AAAF2660951B9AF5C7F0A3481EB49D4CE426D37B7A795FA3BF4EC29467
\\DEMO-SRV01\FileServer\06_Archives\2014\Dossier_Laboratoires_012.txt,C:\DemoMigration\FileServer\06_Archives\2014\Dossier_Laboratoires_012.txt,06_Archives\2014\Dossier_Laboratoires_012.txt,06_Archives,Archives,/sites/MigrationFileServer/Archives/2014/Dossier_Laboratoires_012.txt,Dossier_Laboratoires_012.txt,.txt,31,2013-02-18T09:29:57,2014-02-21T09:29:57,False,False,69,69,2,,97F7EA8A7DE61CCDCFFA45AB7B3AB2498ECD0F7512E94B3BAF18642AD1FA71DC
\\DEMO-SRV01\FileServer\06_Archives\2014\Dossier_Pharmacie_003.pdf,C:\DemoMigration\FileServer\06_Archives\2014\Dossier_Pharmacie_003.pdf,06_Archives\2014\Dossier_Pharmacie_003.pdf,06_Archives,Archives,/sites/MigrationFileServer/Archives/2014/Dossier_Pharmacie_003.pdf,Dossier_Pharmacie_003.pdf,.pdf,1624,2013-03-11T04:42:58,2014-01-07T04:42:58,False,False,66,66,2,,E70C32C206F8A74AD1C0C7BD43921E4522A5B4C1B207A2AE7E55FBC756D70A6D
\\DEMO-SRV01\FileServer\06_Archives\2014\Dossier_Transports_000.pdf,C:\DemoMigration\FileServer\06_Archives\2014\Dossier_Transports_000.pdf,06_Archives\2014\Dossier_Transports_000.pdf,06_Archives,Archives,/sites/MigrationFileServer/Archives/2014/Dossier_Transports_000.pdf,Dossier_Transports_000.pdf,.pdf,1624,2013-10-08T19:57:15,2014-03-10T19:57:15,False,False,67,67,2,,59D7026232F6F1F01B3F94715E6FA1966D18C905B4C54E92AD6ACFF400E26762
\\DEMO-SRV01\FileServer\06_Archives\2014\Dossier_Transports_008.txt,C:\DemoMigration\FileServer\06_Archives\2014\Dossier_Transports_008.txt,06_Archives\2014\Dossier_Transports_008.txt,06_Archives,Archives,/sites/MigrationFileServer/Archives/2014/Dossier_Transports_008.txt,Dossier_Transports_008.txt,.txt,31,2014-03-05T07:01:43,2014-05-10T07:01:43,False,False,67,67,2,,CA41CD6FA9E9224F7ECC12C8992798BB82FF456C796026B4A3D84BDB1074B39A
\\DEMO-SRV01\FileServer\06_Archives\2014\Dossier_Transports_014.txt,C:\DemoMigration\FileServer\06_Archives\2014\Dossier_Transports_014.txt,06_Archives\2014\Dossier_Transports_014.txt,06_Archives,Archives,/sites/MigrationFileServer/Archives/2014/Dossier_Transports_014.txt,Dossier_Transports_014.txt,.txt,31,2014-05-30T19:34:21,2014-11-09T19:34:21,False,False,67,67,2,,1410F55C8163B117144E1EFCC7879B6DA257104DD726B24DB15905DD7E4EEF2A
\\DEMO-SRV01\FileServer\06_Archives\2015\Dossier_Boulangeries_015.xlsx,C:\DemoMigration\FileServer\06_Archives\2015\Dossier_Boulangeries_015.xlsx,06_Archives\2015\Dossier_Boulangeries_015.xlsx,06_Archives,Archives,/sites/MigrationFileServer/Archives/2015/Dossier_Boulangeries_015.xlsx,Dossier_Boulangeries_015.xlsx,.xlsx,4915,2014-09-28T07:34:16,2015-09-12T07:34:16,False,False,70,70,2,,AEE3899DE0DCB50B7C2031A7552022D1AA25E90AA09C71D6F006CE0375BD39DE
\\DEMO-SRV01\FileServer\06_Archives\2015\Dossier_Cabinet_005.docx,C:\DemoMigration\FileServer\06_Archives\2015\Dossier_Cabinet_005.docx,06_Archives\2015\Dossier_Cabinet_005.docx,06_Archives,Archives,/sites/MigrationFileServer/Archives/2015/Dossier_Cabinet_005.docx,Dossier_Cabinet_005.docx,.docx,36708,2015-07-20T10:10:44,2015-11-04T10:10:44,False,False,65,65,2,,F423643CFD717B84BC270CF173C9FFE98F331851203C950A523F65380FC46616
\\DEMO-SRV01\FileServer\06_Archives\2015\Dossier_Clinique_004.docx,C:\DemoMigration\FileServer\06_Archives\2015\Dossier_Clinique_004.docx,06_Archives\2015\Dossier_Clinique_004.docx,06_Archives,Archives,/sites/MigrationFileServer/Archives/2015/Dossier_Clinique_004.docx,Dossier_Clinique_004.docx,.docx,36709,2014-12-21T14:44:31,2015-02-05T14:44:31,False,False,66,66,2,,DB382A7FDA1C60F1C65C39E0F716C360150E16BF654F0760E5FC6D39115D65F2
\\DEMO-SRV01\FileServer\06_Archives\2015\Dossier_Hôtel_010.xlsx,C:\DemoMigration\FileServer\06_Archives\2015\Dossier_Hôtel_010.xlsx,06_Archives\2015\Dossier_Hôtel_010.xlsx,06_Archives,Archives,/sites/MigrationFileServer/Archives/2015/Dossier_Hôtel_010.xlsx,Dossier_Hôtel_010.xlsx,.xlsx,4915,2014-07-10T05:46:33,2015-04-13T05:46:33,False,False,63,63,2,,5F88F044A0D1B8C5286C4C7B870CD49B63AF81ABECB5D7C9CB067C9DA5347DFE
\\DEMO-SRV01\FileServer\06_Archives\2015\Dossier_Hôtel_014.pdf,C:\DemoMigration\FileServer\06_Archives\2015\Dossier_Hôtel_014.pdf,06_Archives\2015\Dossier_Hôtel_014.pdf,06_Archives,Archives,/sites/MigrationFileServer/Archives/2015/Dossier_Hôtel_014.pdf,Dossier_Hôtel_014.pdf,.pdf,1625,2014-12-21T15:29:07,2015-06-15T15:29:07,False,False,62,62,2,,4C537F9AB365F98EBE6AF31ED26B97FFD514025A5BBF2F8FC4FB22A6BB1B6E7E
\\DEMO-SRV01\FileServer\06_Archives\2015\Dossier_Laboratoires_001.docx,C:\DemoMigration\FileServer\06_Archives\2015\Dossier_Laboratoires_001.docx,06_Archives\2015\Dossier_Laboratoires_001.docx,06_Archives,Archives,/sites/MigrationFileServer/Archives/2015/Dossier_Laboratoires_001.docx,Dossier_Laboratoires_001.docx,.docx,36710,2015-10-29T22:28:30,2015-12-04T22:28:30,False,False,70,70,2,,AA16DFBA015330BC5979F6C8FDBECB008B64F1155215E644898E0F51E00DA39F
\\DEMO-SRV01\FileServer\06_Archives\2015\Dossier_Laboratoires_012.xlsx,C:\DemoMigration\FileServer\06_Archives\2015\Dossier_Laboratoires_012.xlsx,06_Archives\2015\Dossier_Laboratoires_012.xlsx,06_Archives,Archives,/sites/MigrationFileServer/Archives/2015/Dossier_Laboratoires_012.xlsx,Dossier_Laboratoires_012.xlsx,.xlsx,4915,2015-07-30T17:05:55,2015-10-21T17:05:55,False,False,70,70,2,,3852A44EA70D0C0CE5357C72F906C43BC83783530A6D3289E4D21FB749EAB07E
\\DEMO-SRV01\FileServer\06_Archives\2015\Dossier_Menuiserie_013.txt,C:\DemoMigration\FileServer\06_Archives\2015\Dossier_Menuiserie_013.txt,06_Archives\2015\Dossier_Menuiserie_013.txt,06_Archives,Archives,/sites/MigrationFileServer/Archives/2015/Dossier_Menuiserie_013.txt,Dossier_Menuiserie_013.txt,.txt,31,2014-09-29T14:53:21,2015-08-22T14:53:21,False,False,67,67,2,,92BF1B54C4D2AF49423F8B4231B2935C2B7E2363E256692C581F04D1657A4DBA
\\DEMO-SRV01\FileServer\06_Archives\2015\Dossier_Menuiserie_016.pdf,C:\DemoMigration\FileServer\06_Archives\2015\Dossier_Menuiserie_016.pdf,06_Archives\2015\Dossier_Menuiserie_016.pdf,06_Archives,Archives,/sites/MigrationFileServer/Archives/2015/Dossier_Menuiserie_016.pdf,Dossier_Menuiserie_016.pdf,.pdf,1627,2015-09-19T22:33:30,2015-10-20T22:33:30,False,False,67,67,2,,23EC290D4897CEC54997EF8B8630281EAF71FBDF4EEA1393490228C742906C31
\\DEMO-SRV01\FileServer\06_Archives\2015\Dossier_Pharmacie_002.xlsx,C:\DemoMigration\FileServer\06_Archives\2015\Dossier_Pharmacie_002.xlsx,06_Archives\2015\Dossier_Pharmacie_002.xlsx,06_Archives,Archives,/sites/MigrationFileServer/Archives/2015/Dossier_Pharmacie_002.xlsx,Dossier_Pharmacie_002.xlsx,.xlsx,4914,2014-09-28T01:22:24,2015-09-03T01:22:24,False,False,67,67,2,,F46156B766ED95175741EA29551B2C4ACBDB2C3CC283C221434276B29B0BAF90
\\DEMO-SRV01\FileServer\06_Archives\2015\Dossier_Pharmacie_007.xlsx,C:\DemoMigration\FileServer\06_Archives\2015\Dossier_Pharmacie_007.xlsx,06_Archives\2015\Dossier_Pharmacie_007.xlsx,06_Archives,Archives,/sites/MigrationFileServer/Archives/2015/Dossier_Pharmacie_007.xlsx,Dossier_Pharmacie_007.xlsx,.xlsx,4915,2015-03-06T12:07:37,2015-11-14T12:07:37,False,False,67,67,2,,3E70A9D2312B40379FF4298B1876C12DD7A1D04152F399EAC78DD31DC7A04F3E
\\DEMO-SRV01\FileServer\06_Archives\2015\Dossier_Pharmacie_008.xlsx,C:\DemoMigration\FileServer\06_Archives\2015\Dossier_Pharmacie_008.xlsx,06_Archives\2015\Dossier_Pharmacie_008.xlsx,06_Archives,Archives,/sites/MigrationFileServer/Archives/2015/Dossier_Pharmacie_008.xlsx,Dossier_Pharmacie_008.xlsx,.xlsx,4915,2014-06-23T20:56:46,2015-04-22T20:56:46,False,False,67,67,2,,676F626F742F66B1D9D489381B543FF9478C4172A24D4907A1A8DD8B23FE35DA
\\DEMO-SRV01\FileServer\06_Archives\2015\Dossier_Pharmacie_009.docx,C:\DemoMigration\FileServer\06_Archives\2015\Dossier_Pharmacie_009.docx,06_Archives\2015\Dossier_Pharmacie_009.docx,06_Archives,Archives,/sites/MigrationFileServer/Archives/2015/Dossier_Pharmacie_009.docx,Dossier_Pharmacie_009.docx,.docx,36707,2015-02-01T19:39:08,2015-03-13T19:39:08,False,False,67,67,2,,80540C22DE456247690E7845A8E4BD6F17ADC066AD836A2070C5AF00BE9C412F
\\DEMO-SRV01\FileServer\06_Archives\2015\Dossier_Pharmacie_017.docx,C:\DemoMigration\FileServer\06_Archives\2015\Dossier_Pharmacie_017.docx,06_Archives\2015\Dossier_Pharmacie_017.docx,06_Archives,Archives,/sites/MigrationFileServer/Archives/2015/Dossier_Pharmacie_017.docx,Dossier_Pharmacie_017.docx,.docx,36709,2015-04-14T16:23:35,2015-05-14T16:23:35,False,False,67,67,2,,89C7A28721E458269369C37D6FB5FF5797C9499A1657AF6B1671D4066D665FCE
\\DEMO-SRV01\FileServer\06_Archives\2015\Dossier_Transports_000.xlsx,C:\DemoMigration\FileServer\06_Archives\2015\Dossier_Transports_000.xlsx,06_Archives\2015\Dossier_Transports_000.xlsx,06_Archives,Archives,/sites/MigrationFileServer/Archives/2015/Dossier_Transports_000.xlsx,Dossier_Transports_000.xlsx,.xlsx,4915,2014-11-27T10:10:40,2015-12-02T10:10:40,False,False,68,68,2,,BE7BD91EDA3AC7DE18C3DEAA697556E0603B198D226EB604D31371C68F713CDF
\\DEMO-SRV01\FileServer\06_Archives\2015\Dossier_Transports_003.docx,C:\DemoMigration\FileServer\06_Archives\2015\Dossier_Transports_003.docx,06_Archives\2015\Dossier_Transports_003.docx,06_Archives,Archives,/sites/MigrationFileServer/Archives/2015/Dossier_Transports_003.docx,Dossier_Transports_003.docx,.docx,36709,2014-10-12T19:30:32,2015-01-22T19:30:32,False,False,68,68,2,,AF811E7DE26FE01E847529C97D09EB1718D624066F03B2FD40F157BBC3A4FDE8
\\DEMO-SRV01\FileServer\06_Archives\2015\Dossier_Transports_006.docx,C:\DemoMigration\FileServer\06_Archives\2015\Dossier_Transports_006.docx,06_Archives\2015\Dossier_Transports_006.docx,06_Archives,Archives,/sites/MigrationFileServer/Archives/2015/Dossier_Transports_006.docx,Dossier_Transports_006.docx,.docx,36707,2014-09-02T06:10:41,2015-05-31T06:10:41,False,False,68,68,2,,CA7AC4CA3E5D40F61AC3467F20851E81314DF1FBD0607FDD9012B2B536BC8C23
\\DEMO-SRV01\FileServer\06_Archives\2015\Dossier_Transports_011.xlsx,C:\DemoMigration\FileServer\06_Archives\2015\Dossier_Transports_011.xlsx,06_Archives\2015\Dossier_Transports_011.xlsx,06_Archives,Archives,/sites/MigrationFileServer/Archives/2015/Dossier_Transports_011.xlsx,Dossier_Transports_011.xlsx,.xlsx,4915,2015-06-26T23:12:19,2015-09-30T23:12:19,False,False,68,68,2,,5C59D7D578D1B9038D0DE4A934BBD68A4B0815C95805301491C7D34A43D33C4B
\\DEMO-SRV01\FileServer\06_Archives\2015\Dossier_Transports_018.txt,C:\DemoMigration\FileServer\06_Archives\2015\Dossier_Transports_018.txt,06_Archives\2015\Dossier_Transports_018.txt,06_Archives,Archives,/sites/MigrationFileServer/Archives/2015/Dossier_Transports_018.txt,Dossier_Transports_018.txt,.txt,31,2014-09-18T18:27:42,2015-09-19T18:27:42,False,False,67,67,2,,8155D9096DBFC4C73382D42829CF1064562260C4EF434E1255B28AB36AD657FE
\\DEMO-SRV01\FileServer\06_Archives\2016\Dossier_Boulangeries_010.docx,C:\DemoMigration\FileServer\06_Archives\2016\Dossier_Boulangeries_010.docx,06_Archives\2016\Dossier_Boulangeries_010.docx,06_Archives,Archives,/sites/MigrationFileServer/Archives/2016/Dossier_Boulangeries_010.docx,Dossier_Boulangeries_010.docx,.docx,36708,2016-01-14T23:06:08,2016-05-31T23:06:08,False,False,70,70,2,,7168D6F1F9D7CF77B55759902E8833127ED2D3EEC99C6F87AA46937B60EB1AEC
\\DEMO-SRV01\FileServer\06_Archives\2016\Dossier_Boulangeries_014.txt,C:\DemoMigration\FileServer\06_Archives\2016\Dossier_Boulangeries_014.txt,06_Archives\2016\Dossier_Boulangeries_014.txt,06_Archives,Archives,/sites/MigrationFileServer/Archives/2016/Dossier_Boulangeries_014.txt,Dossier_Boulangeries_014.txt,.txt,31,2016-04-13T05:38:29,2016-05-17T05:38:29,False,False,69,69,2,,91BEAD9E366193AB127724AF0418015EA80FCF4B77191908AD52C5E182D7EDE0
\\DEMO-SRV01\FileServer\06_Archives\2016\Dossier_Boulangeries_026.txt,C:\DemoMigration\FileServer\06_Archives\2016\Dossier_Boulangeries_026.txt,06_Archives\2016\Dossier_Boulangeries_026.txt,06_Archives,Archives,/sites/MigrationFileServer/Archives/2016/Dossier_Boulangeries_026.txt,Dossier_Boulangeries_026.txt,.txt,31,2016-03-14T17:39:33,2016-05-01T17:39:33,False,False,69,69,2,,762935D24CF46A719A488F5B1170C1076859DE74B52BDA152C492981800F509E
\\DEMO-SRV01\FileServer\06_Archives\2016\Dossier_Cabinet_007.txt,C:\DemoMigration\FileServer\06_Archives\2016\Dossier_Cabinet_007.txt,06_Archives\2016\Dossier_Cabinet_007.txt,06_Archives,Archives,/sites/MigrationFileServer/Archives/2016/Dossier_Cabinet_007.txt,Dossier_Cabinet_007.txt,.txt,31,2015-08-01T12:10:06,2016-01-10T12:10:06,False,False,64,64,2,,4EA1E0A55819C0E2BB3C6ABC35436FC572C4B652659D67C7FD2BC7D862E1EEB1
\\DEMO-SRV01\FileServer\06_Archives\2016\Dossier_Cabinet_013.txt,C:\DemoMigration\FileServer\06_Archives\2016\Dossier_Cabinet_013.txt,06_Archives\2016\Dossier_Cabinet_013.txt,06_Archives,Archives,/sites/MigrationFileServer/Archives/2016/Dossier_Cabinet_013.txt,Dossier_Cabinet_013.txt,.txt,31,2016-03-28T23:29:47,2016-06-17T23:29:47,False,False,64,64,2,,16BA7C1ED37A87C7917203665D477EC01C039C1979717144B4CA2AE46EBEFC10
\\DEMO-SRV01\FileServer\06_Archives\2016\Dossier_Clinique_004.xlsx,C:\DemoMigration\FileServer\06_Archives\2016\Dossier_Clinique_004.xlsx,06_Archives\2016\Dossier_Clinique_004.xlsx,06_Archives,Archives,/sites/MigrationFileServer/Archives/2016/Dossier_Clinique_004.xlsx,Dossier_Clinique_004.xlsx,.xlsx,4916,2015-06-22T13:59:16,2016-01-17T13:59:16,False,False,66,66,2,,82F09C836EA7E5691851BB1DB8CE77D1DF9AAE4174D0B66E332FB4D7EC3DD1D2
\\DEMO-SRV01\FileServer\06_Archives\2016\Dossier_Clinique_008.txt,C:\DemoMigration\FileServer\06_Archives\2016\Dossier_Clinique_008.txt,06_Archives\2016\Dossier_Clinique_008.txt,06_Archives,Archives,/sites/MigrationFileServer/Archives/2016/Dossier_Clinique_008.txt,Dossier_Clinique_008.txt,.txt,31,2015-10-26T02:50:52,2016-06-04T02:50:52,False,False,65,65,2,,510D1EE03186A55008E8E9F5464DFCCDDB4580A95004BF3080C22B6FCCA4B6A6
\\DEMO-SRV01\FileServer\06_Archives\2016\Dossier_Clinique_009.xlsx,C:\DemoMigration\FileServer\06_Archives\2016\Dossier_Clinique_009.xlsx,06_Archives\2016\Dossier_Clinique_009.xlsx,06_Archives,Archives,/sites/MigrationFileServer/Archives/2016/Dossier_Clinique_009.xlsx,Dossier_Clinique_009.xlsx,.xlsx,4915,2016-04-29T06:34:29,2016-08-18T06:34:29,False,False,66,66,2,,EEF60AA7F236FCA97715E96A775528927034C7CCFAB81BA9C5AB8CCB05C02578
\\DEMO-SRV01\FileServer\06_Archives\2016\Dossier_Clinique_024.xlsx,C:\DemoMigration\FileServer\06_Archives\2016\Dossier_Clinique_024.xlsx,06_Archives\2016\Dossier_Clinique_024.xlsx,06_Archives,Archives,/sites/MigrationFileServer/Archives/2016/Dossier_Clinique_024.xlsx,Dossier_Clinique_024.xlsx,.xlsx,4915,2015-07-16T23:41:55,2016-05-04T23:41:55,False,False,66,66,2,,9DBC3FD5EE42D0B5BA952987803D1E708BF75C6FF5191DBD76B5EFB70C4E31FB
\\DEMO-SRV01\FileServer\06_Archives\2016\Dossier_Clinique_027.txt,C:\DemoMigration\FileServer\06_Archives\2016\Dossier_Clinique_027.txt,06_Archives\2016\Dossier_Clinique_027.txt,06_Archives,Archives,/sites/MigrationFileServer/Archives/2016/Dossier_Clinique_027.txt,Dossier_Clinique_027.txt,.txt,31,2015-12-04T04:26:18,2016-08-30T04:26:18,False,False,65,65,2,,2B4D840294D8FE92792E62BFB4C676E71A37C8DB8D91C21615A3369AA78DF1A9
\\DEMO-SRV01\FileServer\06_Archives\2016\Dossier_Hôtel_011.pdf,C:\DemoMigration\FileServer\06_Archives\2016\Dossier_Hôtel_011.pdf,06_Archives\2016\Dossier_Hôtel_011.pdf,06_Archives,Archives,/sites/MigrationFileServer/Archives/2016/Dossier_Hôtel_011.pdf,Dossier_Hôtel_011.pdf,.pdf,1625,2015-10-20T10:04:42,2016-01-09T10:04:42,False,False,62,62,2,,3B098C5DA84E27683C24E79597266F748BE13CB805A61790C4BE61B3A612F820
\\DEMO-SRV01\FileServer\06_Archives\2016\Dossier_Hôtel_016.txt,C:\DemoMigration\FileServer\06_Archives\2016\Dossier_Hôtel_016.txt,06_Archives\2016\Dossier_Hôtel_016.txt,06_Archives,Archives,/sites/MigrationFileServer/Archives/2016/Dossier_Hôtel_016.txt,Dossier_Hôtel_016.txt,.txt,31,2016-01-05T16:37:13,2016-06-10T16:37:13,False,False,62,62,2,,C99C6E480F263358612010ABBCA42798A67CF11727211B1C56DB20924E551B6D
\\DEMO-SRV01\FileServer\06_Archives\2016\Dossier_Hôtel_021.txt,C:\DemoMigration\FileServer\06_Archives\2016\Dossier_Hôtel_021.txt,06_Archives\2016\Dossier_Hôtel_021.txt,06_Archives,Archives,/sites/MigrationFileServer/Archives/2016/Dossier_Hôtel_021.txt,Dossier_Hôtel_021.txt,.txt,31,2015-04-05T08:16:16,2016-03-22T08:16:16,False,False,62,62,2,,D5556CB2DD0E0834396825357BABB4360672E227B1AF7DC99D27AF2B6277FFF2
\\DEMO-SRV01\FileServer\06_Archives\2016\Dossier_Hôtel_025.xlsx,C:\DemoMigration\FileServer\06_Archives\2016\Dossier_Hôtel_025.xlsx,06_Archives\2016\Dossier_Hôtel_025.xlsx,06_Archives,Archives,/sites/MigrationFileServer/Archives/2016/Dossier_Hôtel_025.xlsx,Dossier_Hôtel_025.xlsx,.xlsx,4915,2016-03-06T20:42:34,2016-11-11T20:42:34,False,False,63,63,2,,5C3DD820C4AFAEDF08D06D0006C7E4512AD250B8F05A7069EFF8D8E5BF14E35F
\\DEMO-SRV01\FileServer\06_Archives\2016\Dossier_Laboratoires_003.txt,C:\DemoMigration\FileServer\06_Archives\2016\Dossier_Laboratoires_003.txt,06_Archives\2016\Dossier_Laboratoires_003.txt,06_Archives,Archives,/sites/MigrationFileServer/Archives/2016/Dossier_Laboratoires_003.txt,Dossier_Laboratoires_003.txt,.txt,31,2016-04-25T00:18:51,2016-07-31T00:18:51,False,False,69,69,2,,D7C49E38B353BCF0D103DD5DF552946AE9236A86D3F979A770D09C52F239648E
\\DEMO-SRV01\FileServer\06_Archives\2016\Dossier_Laboratoires_017.xlsx,C:\DemoMigration\FileServer\06_Archives\2016\Dossier_Laboratoires_017.xlsx,06_Archives\2016\Dossier_Laboratoires_017.xlsx,06_Archives,Archives,/sites/MigrationFileServer/Archives/2016/Dossier_Laboratoires_017.xlsx,Dossier_Laboratoires_017.xlsx,.xlsx,4915,2015-10-21T20:18:14,2016-09-01T20:18:14,False,False,70,70,2,,636B55F142314FDB645ECBCC0369761F6FAE81B5FA2D94A26D58FD7AC75E3516
\\DEMO-SRV01\FileServer\06_Archives\2016\Dossier_Laboratoires_019.pdf,C:\DemoMigration\FileServer\06_Archives\2016\Dossier_Laboratoires_019.pdf,06_Archives\2016\Dossier_Laboratoires_019.pdf,06_Archives,Archives,/sites/MigrationFileServer/Archives/2016/Dossier_Laboratoires_019.pdf,Dossier_Laboratoires_019.pdf,.pdf,1624,2016-09-05T10:56:36,2016-11-09T10:56:36,False,False,69,69,2,,74E4E2E32803DF62C5F01FCA0823E8E4A4F3AFACD327EF2DC65194AF09905337
\\DEMO-SRV01\FileServer\06_Archives\2016\Dossier_Laboratoires_022.xlsx,C:\DemoMigration\FileServer\06_Archives\2016\Dossier_Laboratoires_022.xlsx,06_Archives\2016\Dossier_Laboratoires_022.xlsx,06_Archives,Archives,/sites/MigrationFileServer/Archives/2016/Dossier_Laboratoires_022.xlsx,Dossier_Laboratoires_022.xlsx,.xlsx,4915,2016-01-04T04:06:35,2016-09-03T04:06:35,False,False,70,70,2,,C40706E89A90AC95216C62A160DB063E0DCC0A82D860F8D168617AC369E6D5BF
\\DEMO-SRV01\FileServer\06_Archives\2016\Dossier_Laboratoires_023.pdf,C:\DemoMigration\FileServer\06_Archives\2016\Dossier_Laboratoires_023.pdf,06_Archives\2016\Dossier_Laboratoires_023.pdf,06_Archives,Archives,/sites/MigrationFileServer/Archives/2016/Dossier_Laboratoires_023.pdf,Dossier_Laboratoires_023.pdf,.pdf,1625,2015-08-21T04:04:42,2016-08-12T04:04:42,False,False,69,69,2,,38FE4646EB67C16C939D95755D0E7A2BE8120C0216186716A39587308BA75FB7
\\DEMO-SRV01\FileServer\06_Archives\2016\Dossier_Menuiserie_001.docx,C:\DemoMigration\FileServer\06_Archives\2016\Dossier_Menuiserie_001.docx,06_Archives\2016\Dossier_Menuiserie_001.docx,06_Archives,Archives,/sites/MigrationFileServer/Archives/2016/Dossier_Menuiserie_001.docx,Dossier_Menuiserie_001.docx,.docx,36708,2016-02-22T09:31:09,2016-10-09T09:31:09,False,False,68,68,2,,A29C92484454329FEBF5A0E0B0076A916C6A851AC6D380838419857AE7BAA2AB
\\DEMO-SRV01\FileServer\06_Archives\2016\Dossier_Menuiserie_012.pdf,C:\DemoMigration\FileServer\06_Archives\2016\Dossier_Menuiserie_012.pdf,06_Archives\2016\Dossier_Menuiserie_012.pdf,06_Archives,Archives,/sites/MigrationFileServer/Archives/2016/Dossier_Menuiserie_012.pdf,Dossier_Menuiserie_012.pdf,.pdf,1624,2015-05-24T10:41:02,2016-03-29T10:41:02,False,False,67,67,2,,095B0B3F4EB0C92202B53B00BA5020BC928E5177778104C071940EF2F46D4D07
\\DEMO-SRV01\FileServer\06_Archives\2016\Dossier_Pharmacie_002.pdf,C:\DemoMigration\FileServer\06_Archives\2016\Dossier_Pharmacie_002.pdf,06_Archives\2016\Dossier_Pharmacie_002.pdf,06_Archives,Archives,/sites/MigrationFileServer/Archives/2016/Dossier_Pharmacie_002.pdf,Dossier_Pharmacie_002.pdf,.pdf,1624,2015-04-29T20:46:57,2016-05-23T20:46:57,False,False,66,66,2,,6125186F90296F88D741E3624ED04D4F98109BE6F29F5970D6A58470FF53B9DD
\\DEMO-SRV01\FileServer\06_Archives\2016\Dossier_Pharmacie_005.txt,C:\DemoMigration\FileServer\06_Archives\2016\Dossier_Pharmacie_005.txt,06_Archives\2016\Dossier_Pharmacie_005.txt,06_Archives,Archives,/sites/MigrationFileServer/Archives/2016/Dossier_Pharmacie_005.txt,Dossier_Pharmacie_005.txt,.txt,31,2015-10-12T23:19:36,2016-05-05T23:19:36,False,False,66,66,2,,555CE43098C5826CA62C2434169EEC6C30E6E2DCA71688018CA4B19D09A5302C
\\DEMO-SRV01\FileServer\06_Archives\2016\Dossier_Pharmacie_006.txt,C:\DemoMigration\FileServer\06_Archives\2016\Dossier_Pharmacie_006.txt,06_Archives\2016\Dossier_Pharmacie_006.txt,06_Archives,Archives,/sites/MigrationFileServer/Archives/2016/Dossier_Pharmacie_006.txt,Dossier_Pharmacie_006.txt,.txt,31,2015-06-13T14:35:22,2016-06-24T14:35:22,False,False,66,66,2,,3F0A9471E6EC29804D2103DF84671BD8E4491E4153901A4990BE39322586BE66
\\DEMO-SRV01\FileServer\06_Archives\2016\Dossier_Pharmacie_015.pdf,C:\DemoMigration\FileServer\06_Archives\2016\Dossier_Pharmacie_015.pdf,06_Archives\2016\Dossier_Pharmacie_015.pdf,06_Archives,Archives,/sites/MigrationFileServer/Archives/2016/Dossier_Pharmacie_015.pdf,Dossier_Pharmacie_015.pdf,.pdf,1624,2016-04-26T01:16:16,2016-08-24T01:16:16,False,False,66,66,2,,47B9FDD69E80C6B6A841E101051DC2C9338316DE5BC0F8CD18998DC3F66117D0
\\DEMO-SRV01\FileServer\06_Archives\2016\Dossier_Pharmacie_020.pdf,C:\DemoMigration\FileServer\06_Archives\2016\Dossier_Pharmacie_020.pdf,06_Archives\2016\Dossier_Pharmacie_020.pdf,06_Archives,Archives,/sites/MigrationFileServer/Archives/2016/Dossier_Pharmacie_020.pdf,Dossier_Pharmacie_020.pdf,.pdf,1623,2015-07-20T12:22:03,2016-01-25T12:22:03,False,False,66,66,2,,D5591541D7F4C339D530587ABE277E573F03551C8E020B607A998D673E8E41F1
\\DEMO-SRV01\FileServer\06_Archives\2016\Dossier_Pharmacie_028.txt,C:\DemoMigration\FileServer\06_Archives\2016\Dossier_Pharmacie_028.txt,06_Archives\2016\Dossier_Pharmacie_028.txt,06_Archives,Archives,/sites/MigrationFileServer/Archives/2016/Dossier_Pharmacie_028.txt,Dossier_Pharmacie_028.txt,.txt,31,2015-08-16T00:38:13,2016-08-22T00:38:13,False,False,66,66,2,,0CD3100E01F4970A30030D658A6B57563AF6841A1580BF38E7634B8DE819FDFC
\\DEMO-SRV01\FileServer\06_Archives\2016\Dossier_Transports_000.docx,C:\DemoMigration\FileServer\06_Archives\2016\Dossier_Transports_000.docx,06_Archives\2016\Dossier_Transports_000.docx,06_Archives,Archives,/sites/MigrationFileServer/Archives/2016/Dossier_Transports_000.docx,Dossier_Transports_000.docx,.docx,36708,2015-10-31T15:41:05,2016-05-03T15:41:05,False,False,68,68,2,,D2E5E69CDA02403E0CF1B0805F53696DE347F3423EBA1A1B5C32EAA95F2F991F
\\DEMO-SRV01\FileServer\06_Archives\2016\Dossier_Transports_018.txt,C:\DemoMigration\FileServer\06_Archives\2016\Dossier_Transports_018.txt,06_Archives\2016\Dossier_Transports_018.txt,06_Archives,Archives,/sites/MigrationFileServer/Archives/2016/Dossier_Transports_018.txt,Dossier_Transports_018.txt,.txt,31,2016-03-29T16:09:51,2016-08-20T16:09:51,False,False,67,67,2,,9F23554AB6B2AA94C963C0E6872EF7089BA1763D6C64239C309D8EF627BD8354
\\DEMO-SRV01\FileServer\06_Archives\2017\Dossier_Boulangeries_006.pdf,C:\DemoMigration\FileServer\06_Archives\2017\Dossier_Boulangeries_006.pdf,06_Archives\2017\Dossier_Boulangeries_006.pdf,06_Archives,Archives,/sites/MigrationFileServer/Archives/2017/Dossier_Boulangeries_006.pdf,Dossier_Boulangeries_006.pdf,.pdf,1625,2017-01-18T15:18:32,2017-10-13T15:18:32,False,False,69,69,2,,7EDAE3CDEC5B04BE93104586A6C95D83F18F4D01E3B00D8913B2B48B343822F3
\\DEMO-SRV01\FileServer\06_Archives\2017\Dossier_Boulangeries_009.docx,C:\DemoMigration\FileServer\06_Archives\2017\Dossier_Boulangeries_009.docx,06_Archives\2017\Dossier_Boulangeries_009.docx,06_Archives,Archives,/sites/MigrationFileServer/Archives/2017/Dossier_Boulangeries_009.docx,Dossier_Boulangeries_009.docx,.docx,36707,2017-02-08T01:40:41,2017-09-11T01:40:41,False,False,70,70,2,,652906FC6F431BA72E51BB7D75CF3B763535E33C736AE459CD6B42EE90F843BB
\\DEMO-SRV01\FileServer\06_Archives\2017\Dossier_Boulangeries_014.pdf,C:\DemoMigration\FileServer\06_Archives\2017\Dossier_Boulangeries_014.pdf,06_Archives\2017\Dossier_Boulangeries_014.pdf,06_Archives,Archives,/sites/MigrationFileServer/Archives/2017/Dossier_Boulangeries_014.pdf,Dossier_Boulangeries_014.pdf,.pdf,1624,2016-09-04T02:58:15,2017-02-18T02:58:15,False,False,69,69,2,,E89B00184E3FF82E28B5B11205DA820C4A59D578D13855DAB67E7347C02E0340
\\DEMO-SRV01\FileServer\06_Archives\2017\Dossier_Boulangeries_016.txt,C:\DemoMigration\FileServer\06_Archives\2017\Dossier_Boulangeries_016.txt,06_Archives\2017\Dossier_Boulangeries_016.txt,06_Archives,Archives,/sites/MigrationFileServer/Archives/2017/Dossier_Boulangeries_016.txt,Dossier_Boulangeries_016.txt,.txt,31,2017-03-21T05:40:58,2017-09-02T05:40:58,False,False,69,69,2,,DC2B7FCC53952CF596BD8E04339905606191A7C64FAC88D5491A31F01D5E60A0
\\DEMO-SRV01\FileServer\06_Archives\2017\Dossier_Boulangeries_019.docx,C:\DemoMigration\FileServer\06_Archives\2017\Dossier_Boulangeries_019.docx,06_Archives\2017\Dossier_Boulangeries_019.docx,06_Archives,Archives,/sites/MigrationFileServer/Archives/2017/Dossier_Boulangeries_019.docx,Dossier_Boulangeries_019.docx,.docx,36709,2017-08-02T16:46:00,2017-10-08T16:46:00,False,False,70,70,2,,6B13A991BCC87521FEAC28903BE9B6326727F2F3EFD2F92072B298AD39984AA2
\\DEMO-SRV01\FileServer\06_Archives\2017\Dossier_Cabinet_011.txt,C:\DemoMigration\FileServer\06_Archives\2017\Dossier_Cabinet_011.txt,06_Archives\2017\Dossier_Cabinet_011.txt,06_Archives,Archives,/sites/MigrationFileServer/Archives/2017/Dossier_Cabinet_011.txt,Dossier_Cabinet_011.txt,.txt,31,2016-12-20T15:26:20,2017-08-04T15:26:20,False,False,64,64,2,,9E5D6AB90C0DD60EAFE82EE7358A873A87EFAD459F5429C7FC59916CC546214B
\\DEMO-SRV01\FileServer\06_Archives\2017\Dossier_Clinique_001.pdf,C:\DemoMigration\FileServer\06_Archives\2017\Dossier_Clinique_001.pdf,06_Archives\2017\Dossier_Clinique_001.pdf,06_Archives,Archives,/sites/MigrationFileServer/Archives/2017/Dossier_Clinique_001.pdf,Dossier_Clinique_001.pdf,.pdf,1624,2017-04-22T06:41:53,2017-05-22T06:41:53,False,False,65,65,2,,02FDB8364792931872D29BAF86CD831C668EB622218B4C0BEAF63BDDBDA3A7B5
\\DEMO-SRV01\FileServer\06_Archives\2017\Dossier_Clinique_017.txt,C:\DemoMigration\FileServer\06_Archives\2017\Dossier_Clinique_017.txt,06_Archives\2017\Dossier_Clinique_017.txt,06_Archives,Archives,/sites/MigrationFileServer/Archives/2017/Dossier_Clinique_017.txt,Dossier_Clinique_017.txt,.txt,31,2016-04-13T20:13:48,2017-05-07T20:13:48,False,False,65,65,2,,96D9BC39B4EA0087431080B5961B050B03D1D920659C240C9989D7E9666D4C91
\\DEMO-SRV01\FileServer\06_Archives\2017\Dossier_Clinique_021.docx,C:\DemoMigration\FileServer\06_Archives\2017\Dossier_Clinique_021.docx,06_Archives\2017\Dossier_Clinique_021.docx,06_Archives,Archives,/sites/MigrationFileServer/Archives/2017/Dossier_Clinique_021.docx,Dossier_Clinique_021.docx,.docx,36708,2016-09-14T05:35:58,2017-10-05T05:35:58,False,False,66,66,2,,495F5AED3B5ADAE6FA31E88A4A264CE7D0CF68FDF1FFBAEAFE696F669E4A6F16
\\DEMO-SRV01\FileServer\06_Archives\2017\Dossier_Hôtel_002.txt,C:\DemoMigration\FileServer\06_Archives\2017\Dossier_Hôtel_002.txt,06_Archives\2017\Dossier_Hôtel_002.txt,06_Archives,Archives,/sites/MigrationFileServer/Archives/2017/Dossier_Hôtel_002.txt,Dossier_Hôtel_002.txt,.txt,31,2016-10-12T17:37:02,2017-03-28T17:37:02,False,False,62,62,2,,066233E3C46D715C1002FBF09C48F6B50050BB0F861C3A2EA991CBAE775CC798
\\DEMO-SRV01\FileServer\06_Archives\2017\Dossier_Hôtel_005.xlsx,C:\DemoMigration\FileServer\06_Archives\2017\Dossier_Hôtel_005.xlsx,06_Archives\2017\Dossier_Hôtel_005.xlsx,06_Archives,Archives,/sites/MigrationFileServer/Archives/2017/Dossier_Hôtel_005.xlsx,Dossier_Hôtel_005.xlsx,.xlsx,4916,2017-10-25T17:35:36,2017-12-25T17:35:36,False,False,63,63,2,,8FD5EDD9D0E3517E6567895FEF34D552C3DB6A332DD9051551333EA426A951D2
\\DEMO-SRV01\FileServer\06_Archives\2017\Dossier_Hôtel_007.pdf,C:\DemoMigration\FileServer\06_Archives\2017\Dossier_Hôtel_007.pdf,06_Archives\2017\Dossier_Hôtel_007.pdf,06_Archives,Archives,/sites/MigrationFileServer/Archives/2017/Dossier_Hôtel_007.pdf,Dossier_Hôtel_007.pdf,.pdf,1624,2016-11-11T01:56:41,2017-11-04T01:56:41,False,False,62,62,2,,A5232BB293259347B453EDB78EAB0E5B99B140CF0EC76BF14EA79CB98ABE62C4
\\DEMO-SRV01\FileServer\06_Archives\2017\Dossier_Laboratoires_010.docx,C:\DemoMigration\FileServer\06_Archives\2017\Dossier_Laboratoires_010.docx,06_Archives\2017\Dossier_Laboratoires_010.docx,06_Archives,Archives,/sites/MigrationFileServer/Archives/2017/Dossier_Laboratoires_010.docx,Dossier_Laboratoires_010.docx,.docx,36707,2017-04-16T13:33:00,2017-06-30T13:33:00,False,False,70,70,2,,7CAE0E5A157BFF26F9F7E2964AFA2E5AD5BEDD37CC8566C8975A2B82429887C6
\\DEMO-SRV01\FileServer\06_Archives\2017\Dossier_Laboratoires_015.txt,C:\DemoMigration\FileServer\06_Archives\2017\Dossier_Laboratoires_015.txt,06_Archives\2017\Dossier_Laboratoires_015.txt,06_Archives,Archives,/sites/MigrationFileServer/Archives/2017/Dossier_Laboratoires_015.txt,Dossier_Laboratoires_015.txt,.txt,31,2016-02-23T01:13:56,2017-02-25T01:13:56,False,False,69,69,2,,1DFFA395D7ED970D9276C72F819DF2200BB1434BEF4BB531610AEAD34F299D38
\\DEMO-SRV01\FileServer\06_Archives\2017\Dossier_Laboratoires_022.pdf,C:\DemoMigration\FileServer\06_Archives\2017\Dossier_Laboratoires_022.pdf,06_Archives\2017\Dossier_Laboratoires_022.pdf,06_Archives,Archives,/sites/MigrationFileServer/Archives/2017/Dossier_Laboratoires_022.pdf,Dossier_Laboratoires_022.pdf,.pdf,1624,2016-11-18T07:51:41,2017-05-12T07:51:41,False,False,69,69,2,,6694A5660F3E79A8EE5C0F0C4A986BE1012887A57CB3F1D42A7F6AFA797F628B
\\DEMO-SRV01\FileServer\06_Archives\2017\Dossier_Menuiserie_008.docx,C:\DemoMigration\FileServer\06_Archives\2017\Dossier_Menuiserie_008.docx,06_Archives\2017\Dossier_Menuiserie_008.docx,06_Archives,Archives,/sites/MigrationFileServer/Archives/2017/Dossier_Menuiserie_008.docx,Dossier_Menuiserie_008.docx,.docx,36708,2016-11-12T08:35:00,2017-04-12T08:35:00,False,False,68,68,2,,B26DFDCC785EC13517DA768B6104892CFFBE527033123C7F917D89B1960DD8BC
\\DEMO-SRV01\FileServer\06_Archives\2017\Dossier_Menuiserie_018.docx,C:\DemoMigration\FileServer\06_Archives\2017\Dossier_Menuiserie_018.docx,06_Archives\2017\Dossier_Menuiserie_018.docx,06_Archives,Archives,/sites/MigrationFileServer/Archives/2017/Dossier_Menuiserie_018.docx,Dossier_Menuiserie_018.docx,.docx,36708,2016-07-19T20:01:51,2017-05-06T20:01:51,False,False,68,68,2,,40C7751676CF48DCDCB80BCD044AC1C67FA2725CCE2567AB090684856299BB60
\\DEMO-SRV01\FileServer\06_Archives\2017\Dossier_Pharmacie_000.docx,C:\DemoMigration\FileServer\06_Archives\2017\Dossier_Pharmacie_000.docx,06_Archives\2017\Dossier_Pharmacie_000.docx,06_Archives,Archives,/sites/MigrationFileServer/Archives/2017/Dossier_Pharmacie_000.docx,Dossier_Pharmacie_000.docx,.docx,36708,2016-05-03T07:06:57,2017-06-01T07:06:57,False,False,67,67,2,,DF217CDD96CC74E22E64D93DCE6A561DEFACCC47891600D5600AEAED8D0C55BE
\\DEMO-SRV01\FileServer\06_Archives\2017\Dossier_Pharmacie_003.pdf,C:\DemoMigration\FileServer\06_Archives\2017\Dossier_Pharmacie_003.pdf,06_Archives\2017\Dossier_Pharmacie_003.pdf,06_Archives,Archives,/sites/MigrationFileServer/Archives/2017/Dossier_Pharmacie_003.pdf,Dossier_Pharmacie_003.pdf,.pdf,1624,2017-03-21T05:04:53,2017-08-07T05:04:53,False,False,66,66,2,,DBF418B2EB62E88FB644F48C23C6FF6EA9296FD914AEF5EB14337CD2F945426D
\\DEMO-SRV01\FileServer\06_Archives\2017\Dossier_Pharmacie_004.pdf,C:\DemoMigration\FileServer\06_Archives\2017\Dossier_Pharmacie_004.pdf,06_Archives\2017\Dossier_Pharmacie_004.pdf,06_Archives,Archives,/sites/MigrationFileServer/Archives/2017/Dossier_Pharmacie_004.pdf,Dossier_Pharmacie_004.pdf,.pdf,1624,2016-08-02T00:15:38,2017-05-03T00:15:38,False,False,66,66,2,,9EF1394E3CAF8AF756F4084C019A2D244501625790C4807723D8F40737416312
\\DEMO-SRV01\FileServer\06_Archives\2017\Dossier_Pharmacie_013.xlsx,C:\DemoMigration\FileServer\06_Archives\2017\Dossier_Pharmacie_013.xlsx,06_Archives\2017\Dossier_Pharmacie_013.xlsx,06_Archives,Archives,/sites/MigrationFileServer/Archives/2017/Dossier_Pharmacie_013.xlsx,Dossier_Pharmacie_013.xlsx,.xlsx,4916,2017-02-15T14:10:53,2017-04-21T14:10:53,False,False,67,67,2,,C2BFAC66BE6F47EF4156B806F4F551A312FCEC5A53C00B3C4176377CD301DA42
\\DEMO-SRV01\FileServer\06_Archives\2017\Dossier_Transports_012.pdf,C:\DemoMigration\FileServer\06_Archives\2017\Dossier_Transports_012.pdf,06_Archives\2017\Dossier_Transports_012.pdf,06_Archives,Archives,/sites/MigrationFileServer/Archives/2017/Dossier_Transports_012.pdf,Dossier_Transports_012.pdf,.pdf,1624,2017-08-11T20:34:07,2017-12-30T20:34:07,False,False,67,67,2,,468C1D708555373B6E01E5CCE8FB58E3FEFC8DA84A9FD24F7EEBB69CB01DD27E
\\DEMO-SRV01\FileServer\06_Archives\2017\Dossier_Transports_020.txt,C:\DemoMigration\FileServer\06_Archives\2017\Dossier_Transports_020.txt,06_Archives\2017\Dossier_Transports_020.txt,06_Archives,Archives,/sites/MigrationFileServer/Archives/2017/Dossier_Transports_020.txt,Dossier_Transports_020.txt,.txt,31,2017-10-10T23:47:18,2017-12-26T23:47:18,False,False,67,67,2,,B840FE96CAA1C84DE3F4BDC2193C81C4CD980B0EE10D9C8D3B4950C41AFF538A
\\DEMO-SRV01\FileServer\06_Archives\2018\01_Projet_Refonte_Systeme_Information_Phase_2_Documentation_Technique_Detaillee_Version_Finale\02_Projet_Refonte_Systeme_Information_Phase_2_Documentation_Technique_Detaillee_Version_Finale\03_Projet_Refonte_Systeme_Information_Phase_2_Documentation_Technique_Detaillee_Version_Finale\04_Projet_Refonte_Systeme_Information_Phase_2_Documentation_Technique_Detaillee_Version_Finale\05_Projet_Refonte_Systeme_Information_Phase_2_Documentation_Technique_Detaillee_Version_Finale\Specification_fonctionnelle_detaillee_module_facturation.txt,C:\DemoMigration\FileServer\06_Archives\2018\01_Projet_Refonte_Systeme_Information_Phase_2_Documentation_Technique_Detaillee_Version_Finale\02_Projet_Refonte_Systeme_Information_Phase_2_Documentation_Technique_Detaillee_Version_Finale\03_Projet_Refonte_Systeme_Information_Phase_2_Documentation_Technique_Detaillee_Version_Finale\04_Projet_Refonte_Systeme_Information_Phase_2_Documentation_Technique_Detaillee_Version_Finale\05_Projet_Refonte_Systeme_Information_Phase_2_Documentation_Technique_Detaillee_Version_Finale\Specification_fonctionnelle_detaillee_module_facturation.txt,06_Archives\2018\01_Projet_Refonte_Systeme_Information_Phase_2_Documentation_Technique_Detaillee_Version_Finale\02_Projet_Refonte_Systeme_Information_Phase_2_Documentation_Technique_Detaillee_Version_Finale\03_Projet_Refonte_Systeme_Information_Phase_2_Documentation_Technique_Detaillee_Version_Finale\04_Projet_Refonte_Systeme_Information_Phase_2_Documentation_Technique_Detaillee_Version_Finale\05_Projet_Refonte_Systeme_Information_Phase_2_Documentation_Technique_Detaillee_Version_Finale\Specification_fonctionnelle_detaillee_module_facturation.txt,06_Archives,Archives,/sites/MigrationFileServer/Archives/2018/01_Projet_Refonte_Systeme_Information_Phase_2_Documentation_Technique_Detaillee_Version_Finale/02_Projet_Refonte_Systeme_Information_Phase_2_Documentation_Technique_Detaillee_Version_Finale/03_Projet_Refonte_Systeme_Information_Phase_2_Documentation_Technique_Detaillee_Version_Finale/04_Projet_Refonte_Systeme_Information_Phase_2_Documentation_Technique_Detaillee_Version_Finale/05_Projet_Refonte_Systeme_Information_Phase_2_Documentation_Technique_Detaillee_Version_Finale/Specification_fonctionnelle_detaillee_module_facturation.txt,Specification_fonctionnelle_detaillee_module_facturation.txt,.txt,50,2026-09-16T09:12:00,2026-09-16T09:12:00,False,False,576,576,7,Chemin > 400 caractères,7AB3EB33D3BCD9432B02C7036394FC1BE6A1168615CA9D840B29525C8259BE53
\\DEMO-SRV01\FileServer\06_Archives\2018\Dossier_Boulangeries_004.docx,C:\DemoMigration\FileServer\06_Archives\2018\Dossier_Boulangeries_004.docx,06_Archives\2018\Dossier_Boulangeries_004.docx,06_Archives,Archives,/sites/MigrationFileServer/Archives/2018/Dossier_Boulangeries_004.docx,Dossier_Boulangeries_004.docx,.docx,36708,2018-05-15T16:17:10,2018-09-07T16:17:10,False,False,70,70,2,,E7E50BD60FDC369580066F9E340921CBC30578E897499D60D7355B333F2F997F
\\DEMO-SRV01\FileServer\06_Archives\2018\Dossier_Boulangeries_005.txt,C:\DemoMigration\FileServer\06_Archives\2018\Dossier_Boulangeries_005.txt,06_Archives\2018\Dossier_Boulangeries_005.txt,06_Archives,Archives,/sites/MigrationFileServer/Archives/2018/Dossier_Boulangeries_005.txt,Dossier_Boulangeries_005.txt,.txt,31,2017-09-20T09:06:27,2018-01-17T09:06:27,False,False,69,69,2,,FCA1AB5CA6D6B702A9349EB7260053F6CCBA72B77C4D3B26B41ABDB9CFBC505E
\\DEMO-SRV01\FileServer\06_Archives\2018\Dossier_Boulangeries_007.txt,C:\DemoMigration\FileServer\06_Archives\2018\Dossier_Boulangeries_007.txt,06_Archives\2018\Dossier_Boulangeries_007.txt,06_Archives,Archives,/sites/MigrationFileServer/Archives/2018/Dossier_Boulangeries_007.txt,Dossier_Boulangeries_007.txt,.txt,31,2017-11-08T03:50:46,2018-07-18T03:50:46,False,False,69,69,2,,6DA2999E5097686947F5FBE7A3A28D8637294E6D9B896C03969D77DCC03F4E00
\\DEMO-SRV01\FileServer\06_Archives\2018\Dossier_Cabinet_000.txt,C:\DemoMigration\FileServer\06_Archives\2018\Dossier_Cabinet_000.txt,06_Archives\2018\Dossier_Cabinet_000.txt,06_Archives,Archives,/sites/MigrationFileServer/Archives/2018/Dossier_Cabinet_000.txt,Dossier_Cabinet_000.txt,.txt,31,2017-12-30T16:48:22,2018-07-31T16:48:22,False,False,64,64,2,,417A04B276F44A2A17AC1D5D8CE07655420E8A91EABA069BDA33AF5BE4C8C91D
\\DEMO-SRV01\FileServer\06_Archives\2018\Dossier_Cabinet_008.docx,C:\DemoMigration\FileServer\06_Archives\2018\Dossier_Cabinet_008.docx,06_Archives\2018\Dossier_Cabinet_008.docx,06_Archives,Archives,/sites/MigrationFileServer/Archives/2018/Dossier_Cabinet_008.docx,Dossier_Cabinet_008.docx,.docx,36708,2018-04-22T14:39:40,2018-08-02T14:39:40,False,False,65,65,2,,EA5823DEADB1F0C01F92D5631591D61307076E1506AFB5A4A3DE3F66261BB0B4
\\DEMO-SRV01\FileServer\06_Archives\2018\Dossier_Cabinet_011.xlsx,C:\DemoMigration\FileServer\06_Archives\2018\Dossier_Cabinet_011.xlsx,06_Archives\2018\Dossier_Cabinet_011.xlsx,06_Archives,Archives,/sites/MigrationFileServer/Archives/2018/Dossier_Cabinet_011.xlsx,Dossier_Cabinet_011.xlsx,.xlsx,4916,2018-03-21T15:14:16,2018-03-24T15:14:16,False,False,65,65,2,,CC5871709715CA8899C73AD678386994800EFC1154C65D22E0B8C8F190696A72
\\DEMO-SRV01\FileServer\06_Archives\2018\Dossier_Clinique_001.txt,C:\DemoMigration\FileServer\06_Archives\2018\Dossier_Clinique_001.txt,06_Archives\2018\Dossier_Clinique_001.txt,06_Archives,Archives,/sites/MigrationFileServer/Archives/2018/Dossier_Clinique_001.txt,Dossier_Clinique_001.txt,.txt,31,2018-04-17T20:38:20,2018-08-01T20:38:20,False,False,65,65,2,,7C9876862BDF19D6CB6DFDB746E05232275CBAB40BEED316190092261434DC9E
\\DEMO-SRV01\FileServer\06_Archives\2018\Dossier_Clinique_002.txt,C:\DemoMigration\FileServer\06_Archives\2018\Dossier_Clinique_002.txt,06_Archives\2018\Dossier_Clinique_002.txt,06_Archives,Archives,/sites/MigrationFileServer/Archives/2018/Dossier_Clinique_002.txt,Dossier_Clinique_002.txt,.txt,31,2017-10-04T18:11:59,2018-02-14T18:11:59,False,False,65,65,2,,E955CE733704216BBF4F4EB68FA0B3707B098E9D0D0C94FCA588BC32C6F2F14D
\\DEMO-SRV01\FileServer\06_Archives\2018\Dossier_Clinique_006.xlsx,C:\DemoMigration\FileServer\06_Archives\2018\Dossier_Clinique_006.xlsx,06_Archives\2018\Dossier_Clinique_006.xlsx,06_Archives,Archives,/sites/MigrationFileServer/Archives/2018/Dossier_Clinique_006.xlsx,Dossier_Clinique_006.xlsx,.xlsx,4915,2017-12-28T09:46:47,2018-07-14T09:46:47,False,False,66,66,2,,F5F0D4C6ADEEC56D957651FFEA8DA08A85DA331DFD41FE622B404C319BC5C073
\\DEMO-SRV01\FileServer\06_Archives\2018\Dossier_Hôtel_003.xlsx,C:\DemoMigration\FileServer\06_Archives\2018\Dossier_Hôtel_003.xlsx,06_Archives\2018\Dossier_Hôtel_003.xlsx,06_Archives,Archives,/sites/MigrationFileServer/Archives/2018/Dossier_Hôtel_003.xlsx,Dossier_Hôtel_003.xlsx,.xlsx,4916,2017-04-12T22:45:01,2018-01-22T22:45:01,False,False,63,63,2,,4296B7476FEF63C7A22E4AB1AEB32AF072F4F445D1E3677C754CEFE1CCB689CE
\\DEMO-SRV01\FileServer\06_Archives\2018\Dossier_Hôtel_009.docx,C:\DemoMigration\FileServer\06_Archives\2018\Dossier_Hôtel_009.docx,06_Archives\2018\Dossier_Hôtel_009.docx,06_Archives,Archives,/sites/MigrationFileServer/Archives/2018/Dossier_Hôtel_009.docx,Dossier_Hôtel_009.docx,.docx,36709,2018-03-28T03:09:03,2018-03-31T03:09:03,False,False,63,63,2,,B3BE694A50BAE5E242A19213D3EB70E1660A093B6F3D133476081A25E0C6A5B9
\\DEMO-SRV01\FileServer\06_Archives\2018\Dossier_Hôtel_013.xlsx,C:\DemoMigration\FileServer\06_Archives\2018\Dossier_Hôtel_013.xlsx,06_Archives\2018\Dossier_Hôtel_013.xlsx,06_Archives,Archives,/sites/MigrationFileServer/Archives/2018/Dossier_Hôtel_013.xlsx,Dossier_Hôtel_013.xlsx,.xlsx,4915,2018-05-02T21:23:15,2018-10-20T21:23:15,False,False,63,63,2,,8EF564AA99AB2127F91BE339295E462848F12274417237DBE2FD4B1A2F850B19
\\DEMO-SRV01\FileServer\06_Archives\2018\Dossier_Hôtel_016.txt,C:\DemoMigration\FileServer\06_Archives\2018\Dossier_Hôtel_016.txt,06_Archives\2018\Dossier_Hôtel_016.txt,06_Archives,Archives,/sites/MigrationFileServer/Archives/2018/Dossier_Hôtel_016.txt,Dossier_Hôtel_016.txt,.txt,31,2017-08-27T18:45:34,2018-03-13T18:45:34,False,False,62,62,2,,878C1D423DB2FCB3795F8728E107EC03C7ABF69306705964ED7C1FB0659FFAAD
\\DEMO-SRV01\FileServer\06_Archives\2018\Dossier_Laboratoires_014.xlsx,C:\DemoMigration\FileServer\06_Archives\2018\Dossier_Laboratoires_014.xlsx,06_Archives\2018\Dossier_Laboratoires_014.xlsx,06_Archives,Archives,/sites/MigrationFileServer/Archives/2018/Dossier_Laboratoires_014.xlsx,Dossier_Laboratoires_014.xlsx,.xlsx,4915,2018-10-15T17:17:48,2018-12-15T17:17:48,False,False,70,70,2,,A9249074885C8B27ACD9B4E2A8D9C1711ED4756DE2259F4CD1938EAD3F845AE6
\\DEMO-SRV01\FileServer\06_Archives\2018\Dossier_Menuiserie_012.pdf,C:\DemoMigration\FileServer\06_Archives\2018\Dossier_Menuiserie_012.pdf,06_Archives\2018\Dossier_Menuiserie_012.pdf,06_Archives,Archives,/sites/MigrationFileServer/Archives/2018/Dossier_Menuiserie_012.pdf,Dossier_Menuiserie_012.pdf,.pdf,1625,2018-01-19T00:44:39,2018-08-05T00:44:39,False,False,67,67,2,,3C05E0BC3519893A63CD222369941887DF73DEC9F3D14A2CD3C8C1C6A35F1901
\\DEMO-SRV01\FileServer\06_Archives\2018\Dossier_Pharmacie_015.pdf,C:\DemoMigration\FileServer\06_Archives\2018\Dossier_Pharmacie_015.pdf,06_Archives\2018\Dossier_Pharmacie_015.pdf,06_Archives,Archives,/sites/MigrationFileServer/Archives/2018/Dossier_Pharmacie_015.pdf,Dossier_Pharmacie_015.pdf,.pdf,1624,2017-02-13T04:35:54,2018-01-12T04:35:54,False,False,66,66,2,,7690042D8C84FC3432F89537FFF25916BEE41909F36EACADCDA1865840528A78
\\DEMO-SRV01\FileServer\06_Archives\2018\Dossier_Transports_010.pdf,C:\DemoMigration\FileServer\06_Archives\2018\Dossier_Transports_010.pdf,06_Archives\2018\Dossier_Transports_010.pdf,06_Archives,Archives,/sites/MigrationFileServer/Archives/2018/Dossier_Transports_010.pdf,Dossier_Transports_010.pdf,.pdf,1625,2017-11-27T20:44:54,2018-08-14T20:44:54,False,False,67,67,2,,2BB6708D5A59D43377A6AE14DC355D5C02E7B055A83C6878C24229E849C92E7E
\\DEMO-SRV01\FileServer\06_Archives\Archive_messagerie_direction.pst,C:\DemoMigration\FileServer\06_Archives\Archive_messagerie_direction.pst,06_Archives\Archive_messagerie_direction.pst,06_Archives,Archives,/sites/MigrationFileServer/Archives/Archive_messagerie_direction.pst,Archive_messagerie_direction.pst,.pst,8388608,2017-02-09T00:00:00,2017-02-09T00:00:00,False,False,68,68,1,Extension exclue,022EC5A37F1A350D81B978651AADB4EB1DF3E93481685B966DBCD9B90AD44CC1
\\DEMO-SRV01\FileServer\06_Archives\Sauvegarde_serveur_2016.bak,C:\DemoMigration\FileServer\06_Archives\Sauvegarde_serveur_2016.bak,06_Archives\Sauvegarde_serveur_2016.bak,06_Archives,Archives,/sites/MigrationFileServer/Archives/Sauvegarde_serveur_2016.bak,Sauvegarde_serveur_2016.bak,.bak,12582912,2016-11-04T00:00:00,2016-11-04T00:00:00,False,False,63,63,1,Extension exclue,DB6FD2D7F349E407C63BFD2F8532706411F710E787C698B1E8D75AAE714209FB
