Bibliotheque,CheminRelatif,CheminCible,Nom,Extension,TailleOctets,DateCreationSP,DateModificationSP,DateModificationFichier,CreePar,ModifiePar,WebUrl,IdElement
Clients,CL1000_Boulangeries_Ravel/01_Contrats/Contrat_cadre_CL1000_2022.docx,/sites/MigrationFileServer/Clients/CL1000_Boulangeries_Ravel/01_Contrats/Contrat_cadre_CL1000_2022.docx,Contrat_cadre_CL1000_2022.docx,.docx,36784,2026-09-16T10:42:21,2022-02-13T05:40:50,2022-02-13T05:40:50,MOD Administrator,MOD Administrator,https://m365x71797824.sharepoint.com/sites/MigrationFileServer/Clients/CL1000_Boulangeries_Ravel/01_Contrats/Contrat_cadre_CL1000_2022.docx,01302C5D57014AF67D22FC8104B81152
Clients,CL1000_Boulangeries_Ravel/01_Contrats/Contrat_cadre_CL1000_2022_signe.pdf,/sites/MigrationFileServer/Clients/CL1000_Boulangeries_Ravel/01_Contrats/Contrat_cadre_CL1000_2022_signe.pdf,Contrat_cadre_CL1000_2022_signe.pdf,.pdf,1660,2026-09-16T10:23:34,2022-04-06T02:33:27,2022-04-06T02:33:27,MOD Administrator,MOD Administrator,https://m365x71797824.sharepoint.com/sites/MigrationFileServer/Clients/CL1000_Boulangeries_Ravel/01_Contrats/Contrat_cadre_CL1000_2022_signe.pdf,01A3CFFA6A03D77F2AE01CF99BA479EF
Clients,CL1000_Boulangeries_Ravel/02_Devis/Devis_CL1000_2023-02.docx,/sites/MigrationFileServer/Clients/CL1000_Boulangeries_Ravel/02_Devis/Devis_CL1000_2023-02.docx,Devis_CL1000_2023-02.docx,.docx,36749,2026-09-16T10:26:59,2023-08-06T23:10:59,2023-08-06T23:10:59,MOD Administrator,MOD Administrator,https://m365x71797824.sharepoint.com/sites/MigrationFileServer/Clients/CL1000_Boulangeries_Ravel/02_Devis/Devis_CL1000_2023-02.docx,0153A5E5895250F5953654771B070F10
Clients,CL1000_Boulangeries_Ravel/02_Devis/Devis_CL1000_2026-01.docx,/sites/MigrationFileServer/Clients/CL1000_Boulangeries_Ravel/02_Devis/Devis_CL1000_2026-01.docx,Devis_CL1000_2026-01.docx,.docx,36746,2026-09-16T10:53:01,2026-01-13T08:14:09,2026-01-13T08:14:09,MOD Administrator,MOD Administrator,https://m365x71797824.sharepoint.com/sites/MigrationFileServer/Clients/CL1000_Boulangeries_Ravel/02_Devis/Devis_CL1000_2026-01.docx,019C1AFB6E67C2E91C7C7FBD93A6207B
Clients,CL1000_Boulangeries_Ravel/03_Factures/2024/Facture_CL1000_202402.pdf,/sites/MigrationFileServer/Clients/CL1000_Boulangeries_Ravel/03_Factures/2024/Facture_CL1000_202402.pdf,Facture_CL1000_202402.pdf,.pdf,1705,2026-09-16T10:49:51,2024-02-09T10:00:00,2024-02-09T10:00:00,MOD Administrator,MOD Administrator,https://m365x71797824.sharepoint.com/sites/MigrationFileServer/Clients/CL1000_Boulangeries_Ravel/03_Factures/2024/Facture_CL1000_202402.pdf,01DD018CE50EB4EA732CAC5901567869
Clients,CL1000_Boulangeries_Ravel/03_Factures/2024/Facture_CL1000_202404.pdf,/sites/MigrationFileServer/Clients/CL1000_Boulangeries_Ravel/03_Factures/2024/Facture_CL1000_202404.pdf,Facture_CL1000_202404.pdf,.pdf,1703,2026-09-16T10:32:50,2024-04-09T10:00:00,2024-04-09T10:00:00,MOD Administrator,MOD Administrator,https://m365x71797824.sharepoint.com/sites/MigrationFileServer/Clients/CL1000_Boulangeries_Ravel/03_Factures/2024/Facture_CL1000_202404.pdf,019CDFEDDDA055EEFC16529C730BA38A
Clients,CL1000_Boulangeries_Ravel/03_Factures/2024/Facture_CL1000_202405.pdf,/sites/MigrationFileServer/Clients/CL1000_Boulangeries_Ravel/03_Factures/2024/Facture_CL1000_202405.pdf,Facture_CL1000_202405.pdf,.pdf,1705,2026-09-16T10:27:49,2024-05-04T10:00:00,2024-05-04T10:00:00,MOD Administrator,MOD Administrator,https://m365x71797824.sharepoint.com/sites/MigrationFileServer/Clients/CL1000_Boulangeries_Ravel/03_Factures/2024/Facture_CL1000_202405.pdf,016649647B990C7E54FCE218457E8E5F
Clients,CL1000_Boulangeries_Ravel/03_Factures/2024/Facture_CL1000_202409.pdf,/sites/MigrationFileServer/Clients/CL1000_Boulangeries_Ravel/03_Factures/2024/Facture_CL1000_202409.pdf,Facture_CL1000_202409.pdf,.pdf,1704,2026-09-16T10:22:29,2024-09-13T10:00:00,2024-09-13T10:00:00,MOD Administrator,MOD Administrator,https://m365x71797824.sharepoint.com/sites/MigrationFileServer/Clients/CL1000_Boulangeries_Ravel/03_Factures/2024/Facture_CL1000_202409.pdf,01ECDFBD220696F541037B4B62DF9185
Clients,CL1000_Boulangeries_Ravel/03_Factures/2025/Facture_CL1000_202503.pdf,/sites/MigrationFileServer/Clients/CL1000_Boulangeries_Ravel/03_Factures/2025/Facture_CL1000_202503.pdf,Facture_CL1000_202503.pdf,.pdf,1704,2026-09-16T10:26:36,2025-03-10T10:00:00,2025-03-10T10:00:00,MOD Administrator,MOD Administrator,https://m365x71797824.sharepoint.com/sites/MigrationFileServer/Clients/CL1000_Boulangeries_Ravel/03_Factures/2025/Facture_CL1000_202503.pdf,010E572A9D503D63F5FCCE6B2EA7729A
Clients,CL1000_Boulangeries_Ravel/03_Factures/2025/Facture_CL1000_202505.pdf,/sites/MigrationFileServer/Clients/CL1000_Boulangeries_Ravel/03_Factures/2025/Facture_CL1000_202505.pdf,Facture_CL1000_202505.pdf,.pdf,1704,2026-09-16T10:32:39,2025-05-27T10:00:00,2025-05-27T10:00:00,MOD Administrator,MOD Administrator,https://m365x71797824.sharepoint.com/sites/MigrationFileServer/Clients/CL1000_Boulangeries_Ravel/03_Factures/2025/Facture_CL1000_202505.pdf,0154443B02D5BD6FEEB960E68CB5CBFD
Clients,CL1000_Boulangeries_Ravel/03_Factures/2025/Facture_CL1000_202506.pdf,/sites/MigrationFileServer/Clients/CL1000_Boulangeries_Ravel/03_Factures/2025/Facture_CL1000_202506.pdf,Facture_CL1000_202506.pdf,.pdf,1705,2026-09-16T10:16:05,2025-06-23T10:00:00,2025-06-23T10:00:00,MOD Administrator,MOD Administrator,https://m365x71797824.sharepoint.com/sites/MigrationFileServer/Clients/CL1000_Boulangeries_Ravel/03_Factures/2025/Facture_CL1000_202506.pdf,0124853CC235E226C727FC2A8B04C30E
Clients,CL1000_Boulangeries_Ravel/03_Factures/2025/Facture_CL1000_202507.pdf,/sites/MigrationFileServer/Clients/CL1000_Boulangeries_Ravel/03_Factures/2025/Facture_CL1000_202507.pdf,Facture_CL1000_202507.pdf,.pdf,1704,2026-09-16T10:39:49,2025-07-18T10:00:00,2025-07-18T10:00:00,MOD Administrator,MOD Administrator,https://m365x71797824.sharepoint.com/sites/MigrationFileServer/Clients/CL1000_Boulangeries_Ravel/03_Factures/2025/Facture_CL1000_202507.pdf,01D0636FD85B9BB6B7170196EBD73202
Clients,CL1000_Boulangeries_Ravel/03_Factures/2025/Facture_CL1000_202508.pdf,/sites/MigrationFileServer/Clients/CL1000_Boulangeries_Ravel/03_Factures/2025/Facture_CL1000_202508.pdf,Facture_CL1000_202508.pdf,.pdf,1703,2026-09-16T10:29:27,2025-08-21T10:00:00,2025-08-21T10:00:00,MOD Administrator,MOD Administrator,https://m365x71797824.sharepoint.com/sites/MigrationFileServer/Clients/CL1000_Boulangeries_Ravel/03_Factures/2025/Facture_CL1000_202508.pdf,0196A73746AE1E504989E5AE62581776
Clients,CL1000_Boulangeries_Ravel/03_Factures/2025/Facture_CL1000_202512.pdf,/sites/MigrationFileServer/Clients/CL1000_Boulangeries_Ravel/03_Factures/2025/Facture_CL1000_202512.pdf,Facture_CL1000_202512.pdf,.pdf,1704,2026-09-16T10:41:09,2025-12-11T10:00:00,2025-12-11T10:00:00,MOD Administrator,MOD Administrator,https://m365x71797824.sharepoint.com/sites/MigrationFileServer/Clients/CL1000_Boulangeries_Ravel/03_Factures/2025/Facture_CL1000_202512.pdf,0193317ED19A006F57FB3C8F31A848B3
Clients,CL1000_Boulangeries_Ravel/03_Factures/2026/Facture_CL1000_202601.pdf,/sites/MigrationFileServer/Clients/CL1000_Boulangeries_Ravel/03_Factures/2026/Facture_CL1000_202601.pdf,Facture_CL1000_202601.pdf,.pdf,1705,2026-09-16T10:27:14,2026-01-23T10:00:00,2026-01-23T10:00:00,MOD Administrator,MOD Administrator,https://m365x71797824.sharepoint.com/sites/MigrationFileServer/Clients/CL1000_Boulangeries_Ravel/03_Factures/2026/Facture_CL1000_202601.pdf,01D03E86E5420134F79E618F36BDB79E
Clients,CL1000_Boulangeries_Ravel/03_Factures/2026/Facture_CL1000_202602.pdf,/sites/MigrationFileServer/Clients/CL1000_Boulangeries_Ravel/03_Factures/2026/Facture_CL1000_202602.pdf,Facture_CL1000_202602.pdf,.pdf,1705,2026-09-16T10:51:30,2026-02-21T10:00:00,2026-02-21T10:00:00,MOD Administrator,MOD Administrator,https://m365x71797824.sharepoint.com/sites/MigrationFileServer/Clients/CL1000_Boulangeries_Ravel/03_Factures/2026/Facture_CL1000_202602.pdf,01A5B5DEEAC6A7642608191ECBC36830
Clients,CL1000_Boulangeries_Ravel/03_Factures/2026/Facture_CL1000_202603.pdf,/sites/MigrationFileServer/Clients/CL1000_Boulangeries_Ravel/03_Factures/2026/Facture_CL1000_202603.pdf,Facture_CL1000_202603.pdf,.pdf,1703,2026-09-16T10:25:41,2026-03-18T10:00:00,2026-03-18T10:00:00,MOD Administrator,MOD Administrator,https://m365x71797824.sharepoint.com/sites/MigrationFileServer/Clients/CL1000_Boulangeries_Ravel/03_Factures/2026/Facture_CL1000_202603.pdf,01B4D4628AFA35E4948CAB933EC5C980
Clients,CL1000_Boulangeries_Ravel/03_Factures/2026/Facture_CL1000_202604.pdf,/sites/MigrationFileServer/Clients/CL1000_Boulangeries_Ravel/03_Factures/2026/Facture_CL1000_202604.pdf,Facture_CL1000_202604.pdf,.pdf,1704,2026-09-16T10:35:35,2026-04-12T10:00:00,2026-04-12T10:00:00,MOD Administrator,MOD Administrator,https://m365x71797824.sharepoint.com/sites/MigrationFileServer/Clients/CL1000_Boulangeries_Ravel/03_Factures/2026/Facture_CL1000_202604.pdf,0187961AFB85F873BA5C81C108473C3A
Clients,CL1000_Boulangeries_Ravel/03_Factures/2026/Facture_CL1000_202605.pdf,/sites/MigrationFileServer/Clients/CL1000_Boulangeries_Ravel/03_Factures/2026/Facture_CL1000_202605.pdf,Facture_CL1000_202605.pdf,.pdf,1704,2026-09-16T10:23:08,2026-05-02T10:00:00,2026-05-02T10:00:00,MOD Administrator,MOD Administrator,https://m365x71797824.sharepoint.com/sites/MigrationFileServer/Clients/CL1000_Boulangeries_Ravel/03_Factures/2026/Facture_CL1000_202605.pdf,0179CBA4698EE1BE870250773540BF11
Clients,CL1000_Boulangeries_Ravel/03_Factures/2026/Facture_CL1000_202608.pdf,/sites/MigrationFileServer/Clients/CL1000_Boulangeries_Ravel/03_Factures/2026/Facture_CL1000_202608.pdf,Facture_CL1000_202608.pdf,.pdf,1704,2026-09-16T10:12:41,2026-08-13T10:00:00,2026-08-13T10:00:00,MOD Administrator,MOD Administrator,https://m365x71797824.sharepoint.com/sites/MigrationFileServer/Clients/CL1000_Boulangeries_Ravel/03_Factures/2026/Facture_CL1000_202608.pdf,015CCCB8C5FA1338F6C62F9AB0CF278C
Clients,CL1000_Boulangeries_Ravel/04_Correspondance/Echange_01.eml.txt,/sites/MigrationFileServer/Clients/CL1000_Boulangeries_Ravel/04_Correspondance/Echange_01.eml.txt,Echange_01.eml.txt,.txt,106,2026-09-16T10:15:40,2026-04-28T08:23:10,2026-04-28T08:23:10,MOD Administrator,MOD Administrator,https://m365x71797824.sharepoint.com/sites/MigrationFileServer/Clients/CL1000_Boulangeries_Ravel/04_Correspondance/Echange_01.eml.txt,01FAA55475C1AFC497669DB8943A6931
Clients,CL1000_Boulangeries_Ravel/04_Correspondance/Echange_02.eml.txt,/sites/MigrationFileServer/Clients/CL1000_Boulangeries_Ravel/04_Correspondance/Echange_02.eml.txt,Echange_02.eml.txt,.txt,106,2026-09-16T10:11:59,2019-12-22T21:35:48,2019-12-22T21:35:48,MOD Administrator,MOD Administrator,https://m365x71797824.sharepoint.com/sites/MigrationFileServer/Clients/CL1000_Boulangeries_Ravel/04_Correspondance/Echange_02.eml.txt,011F49F7D22257339B9FE7BE990727D0
Clients,CL1000_Boulangeries_Ravel/04_Correspondance/Echange_03.eml.txt,/sites/MigrationFileServer/Clients/CL1000_Boulangeries_Ravel/04_Correspondance/Echange_03.eml.txt,Echange_03.eml.txt,.txt,106,2026-09-16T10:09:34,2025-05-21T21:30:25,2025-05-21T21:30:25,MOD Administrator,MOD Administrator,https://m365x71797824.sharepoint.com/sites/MigrationFileServer/Clients/CL1000_Boulangeries_Ravel/04_Correspondance/Echange_03.eml.txt,01C701CA778E24B87D3476DBC280794D
Clients,CL1000_Boulangeries_Ravel/05_Projets/Audit_securite/Compte_rendu_COPIL.docx,/sites/MigrationFileServer/Clients/CL1000_Boulangeries_Ravel/05_Projets/Audit_securite/Compte_rendu_COPIL.docx,Compte_rendu_COPIL.docx,.docx,36733,2026-09-16T10:17:16,2024-04-25T21:42:25,2024-04-25T21:42:25,MOD Administrator,MOD Administrator,https://m365x71797824.sharepoint.com/sites/MigrationFileServer/Clients/CL1000_Boulangeries_Ravel/05_Projets/Audit_securite/Compte_rendu_COPIL.docx,01BCD321985D9893439B27AF30F09349
Clients,CL1000_Boulangeries_Ravel/05_Projets/Audit_securite/Planning_Audit_securite.xlsx,/sites/MigrationFileServer/Clients/CL1000_Boulangeries_Ravel/05_Projets/Audit_securite/Planning_Audit_securite.xlsx,Planning_Audit_securite.xlsx,.xlsx,5132,2026-09-16T10:15:57,2024-07-16T03:56:10,2024-07-16T03:56:10,MOD Administrator,MOD Administrator,https://m365x71797824.sharepoint.com/sites/MigrationFileServer/Clients/CL1000_Boulangeries_Ravel/05_Projets/Audit_securite/Planning_Audit_securite.xlsx,01DB0E20B0BCDCFA9FDEEF0EAA2D6C00
Clients,CL1000_Boulangeries_Ravel/05_Projets/Audit_securite/Presentation_lancement_Audit_securite.pptx,/sites/MigrationFileServer/Clients/CL1000_Boulangeries_Ravel/05_Projets/Audit_securite/Presentation_lancement_Audit_securite.pptx,Presentation_lancement_Audit_securite.pptx,.pptx,29175,2026-09-16T10:55:10,2024-06-17T20:18:21,2024-06-17T20:18:21,MOD Administrator,MOD Administrator,https://m365x71797824.sharepoint.com/sites/MigrationFileServer/Clients/CL1000_Boulangeries_Ravel/05_Projets/Audit_securite/Presentation_lancement_Audit_securite.pptx,01C731E82C59CFDF89076F5C3C874BA5
Clients,CL1000_Boulangeries_Ravel/05_Projets/Refonte_site_web/Compte_rendu_COPIL.docx,/sites/MigrationFileServer/Clients/CL1000_Boulangeries_Ravel/05_Projets/Refonte_site_web/Compte_rendu_COPIL.docx,Compte_rendu_COPIL.docx,.docx,36732,2026-09-16T10:51:15,2026-02-13T10:40:57,2026-02-13T10:40:57,MOD Administrator,MOD Administrator,https://m365x71797824.sharepoint.com/sites/MigrationFileServer/Clients/CL1000_Boulangeries_Ravel/05_Projets/Refonte_site_web/Compte_rendu_COPIL.docx,017FBA5CBDDC1E2282FB7A0E0C7109E1
Clients,CL1000_Boulangeries_Ravel/05_Projets/Refonte_site_web/Planning_Refonte_site_web.xlsx,/sites/MigrationFileServer/Clients/CL1000_Boulangeries_Ravel/05_Projets/Refonte_site_web/Planning_Refonte_site_web.xlsx,Planning_Refonte_site_web.xlsx,.xlsx,5134,2026-09-16T10:19:40,2026-08-21T14:34:05,2026-08-21T14:34:05,MOD Administrator,MOD Administrator,https://m365x71797824.sharepoint.com/sites/MigrationFileServer/Clients/CL1000_Boulangeries_Ravel/05_Projets/Refonte_site_web/Planning_Refonte_site_web.xlsx,01CCEFD1E2E6A9E369581F51B0E98FFE
Clients,CL1000_Boulangeries_Ravel/05_Projets/Refonte_site_web/Presentation_lancement_Refonte_site_web.pptx,/sites/MigrationFileServer/Clients/CL1000_Boulangeries_Ravel/05_Projets/Refonte_site_web/Presentation_lancement_Refonte_site_web.pptx,Presentation_lancement_Refonte_site_web.pptx,.pptx,29176,2026-09-16T10:30:29,2026-03-19T05:59:09,2026-03-19T05:59:09,MOD Administrator,MOD Administrator,https://m365x71797824.sharepoint.com/sites/MigrationFileServer/Clients/CL1000_Boulangeries_Ravel/05_Projets/Refonte_site_web/Presentation_lancement_Refonte_site_web.pptx,01E74BD1AACA317B8552E6A34D364BB2
Clients,CL1001_Transports_Lemarchand/01_Contrats/Contrat_cadre_CL1001_2018.docx,/sites/MigrationFileServer/Clients/CL1001_Transports_Lemarchand/01_Contrats/Contrat_cadre_CL1001_2018.docx,Contrat_cadre_CL1001_2018.docx,.docx,36786,2026-09-16T10:07:06,2018-01-23T11:54:06,2018-01-23T11:54:06,MOD Administrator,MOD Administrator,https://m365x71797824.sharepoint.com/sites/MigrationFileServer/Clients/CL1001_Transports_Lemarchand/01_Contrats/Contrat_cadre_CL1001_2018.docx,0110C09AB503F3A55EBBBF297DA8F79A
Clients,CL1001_Transports_Lemarchand/01_Contrats/Contrat_cadre_CL1001_2018_signe.pdf,/sites/MigrationFileServer/Clients/CL1001_Transports_Lemarchand/01_Contrats/Contrat_cadre_CL1001_2018_signe.pdf,Contrat_cadre_CL1001_2018_signe.pdf,.pdf,1665,2026-09-16T10:57:41,2018-01-31T14:04:08,2018-01-31T14:04:08,MOD Administrator,MOD Administrator,https://m365x71797824.sharepoint.com/sites/MigrationFileServer/Clients/CL1001_Transports_Lemarchand/01_Contrats/Contrat_cadre_CL1001_2018_signe.pdf,01DD32FAC2AC992BD466DFE31EE9E55F
Clients,CL1001_Transports_Lemarchand/02_Devis/Devis_CL1001_2022-02.docx,/sites/MigrationFileServer/Clients/CL1001_Transports_Lemarchand/02_Devis/Devis_CL1001_2022-02.docx,Devis_CL1001_2022-02.docx,.docx,36747,2026-09-16T10:28:03,2022-06-14T07:55:53,2022-06-14T07:55:53,MOD Administrator,MOD Administrator,https://m365x71797824.sharepoint.com/sites/MigrationFileServer/Clients/CL1001_Transports_Lemarchand/02_Devis/Devis_CL1001_2022-02.docx,0168F1004C604101EC906F7B903A65DB
Clients,CL1001_Transports_Lemarchand/02_Devis/Devis_CL1001_2026-01.docx,/sites/MigrationFileServer/Clients/CL1001_Transports_Lemarchand/02_Devis/Devis_CL1001_2026-01.docx,Devis_CL1001_2026-01.docx,.docx,36747,2026-09-16T10:30:42,2026-07-04T13:57:10,2026-07-04T13:57:10,MOD Administrator,MOD Administrator,https://m365x71797824.sharepoint.com/sites/MigrationFileServer/Clients/CL1001_Transports_Lemarchand/02_Devis/Devis_CL1001_2026-01.docx,0107DC63C8395D7D4DDC3ED57CA08B1D
Clients,CL1001_Transports_Lemarchand/03_Factures/2024/Facture_CL1001_202404.pdf,/sites/MigrationFileServer/Clients/CL1001_Transports_Lemarchand/03_Factures/2024/Facture_CL1001_202404.pdf,Facture_CL1001_202404.pdf,.pdf,1705,2026-09-16T10:22:01,2024-04-12T10:00:00,2024-04-12T10:00:00,MOD Administrator,MOD Administrator,https://m365x71797824.sharepoint.com/sites/MigrationFileServer/Clients/CL1001_Transports_Lemarchand/03_Factures/2024/Facture_CL1001_202404.pdf,013DE884526F0D27D1B592572D432774
Clients,CL1001_Transports_Lemarchand/03_Factures/2024/Facture_CL1001_202405.pdf,/sites/MigrationFileServer/Clients/CL1001_Transports_Lemarchand/03_Factures/2024/Facture_CL1001_202405.pdf,Facture_CL1001_202405.pdf,.pdf,1705,2026-09-16T10:20:22,2024-05-03T10:00:00,2024-05-03T10:00:00,MOD Administrator,MOD Administrator,https://m365x71797824.sharepoint.com/sites/MigrationFileServer/Clients/CL1001_Transports_Lemarchand/03_Factures/2024/Facture_CL1001_202405.pdf,016CF4C2F0C258CBD15377B678340542
Clients,CL1001_Transports_Lemarchand/03_Factures/2024/Facture_CL1001_202408.pdf,/sites/MigrationFileServer/Clients/CL1001_Transports_Lemarchand/03_Factures/2024/Facture_CL1001_202408.pdf,Facture_CL1001_202408.pdf,.pdf,1707,2026-09-16T10:47:17,2024-08-02T10:00:00,2024-08-02T10:00:00,MOD Administrator,MOD Administrator,https://m365x71797824.sharepoint.com/sites/MigrationFileServer/Clients/CL1001_Transports_Lemarchand/03_Factures/2024/Facture_CL1001_202408.pdf,017FA456C7FE8B3400E121AF874C67E5
Clients,CL1001_Transports_Lemarchand/03_Factures/2024/Facture_CL1001_202410.pdf,/sites/MigrationFileServer/Clients/CL1001_Transports_Lemarchand/03_Factures/2024/Facture_CL1001_202410.pdf,Facture_CL1001_202410.pdf,.pdf,1702,2026-09-16T10:19:36,2024-10-22T10:00:00,2024-10-22T10:00:00,MOD Administrator,MOD Administrator,https://m365x71797824.sharepoint.com/sites/MigrationFileServer/Clients/CL1001_Transports_Lemarchand/03_Factures/2024/Facture_CL1001_202410.pdf,01DCF226DB7A34FFD9281F097BCA73CD
Clients,CL1001_Transports_Lemarchand/03_Factures/2024/Facture_CL1001_202411.pdf,/sites/MigrationFileServer/Clients/CL1001_Transports_Lemarchand/03_Factures/2024/Facture_CL1001_202411.pdf,Facture_CL1001_202411.pdf,.pdf,1705,2026-09-16T10:55:17,2024-11-19T10:00:00,2024-11-19T10:00:00,MOD Administrator,MOD Administrator,https://m365x71797824.sharepoint.com/sites/MigrationFileServer/Clients/CL1001_Transports_Lemarchand/03_Factures/2024/Facture_CL1001_202411.pdf,01D2A4F8E622F34806C064E507F44AC0
Clients,CL1001_Transports_Lemarchand/03_Factures/2025/Facture_CL1001_202502.pdf,/sites/MigrationFileServer/Clients/CL1001_Transports_Lemarchand/03_Factures/2025/Facture_CL1001_202502.pdf,Facture_CL1001_202502.pdf,.pdf,1708,2026-09-16T10:25:18,2025-02-14T10:00:00,2025-02-14T10:00:00,MOD Administrator,MOD Administrator,https://m365x71797824.sharepoint.com/sites/MigrationFileServer/Clients/CL1001_Transports_Lemarchand/03_Factures/2025/Facture_CL1001_202502.pdf,017C4D18CD0101B02954DF086716A38A
Clients,CL1001_Transports_Lemarchand/03_Factures/2025/Facture_CL1001_202503.pdf,/sites/MigrationFileServer/Clients/CL1001_Transports_Lemarchand/03_Factures/2025/Facture_CL1001_202503.pdf,Facture_CL1001_202503.pdf,.pdf,1707,2026-09-16T10:21:10,2025-03-22T10:00:00,2025-03-22T10:00:00,MOD Administrator,MOD Administrator,https://m365x71797824.sharepoint.com/sites/MigrationFileServer/Clients/CL1001_Transports_Lemarchand/03_Factures/2025/Facture_CL1001_202503.pdf,0198FBCB7E9C39B3CDAECA3C2E51DC54
Clients,CL1001_Transports_Lemarchand/03_Factures/2025/Facture_CL1001_202504.pdf,/sites/MigrationFileServer/Clients/CL1001_Transports_Lemarchand/03_Factures/2025/Facture_CL1001_202504.pdf,Facture_CL1001_202504.pdf,.pdf,1707,2026-09-16T10:34:13,2025-04-11T10:00:00,2025-04-11T10:00:00,MOD Administrator,MOD Administrator,https://m365x71797824.sharepoint.com/sites/MigrationFileServer/Clients/CL1001_Transports_Lemarchand/03_Factures/2025/Facture_CL1001_202504.pdf,01C83C86B7E202FBED0D5840CD94480A
Clients,CL1001_Transports_Lemarchand/03_Factures/2025/Facture_CL1001_202505.pdf,/sites/MigrationFileServer/Clients/CL1001_Transports_Lemarchand/03_Factures/2025/Facture_CL1001_202505.pdf,Facture_CL1001_202505.pdf,.pdf,1705,2026-09-16T10:19:54,2025-05-15T10:00:00,2025-05-15T10:00:00,MOD Administrator,MOD Administrator,https://m365x71797824.sharepoint.com/sites/MigrationFileServer/Clients/CL1001_Transports_Lemarchand/03_Factures/2025/Facture_CL1001_202505.pdf,010BD30ECE5C40D6DABC4A3530E23192
Clients,CL1001_Transports_Lemarchand/03_Factures/2025/Facture_CL1001_202506.pdf,/sites/MigrationFileServer/Clients/CL1001_Transports_Lemarchand/03_Factures/2025/Facture_CL1001_202506.pdf,Facture_CL1001_202506.pdf,.pdf,1705,2026-09-16T10:55:49,2025-06-03T10:00:00,2025-06-03T10:00:00,MOD Administrator,MOD Administrator,https://m365x71797824.sharepoint.com/sites/MigrationFileServer/Clients/CL1001_Transports_Lemarchand/03_Factures/2025/Facture_CL1001_202506.pdf,016F4F9CBD2EAB07C970674DB5DD0460
Clients,CL1001_Transports_Lemarchand/03_Factures/2025/Facture_CL1001_202507.pdf,/sites/MigrationFileServer/Clients/CL1001_Transports_Lemarchand/03_Factures/2025/Facture_CL1001_202507.pdf,Facture_CL1001_202507.pdf,.pdf,1705,2026-09-16T10:14:59,2025-07-18T10:00:00,2025-07-18T10:00:00,MOD Administrator,MOD Administrator,https://m365x71797824.sharepoint.com/sites/MigrationFileServer/Clients/CL1001_Transports_Lemarchand/03_Factures/2025/Facture_CL1001_202507.pdf,01CE15D2100640A87DAF6642DA4C2FB1
Clients,CL1001_Transports_Lemarchand/03_Factures/2025/Facture_CL1001_202510.pdf,/sites/MigrationFileServer/Clients/CL1001_Transports_Lemarchand/03_Factures/2025/Facture_CL1001_202510.pdf,Facture_CL1001_202510.pdf,.pdf,1707,2026-09-16T10:13:09,2025-10-07T10:00:00,2025-10-07T10:00:00,MOD Administrator,MOD Administrator,https://m365x71797824.sharepoint.com/sites/MigrationFileServer/Clients/CL1001_Transports_Lemarchand/03_Factures/2025/Facture_CL1001_202510.pdf,01222578ED0269B809E9A67E18F96E1C
Clients,CL1001_Transports_Lemarchand/03_Factures/2025/Facture_CL1001_202511.pdf,/sites/MigrationFileServer/Clients/CL1001_Transports_Lemarchand/03_Factures/2025/Facture_CL1001_202511.pdf,Facture_CL1001_202511.pdf,.pdf,1705,2026-09-16T10:25:09,2025-11-13T10:00:00,2025-11-13T10:00:00,MOD Administrator,MOD Administrator,https://m365x71797824.sharepoint.com/sites/MigrationFileServer/Clients/CL1001_Transports_Lemarchand/03_Factures/2025/Facture_CL1001_202511.pdf,0118F8EE6B5A077DA7BC6B8B4680AC55
Clients,CL1001_Transports_Lemarchand/03_Factures/2025/Facture_CL1001_202512.pdf,/sites/MigrationFileServer/Clients/CL1001_Transports_Lemarchand/03_Factures/2025/Facture_CL1001_202512.pdf,Facture_CL1001_202512.pdf,.pdf,1705,2026-09-16T10:54:10,2025-12-24T10:00:00,2025-12-24T10:00:00,MOD Administrator,MOD Administrator,https://m365x71797824.sharepoint.com/sites/MigrationFileServer/Clients/CL1001_Transports_Lemarchand/03_Factures/2025/Facture_CL1001_202512.pdf,011719679C65AD3197AEC9FC6C76E81A
Clients,CL1001_Transports_Lemarchand/03_Factures/2026/Facture_CL1001_202602.pdf,/sites/MigrationFileServer/Clients/CL1001_Transports_Lemarchand/03_Factures/2026/Facture_CL1001_202602.pdf,Facture_CL1001_202602.pdf,.pdf,1705,2026-09-16T10:32:21,2026-02-07T10:00:00,2026-02-07T10:00:00,MOD Administrator,MOD Administrator,https://m365x71797824.sharepoint.com/sites/MigrationFileServer/Clients/CL1001_Transports_Lemarchand/03_Factures/2026/Facture_CL1001_202602.pdf,01B76325E2AA54729CEB2302DEA464B6
Clients,CL1001_Transports_Lemarchand/03_Factures/2026/Facture_CL1001_202604.pdf,/sites/MigrationFileServer/Clients/CL1001_Transports_Lemarchand/03_Factures/2026/Facture_CL1001_202604.pdf,Facture_CL1001_202604.pdf,.pdf,1708,2026-09-16T10:31:56,2026-04-02T10:00:00,2026-04-02T10:00:00,MOD Administrator,MOD Administrator,https://m365x71797824.sharepoint.com/sites/MigrationFileServer/Clients/CL1001_Transports_Lemarchand/03_Factures/2026/Facture_CL1001_202604.pdf,01086D1EC5E51D2959FACA57AB55EE45
Clients,CL1001_Transports_Lemarchand/03_Factures/2026/Facture_CL1001_202606.pdf,/sites/MigrationFileServer/Clients/CL1001_Transports_Lemarchand/03_Factures/2026/Facture_CL1001_202606.pdf,Facture_CL1001_202606.pdf,.pdf,1705,2026-09-16T10:43:15,2026-06-17T10:00:00,2026-06-17T10:00:00,MOD Administrator,MOD Administrator,https://m365x71797824.sharepoint.com/sites/MigrationFileServer/Clients/CL1001_Transports_Lemarchand/03_Factures/2026/Facture_CL1001_202606.pdf,01B08054DBA099B9ADCAC7CF63338D81
Clients,CL1001_Transports_Lemarchand/03_Factures/2026/Facture_CL1001_202607.pdf,/sites/MigrationFileServer/Clients/CL1001_Transports_Lemarchand/03_Factures/2026/Facture_CL1001_202607.pdf,Facture_CL1001_202607.pdf,.pdf,1704,2026-09-16T10:06:02,2026-07-28T10:00:00,2026-07-28T10:00:00,MOD Administrator,MOD Administrator,https://m365x71797824.sharepoint.com/sites/MigrationFileServer/Clients/CL1001_Transports_Lemarchand/03_Factures/2026/Facture_CL1001_202607.pdf,013B4C057E985DB3C4813953EB228455
Clients,CL1001_Transports_Lemarchand/04_Correspondance/Echange_01.eml.txt,/sites/MigrationFileServer/Clients/CL1001_Transports_Lemarchand/04_Correspondance/Echange_01.eml.txt,Echange_01.eml.txt,.txt,106,2026-09-16T10:42:27,2019-05-04T11:21:11,2019-05-04T11:21:11,MOD Administrator,MOD Administrator,https://m365x71797824.sharepoint.com/sites/MigrationFileServer/Clients/CL1001_Transports_Lemarchand/04_Correspondance/Echange_01.eml.txt,01051A77ACBA7F42B01AD8A6E4B2CBE8
Clients,CL1001_Transports_Lemarchand/04_Correspondance/Echange_02.eml.txt,/sites/MigrationFileServer/Clients/CL1001_Transports_Lemarchand/04_Correspondance/Echange_02.eml.txt,Echange_02.eml.txt,.txt,106,2026-09-16T10:09:57,2024-08-04T09:17:45,2024-08-04T09:17:45,MOD Administrator,MOD Administrator,https://m365x71797824.sharepoint.com/sites/MigrationFileServer/Clients/CL1001_Transports_Lemarchand/04_Correspondance/Echange_02.eml.txt,011C3FC1DBE0EA1A621086CA94510583
Clients,CL1001_Transports_Lemarchand/05_Projets/Audit_securite/Compte_rendu_COPIL.docx,/sites/MigrationFileServer/Clients/CL1001_Transports_Lemarchand/05_Projets/Audit_securite/Compte_rendu_COPIL.docx,Compte_rendu_COPIL.docx,.docx,36732,2026-09-16T10:13:31,2026-04-21T16:16:30,2026-04-21T16:16:30,MOD Administrator,MOD Administrator,https://m365x71797824.sharepoint.com/sites/MigrationFileServer/Clients/CL1001_Transports_Lemarchand/05_Projets/Audit_securite/Compte_rendu_COPIL.docx,016DB086068681A51C22C476D2F87873
Clients,CL1001_Transports_Lemarchand/05_Projets/Audit_securite/Planning_Audit_securite.xlsx,/sites/MigrationFileServer/Clients/CL1001_Transports_Lemarchand/05_Projets/Audit_securite/Planning_Audit_securite.xlsx,Planning_Audit_securite.xlsx,.xlsx,5134,2026-09-16T10:06:11,2026-01-27T17:10:53,2026-01-27T17:10:53,MOD Administrator,MOD Administrator,https://m365x71797824.sharepoint.com/sites/MigrationFileServer/Clients/CL1001_Transports_Lemarchand/05_Projets/Audit_securite/Planning_Audit_securite.xlsx,0125DF1FB78A5A2F34AF75C10B395250
Clients,CL1001_Transports_Lemarchand/05_Projets/Audit_securite/Presentation_lancement_Audit_securite.pptx,/sites/MigrationFileServer/Clients/CL1001_Transports_Lemarchand/05_Projets/Audit_securite/Presentation_lancement_Audit_securite.pptx,Presentation_lancement_Audit_securite.pptx,.pptx,29174,2026-09-16T10:46:47,2026-08-07T15:28:51,2026-08-07T15:28:51,MOD Administrator,MOD Administrator,https://m365x71797824.sharepoint.com/sites/MigrationFileServer/Clients/CL1001_Transports_Lemarchand/05_Projets/Audit_securite/Presentation_lancement_Audit_securite.pptx,011CC3D47FFE4EC000802FC3098BA741
Clients,CL1001_Transports_Lemarchand/05_Projets/Tableau_de_bord/Compte_rendu_COPIL.docx,/sites/MigrationFileServer/Clients/CL1001_Transports_Lemarchand/05_Projets/Tableau_de_bord/Compte_rendu_COPIL.docx,Compte_rendu_COPIL.docx,.docx,36730,2026-09-16T10:39:22,2024-12-29T09:40:32,2024-12-29T09:40:32,MOD Administrator,MOD Administrator,https://m365x71797824.sharepoint.com/sites/MigrationFileServer/Clients/CL1001_Transports_Lemarchand/05_Projets/Tableau_de_bord/Compte_rendu_COPIL.docx,01EB2F59D7F50DA5457F0B528BD6EE47
Clients,CL1001_Transports_Lemarchand/05_Projets/Tableau_de_bord/Planning_Tableau_de_bord.xlsx,/sites/MigrationFileServer/Clients/CL1001_Transports_Lemarchand/05_Projets/Tableau_de_bord/Planning_Tableau_de_bord.xlsx,Planning_Tableau_de_bord.xlsx,.xlsx,5140,2026-09-16T10:10:22,2024-06-26T13:38:30,2024-06-26T13:38:30,MOD Administrator,MOD Administrator,https://m365x71797824.sharepoint.com/sites/MigrationFileServer/Clients/CL1001_Transports_Lemarchand/05_Projets/Tableau_de_bord/Planning_Tableau_de_bord.xlsx,01F7AE1F2EDA69CA8837133E01F87213
Clients,CL1001_Transports_Lemarchand/05_Projets/Tableau_de_bord/Presentation_lancement_Tableau_de_bord.pptx,/sites/MigrationFileServer/Clients/CL1001_Transports_Lemarchand/05_Projets/Tableau_de_bord/Presentation_lancement_Tableau_de_bord.pptx,Presentation_lancement_Tableau_de_bord.pptx,.pptx,29177,2026-09-16T10:20:46,2024-03-20T07:50:01,2024-03-20T07:50:01,MOD Administrator,MOD Administrator,https://m365x71797824.sharepoint.com/sites/MigrationFileServer/Clients/CL1001_Transports_Lemarchand/05_Projets/Tableau_de_bord/Presentation_lancement_Tableau_de_bord.pptx,012D5E449EB41DFE5E45E18C86128809
Clients,CL1002_Clinique_Saint-Aubin/01_Contrats/Contrat_cadre_CL1002_2022.docx,/sites/MigrationFileServer/Clients/CL1002_Clinique_Saint-Aubin/01_Contrats/Contrat_cadre_CL1002_2022.docx,Contrat_cadre_CL1002_2022.docx,.docx,36786,2026-09-16T10:06:16,2022-04-28T11:39:50,2022-04-28T11:39:50,MOD Administrator,MOD Administrator,https://m365x71797824.sharepoint.com/sites/MigrationFileServer/Clients/CL1002_Clinique_Saint-Aubin/01_Contrats/Contrat_cadre_CL1002_2022.docx,010B0EAD10F761201B11A4CB7A44DD6F
Clients,CL1002_Clinique_Saint-Aubin/02_Devis/Devis_CL1002_2022-01.docx,/sites/MigrationFileServer/Clients/CL1002_Clinique_Saint-Aubin/02_Devis/Devis_CL1002_2022-01.docx,Devis_CL1002_2022-01.docx,.docx,36749,2026-09-16T10:18:32,2022-12-12T12:43:24,2022-12-12T12:43:24,MOD Administrator,MOD Administrator,https://m365x71797824.sharepoint.com/sites/MigrationFileServer/Clients/CL1002_Clinique_Saint-Aubin/02_Devis/Devis_CL1002_2022-01.docx,018E7EA28CCA1DE763687AB5CB0C4057
Clients,CL1002_Clinique_Saint-Aubin/02_Devis/Devis_CL1002_2023-02.docx,/sites/MigrationFileServer/Clients/CL1002_Clinique_Saint-Aubin/02_Devis/Devis_CL1002_2023-02.docx,Devis_CL1002_2023-02.docx,.docx,36751,2026-09-16T10:29:17,2023-03-23T19:12:38,2023-03-23T19:12:38,MOD Administrator,MOD Administrator,https://m365x71797824.sharepoint.com/sites/MigrationFileServer/Clients/CL1002_Clinique_Saint-Aubin/02_Devis/Devis_CL1002_2023-02.docx,010A99B2DDB02A3B275361DBA402B608
Clients,CL1002_Clinique_Saint-Aubin/02_Devis/Devis_CL1002_2024-03.docx,/sites/MigrationFileServer/Clients/CL1002_Clinique_Saint-Aubin/02_Devis/Devis_CL1002_2024-03.docx,Devis_CL1002_2024-03.docx,.docx,36748,2026-09-16T10:47:29,2024-12-17T14:20:51,2024-12-17T14:20:51,MOD Administrator,MOD Administrator,https://m365x71797824.sharepoint.com/sites/MigrationFileServer/Clients/CL1002_Clinique_Saint-Aubin/02_Devis/Devis_CL1002_2024-03.docx,0154AC365E8C7ED09E483A17DE8B4197
Clients,CL1002_Clinique_Saint-Aubin/03_Factures/2024/Facture_CL1002_202401.pdf,/sites/MigrationFileServer/Clients/CL1002_Clinique_Saint-Aubin/03_Factures/2024/Facture_CL1002_202401.pdf,Facture_CL1002_202401.pdf,.pdf,1704,2026-09-16T10:50:26,2024-01-09T10:00:00,2024-01-09T10:00:00,MOD Administrator,MOD Administrator,https://m365x71797824.sharepoint.com/sites/MigrationFileServer/Clients/CL1002_Clinique_Saint-Aubin/03_Factures/2024/Facture_CL1002_202401.pdf,01BEC9FFC9DFC34C1FFE4BA5D3FB7C09
Clients,CL1002_Clinique_Saint-Aubin/03_Factures/2024/Facture_CL1002_202404.pdf,/sites/MigrationFileServer/Clients/CL1002_Clinique_Saint-Aubin/03_Factures/2024/Facture_CL1002_202404.pdf,Facture_CL1002_202404.pdf,.pdf,1705,2026-09-16T10:51:17,2024-04-18T10:00:00,2024-04-18T10:00:00,MOD Administrator,MOD Administrator,https://m365x71797824.sharepoint.com/sites/MigrationFileServer/Clients/CL1002_Clinique_Saint-Aubin/03_Factures/2024/Facture_CL1002_202404.pdf,018A3D3A9D5179D5076C05AF5466376B
Clients,CL1002_Clinique_Saint-Aubin/03_Factures/2024/Facture_CL1002_202405.pdf,/sites/MigrationFileServer/Clients/CL1002_Clinique_Saint-Aubin/03_Factures/2024/Facture_CL1002_202405.pdf,Facture_CL1002_202405.pdf,.pdf,1705,2026-09-16T10:32:24,2024-05-23T10:00:00,2024-05-23T10:00:00,MOD Administrator,MOD Administrator,https://m365x71797824.sharepoint.com/sites/MigrationFileServer/Clients/CL1002_Clinique_Saint-Aubin/03_Factures/2024/Facture_CL1002_202405.pdf,01C2CE247E631784F726B76D36F9125B
Clients,CL1002_Clinique_Saint-Aubin/03_Factures/2024/Facture_CL1002_202406.pdf,/sites/MigrationFileServer/Clients/CL1002_Clinique_Saint-Aubin/03_Factures/2024/Facture_CL1002_202406.pdf,Facture_CL1002_202406.pdf,.pdf,1705,2026-09-16T10:30:56,2024-06-18T10:00:00,2024-06-18T10:00:00,MOD Administrator,MOD Administrator,https://m365x71797824.sharepoint.com/sites/MigrationFileServer/Clients/CL1002_Clinique_Saint-Aubin/03_Factures/2024/Facture_CL1002_202406.pdf,01E5E9B368249F079DCDC2D18968F3F4
Clients,CL1002_Clinique_Saint-Aubin/03_Factures/2024/Facture_CL1002_202407.pdf,/sites/MigrationFileServer/Clients/CL1002_Clinique_Saint-Aubin/03_Factures/2024/Facture_CL1002_202407.pdf,Facture_CL1002_202407.pdf,.pdf,1705,2026-09-16T10:46:00,2024-07-26T10:00:00,2024-07-26T10:00:00,MOD Administrator,MOD Administrator,https://m365x71797824.sharepoint.com/sites/MigrationFileServer/Clients/CL1002_Clinique_Saint-Aubin/03_Factures/2024/Facture_CL1002_202407.pdf,01ED20EA498044E81E9B9ABE043D3519
Clients,CL1002_Clinique_Saint-Aubin/03_Factures/2024/Facture_CL1002_202409.pdf,/sites/MigrationFileServer/Clients/CL1002_Clinique_Saint-Aubin/03_Factures/2024/Facture_CL1002_202409.pdf,Facture_CL1002_202409.pdf,.pdf,1705,2026-09-16T10:22:44,2024-09-04T10:00:00,2024-09-04T10:00:00,MOD Administrator,MOD Administrator,https://m365x71797824.sharepoint.com/sites/MigrationFileServer/Clients/CL1002_Clinique_Saint-Aubin/03_Factures/2024/Facture_CL1002_202409.pdf,01FDB2FA426080FC6ABAE115169C6472
Clients,CL1002_Clinique_Saint-Aubin/03_Factures/2024/Facture_CL1002_202411.pdf,/sites/MigrationFileServer/Clients/CL1002_Clinique_Saint-Aubin/03_Factures/2024/Facture_CL1002_202411.pdf,Facture_CL1002_202411.pdf,.pdf,1705,2026-09-16T10:21:52,2024-11-05T10:00:00,2024-11-05T10:00:00,MOD Administrator,MOD Administrator,https://m365x71797824.sharepoint.com/sites/MigrationFileServer/Clients/CL1002_Clinique_Saint-Aubin/03_Factures/2024/Facture_CL1002_202411.pdf,01163963511DBD03E2A9D6587C32CBB2
Clients,CL1002_Clinique_Saint-Aubin/03_Factures/2025/Facture_CL1002_202504.pdf,/sites/MigrationFileServer/Clients/CL1002_Clinique_Saint-Aubin/03_Factures/2025/Facture_CL1002_202504.pdf,Facture_CL1002_202504.pdf,.pdf,1707,2026-09-16T10:59:39,2025-04-11T10:00:00,2025-04-11T10:00:00,MOD Administrator,MOD Administrator,https://m365x71797824.sharepoint.com/sites/MigrationFileServer/Clients/CL1002_Clinique_Saint-Aubin/03_Factures/2025/Facture_CL1002_202504.pdf,01B766B4D4E894D345089D77B3C8B215
Clients,CL1002_Clinique_Saint-Aubin/03_Factures/2025/Facture_CL1002_202508.pdf,/sites/MigrationFileServer/Clients/CL1002_Clinique_Saint-Aubin/03_Factures/2025/Facture_CL1002_202508.pdf,Facture_CL1002_202508.pdf,.pdf,1707,2026-09-16T10:09:25,2025-08-04T10:00:00,2025-08-04T10:00:00,MOD Administrator,MOD Administrator,https://m365x71797824.sharepoint.com/sites/MigrationFileServer/Clients/CL1002_Clinique_Saint-Aubin/03_Factures/2025/Facture_CL1002_202508.pdf,01AF5264B9530A19A38EFB1FA3B1B664
Clients,CL1002_Clinique_Saint-Aubin/03_Factures/2025/Facture_CL1002_202510.pdf,/sites/MigrationFileServer/Clients/CL1002_Clinique_Saint-Aubin/03_Factures/2025/Facture_CL1002_202510.pdf,Facture_CL1002_202510.pdf,.pdf,1705,2026-09-16T10:47:28,2025-10-15T10:00:00,2025-10-15T10:00:00,MOD Administrator,MOD Administrator,https://m365x71797824.sharepoint.com/sites/MigrationFileServer/Clients/CL1002_Clinique_Saint-Aubin/03_Factures/2025/Facture_CL1002_202510.pdf,01749B414250CC390AAB02E58C8C87DF
Clients,CL1002_Clinique_Saint-Aubin/03_Factures/2025/Facture_CL1002_202511.pdf,/sites/MigrationFileServer/Clients/CL1002_Clinique_Saint-Aubin/03_Factures/2025/Facture_CL1002_202511.pdf,Facture_CL1002_202511.pdf,.pdf,1707,2026-09-16T10:42:00,2025-11-13T10:00:00,2025-11-13T10:00:00,MOD Administrator,MOD Administrator,https://m365x71797824.sharepoint.com/sites/MigrationFileServer/Clients/CL1002_Clinique_Saint-Aubin/03_Factures/2025/Facture_CL1002_202511.pdf,01DA7D30BBA5B74B73BF0762FE793556
Clients,CL1002_Clinique_Saint-Aubin/03_Factures/2026/Facture_CL1002_202601.pdf,/sites/MigrationFileServer/Clients/CL1002_Clinique_Saint-Aubin/03_Factures/2026/Facture_CL1002_202601.pdf,Facture_CL1002_202601.pdf,.pdf,1704,2026-09-16T10:36:32,2026-01-13T10:00:00,2026-01-13T10:00:00,MOD Administrator,MOD Administrator,https://m365x71797824.sharepoint.com/sites/MigrationFileServer/Clients/CL1002_Clinique_Saint-Aubin/03_Factures/2026/Facture_CL1002_202601.pdf,01FEA7DA0E8BD272C197A0928957A4C6
Clients,CL1002_Clinique_Saint-Aubin/03_Factures/2026/Facture_CL1002_202602.pdf,/sites/MigrationFileServer/Clients/CL1002_Clinique_Saint-Aubin/03_Factures/2026/Facture_CL1002_202602.pdf,Facture_CL1002_202602.pdf,.pdf,1705,2026-09-16T10:30:15,2026-02-09T10:00:00,2026-02-09T10:00:00,MOD Administrator,MOD Administrator,https://m365x71797824.sharepoint.com/sites/MigrationFileServer/Clients/CL1002_Clinique_Saint-Aubin/03_Factures/2026/Facture_CL1002_202602.pdf,01BE494976CA973C9DA127CCA8D33299
Clients,CL1002_Clinique_Saint-Aubin/03_Factures/2026/Facture_CL1002_202603.pdf,/sites/MigrationFileServer/Clients/CL1002_Clinique_Saint-Aubin/03_Factures/2026/Facture_CL1002_202603.pdf,Facture_CL1002_202603.pdf,.pdf,1705,2026-09-16T10:30:22,2026-03-12T10:00:00,2026-03-12T10:00:00,MOD Administrator,MOD Administrator,https://m365x71797824.sharepoint.com/sites/MigrationFileServer/Clients/CL1002_Clinique_Saint-Aubin/03_Factures/2026/Facture_CL1002_202603.pdf,01F9D6A74964BDFAC1106A08A6B650F7
Clients,CL1002_Clinique_Saint-Aubin/03_Factures/2026/Facture_CL1002_202604.pdf,/sites/MigrationFileServer/Clients/CL1002_Clinique_Saint-Aubin/03_Factures/2026/Facture_CL1002_202604.pdf,Facture_CL1002_202604.pdf,.pdf,1705,2026-09-16T10:39:17,2026-04-04T10:00:00,2026-04-04T10:00:00,MOD Administrator,MOD Administrator,https://m365x71797824.sharepoint.com/sites/MigrationFileServer/Clients/CL1002_Clinique_Saint-Aubin/03_Factures/2026/Facture_CL1002_202604.pdf,01D381BDD5AD5D2966A8DB9BD09CE15C
Clients,CL1002_Clinique_Saint-Aubin/03_Factures/2026/Facture_CL1002_202605.pdf,/sites/MigrationFileServer/Clients/CL1002_Clinique_Saint-Aubin/03_Factures/2026/Facture_CL1002_202605.pdf,Facture_CL1002_202605.pdf,.pdf,1705,2026-09-16T10:26:04,2026-05-14T10:00:00,2026-05-14T10:00:00,MOD Administrator,MOD Administrator,https://m365x71797824.sharepoint.com/sites/MigrationFileServer/Clients/CL1002_Clinique_Saint-Aubin/03_Factures/2026/Facture_CL1002_202605.pdf,01AA0BCC3C8B067AF7CC1CF866A0FFA1
Clients,CL1002_Clinique_Saint-Aubin/04_Correspondance/Echange_01.eml.txt,/sites/MigrationFileServer/Clients/CL1002_Clinique_Saint-Aubin/04_Correspondance/Echange_01.eml.txt,Echange_01.eml.txt,.txt,106,2026-09-16T10:20:59,2019-08-06T09:37:30,2019-08-06T09:37:30,MOD Administrator,MOD Administrator,https://m365x71797824.sharepoint.com/sites/MigrationFileServer/Clients/CL1002_Clinique_Saint-Aubin/04_Correspondance/Echange_01.eml.txt,014324A42F43D27C0DC3F084229CCDF5
Clients,CL1002_Clinique_Saint-Aubin/04_Correspondance/Echange_02.eml.txt,/sites/MigrationFileServer/Clients/CL1002_Clinique_Saint-Aubin/04_Correspondance/Echange_02.eml.txt,Echange_02.eml.txt,.txt,106,2026-09-16T10:59:30,2024-04-20T01:50:06,2024-04-20T01:50:06,MOD Administrator,MOD Administrator,https://m365x71797824.sharepoint.com/sites/MigrationFileServer/Clients/CL1002_Clinique_Saint-Aubin/04_Correspondance/Echange_02.eml.txt,0185A4A1345907F490B8B83E89DB929B
Clients,CL1002_Clinique_Saint-Aubin/05_Projets/Audit_securite/Compte_rendu_COPIL.docx,/sites/MigrationFileServer/Clients/CL1002_Clinique_Saint-Aubin/05_Projets/Audit_securite/Compte_rendu_COPIL.docx,Compte_rendu_COPIL.docx,.docx,36732,2026-09-16T10:43:30,2026-07-18T12:29:13,2026-07-18T12:29:13,MOD Administrator,MOD Administrator,https://m365x71797824.sharepoint.com/sites/MigrationFileServer/Clients/CL1002_Clinique_Saint-Aubin/05_Projets/Audit_securite/Compte_rendu_COPIL.docx,01245FFB65FFD96A5238A223049219C1
Clients,CL1002_Clinique_Saint-Aubin/05_Projets/Audit_securite/Planning_Audit_securite.xlsx,/sites/MigrationFileServer/Clients/CL1002_Clinique_Saint-Aubin/05_Projets/Audit_securite/Planning_Audit_securite.xlsx,Planning_Audit_securite.xlsx,.xlsx,5136,2026-09-16T10:10:59,2026-06-21T13:44:38,2026-06-21T13:44:38,MOD Administrator,MOD Administrator,https://m365x71797824.sharepoint.com/sites/MigrationFileServer/Clients/CL1002_Clinique_Saint-Aubin/05_Projets/Audit_securite/Planning_Audit_securite.xlsx,01862063765D35582D875C2420C1DB91
Clients,CL1002_Clinique_Saint-Aubin/05_Projets/Audit_securite/Presentation_lancement_Audit_securite.pptx,/sites/MigrationFileServer/Clients/CL1002_Clinique_Saint-Aubin/05_Projets/Audit_securite/Presentation_lancement_Audit_securite.pptx,Presentation_lancement_Audit_securite.pptx,.pptx,29174,2026-09-16T10:19:33,2026-01-01T03:47:01,2026-01-01T03:47:01,MOD Administrator,MOD Administrator,https://m365x71797824.sharepoint.com/sites/MigrationFileServer/Clients/CL1002_Clinique_Saint-Aubin/05_Projets/Audit_securite/Presentation_lancement_Audit_securite.pptx,013D17A7DB5DA48846D037E73E2B4C4A
Clients,CL1002_Clinique_Saint-Aubin/05_Projets/Refonte_site_web/Compte_rendu_COPIL.docx,/sites/MigrationFileServer/Clients/CL1002_Clinique_Saint-Aubin/05_Projets/Refonte_site_web/Compte_rendu_COPIL.docx,Compte_rendu_COPIL.docx,.docx,36732,2026-09-16T10:49:11,2026-08-28T01:00:53,2026-08-28T01:00:53,MOD Administrator,MOD Administrator,https://m365x71797824.sharepoint.com/sites/MigrationFileServer/Clients/CL1002_Clinique_Saint-Aubin/05_Projets/Refonte_site_web/Compte_rendu_COPIL.docx,0175D623F1A96CBE5DD2670E4D27076E
Clients,CL1002_Clinique_Saint-Aubin/05_Projets/Refonte_site_web/Planning_Refonte_site_web.xlsx,/sites/MigrationFileServer/Clients/CL1002_Clinique_Saint-Aubin/05_Projets/Refonte_site_web/Planning_Refonte_site_web.xlsx,Planning_Refonte_site_web.xlsx,.xlsx,5134,2026-09-16T10:17:40,2026-05-28T05:53:24,2026-05-28T05:53:24,MOD Administrator,MOD Administrator,https://m365x71797824.sharepoint.com/sites/MigrationFileServer/Clients/CL1002_Clinique_Saint-Aubin/05_Projets/Refonte_site_web/Planning_Refonte_site_web.xlsx,01E4DECB20DB1567FBD3D35B21F28641
Clients,CL1002_Clinique_Saint-Aubin/05_Projets/Refonte_site_web/Presentation_lancement_Refonte_site_web.pptx,/sites/MigrationFileServer/Clients/CL1002_Clinique_Saint-Aubin/05_Projets/Refonte_site_web/Presentation_lancement_Refonte_site_web.pptx,Presentation_lancement_Refonte_site_web.pptx,.pptx,29177,2026-09-16T10:47:55,2026-05-01T02:44:31,2026-05-01T02:44:31,MOD Administrator,MOD Administrator,https://m365x71797824.sharepoint.com/sites/MigrationFileServer/Clients/CL1002_Clinique_Saint-Aubin/05_Projets/Refonte_site_web/Presentation_lancement_Refonte_site_web.pptx,01619A6461526C2B5B0B130821E91A13
Clients,CL1003_Hôtel_des_Tilleuls/01_Contrats/Contrat_cadre_CL1003_2018.docx,/sites/MigrationFileServer/Clients/CL1003_Hôtel_des_Tilleuls/01_Contrats/Contrat_cadre_CL1003_2018.docx,Contrat_cadre_CL1003_2018.docx,.docx,36787,2026-09-16T10:29:53,2018-09-13T20:56:02,2018-09-13T20:56:02,MOD Administrator,MOD Administrator,https://m365x71797824.sharepoint.com/sites/MigrationFileServer/Clients/CL1003_Hôtel_des_Tilleuls/01_Contrats/Contrat_cadre_CL1003_2018.docx,011F7F28386D9570EFD1596B40DD15D5
Clients,CL1003_Hôtel_des_Tilleuls/01_Contrats/Contrat_cadre_CL1003_2018_signe.pdf,/sites/MigrationFileServer/Clients/CL1003_Hôtel_des_Tilleuls/01_Contrats/Contrat_cadre_CL1003_2018_signe.pdf,Contrat_cadre_CL1003_2018_signe.pdf,.pdf,1659,2026-09-16T10:32:09,2018-09-15T19:33:58,2018-09-15T19:33:58,MOD Administrator,MOD Administrator,https://m365x71797824.sharepoint.com/sites/MigrationFileServer/Clients/CL1003_Hôtel_des_Tilleuls/01_Contrats/Contrat_cadre_CL1003_2018_signe.pdf,011A514B4D6009A07A40611C92B3DF05
Clients,CL1003_Hôtel_des_Tilleuls/02_Devis/Devis_CL1003_2021-01.docx,/sites/MigrationFileServer/Clients/CL1003_Hôtel_des_Tilleuls/02_Devis/Devis_CL1003_2021-01.docx,Devis_CL1003_2021-01.docx,.docx,36750,2026-09-16T10:29:22,2021-03-19T08:01:31,2021-03-19T08:01:31,MOD Administrator,MOD Administrator,https://m365x71797824.sharepoint.com/sites/MigrationFileServer/Clients/CL1003_Hôtel_des_Tilleuls/02_Devis/Devis_CL1003_2021-01.docx,0185775F4F85C82E36CD9F5EC5A9BAA6
Clients,CL1003_Hôtel_des_Tilleuls/02_Devis/Devis_CL1003_2021-02.docx,/sites/MigrationFileServer/Clients/CL1003_Hôtel_des_Tilleuls/02_Devis/Devis_CL1003_2021-02.docx,Devis_CL1003_2021-02.docx,.docx,36746,2026-09-16T10:25:28,2021-10-26T10:50:23,2021-10-26T10:50:23,MOD Administrator,MOD Administrator,https://m365x71797824.sharepoint.com/sites/MigrationFileServer/Clients/CL1003_Hôtel_des_Tilleuls/02_Devis/Devis_CL1003_2021-02.docx,016542A69246674B2816872F85A9886C
Clients,CL1003_Hôtel_des_Tilleuls/02_Devis/Modele_devis - Copie.docx,/sites/MigrationFileServer/Clients/CL1003_Hôtel_des_Tilleuls/02_Devis/Modele_devis - Copie.docx,Modele_devis - Copie.docx,.docx,36722,2026-09-16T10:24:28,2021-01-27T02:06:45,2021-01-27T02:06:45,MOD Administrator,MOD Administrator,https://m365x71797824.sharepoint.com/sites/MigrationFileServer/Clients/CL1003_Hôtel_des_Tilleuls/02_Devis/Modele_devis%20-%20Copie.docx,01A27777BC730647D51C9ED256B1EC8C
Clients,CL1003_Hôtel_des_Tilleuls/03_Factures/2024/Facture_CL1003_202404.pdf,/sites/MigrationFileServer/Clients/CL1003_Hôtel_des_Tilleuls/03_Factures/2024/Facture_CL1003_202404.pdf,Facture_CL1003_202404.pdf,.pdf,1708,2026-09-16T10:36:46,2024-04-05T10:00:00,2024-04-05T10:00:00,MOD Administrator,MOD Administrator,https://m365x71797824.sharepoint.com/sites/MigrationFileServer/Clients/CL1003_Hôtel_des_Tilleuls/03_Factures/2024/Facture_CL1003_202404.pdf,0184703E8EC240E6B12CACE96DCC5C2F
Clients,CL1003_Hôtel_des_Tilleuls/03_Factures/2024/Facture_CL1003_202409.pdf,/sites/MigrationFileServer/Clients/CL1003_Hôtel_des_Tilleuls/03_Factures/2024/Facture_CL1003_202409.pdf,Facture_CL1003_202409.pdf,.pdf,1707,2026-09-16T10:15:00,2024-09-23T10:00:00,2024-09-23T10:00:00,MOD Administrator,MOD Administrator,https://m365x71797824.sharepoint.com/sites/MigrationFileServer/Clients/CL1003_Hôtel_des_Tilleuls/03_Factures/2024/Facture_CL1003_202409.pdf,017D2070CF5DEED32E2169EB7FAE2045
Clients,CL1003_Hôtel_des_Tilleuls/03_Factures/2024/Facture_CL1003_202412.pdf,/sites/MigrationFileServer/Clients/CL1003_Hôtel_des_Tilleuls/03_Factures/2024/Facture_CL1003_202412.pdf,Facture_CL1003_202412.pdf,.pdf,1707,2026-09-16T10:39:42,2024-12-15T10:00:00,2024-12-15T10:00:00,MOD Administrator,MOD Administrator,https://m365x71797824.sharepoint.com/sites/MigrationFileServer/Clients/CL1003_Hôtel_des_Tilleuls/03_Factures/2024/Facture_CL1003_202412.pdf,0185FCA4905EEB07F49F6C3FF23CD545
Clients,CL1003_Hôtel_des_Tilleuls/03_Factures/2025/Facture_CL1003_202506.pdf,/sites/MigrationFileServer/Clients/CL1003_Hôtel_des_Tilleuls/03_Factures/2025/Facture_CL1003_202506.pdf,Facture_CL1003_202506.pdf,.pdf,1708,2026-09-16T10:27:51,2025-06-18T10:00:00,2025-06-18T10:00:00,MOD Administrator,MOD Administrator,https://m365x71797824.sharepoint.com/sites/MigrationFileServer/Clients/CL1003_Hôtel_des_Tilleuls/03_Factures/2025/Facture_CL1003_202506.pdf,018E6326BA048C5C5840BBD6846191F2
Clients,CL1003_Hôtel_des_Tilleuls/03_Factures/2025/Facture_CL1003_202508.pdf,/sites/MigrationFileServer/Clients/CL1003_Hôtel_des_Tilleuls/03_Factures/2025/Facture_CL1003_202508.pdf,Facture_CL1003_202508.pdf,.pdf,1708,2026-09-16T10:18:00,2025-08-08T10:00:00,2025-08-08T10:00:00,MOD Administrator,MOD Administrator,https://m365x71797824.sharepoint.com/sites/MigrationFileServer/Clients/CL1003_Hôtel_des_Tilleuls/03_Factures/2025/Facture_CL1003_202508.pdf,019730FF8C0EC7B2E342798C98920F90
Clients,CL1003_Hôtel_des_Tilleuls/03_Factures/2025/Facture_CL1003_202510.pdf,/sites/MigrationFileServer/Clients/CL1003_Hôtel_des_Tilleuls/03_Factures/2025/Facture_CL1003_202510.pdf,Facture_CL1003_202510.pdf,.pdf,1708,2026-09-16T10:17:19,2025-10-09T10:00:00,2025-10-09T10:00:00,MOD Administrator,MOD Administrator,https://m365x71797824.sharepoint.com/sites/MigrationFileServer/Clients/CL1003_Hôtel_des_Tilleuls/03_Factures/2025/Facture_CL1003_202510.pdf,01EABB98B9464BE27D8B6ED8D9B7DAAD
Clients,CL1003_Hôtel_des_Tilleuls/03_Factures/2025/Facture_CL1003_202511.pdf,/sites/MigrationFileServer/Clients/CL1003_Hôtel_des_Tilleuls/03_Factures/2025/Facture_CL1003_202511.pdf,Facture_CL1003_202511.pdf,.pdf,1707,2026-09-16T10:26:16,2025-11-11T10:00:00,2025-11-11T10:00:00,MOD Administrator,MOD Administrator,https://m365x71797824.sharepoint.com/sites/MigrationFileServer/Clients/CL1003_Hôtel_des_Tilleuls/03_Factures/2025/Facture_CL1003_202511.pdf,0170253691D58A496243F1840E3DE8AC
Clients,CL1003_Hôtel_des_Tilleuls/03_Factures/2025/Facture_CL1003_202512.pdf,/sites/MigrationFileServer/Clients/CL1003_Hôtel_des_Tilleuls/03_Factures/2025/Facture_CL1003_202512.pdf,Facture_CL1003_202512.pdf,.pdf,1705,2026-09-16T10:11:33,2025-12-23T10:00:00,2025-12-23T10:00:00,MOD Administrator,MOD Administrator,https://m365x71797824.sharepoint.com/sites/MigrationFileServer/Clients/CL1003_Hôtel_des_Tilleuls/03_Factures/2025/Facture_CL1003_202512.pdf,0116BDE349DBE0475A7E4EE40FA2DA43
Clients,CL1003_Hôtel_des_Tilleuls/03_Factures/2026/Facture_CL1003_202601.pdf,/sites/MigrationFileServer/Clients/CL1003_Hôtel_des_Tilleuls/03_Factures/2026/Facture_CL1003_202601.pdf,Facture_CL1003_202601.pdf,.pdf,1708,2026-09-16T10:18:08,2026-01-18T10:00:00,2026-01-18T10:00:00,MOD Administrator,MOD Administrator,https://m365x71797824.sharepoint.com/sites/MigrationFileServer/Clients/CL1003_Hôtel_des_Tilleuls/03_Factures/2026/Facture_CL1003_202601.pdf,014A5B1DC5CAD508E1F557963D6C5346
Clients,CL1003_Hôtel_des_Tilleuls/03_Factures/2026/Facture_CL1003_202602.pdf,/sites/MigrationFileServer/Clients/CL1003_Hôtel_des_Tilleuls/03_Factures/2026/Facture_CL1003_202602.pdf,Facture_CL1003_202602.pdf,.pdf,1708,2026-09-16T10:45:49,2026-02-25T10:00:00,2026-02-25T10:00:00,MOD Administrator,MOD Administrator,https://m365x71797824.sharepoint.com/sites/MigrationFileServer/Clients/CL1003_Hôtel_des_Tilleuls/03_Factures/2026/Facture_CL1003_202602.pdf,01B7A7CC170B3D0A1DEBA7323E5F226B
Clients,CL1003_Hôtel_des_Tilleuls/03_Factures/2026/Facture_CL1003_202603.pdf,/sites/MigrationFileServer/Clients/CL1003_Hôtel_des_Tilleuls/03_Factures/2026/Facture_CL1003_202603.pdf,Facture_CL1003_202603.pdf,.pdf,1709,2026-09-16T10:34:24,2026-03-19T10:00:00,2026-03-19T10:00:00,MOD Administrator,MOD Administrator,https://m365x71797824.sharepoint.com/sites/MigrationFileServer/Clients/CL1003_Hôtel_des_Tilleuls/03_Factures/2026/Facture_CL1003_202603.pdf,01C0CAE261B668C9110AB04A875DFF24
Clients,CL1003_Hôtel_des_Tilleuls/03_Factures/2026/Facture_CL1003_202605.pdf,/sites/MigrationFileServer/Clients/CL1003_Hôtel_des_Tilleuls/03_Factures/2026/Facture_CL1003_202605.pdf,Facture_CL1003_202605.pdf,.pdf,1708,2026-09-16T10:24:26,2026-05-27T10:00:00,2026-05-27T10:00:00,MOD Administrator,MOD Administrator,https://m365x71797824.sharepoint.com/sites/MigrationFileServer/Clients/CL1003_Hôtel_des_Tilleuls/03_Factures/2026/Facture_CL1003_202605.pdf,01CF9251E19B81289EA5EF82FC6E53DB
Clients,CL1003_Hôtel_des_Tilleuls/04_Correspondance/Echange_01.eml.txt,/sites/MigrationFileServer/Clients/CL1003_Hôtel_des_Tilleuls/04_Correspondance/Echange_01.eml.txt,Echange_01.eml.txt,.txt,106,2026-09-16T10:22:22,2022-09-16T02:17:09,2022-09-16T02:17:09,MOD Administrator,MOD Administrator,https://m365x71797824.sharepoint.com/sites/MigrationFileServer/Clients/CL1003_Hôtel_des_Tilleuls/04_Correspondance/Echange_01.eml.txt,019425BE21D985C91D62A6C5953D1696
Clients,CL1003_Hôtel_des_Tilleuls/04_Correspondance/Echange_02.eml.txt,/sites/MigrationFileServer/Clients/CL1003_Hôtel_des_Tilleuls/04_Correspondance/Echange_02.eml.txt,Echange_02.eml.txt,.txt,106,2026-09-16T10:14:59,2021-11-10T07:38:06,2021-11-10T07:38:06,MOD Administrator,MOD Administrator,https://m365x71797824.sharepoint.com/sites/MigrationFileServer/Clients/CL1003_Hôtel_des_Tilleuls/04_Correspondance/Echange_02.eml.txt,01F8AC1DB1FA49D313310D59139E59AA
Clients,CL1003_Hôtel_des_Tilleuls/04_Correspondance/Echange_03.eml.txt,/sites/MigrationFileServer/Clients/CL1003_Hôtel_des_Tilleuls/04_Correspondance/Echange_03.eml.txt,Echange_03.eml.txt,.txt,106,2026-09-16T10:51:37,2022-06-10T04:02:09,2022-06-10T04:02:09,MOD Administrator,MOD Administrator,https://m365x71797824.sharepoint.com/sites/MigrationFileServer/Clients/CL1003_Hôtel_des_Tilleuls/04_Correspondance/Echange_03.eml.txt,013400447AAA64DA7D10381D145F52B8
Clients,CL1003_Hôtel_des_Tilleuls/04_Correspondance/Echange_04.eml.txt,/sites/MigrationFileServer/Clients/CL1003_Hôtel_des_Tilleuls/04_Correspondance/Echange_04.eml.txt,Echange_04.eml.txt,.txt,106,2026-09-16T10:27:55,2022-12-23T03:08:07,2022-12-23T03:08:07,MOD Administrator,MOD Administrator,https://m365x71797824.sharepoint.com/sites/MigrationFileServer/Clients/CL1003_Hôtel_des_Tilleuls/04_Correspondance/Echange_04.eml.txt,01720D7B54C18BBB5B1476E333121EA0
Clients,CL1003_Hôtel_des_Tilleuls/05_Projets/Refonte_site_web/Compte_rendu_COPIL.docx,/sites/MigrationFileServer/Clients/CL1003_Hôtel_des_Tilleuls/05_Projets/Refonte_site_web/Compte_rendu_COPIL.docx,Compte_rendu_COPIL.docx,.docx,36732,2026-09-16T10:30:25,2025-03-29T01:54:07,2025-03-29T01:54:07,MOD Administrator,MOD Administrator,https://m365x71797824.sharepoint.com/sites/MigrationFileServer/Clients/CL1003_Hôtel_des_Tilleuls/05_Projets/Refonte_site_web/Compte_rendu_COPIL.docx,01EF8D13867F2128EC6A2A93C8869BD0
Clients,CL1003_Hôtel_des_Tilleuls/05_Projets/Refonte_site_web/Planning_Refonte_site_web.xlsx,/sites/MigrationFileServer/Clients/CL1003_Hôtel_des_Tilleuls/05_Projets/Refonte_site_web/Planning_Refonte_site_web.xlsx,Planning_Refonte_site_web.xlsx,.xlsx,5135,2026-09-16T10:47:48,2025-01-21T05:28:22,2025-01-21T05:28:22,MOD Administrator,MOD Administrator,https://m365x71797824.sharepoint.com/sites/MigrationFileServer/Clients/CL1003_Hôtel_des_Tilleuls/05_Projets/Refonte_site_web/Planning_Refonte_site_web.xlsx,0197C0349C1B9958B3068D05D8CAA886
Clients,CL1003_Hôtel_des_Tilleuls/05_Projets/Refonte_site_web/Presentation_lancement_Refonte_site_web.pptx,/sites/MigrationFileServer/Clients/CL1003_Hôtel_des_Tilleuls/05_Projets/Refonte_site_web/Presentation_lancement_Refonte_site_web.pptx,Presentation_lancement_Refonte_site_web.pptx,.pptx,29176,2026-09-16T10:42:29,2025-04-19T01:32:22,2025-04-19T01:32:22,MOD Administrator,MOD Administrator,https://m365x71797824.sharepoint.com/sites/MigrationFileServer/Clients/CL1003_Hôtel_des_Tilleuls/05_Projets/Refonte_site_web/Presentation_lancement_Refonte_site_web.pptx,01D6EEB849B371225176514EABEF6002
Clients,CL1003_Hôtel_des_Tilleuls/05_Projets/Tableau_de_bord/Compte_rendu_COPIL.docx,/sites/MigrationFileServer/Clients/CL1003_Hôtel_des_Tilleuls/05_Projets/Tableau_de_bord/Compte_rendu_COPIL.docx,Compte_rendu_COPIL.docx,.docx,36732,2026-09-16T10:33:26,2025-03-24T04:49:00,2025-03-24T04:49:00,MOD Administrator,MOD Administrator,https://m365x71797824.sharepoint.com/sites/MigrationFileServer/Clients/CL1003_Hôtel_des_Tilleuls/05_Projets/Tableau_de_bord/Compte_rendu_COPIL.docx,01E3EE1D952D1D7E57793E021DFEB3BF
Clients,CL1003_Hôtel_des_Tilleuls/05_Projets/Tableau_de_bord/Planning_Tableau_de_bord.xlsx,/sites/MigrationFileServer/Clients/CL1003_Hôtel_des_Tilleuls/05_Projets/Tableau_de_bord/Planning_Tableau_de_bord.xlsx,Planning_Tableau_de_bord.xlsx,.xlsx,5141,2026-09-16T10:10:28,2025-01-20T12:41:12,2025-01-20T12:41:12,MOD Administrator,MOD Administrator,https://m365x71797824.sharepoint.com/sites/MigrationFileServer/Clients/CL1003_Hôtel_des_Tilleuls/05_Projets/Tableau_de_bord/Planning_Tableau_de_bord.xlsx,018304D71522A1CA2E7DC3E17E65CA10
Clients,CL1003_Hôtel_des_Tilleuls/05_Projets/Tableau_de_bord/Presentation_lancement_Tableau_de_bord.pptx,/sites/MigrationFileServer/Clients/CL1003_Hôtel_des_Tilleuls/05_Projets/Tableau_de_bord/Presentation_lancement_Tableau_de_bord.pptx,Presentation_lancement_Tableau_de_bord.pptx,.pptx,29177,2026-09-16T10:54:52,2025-08-18T20:50:25,2025-08-18T20:50:25,MOD Administrator,MOD Administrator,https://m365x71797824.sharepoint.com/sites/MigrationFileServer/Clients/CL1003_Hôtel_des_Tilleuls/05_Projets/Tableau_de_bord/Presentation_lancement_Tableau_de_bord.pptx,01BD8E02E33B7F9783AB9E0EC5026F4E
Clients,CL1004_Menuiserie_Kerbrat/01_Contrats/Contrat_cadre_CL1004_2022.docx,/sites/MigrationFileServer/Clients/CL1004_Menuiserie_Kerbrat/01_Contrats/Contrat_cadre_CL1004_2022.docx,Contrat_cadre_CL1004_2022.docx,.docx,36784,2026-09-16T10:18:25,2022-01-16T15:13:58,2022-01-16T15:13:58,MOD Administrator,MOD Administrator,https://m365x71797824.sharepoint.com/sites/MigrationFileServer/Clients/CL1004_Menuiserie_Kerbrat/01_Contrats/Contrat_cadre_CL1004_2022.docx,01AE0A18B4ECFFD2090A63F9118AAA94
Clients,CL1004_Menuiserie_Kerbrat/01_Contrats/Contrat_cadre_CL1004_2022_signe.pdf,/sites/MigrationFileServer/Clients/CL1004_Menuiserie_Kerbrat/01_Contrats/Contrat_cadre_CL1004_2022_signe.pdf,Contrat_cadre_CL1004_2022_signe.pdf,.pdf,1665,2026-09-16T10:24:35,2022-03-19T10:10:34,2022-03-19T10:10:34,MOD Administrator,MOD Administrator,https://m365x71797824.sharepoint.com/sites/MigrationFileServer/Clients/CL1004_Menuiserie_Kerbrat/01_Contrats/Contrat_cadre_CL1004_2022_signe.pdf,01C516BDE4633289B6C4EC27505484D1
Clients,CL1004_Menuiserie_Kerbrat/02_Devis/Devis_CL1004_2023-01.docx,/sites/MigrationFileServer/Clients/CL1004_Menuiserie_Kerbrat/02_Devis/Devis_CL1004_2023-01.docx,Devis_CL1004_2023-01.docx,.docx,36746,2026-09-16T10:35:07,2023-02-14T10:11:12,2023-02-14T10:11:12,MOD Administrator,MOD Administrator,https://m365x71797824.sharepoint.com/sites/MigrationFileServer/Clients/CL1004_Menuiserie_Kerbrat/02_Devis/Devis_CL1004_2023-01.docx,0113BF3D4FD90F42D8388059EA170DA6
Clients,CL1004_Menuiserie_Kerbrat/02_Devis/Devis_CL1004_2025-02.docx,/sites/MigrationFileServer/Clients/CL1004_Menuiserie_Kerbrat/02_Devis/Devis_CL1004_2025-02.docx,Devis_CL1004_2025-02.docx,.docx,36751,2026-09-16T10:42:52,2025-03-07T03:54:29,2025-03-07T03:54:29,MOD Administrator,MOD Administrator,https://m365x71797824.sharepoint.com/sites/MigrationFileServer/Clients/CL1004_Menuiserie_Kerbrat/02_Devis/Devis_CL1004_2025-02.docx,01169791627F37A9B31A096F2103F608
Clients,CL1004_Menuiserie_Kerbrat/03_Factures/2024/Facture_CL1004_202403.pdf,/sites/MigrationFileServer/Clients/CL1004_Menuiserie_Kerbrat/03_Factures/2024/Facture_CL1004_202403.pdf,Facture_CL1004_202403.pdf,.pdf,1703,2026-09-16T10:54:13,2024-03-19T10:00:00,2024-03-19T10:00:00,MOD Administrator,MOD Administrator,https://m365x71797824.sharepoint.com/sites/MigrationFileServer/Clients/CL1004_Menuiserie_Kerbrat/03_Factures/2024/Facture_CL1004_202403.pdf,01D2F139FC0E14C998744B8963907D6B
Clients,CL1004_Menuiserie_Kerbrat/03_Factures/2024/Facture_CL1004_202406.pdf,/sites/MigrationFileServer/Clients/CL1004_Menuiserie_Kerbrat/03_Factures/2024/Facture_CL1004_202406.pdf,Facture_CL1004_202406.pdf,.pdf,1703,2026-09-16T10:49:12,2024-06-07T10:00:00,2024-06-07T10:00:00,MOD Administrator,MOD Administrator,https://m365x71797824.sharepoint.com/sites/MigrationFileServer/Clients/CL1004_Menuiserie_Kerbrat/03_Factures/2024/Facture_CL1004_202406.pdf,01DCED67F27B98389655E9263CB60802
Clients,CL1004_Menuiserie_Kerbrat/03_Factures/2024/Facture_CL1004_202408.pdf,/sites/MigrationFileServer/Clients/CL1004_Menuiserie_Kerbrat/03_Factures/2024/Facture_CL1004_202408.pdf,Facture_CL1004_202408.pdf,.pdf,1705,2026-09-16T10:09:35,2024-08-10T10:00:00,2024-08-10T10:00:00,MOD Administrator,MOD Administrator,https://m365x71797824.sharepoint.com/sites/MigrationFileServer/Clients/CL1004_Menuiserie_Kerbrat/03_Factures/2024/Facture_CL1004_202408.pdf,01D7F741646AFD1120BF7840C0B0E659
Clients,CL1004_Menuiserie_Kerbrat/03_Factures/2024/Facture_CL1004_202412.pdf,/sites/MigrationFileServer/Clients/CL1004_Menuiserie_Kerbrat/03_Factures/2024/Facture_CL1004_202412.pdf,Facture_CL1004_202412.pdf,.pdf,1703,2026-09-16T10:43:08,2024-12-22T10:00:00,2024-12-22T10:00:00,MOD Administrator,MOD Administrator,https://m365x71797824.sharepoint.com/sites/MigrationFileServer/Clients/CL1004_Menuiserie_Kerbrat/03_Factures/2024/Facture_CL1004_202412.pdf,010CD30D4AD11D0BA7682DDAC2FF8320
Clients,CL1004_Menuiserie_Kerbrat/03_Factures/2025/Facture_CL1004_202502.pdf,/sites/MigrationFileServer/Clients/CL1004_Menuiserie_Kerbrat/03_Factures/2025/Facture_CL1004_202502.pdf,Facture_CL1004_202502.pdf,.pdf,1703,2026-09-16T10:46:09,2025-02-16T10:00:00,2025-02-16T10:00:00,MOD Administrator,MOD Administrator,https://m365x71797824.sharepoint.com/sites/MigrationFileServer/Clients/CL1004_Menuiserie_Kerbrat/03_Factures/2025/Facture_CL1004_202502.pdf,0184AA024F30B44021559709AE520B88
Clients,CL1004_Menuiserie_Kerbrat/03_Factures/2025/Facture_CL1004_202506.pdf,/sites/MigrationFileServer/Clients/CL1004_Menuiserie_Kerbrat/03_Factures/2025/Facture_CL1004_202506.pdf,Facture_CL1004_202506.pdf,.pdf,1704,2026-09-16T10:06:11,2025-06-21T10:00:00,2025-06-21T10:00:00,MOD Administrator,MOD Administrator,https://m365x71797824.sharepoint.com/sites/MigrationFileServer/Clients/CL1004_Menuiserie_Kerbrat/03_Factures/2025/Facture_CL1004_202506.pdf,01851F6C6546509A2689F45CAEFD1A2D
Clients,CL1004_Menuiserie_Kerbrat/03_Factures/2025/Facture_CL1004_202508.pdf,/sites/MigrationFileServer/Clients/CL1004_Menuiserie_Kerbrat/03_Factures/2025/Facture_CL1004_202508.pdf,Facture_CL1004_202508.pdf,.pdf,1704,2026-09-16T10:22:05,2025-08-19T10:00:00,2025-08-19T10:00:00,MOD Administrator,MOD Administrator,https://m365x71797824.sharepoint.com/sites/MigrationFileServer/Clients/CL1004_Menuiserie_Kerbrat/03_Factures/2025/Facture_CL1004_202508.pdf,01A9F8EF9141493F1B623BC05A50236C
Clients,CL1004_Menuiserie_Kerbrat/03_Factures/2025/Facture_CL1004_202510.pdf,/sites/MigrationFileServer/Clients/CL1004_Menuiserie_Kerbrat/03_Factures/2025/Facture_CL1004_202510.pdf,Facture_CL1004_202510.pdf,.pdf,1704,2026-09-16T10:25:35,2025-10-08T10:00:00,2025-10-08T10:00:00,MOD Administrator,MOD Administrator,https://m365x71797824.sharepoint.com/sites/MigrationFileServer/Clients/CL1004_Menuiserie_Kerbrat/03_Factures/2025/Facture_CL1004_202510.pdf,016B9385E9E2C39F1982CFA57E651078
Clients,CL1004_Menuiserie_Kerbrat/03_Factures/2026/Facture_CL1004_202601.pdf,/sites/MigrationFileServer/Clients/CL1004_Menuiserie_Kerbrat/03_Factures/2026/Facture_CL1004_202601.pdf,Facture_CL1004_202601.pdf,.pdf,1704,2026-09-16T10:49:03,2026-01-11T10:00:00,2026-01-11T10:00:00,MOD Administrator,MOD Administrator,https://m365x71797824.sharepoint.com/sites/MigrationFileServer/Clients/CL1004_Menuiserie_Kerbrat/03_Factures/2026/Facture_CL1004_202601.pdf,01DDE4FAF13F9F2B264DF309944E8D83
Clients,CL1004_Menuiserie_Kerbrat/03_Factures/2026/Facture_CL1004_202603.pdf,/sites/MigrationFileServer/Clients/CL1004_Menuiserie_Kerbrat/03_Factures/2026/Facture_CL1004_202603.pdf,Facture_CL1004_202603.pdf,.pdf,1703,2026-09-16T10:30:51,2026-03-07T10:00:00,2026-03-07T10:00:00,MOD Administrator,MOD Administrator,https://m365x71797824.sharepoint.com/sites/MigrationFileServer/Clients/CL1004_Menuiserie_Kerbrat/03_Factures/2026/Facture_CL1004_202603.pdf,0141D04E298A231343DB4CD6F76FA482
Clients,CL1004_Menuiserie_Kerbrat/03_Factures/2026/Facture_CL1004_202604.pdf,/sites/MigrationFileServer/Clients/CL1004_Menuiserie_Kerbrat/03_Factures/2026/Facture_CL1004_202604.pdf,Facture_CL1004_202604.pdf,.pdf,1703,2026-09-16T10:25:12,2026-04-08T10:00:00,2026-04-08T10:00:00,MOD Administrator,MOD Administrator,https://m365x71797824.sharepoint.com/sites/MigrationFileServer/Clients/CL1004_Menuiserie_Kerbrat/03_Factures/2026/Facture_CL1004_202604.pdf,01896EEEF5351F20FF0D56E62521BA61
Clients,CL1004_Menuiserie_Kerbrat/03_Factures/2026/Facture_CL1004_202606.pdf,/sites/MigrationFileServer/Clients/CL1004_Menuiserie_Kerbrat/03_Factures/2026/Facture_CL1004_202606.pdf,Facture_CL1004_202606.pdf,.pdf,1703,2026-09-16T10:47:23,2026-06-10T10:00:00,2026-06-10T10:00:00,MOD Administrator,MOD Administrator,https://m365x71797824.sharepoint.com/sites/MigrationFileServer/Clients/CL1004_Menuiserie_Kerbrat/03_Factures/2026/Facture_CL1004_202606.pdf,017D2E414DA804B52576D76B97EEB518
Clients,CL1004_Menuiserie_Kerbrat/03_Factures/2026/Facture_CL1004_202607.pdf,/sites/MigrationFileServer/Clients/CL1004_Menuiserie_Kerbrat/03_Factures/2026/Facture_CL1004_202607.pdf,Facture_CL1004_202607.pdf,.pdf,1704,2026-09-16T10:51:37,2026-07-12T10:00:00,2026-07-12T10:00:00,MOD Administrator,MOD Administrator,https://m365x71797824.sharepoint.com/sites/MigrationFileServer/Clients/CL1004_Menuiserie_Kerbrat/03_Factures/2026/Facture_CL1004_202607.pdf,01CD2BCA0BEE32A4755DA05C58242B22
Clients,CL1004_Menuiserie_Kerbrat/03_Factures/2026/Facture_CL1004_202608.pdf,/sites/MigrationFileServer/Clients/CL1004_Menuiserie_Kerbrat/03_Factures/2026/Facture_CL1004_202608.pdf,Facture_CL1004_202608.pdf,.pdf,1705,2026-09-16T10:27:12,2026-08-18T10:00:00,2026-08-18T10:00:00,MOD Administrator,MOD Administrator,https://m365x71797824.sharepoint.com/sites/MigrationFileServer/Clients/CL1004_Menuiserie_Kerbrat/03_Factures/2026/Facture_CL1004_202608.pdf,018E5E5CC0B4F88738EB5C670F74D8A2
Clients,CL1004_Menuiserie_Kerbrat/04_Correspondance/Echange_01.eml.txt,/sites/MigrationFileServer/Clients/CL1004_Menuiserie_Kerbrat/04_Correspondance/Echange_01.eml.txt,Echange_01.eml.txt,.txt,106,2026-09-16T10:48:03,2021-02-20T02:01:00,2021-02-20T02:01:00,MOD Administrator,MOD Administrator,https://m365x71797824.sharepoint.com/sites/MigrationFileServer/Clients/CL1004_Menuiserie_Kerbrat/04_Correspondance/Echange_01.eml.txt,018877DD0B022DB43D5073C6A9BAB0C1
Clients,CL1004_Menuiserie_Kerbrat/04_Correspondance/Echange_02.eml.txt,/sites/MigrationFileServer/Clients/CL1004_Menuiserie_Kerbrat/04_Correspondance/Echange_02.eml.txt,Echange_02.eml.txt,.txt,106,2026-09-16T10:10:26,2020-08-21T08:07:32,2020-08-21T08:07:32,MOD Administrator,MOD Administrator,https://m365x71797824.sharepoint.com/sites/MigrationFileServer/Clients/CL1004_Menuiserie_Kerbrat/04_Correspondance/Echange_02.eml.txt,0152D46EEFD2C97906909F4E3AF39003
Clients,CL1004_Menuiserie_Kerbrat/04_Correspondance/Echange_03.eml.txt,/sites/MigrationFileServer/Clients/CL1004_Menuiserie_Kerbrat/04_Correspondance/Echange_03.eml.txt,Echange_03.eml.txt,.txt,106,2026-09-16T10:08:17,2023-07-23T20:54:46,2023-07-23T20:54:46,MOD Administrator,MOD Administrator,https://m365x71797824.sharepoint.com/sites/MigrationFileServer/Clients/CL1004_Menuiserie_Kerbrat/04_Correspondance/Echange_03.eml.txt,014AA1FDC07069588ECBCC7409383DC1
Clients,CL1004_Menuiserie_Kerbrat/04_Correspondance/Echange_04.eml.txt,/sites/MigrationFileServer/Clients/CL1004_Menuiserie_Kerbrat/04_Correspondance/Echange_04.eml.txt,Echange_04.eml.txt,.txt,106,2026-09-16T10:18:45,2020-08-18T02:19:48,2020-08-18T02:19:48,MOD Administrator,MOD Administrator,https://m365x71797824.sharepoint.com/sites/MigrationFileServer/Clients/CL1004_Menuiserie_Kerbrat/04_Correspondance/Echange_04.eml.txt,01979359A0F92086BECD6E1FFB3598EC
Clients,CL1004_Menuiserie_Kerbrat/05_Projets/Audit_securite/Compte_rendu_COPIL.docx,/sites/MigrationFileServer/Clients/CL1004_Menuiserie_Kerbrat/05_Projets/Audit_securite/Compte_rendu_COPIL.docx,Compte_rendu_COPIL.docx,.docx,36732,2026-09-16T10:45:29,2026-06-21T01:28:00,2026-06-21T01:28:00,MOD Administrator,MOD Administrator,https://m365x71797824.sharepoint.com/sites/MigrationFileServer/Clients/CL1004_Menuiserie_Kerbrat/05_Projets/Audit_securite/Compte_rendu_COPIL.docx,0171E3B63EBA519468EF52EB3867EFEC
Clients,CL1004_Menuiserie_Kerbrat/05_Projets/Audit_securite/Planning_Audit_securite.xlsx,/sites/MigrationFileServer/Clients/CL1004_Menuiserie_Kerbrat/05_Projets/Audit_securite/Planning_Audit_securite.xlsx,Planning_Audit_securite.xlsx,.xlsx,5141,2026-09-16T10:19:56,2026-08-11T22:39:58,2026-08-11T22:39:58,MOD Administrator,MOD Administrator,https://m365x71797824.sharepoint.com/sites/MigrationFileServer/Clients/CL1004_Menuiserie_Kerbrat/05_Projets/Audit_securite/Planning_Audit_securite.xlsx,016F0853062E1D50B20EC6803F3405CD
Clients,CL1004_Menuiserie_Kerbrat/05_Projets/Audit_securite/Presentation_lancement_Audit_securite.pptx,/sites/MigrationFileServer/Clients/CL1004_Menuiserie_Kerbrat/05_Projets/Audit_securite/Presentation_lancement_Audit_securite.pptx,Presentation_lancement_Audit_securite.pptx,.pptx,29174,2026-09-16T10:46:07,2026-04-24T10:54:39,2026-04-24T10:54:39,MOD Administrator,MOD Administrator,https://m365x71797824.sharepoint.com/sites/MigrationFileServer/Clients/CL1004_Menuiserie_Kerbrat/05_Projets/Audit_securite/Presentation_lancement_Audit_securite.pptx,01E14378CCDCD5585D231247640C88D7
Clients,CL1004_Menuiserie_Kerbrat/05_Projets/Deploiement_Teams/Compte_rendu_COPIL.docx,/sites/MigrationFileServer/Clients/CL1004_Menuiserie_Kerbrat/05_Projets/Deploiement_Teams/Compte_rendu_COPIL.docx,Compte_rendu_COPIL.docx,.docx,36733,2026-09-16T10:10:52,2026-04-17T12:46:00,2026-04-17T12:46:00,MOD Administrator,MOD Administrator,https://m365x71797824.sharepoint.com/sites/MigrationFileServer/Clients/CL1004_Menuiserie_Kerbrat/05_Projets/Deploiement_Teams/Compte_rendu_COPIL.docx,0103A205AD2E1F558E7F452B6998A61C
Clients,CL1004_Menuiserie_Kerbrat/05_Projets/Deploiement_Teams/Planning_Deploiement_Teams.xlsx,/sites/MigrationFileServer/Clients/CL1004_Menuiserie_Kerbrat/05_Projets/Deploiement_Teams/Planning_Deploiement_Teams.xlsx,Planning_Deploiement_Teams.xlsx,.xlsx,5138,2026-09-16T10:52:35,2026-01-06T11:52:20,2026-01-06T11:52:20,MOD Administrator,MOD Administrator,https://m365x71797824.sharepoint.com/sites/MigrationFileServer/Clients/CL1004_Menuiserie_Kerbrat/05_Projets/Deploiement_Teams/Planning_Deploiement_Teams.xlsx,017F8B25FD2A0417F0CCFA8B19BCB91F
Clients,CL1004_Menuiserie_Kerbrat/05_Projets/Deploiement_Teams/Presentation_lancement_Deploiement_Teams.pptx,/sites/MigrationFileServer/Clients/CL1004_Menuiserie_Kerbrat/05_Projets/Deploiement_Teams/Presentation_lancement_Deploiement_Teams.pptx,Presentation_lancement_Deploiement_Teams.pptx,.pptx,29173,2026-09-16T10:20:43,2026-07-23T17:58:12,2026-07-23T17:58:12,MOD Administrator,MOD Administrator,https://m365x71797824.sharepoint.com/sites/MigrationFileServer/Clients/CL1004_Menuiserie_Kerbrat/05_Projets/Deploiement_Teams/Presentation_lancement_Deploiement_Teams.pptx,014B7E1509BFA8CB61ACCA1434B86E41
Clients,CL1005_Laboratoires_Vauclair/01_Contrats/Contrat_cadre_CL1005_2019.docx,/sites/MigrationFileServer/Clients/CL1005_Laboratoires_Vauclair/01_Contrats/Contrat_cadre_CL1005_2019.docx,Contrat_cadre_CL1005_2019.docx,.docx,36787,2026-09-16T10:57:13,2019-12-01T15:50:24,2019-12-01T15:50:24,MOD Administrator,MOD Administrator,https://m365x71797824.sharepoint.com/sites/MigrationFileServer/Clients/CL1005_Laboratoires_Vauclair/01_Contrats/Contrat_cadre_CL1005_2019.docx,0125518B0E28B1484FD69B05B488D197
Clients,CL1005_Laboratoires_Vauclair/01_Contrats/Contrat_cadre_CL1005_2019_signe.pdf,/sites/MigrationFileServer/Clients/CL1005_Laboratoires_Vauclair/01_Contrats/Contrat_cadre_CL1005_2019_signe.pdf,Contrat_cadre_CL1005_2019_signe.pdf,.pdf,1667,2026-09-16T10:55:58,2019-06-05T14:51:50,2019-06-05T14:51:50,MOD Administrator,MOD Administrator,https://m365x71797824.sharepoint.com/sites/MigrationFileServer/Clients/CL1005_Laboratoires_Vauclair/01_Contrats/Contrat_cadre_CL1005_2019_signe.pdf,0119D21CCA8427C6EF34F7E560B71ED3
Clients,CL1005_Laboratoires_Vauclair/02_Devis/Devis_CL1005_2019-01.docx,/sites/MigrationFileServer/Clients/CL1005_Laboratoires_Vauclair/02_Devis/Devis_CL1005_2019-01.docx,Devis_CL1005_2019-01.docx,.docx,36747,2026-09-16T10:35:06,2019-08-07T14:02:42,2019-08-07T14:02:42,MOD Administrator,MOD Administrator,https://m365x71797824.sharepoint.com/sites/MigrationFileServer/Clients/CL1005_Laboratoires_Vauclair/02_Devis/Devis_CL1005_2019-01.docx,01F36C45BB176EA2CCC8C4C797339DD9
Clients,CL1005_Laboratoires_Vauclair/02_Devis/Devis_CL1005_2022-02.docx,/sites/MigrationFileServer/Clients/CL1005_Laboratoires_Vauclair/02_Devis/Devis_CL1005_2022-02.docx,Devis_CL1005_2022-02.docx,.docx,36747,2026-09-16T10:09:26,2022-06-11T15:01:22,2022-06-11T15:01:22,MOD Administrator,MOD Administrator,https://m365x71797824.sharepoint.com/sites/MigrationFileServer/Clients/CL1005_Laboratoires_Vauclair/02_Devis/Devis_CL1005_2022-02.docx,0141F16855D5645201A8AC60D23948F2
Clients,CL1005_Laboratoires_Vauclair/02_Devis/Devis_CL1005_2022-03.docx,/sites/MigrationFileServer/Clients/CL1005_Laboratoires_Vauclair/02_Devis/Devis_CL1005_2022-03.docx,Devis_CL1005_2022-03.docx,.docx,36748,2026-09-16T10:51:57,2022-12-19T19:52:28,2022-12-19T19:52:28,MOD Administrator,MOD Administrator,https://m365x71797824.sharepoint.com/sites/MigrationFileServer/Clients/CL1005_Laboratoires_Vauclair/02_Devis/Devis_CL1005_2022-03.docx,0127A363E16CB11151AF97FAEC71418C
Clients,CL1005_Laboratoires_Vauclair/02_Devis/Devis_CL1005_2025-04.docx,/sites/MigrationFileServer/Clients/CL1005_Laboratoires_Vauclair/02_Devis/Devis_CL1005_2025-04.docx,Devis_CL1005_2025-04.docx,.docx,36750,2026-09-16T10:09:59,2025-01-24T09:23:13,2025-01-24T09:23:13,MOD Administrator,MOD Administrator,https://m365x71797824.sharepoint.com/sites/MigrationFileServer/Clients/CL1005_Laboratoires_Vauclair/02_Devis/Devis_CL1005_2025-04.docx,0128FF34D30AB08F08222619A0B219E5
Clients,CL1005_Laboratoires_Vauclair/03_Factures/2024/Facture_CL1005_202401.pdf,/sites/MigrationFileServer/Clients/CL1005_Laboratoires_Vauclair/03_Factures/2024/Facture_CL1005_202401.pdf,Facture_CL1005_202401.pdf,.pdf,1705,2026-09-16T10:59:28,2024-01-21T10:00:00,2024-01-21T10:00:00,MOD Administrator,MOD Administrator,https://m365x71797824.sharepoint.com/sites/MigrationFileServer/Clients/CL1005_Laboratoires_Vauclair/03_Factures/2024/Facture_CL1005_202401.pdf,01DFED9D7A3B901A2DC21756384B2BAB
Clients,CL1005_Laboratoires_Vauclair/03_Factures/2024/Facture_CL1005_202402.pdf,/sites/MigrationFileServer/Clients/CL1005_Laboratoires_Vauclair/03_Factures/2024/Facture_CL1005_202402.pdf,Facture_CL1005_202402.pdf,.pdf,1704,2026-09-16T10:43:51,2024-02-18T10:00:00,2024-02-18T10:00:00,MOD Administrator,MOD Administrator,https://m365x71797824.sharepoint.com/sites/MigrationFileServer/Clients/CL1005_Laboratoires_Vauclair/03_Factures/2024/Facture_CL1005_202402.pdf,01B827D2938F81D55CB4FA23E9519844
Clients,CL1005_Laboratoires_Vauclair/03_Factures/2024/Facture_CL1005_202403.pdf,/sites/MigrationFileServer/Clients/CL1005_Laboratoires_Vauclair/03_Factures/2024/Facture_CL1005_202403.pdf,Facture_CL1005_202403.pdf,.pdf,1705,2026-09-16T10:15:19,2024-03-16T10:00:00,2024-03-16T10:00:00,MOD Administrator,MOD Administrator,https://m365x71797824.sharepoint.com/sites/MigrationFileServer/Clients/CL1005_Laboratoires_Vauclair/03_Factures/2024/Facture_CL1005_202403.pdf,018C799DB1530B60A7420EE3C3E97285
Clients,CL1005_Laboratoires_Vauclair/03_Factures/2024/Facture_CL1005_202404.pdf,/sites/MigrationFileServer/Clients/CL1005_Laboratoires_Vauclair/03_Factures/2024/Facture_CL1005_202404.pdf,Facture_CL1005_202404.pdf,.pdf,1705,2026-09-16T10:59:13,2024-04-28T10:00:00,2024-04-28T10:00:00,MOD Administrator,MOD Administrator,https://m365x71797824.sharepoint.com/sites/MigrationFileServer/Clients/CL1005_Laboratoires_Vauclair/03_Factures/2024/Facture_CL1005_202404.pdf,01AA568415CCA3A4A0F20FFF4B26E2C6
Clients,CL1005_Laboratoires_Vauclair/03_Factures/2024/Facture_CL1005_202405.pdf,/sites/MigrationFileServer/Clients/CL1005_Laboratoires_Vauclair/03_Factures/2024/Facture_CL1005_202405.pdf,Facture_CL1005_202405.pdf,.pdf,1705,2026-09-16T10:20:25,2024-05-26T10:00:00,2024-05-26T10:00:00,MOD Administrator,MOD Administrator,https://m365x71797824.sharepoint.com/sites/MigrationFileServer/Clients/CL1005_Laboratoires_Vauclair/03_Factures/2024/Facture_CL1005_202405.pdf,016146046453DE9E36086EE8C7F96375
Clients,CL1005_Laboratoires_Vauclair/03_Factures/2024/Facture_CL1005_202407.pdf,/sites/MigrationFileServer/Clients/CL1005_Laboratoires_Vauclair/03_Factures/2024/Facture_CL1005_202407.pdf,Facture_CL1005_202407.pdf,.pdf,1707,2026-09-16T10:15:41,2024-07-08T10:00:00,2024-07-08T10:00:00,MOD Administrator,MOD Administrator,https://m365x71797824.sharepoint.com/sites/MigrationFileServer/Clients/CL1005_Laboratoires_Vauclair/03_Factures/2024/Facture_CL1005_202407.pdf,018BB44830A7A2DDCD392E71F44A82EE
Clients,CL1005_Laboratoires_Vauclair/03_Factures/2024/Facture_CL1005_202409.pdf,/sites/MigrationFileServer/Clients/CL1005_Laboratoires_Vauclair/03_Factures/2024/Facture_CL1005_202409.pdf,Facture_CL1005_202409.pdf,.pdf,1705,2026-09-16T10:50:05,2024-09-10T10:00:00,2024-09-10T10:00:00,MOD Administrator,MOD Administrator,https://m365x71797824.sharepoint.com/sites/MigrationFileServer/Clients/CL1005_Laboratoires_Vauclair/03_Factures/2024/Facture_CL1005_202409.pdf,01BA6DE76B261FBBCC76E6625732BA5B
Clients,CL1005_Laboratoires_Vauclair/03_Factures/2024/Facture_CL1005_202411.pdf,/sites/MigrationFileServer/Clients/CL1005_Laboratoires_Vauclair/03_Factures/2024/Facture_CL1005_202411.pdf,Facture_CL1005_202411.pdf,.pdf,1705,2026-09-16T10:17:27,2024-11-10T10:00:00,2024-11-10T10:00:00,MOD Administrator,MOD Administrator,https://m365x71797824.sharepoint.com/sites/MigrationFileServer/Clients/CL1005_Laboratoires_Vauclair/03_Factures/2024/Facture_CL1005_202411.pdf,011D4788C866C06D97ADCCD681554B64
Clients,CL1005_Laboratoires_Vauclair/03_Factures/2024/Facture_CL1005_202412.pdf,/sites/MigrationFileServer/Clients/CL1005_Laboratoires_Vauclair/03_Factures/2024/Facture_CL1005_202412.pdf,Facture_CL1005_202412.pdf,.pdf,1707,2026-09-16T10:08:53,2024-12-03T10:00:00,2024-12-03T10:00:00,MOD Administrator,MOD Administrator,https://m365x71797824.sharepoint.com/sites/MigrationFileServer/Clients/CL1005_Laboratoires_Vauclair/03_Factures/2024/Facture_CL1005_202412.pdf,01EC5E8396A8518AB61F43BAFC5A10A8
Clients,CL1005_Laboratoires_Vauclair/03_Factures/2025/Facture_CL1005_202503.pdf,/sites/MigrationFileServer/Clients/CL1005_Laboratoires_Vauclair/03_Factures/2025/Facture_CL1005_202503.pdf,Facture_CL1005_202503.pdf,.pdf,1705,2026-09-16T10:19:41,2025-03-22T10:00:00,2025-03-22T10:00:00,MOD Administrator,MOD Administrator,https://m365x71797824.sharepoint.com/sites/MigrationFileServer/Clients/CL1005_Laboratoires_Vauclair/03_Factures/2025/Facture_CL1005_202503.pdf,0112ABD36F86BDEC0B86380515F07E70
Clients,CL1005_Laboratoires_Vauclair/03_Factures/2025/Facture_CL1005_202505.pdf,/sites/MigrationFileServer/Clients/CL1005_Laboratoires_Vauclair/03_Factures/2025/Facture_CL1005_202505.pdf,Facture_CL1005_202505.pdf,.pdf,1707,2026-09-16T10:24:31,2025-05-27T10:00:00,2025-05-27T10:00:00,MOD Administrator,MOD Administrator,https://m365x71797824.sharepoint.com/sites/MigrationFileServer/Clients/CL1005_Laboratoires_Vauclair/03_Factures/2025/Facture_CL1005_202505.pdf,01C80DA511C0182C67048CB407591328
Clients,CL1005_Laboratoires_Vauclair/03_Factures/2025/Facture_CL1005_202507.pdf,/sites/MigrationFileServer/Clients/CL1005_Laboratoires_Vauclair/03_Factures/2025/Facture_CL1005_202507.pdf,Facture_CL1005_202507.pdf,.pdf,1705,2026-09-16T10:37:56,2025-07-15T10:00:00,2025-07-15T10:00:00,MOD Administrator,MOD Administrator,https://m365x71797824.sharepoint.com/sites/MigrationFileServer/Clients/CL1005_Laboratoires_Vauclair/03_Factures/2025/Facture_CL1005_202507.pdf,0133549B7D17CE4A2AE9B76EACEE093F
Clients,CL1005_Laboratoires_Vauclair/03_Factures/2025/Facture_CL1005_202509.pdf,/sites/MigrationFileServer/Clients/CL1005_Laboratoires_Vauclair/03_Factures/2025/Facture_CL1005_202509.pdf,Facture_CL1005_202509.pdf,.pdf,1704,2026-09-16T10:37:17,2025-09-03T10:00:00,2025-09-03T10:00:00,MOD Administrator,MOD Administrator,https://m365x71797824.sharepoint.com/sites/MigrationFileServer/Clients/CL1005_Laboratoires_Vauclair/03_Factures/2025/Facture_CL1005_202509.pdf,01957B17619907E9DA4D8E4EB1DD2E97
Clients,CL1005_Laboratoires_Vauclair/03_Factures/2025/Facture_CL1005_202510.pdf,/sites/MigrationFileServer/Clients/CL1005_Laboratoires_Vauclair/03_Factures/2025/Facture_CL1005_202510.pdf,Facture_CL1005_202510.pdf,.pdf,1705,2026-09-16T10:40:48,2025-10-28T10:00:00,2025-10-28T10:00:00,MOD Administrator,MOD Administrator,https://m365x71797824.sharepoint.com/sites/MigrationFileServer/Clients/CL1005_Laboratoires_Vauclair/03_Factures/2025/Facture_CL1005_202510.pdf,01786FC8A023C3E69B338A07E216A39B
Clients,CL1005_Laboratoires_Vauclair/03_Factures/2025/Facture_CL1005_202512.pdf,/sites/MigrationFileServer/Clients/CL1005_Laboratoires_Vauclair/03_Factures/2025/Facture_CL1005_202512.pdf,Facture_CL1005_202512.pdf,.pdf,1707,2026-09-16T10:23:49,2025-12-27T10:00:00,2025-12-27T10:00:00,MOD Administrator,MOD Administrator,https://m365x71797824.sharepoint.com/sites/MigrationFileServer/Clients/CL1005_Laboratoires_Vauclair/03_Factures/2025/Facture_CL1005_202512.pdf,01E77B7AA3D86CA006C3DC02A5E49FE2
Clients,CL1005_Laboratoires_Vauclair/03_Factures/2026/Facture_CL1005_202601.pdf,/sites/MigrationFileServer/Clients/CL1005_Laboratoires_Vauclair/03_Factures/2026/Facture_CL1005_202601.pdf,Facture_CL1005_202601.pdf,.pdf,1707,2026-09-16T10:20:37,2026-01-11T10:00:00,2026-01-11T10:00:00,MOD Administrator,MOD Administrator,https://m365x71797824.sharepoint.com/sites/MigrationFileServer/Clients/CL1005_Laboratoires_Vauclair/03_Factures/2026/Facture_CL1005_202601.pdf,0194822045084B9F604CC3E511ECB308
Clients,CL1005_Laboratoires_Vauclair/03_Factures/2026/Facture_CL1005_202602.pdf,/sites/MigrationFileServer/Clients/CL1005_Laboratoires_Vauclair/03_Factures/2026/Facture_CL1005_202602.pdf,Facture_CL1005_202602.pdf,.pdf,1707,2026-09-16T10:44:06,2026-02-01T10:00:00,2026-02-01T10:00:00,MOD Administrator,MOD Administrator,https://m365x71797824.sharepoint.com/sites/MigrationFileServer/Clients/CL1005_Laboratoires_Vauclair/03_Factures/2026/Facture_CL1005_202602.pdf,0131C28C265823F33E00560406F7A48C
Clients,CL1005_Laboratoires_Vauclair/03_Factures/2026/Facture_CL1005_202603.pdf,/sites/MigrationFileServer/Clients/CL1005_Laboratoires_Vauclair/03_Factures/2026/Facture_CL1005_202603.pdf,Facture_CL1005_202603.pdf,.pdf,1705,2026-09-16T10:15:42,2026-03-17T10:00:00,2026-03-17T10:00:00,MOD Administrator,MOD Administrator,https://m365x71797824.sharepoint.com/sites/MigrationFileServer/Clients/CL1005_Laboratoires_Vauclair/03_Factures/2026/Facture_CL1005_202603.pdf,01554859802C06E3C10CD0734C4CCE62
Clients,CL1005_Laboratoires_Vauclair/03_Factures/2026/Facture_CL1005_202604.pdf,/sites/MigrationFileServer/Clients/CL1005_Laboratoires_Vauclair/03_Factures/2026/Facture_CL1005_202604.pdf,Facture_CL1005_202604.pdf,.pdf,1704,2026-09-16T10:28:28,2026-04-02T10:00:00,2026-04-02T10:00:00,MOD Administrator,MOD Administrator,https://m365x71797824.sharepoint.com/sites/MigrationFileServer/Clients/CL1005_Laboratoires_Vauclair/03_Factures/2026/Facture_CL1005_202604.pdf,01BE0ACA72545DBE8A3F555E9E7B257F
Clients,CL1005_Laboratoires_Vauclair/03_Factures/2026/Facture_CL1005_202605.pdf,/sites/MigrationFileServer/Clients/CL1005_Laboratoires_Vauclair/03_Factures/2026/Facture_CL1005_202605.pdf,Facture_CL1005_202605.pdf,.pdf,1705,2026-09-16T10:29:11,2026-05-23T10:00:00,2026-05-23T10:00:00,MOD Administrator,MOD Administrator,https://m365x71797824.sharepoint.com/sites/MigrationFileServer/Clients/CL1005_Laboratoires_Vauclair/03_Factures/2026/Facture_CL1005_202605.pdf,014C58F3B4D4FFAFB6C9A86C1A1C11E7
Clients,CL1005_Laboratoires_Vauclair/03_Factures/2026/Facture_CL1005_202608.pdf,/sites/MigrationFileServer/Clients/CL1005_Laboratoires_Vauclair/03_Factures/2026/Facture_CL1005_202608.pdf,Facture_CL1005_202608.pdf,.pdf,1705,2026-09-16T10:57:04,2026-08-18T10:00:00,2026-08-18T10:00:00,MOD Administrator,MOD Administrator,https://m365x71797824.sharepoint.com/sites/MigrationFileServer/Clients/CL1005_Laboratoires_Vauclair/03_Factures/2026/Facture_CL1005_202608.pdf,01187DBDA27479BFC08F261941B94307
Clients,CL1005_Laboratoires_Vauclair/04_Correspondance/Echange_01.eml.txt,/sites/MigrationFileServer/Clients/CL1005_Laboratoires_Vauclair/04_Correspondance/Echange_01.eml.txt,Echange_01.eml.txt,.txt,106,2026-09-16T10:53:35,2026-02-27T03:45:17,2026-02-27T03:45:17,MOD Administrator,MOD Administrator,https://m365x71797824.sharepoint.com/sites/MigrationFileServer/Clients/CL1005_Laboratoires_Vauclair/04_Correspondance/Echange_01.eml.txt,019878F66B294F97E0C9B9A7C61CEA7E
Clients,CL1005_Laboratoires_Vauclair/05_Projets/Deploiement_Teams/Compte_rendu_COPIL.docx,/sites/MigrationFileServer/Clients/CL1005_Laboratoires_Vauclair/05_Projets/Deploiement_Teams/Compte_rendu_COPIL.docx,Compte_rendu_COPIL.docx,.docx,36733,2026-09-16T10:31:29,2023-05-29T23:16:50,2023-05-29T23:16:50,MOD Administrator,MOD Administrator,https://m365x71797824.sharepoint.com/sites/MigrationFileServer/Clients/CL1005_Laboratoires_Vauclair/05_Projets/Deploiement_Teams/Compte_rendu_COPIL.docx,01836BDF6F0A23FBD408A256D80930A7
Clients,CL1005_Laboratoires_Vauclair/05_Projets/Deploiement_Teams/Planning_Deploiement_Teams.xlsx,/sites/MigrationFileServer/Clients/CL1005_Laboratoires_Vauclair/05_Projets/Deploiement_Teams/Planning_Deploiement_Teams.xlsx,Planning_Deploiement_Teams.xlsx,.xlsx,5131,2026-09-16T10:43:06,2023-04-05T15:44:12,2023-04-05T15:44:12,MOD Administrator,MOD Administrator,https://m365x71797824.sharepoint.com/sites/MigrationFileServer/Clients/CL1005_Laboratoires_Vauclair/05_Projets/Deploiement_Teams/Planning_Deploiement_Teams.xlsx,0121C8BE28B24E3A02A595677269BAFA
Clients,CL1005_Laboratoires_Vauclair/05_Projets/Deploiement_Teams/Presentation_lancement_Deploiement_Teams.pptx,/sites/MigrationFileServer/Clients/CL1005_Laboratoires_Vauclair/05_Projets/Deploiement_Teams/Presentation_lancement_Deploiement_Teams.pptx,Presentation_lancement_Deploiement_Teams.pptx,.pptx,29174,2026-09-16T10:32:36,2023-07-13T13:11:46,2023-07-13T13:11:46,MOD Administrator,MOD Administrator,https://m365x71797824.sharepoint.com/sites/MigrationFileServer/Clients/CL1005_Laboratoires_Vauclair/05_Projets/Deploiement_Teams/Presentation_lancement_Deploiement_Teams.pptx,015FED2BEC138406555A55C064D65218
Clients,CL1005_Laboratoires_Vauclair/05_Projets/Refonte_site_web/Compte_rendu_COPIL.docx,/sites/MigrationFileServer/Clients/CL1005_Laboratoires_Vauclair/05_Projets/Refonte_site_web/Compte_rendu_COPIL.docx,Compte_rendu_COPIL.docx,.docx,36732,2026-09-16T10:52:42,2026-04-20T20:15:01,2026-04-20T20:15:01,MOD Administrator,MOD Administrator,https://m365x71797824.sharepoint.com/sites/MigrationFileServer/Clients/CL1005_Laboratoires_Vauclair/05_Projets/Refonte_site_web/Compte_rendu_COPIL.docx,012B714BF15C0412D229F4536EBBF73C
Clients,CL1005_Laboratoires_Vauclair/05_Projets/Refonte_site_web/Planning_Refonte_site_web.xlsx,/sites/MigrationFileServer/Clients/CL1005_Laboratoires_Vauclair/05_Projets/Refonte_site_web/Planning_Refonte_site_web.xlsx,Planning_Refonte_site_web.xlsx,.xlsx,5138,2026-09-16T10:48:05,2026-07-17T04:27:29,2026-07-17T04:27:29,MOD Administrator,MOD Administrator,https://m365x71797824.sharepoint.com/sites/MigrationFileServer/Clients/CL1005_Laboratoires_Vauclair/05_Projets/Refonte_site_web/Planning_Refonte_site_web.xlsx,01A50F30BFD7A0B70C014483CA54E5C2
Clients,CL1005_Laboratoires_Vauclair/05_Projets/Refonte_site_web/Presentation_lancement_Refonte_site_web.pptx,/sites/MigrationFileServer/Clients/CL1005_Laboratoires_Vauclair/05_Projets/Refonte_site_web/Presentation_lancement_Refonte_site_web.pptx,Presentation_lancement_Refonte_site_web.pptx,.pptx,29176,2026-09-16T10:59:30,2026-02-23T00:20:59,2026-02-23T00:20:59,MOD Administrator,MOD Administrator,https://m365x71797824.sharepoint.com/sites/MigrationFileServer/Clients/CL1005_Laboratoires_Vauclair/05_Projets/Refonte_site_web/Presentation_lancement_Refonte_site_web.pptx,0118113F9142E34F4B26274C4F4DAA8A
Clients,CL1006_Cabinet_Delorme_Avocats/01_Contrats/Contrat_cadre_CL1006_2021.docx,/sites/MigrationFileServer/Clients/CL1006_Cabinet_Delorme_Avocats/01_Contrats/Contrat_cadre_CL1006_2021.docx,Contrat_cadre_CL1006_2021.docx,.docx,36788,2026-09-16T10:12:56,2021-09-14T07:05:37,2021-09-14T07:05:37,MOD Administrator,MOD Administrator,https://m365x71797824.sharepoint.com/sites/MigrationFileServer/Clients/CL1006_Cabinet_Delorme_Avocats/01_Contrats/Contrat_cadre_CL1006_2021.docx,017F024CA4272FF6861DF85C6E3D1CBB
Clients,CL1006_Cabinet_Delorme_Avocats/01_Contrats/Contrat_cadre_CL1006_2021_signe.pdf,/sites/MigrationFileServer/Clients/CL1006_Cabinet_Delorme_Avocats/01_Contrats/Contrat_cadre_CL1006_2021_signe.pdf,Contrat_cadre_CL1006_2021_signe.pdf,.pdf,1660,2026-09-16T10:23:34,2021-06-23T10:07:24,2021-06-23T10:07:24,MOD Administrator,MOD Administrator,https://m365x71797824.sharepoint.com/sites/MigrationFileServer/Clients/CL1006_Cabinet_Delorme_Avocats/01_Contrats/Contrat_cadre_CL1006_2021_signe.pdf,0177C2A4B1530373E11E19E4E08A81EE
Clients,CL1006_Cabinet_Delorme_Avocats/02_Devis/Devis_CL1006_2021-03.docx,/sites/MigrationFileServer/Clients/CL1006_Cabinet_Delorme_Avocats/02_Devis/Devis_CL1006_2021-03.docx,Devis_CL1006_2021-03.docx,.docx,36750,2026-09-16T10:21:10,2021-10-01T21:12:00,2021-10-01T21:12:00,MOD Administrator,MOD Administrator,https://m365x71797824.sharepoint.com/sites/MigrationFileServer/Clients/CL1006_Cabinet_Delorme_Avocats/02_Devis/Devis_CL1006_2021-03.docx,0181BC896A0AC4A83F891467BD9180F6
Clients,CL1006_Cabinet_Delorme_Avocats/02_Devis/Devis_CL1006_2025-01.docx,/sites/MigrationFileServer/Clients/CL1006_Cabinet_Delorme_Avocats/02_Devis/Devis_CL1006_2025-01.docx,Devis_CL1006_2025-01.docx,.docx,36748,2026-09-16T10:22:23,2025-12-29T06:48:47,2025-12-29T06:48:47,MOD Administrator,MOD Administrator,https://m365x71797824.sharepoint.com/sites/MigrationFileServer/Clients/CL1006_Cabinet_Delorme_Avocats/02_Devis/Devis_CL1006_2025-01.docx,01675A1834489264AC329D5334F30B8D
Clients,CL1006_Cabinet_Delorme_Avocats/02_Devis/Devis_CL1006_2026-02.docx,/sites/MigrationFileServer/Clients/CL1006_Cabinet_Delorme_Avocats/02_Devis/Devis_CL1006_2026-02.docx,Devis_CL1006_2026-02.docx,.docx,36747,2026-09-16T10:41:13,2026-04-01T16:57:35,2026-04-01T16:57:35,MOD Administrator,MOD Administrator,https://m365x71797824.sharepoint.com/sites/MigrationFileServer/Clients/CL1006_Cabinet_Delorme_Avocats/02_Devis/Devis_CL1006_2026-02.docx,013D691035E88D0AA1208A802BFCF017
Clients,CL1006_Cabinet_Delorme_Avocats/03_Factures/2024/Facture_CL1006_202401.pdf,/sites/MigrationFileServer/Clients/CL1006_Cabinet_Delorme_Avocats/03_Factures/2024/Facture_CL1006_202401.pdf,Facture_CL1006_202401.pdf,.pdf,1709,2026-09-16T10:52:55,2024-01-27T10:00:00,2024-01-27T10:00:00,MOD Administrator,MOD Administrator,https://m365x71797824.sharepoint.com/sites/MigrationFileServer/Clients/CL1006_Cabinet_Delorme_Avocats/03_Factures/2024/Facture_CL1006_202401.pdf,01E3FEF4093D5977A58075B95F88E84B
Clients,CL1006_Cabinet_Delorme_Avocats/03_Factures/2024/Facture_CL1006_202402.pdf,/sites/MigrationFileServer/Clients/CL1006_Cabinet_Delorme_Avocats/03_Factures/2024/Facture_CL1006_202402.pdf,Facture_CL1006_202402.pdf,.pdf,1708,2026-09-16T10:12:00,2024-02-17T10:00:00,2024-02-17T10:00:00,MOD Administrator,MOD Administrator,https://m365x71797824.sharepoint.com/sites/MigrationFileServer/Clients/CL1006_Cabinet_Delorme_Avocats/03_Factures/2024/Facture_CL1006_202402.pdf,017D07DA040DBCF199F17CED8B1B12BD
Clients,CL1006_Cabinet_Delorme_Avocats/03_Factures/2024/Facture_CL1006_202405.pdf,/sites/MigrationFileServer/Clients/CL1006_Cabinet_Delorme_Avocats/03_Factures/2024/Facture_CL1006_202405.pdf,Facture_CL1006_202405.pdf,.pdf,1709,2026-09-16T10:56:50,2024-05-15T10:00:00,2024-05-15T10:00:00,MOD Administrator,MOD Administrator,https://m365x71797824.sharepoint.com/sites/MigrationFileServer/Clients/CL1006_Cabinet_Delorme_Avocats/03_Factures/2024/Facture_CL1006_202405.pdf,01B05F9E0835FFED0492067E9EB38F84
Clients,CL1006_Cabinet_Delorme_Avocats/03_Factures/2024/Facture_CL1006_202406.pdf,/sites/MigrationFileServer/Clients/CL1006_Cabinet_Delorme_Avocats/03_Factures/2024/Facture_CL1006_202406.pdf,Facture_CL1006_202406.pdf,.pdf,1708,2026-09-16T10:53:14,2024-06-05T10:00:00,2024-06-05T10:00:00,MOD Administrator,MOD Administrator,https://m365x71797824.sharepoint.com/sites/MigrationFileServer/Clients/CL1006_Cabinet_Delorme_Avocats/03_Factures/2024/Facture_CL1006_202406.pdf,012756116E2BD8D742C002C14A164847
Clients,CL1006_Cabinet_Delorme_Avocats/03_Factures/2024/Facture_CL1006_202408.pdf,/sites/MigrationFileServer/Clients/CL1006_Cabinet_Delorme_Avocats/03_Factures/2024/Facture_CL1006_202408.pdf,Facture_CL1006_202408.pdf,.pdf,1709,2026-09-16T10:59:16,2024-08-21T10:00:00,2024-08-21T10:00:00,MOD Administrator,MOD Administrator,https://m365x71797824.sharepoint.com/sites/MigrationFileServer/Clients/CL1006_Cabinet_Delorme_Avocats/03_Factures/2024/Facture_CL1006_202408.pdf,0164AD2D606C8B72C807EA6049FF8741
Clients,CL1006_Cabinet_Delorme_Avocats/03_Factures/2024/Facture_CL1006_202411.pdf,/sites/MigrationFileServer/Clients/CL1006_Cabinet_Delorme_Avocats/03_Factures/2024/Facture_CL1006_202411.pdf,Facture_CL1006_202411.pdf,.pdf,1707,2026-09-16T10:45:33,2024-11-23T10:00:00,2024-11-23T10:00:00,MOD Administrator,MOD Administrator,https://m365x71797824.sharepoint.com/sites/MigrationFileServer/Clients/CL1006_Cabinet_Delorme_Avocats/03_Factures/2024/Facture_CL1006_202411.pdf,01E3F8217B91DF30614ABDBEA71C0F8A
Clients,CL1006_Cabinet_Delorme_Avocats/03_Factures/2025/Facture_CL1006_202501.pdf,/sites/MigrationFileServer/Clients/CL1006_Cabinet_Delorme_Avocats/03_Factures/2025/Facture_CL1006_202501.pdf,Facture_CL1006_202501.pdf,.pdf,1709,2026-09-16T10:13:05,2025-01-21T10:00:00,2025-01-21T10:00:00,MOD Administrator,MOD Administrator,https://m365x71797824.sharepoint.com/sites/MigrationFileServer/Clients/CL1006_Cabinet_Delorme_Avocats/03_Factures/2025/Facture_CL1006_202501.pdf,013BE20AFE37B630F39419B2A2A9F4A2
Clients,CL1006_Cabinet_Delorme_Avocats/03_Factures/2025/Facture_CL1006_202504.pdf,/sites/MigrationFileServer/Clients/CL1006_Cabinet_Delorme_Avocats/03_Factures/2025/Facture_CL1006_202504.pdf,Facture_CL1006_202504.pdf,.pdf,1709,2026-09-16T10:21:38,2025-04-21T10:00:00,2025-04-21T10:00:00,MOD Administrator,MOD Administrator,https://m365x71797824.sharepoint.com/sites/MigrationFileServer/Clients/CL1006_Cabinet_Delorme_Avocats/03_Factures/2025/Facture_CL1006_202504.pdf,01B5F656B883505D57C8B510C1C66322
Clients,CL1006_Cabinet_Delorme_Avocats/03_Factures/2025/Facture_CL1006_202505.pdf,/sites/MigrationFileServer/Clients/CL1006_Cabinet_Delorme_Avocats/03_Factures/2025/Facture_CL1006_202505.pdf,Facture_CL1006_202505.pdf,.pdf,1709,2026-09-16T10:58:03,2025-05-01T10:00:00,2025-05-01T10:00:00,MOD Administrator,MOD Administrator,https://m365x71797824.sharepoint.com/sites/MigrationFileServer/Clients/CL1006_Cabinet_Delorme_Avocats/03_Factures/2025/Facture_CL1006_202505.pdf,019963B9EC12B39DFC3EE97D2BD2450B
Clients,CL1006_Cabinet_Delorme_Avocats/03_Factures/2025/Facture_CL1006_202506.pdf,/sites/MigrationFileServer/Clients/CL1006_Cabinet_Delorme_Avocats/03_Factures/2025/Facture_CL1006_202506.pdf,Facture_CL1006_202506.pdf,.pdf,1709,2026-09-16T10:27:06,2025-06-05T10:00:00,2025-06-05T10:00:00,MOD Administrator,MOD Administrator,https://m365x71797824.sharepoint.com/sites/MigrationFileServer/Clients/CL1006_Cabinet_Delorme_Avocats/03_Factures/2025/Facture_CL1006_202506.pdf,01C5D9E0229E4585163703AC2E0A8D90
Clients,CL1006_Cabinet_Delorme_Avocats/03_Factures/2025/Facture_CL1006_202509.pdf,/sites/MigrationFileServer/Clients/CL1006_Cabinet_Delorme_Avocats/03_Factures/2025/Facture_CL1006_202509.pdf,Facture_CL1006_202509.pdf,.pdf,1709,2026-09-16T10:50:11,2025-09-28T10:00:00,2025-09-28T10:00:00,MOD Administrator,MOD Administrator,https://m365x71797824.sharepoint.com/sites/MigrationFileServer/Clients/CL1006_Cabinet_Delorme_Avocats/03_Factures/2025/Facture_CL1006_202509.pdf,01158136B8579206B74DB925DBD08CA0
Clients,CL1006_Cabinet_Delorme_Avocats/03_Factures/2025/Facture_CL1006_202510.pdf,/sites/MigrationFileServer/Clients/CL1006_Cabinet_Delorme_Avocats/03_Factures/2025/Facture_CL1006_202510.pdf,Facture_CL1006_202510.pdf,.pdf,1710,2026-09-16T10:57:48,2025-10-05T10:00:00,2025-10-05T10:00:00,MOD Administrator,MOD Administrator,https://m365x71797824.sharepoint.com/sites/MigrationFileServer/Clients/CL1006_Cabinet_Delorme_Avocats/03_Factures/2025/Facture_CL1006_202510.pdf,012ECC39E9EBBC8D799784544C7637DB
Clients,CL1006_Cabinet_Delorme_Avocats/03_Factures/2025/Facture_CL1006_202511.pdf,/sites/MigrationFileServer/Clients/CL1006_Cabinet_Delorme_Avocats/03_Factures/2025/Facture_CL1006_202511.pdf,Facture_CL1006_202511.pdf,.pdf,1707,2026-09-16T10:06:20,2025-11-01T10:00:00,2025-11-01T10:00:00,MOD Administrator,MOD Administrator,https://m365x71797824.sharepoint.com/sites/MigrationFileServer/Clients/CL1006_Cabinet_Delorme_Avocats/03_Factures/2025/Facture_CL1006_202511.pdf,01C95EC9866976DA5CEE6F80A3F0B80A
Clients,CL1006_Cabinet_Delorme_Avocats/03_Factures/2026/Facture_CL1006_202602.pdf,/sites/MigrationFileServer/Clients/CL1006_Cabinet_Delorme_Avocats/03_Factures/2026/Facture_CL1006_202602.pdf,Facture_CL1006_202602.pdf,.pdf,1709,2026-09-16T10:32:02,2026-02-12T10:00:00,2026-02-12T10:00:00,MOD Administrator,MOD Administrator,https://m365x71797824.sharepoint.com/sites/MigrationFileServer/Clients/CL1006_Cabinet_Delorme_Avocats/03_Factures/2026/Facture_CL1006_202602.pdf,0125E793B73EADB3E2C9E28D20168A56
Clients,CL1006_Cabinet_Delorme_Avocats/03_Factures/2026/Facture_CL1006_202604.pdf,/sites/MigrationFileServer/Clients/CL1006_Cabinet_Delorme_Avocats/03_Factures/2026/Facture_CL1006_202604.pdf,Facture_CL1006_202604.pdf,.pdf,1705,2026-09-16T10:52:32,2026-04-28T10:00:00,2026-04-28T10:00:00,MOD Administrator,MOD Administrator,https://m365x71797824.sharepoint.com/sites/MigrationFileServer/Clients/CL1006_Cabinet_Delorme_Avocats/03_Factures/2026/Facture_CL1006_202604.pdf,01CC33638326B74D942AC961F0ADC638
Clients,CL1006_Cabinet_Delorme_Avocats/03_Factures/2026/Facture_CL1006_202606.pdf,/sites/MigrationFileServer/Clients/CL1006_Cabinet_Delorme_Avocats/03_Factures/2026/Facture_CL1006_202606.pdf,Facture_CL1006_202606.pdf,.pdf,1709,2026-09-16T10:28:49,2026-06-12T10:00:00,2026-06-12T10:00:00,MOD Administrator,MOD Administrator,https://m365x71797824.sharepoint.com/sites/MigrationFileServer/Clients/CL1006_Cabinet_Delorme_Avocats/03_Factures/2026/Facture_CL1006_202606.pdf,01ECC6269532BD46F23428355723EF58
Clients,CL1006_Cabinet_Delorme_Avocats/03_Factures/2026/Facture_CL1006_202607.pdf,/sites/MigrationFileServer/Clients/CL1006_Cabinet_Delorme_Avocats/03_Factures/2026/Facture_CL1006_202607.pdf,Facture_CL1006_202607.pdf,.pdf,1710,2026-09-16T10:20:43,2026-07-22T10:00:00,2026-07-22T10:00:00,MOD Administrator,MOD Administrator,https://m365x71797824.sharepoint.com/sites/MigrationFileServer/Clients/CL1006_Cabinet_Delorme_Avocats/03_Factures/2026/Facture_CL1006_202607.pdf,01111F92BCF9D9AC27B566AA3354C061
Clients,CL1006_Cabinet_Delorme_Avocats/04_Correspondance/Echange_01.eml.txt,/sites/MigrationFileServer/Clients/CL1006_Cabinet_Delorme_Avocats/04_Correspondance/Echange_01.eml.txt,Echange_01.eml.txt,.txt,106,2026-09-16T10:06:50,2025-05-04T04:03:47,2025-05-04T04:03:47,MOD Administrator,MOD Administrator,https://m365x71797824.sharepoint.com/sites/MigrationFileServer/Clients/CL1006_Cabinet_Delorme_Avocats/04_Correspondance/Echange_01.eml.txt,017F50E8ED09A8997F7ACF6832E1753F
Clients,CL1006_Cabinet_Delorme_Avocats/05_Projets/Audit_securite/Compte_rendu_COPIL.docx,/sites/MigrationFileServer/Clients/CL1006_Cabinet_Delorme_Avocats/05_Projets/Audit_securite/Compte_rendu_COPIL.docx,Compte_rendu_COPIL.docx,.docx,36731,2026-09-16T10:39:49,2026-01-16T07:26:42,2026-01-16T07:26:42,MOD Administrator,MOD Administrator,https://m365x71797824.sharepoint.com/sites/MigrationFileServer/Clients/CL1006_Cabinet_Delorme_Avocats/05_Projets/Audit_securite/Compte_rendu_COPIL.docx,01C05FC22611AC793FE878FEB5547AFE
Clients,CL1006_Cabinet_Delorme_Avocats/05_Projets/Audit_securite/Planning_Audit_securite.xlsx,/sites/MigrationFileServer/Clients/CL1006_Cabinet_Delorme_Avocats/05_Projets/Audit_securite/Planning_Audit_securite.xlsx,Planning_Audit_securite.xlsx,.xlsx,5129,2026-09-16T10:44:40,2026-02-23T02:52:29,2026-02-23T02:52:29,MOD Administrator,MOD Administrator,https://m365x71797824.sharepoint.com/sites/MigrationFileServer/Clients/CL1006_Cabinet_Delorme_Avocats/05_Projets/Audit_securite/Planning_Audit_securite.xlsx,01A00A32DDDDDBFA5532F4371B100947
Clients,CL1006_Cabinet_Delorme_Avocats/05_Projets/Audit_securite/Presentation_lancement_Audit_securite.pptx,/sites/MigrationFileServer/Clients/CL1006_Cabinet_Delorme_Avocats/05_Projets/Audit_securite/Presentation_lancement_Audit_securite.pptx,Presentation_lancement_Audit_securite.pptx,.pptx,29175,2026-09-16T10:09:54,2026-05-17T19:52:09,2026-05-17T19:52:09,MOD Administrator,MOD Administrator,https://m365x71797824.sharepoint.com/sites/MigrationFileServer/Clients/CL1006_Cabinet_Delorme_Avocats/05_Projets/Audit_securite/Presentation_lancement_Audit_securite.pptx,0117A6A39F694E774FC95FBBF05D98BD
Clients,CL1006_Cabinet_Delorme_Avocats/05_Projets/Migration_ERP/Compte_rendu_COPIL.docx,/sites/MigrationFileServer/Clients/CL1006_Cabinet_Delorme_Avocats/05_Projets/Migration_ERP/Compte_rendu_COPIL.docx,Compte_rendu_COPIL.docx,.docx,36733,2026-09-16T10:47:45,2022-12-07T09:12:17,2022-12-07T09:12:17,MOD Administrator,MOD Administrator,https://m365x71797824.sharepoint.com/sites/MigrationFileServer/Clients/CL1006_Cabinet_Delorme_Avocats/05_Projets/Migration_ERP/Compte_rendu_COPIL.docx,012987BA979530E5DD59652327F8AA92
Clients,CL1006_Cabinet_Delorme_Avocats/05_Projets/Migration_ERP/Planning_Migration_ERP.xlsx,/sites/MigrationFileServer/Clients/CL1006_Cabinet_Delorme_Avocats/05_Projets/Migration_ERP/Planning_Migration_ERP.xlsx,Planning_Migration_ERP.xlsx,.xlsx,5136,2026-09-16T10:57:31,2022-03-19T23:32:35,2022-03-19T23:32:35,MOD Administrator,MOD Administrator,https://m365x71797824.sharepoint.com/sites/MigrationFileServer/Clients/CL1006_Cabinet_Delorme_Avocats/05_Projets/Migration_ERP/Planning_Migration_ERP.xlsx,017F089FC0BEDCD9C3C5A6C7EEAC3746
Clients,CL1006_Cabinet_Delorme_Avocats/05_Projets/Migration_ERP/Presentation_lancement_Migration_ERP.pptx,/sites/MigrationFileServer/Clients/CL1006_Cabinet_Delorme_Avocats/05_Projets/Migration_ERP/Presentation_lancement_Migration_ERP.pptx,Presentation_lancement_Migration_ERP.pptx,.pptx,29175,2026-09-16T10:14:16,2022-08-14T02:01:09,2022-08-14T02:01:09,MOD Administrator,MOD Administrator,https://m365x71797824.sharepoint.com/sites/MigrationFileServer/Clients/CL1006_Cabinet_Delorme_Avocats/05_Projets/Migration_ERP/Presentation_lancement_Migration_ERP.pptx,014D8F36CAEFE7EE86B194E616D413EC
Clients,CL1007_Pharmacie_du_Port/01_Contrats/Contrat_cadre_CL1007_2021.docx,/sites/MigrationFileServer/Clients/CL1007_Pharmacie_du_Port/01_Contrats/Contrat_cadre_CL1007_2021.docx,Contrat_cadre_CL1007_2021.docx,.docx,36782,2026-09-16T10:09:47,2021-12-21T18:18:56,2021-12-21T18:18:56,MOD Administrator,MOD Administrator,https://m365x71797824.sharepoint.com/sites/MigrationFileServer/Clients/CL1007_Pharmacie_du_Port/01_Contrats/Contrat_cadre_CL1007_2021.docx,01CD5AEB36C9DAD916D51BE06F7755D1
Clients,CL1007_Pharmacie_du_Port/01_Contrats/Contrat_cadre_CL1007_2021_signe.pdf,/sites/MigrationFileServer/Clients/CL1007_Pharmacie_du_Port/01_Contrats/Contrat_cadre_CL1007_2021_signe.pdf,Contrat_cadre_CL1007_2021_signe.pdf,.pdf,1660,2026-09-16T10:49:37,2021-04-10T19:08:05,2021-04-10T19:08:05,MOD Administrator,MOD Administrator,https://m365x71797824.sharepoint.com/sites/MigrationFileServer/Clients/CL1007_Pharmacie_du_Port/01_Contrats/Contrat_cadre_CL1007_2021_signe.pdf,01D33E973362C568C06F7130EF2A2B61
Clients,CL1007_Pharmacie_du_Port/02_Devis/Devis_CL1007_2022-02.docx,/sites/MigrationFileServer/Clients/CL1007_Pharmacie_du_Port/02_Devis/Devis_CL1007_2022-02.docx,Devis_CL1007_2022-02.docx,.docx,36747,2026-09-16T10:46:50,2022-11-09T11:18:01,2022-11-09T11:18:01,MOD Administrator,MOD Administrator,https://m365x71797824.sharepoint.com/sites/MigrationFileServer/Clients/CL1007_Pharmacie_du_Port/02_Devis/Devis_CL1007_2022-02.docx,014C89626A83509E13DEEE53A3F0078B
Clients,CL1007_Pharmacie_du_Port/02_Devis/Devis_CL1007_2024-03.docx,/sites/MigrationFileServer/Clients/CL1007_Pharmacie_du_Port/02_Devis/Devis_CL1007_2024-03.docx,Devis_CL1007_2024-03.docx,.docx,36747,2026-09-16T10:53:37,2024-02-17T23:55:49,2024-02-17T23:55:49,MOD Administrator,MOD Administrator,https://m365x71797824.sharepoint.com/sites/MigrationFileServer/Clients/CL1007_Pharmacie_du_Port/02_Devis/Devis_CL1007_2024-03.docx,01A1ECC850F2290E2DA7BB3668881B9B
Clients,CL1007_Pharmacie_du_Port/02_Devis/Devis_CL1007_2026-01.docx,/sites/MigrationFileServer/Clients/CL1007_Pharmacie_du_Port/02_Devis/Devis_CL1007_2026-01.docx,Devis_CL1007_2026-01.docx,.docx,36749,2026-09-16T10:13:04,2026-07-01T21:09:53,2026-07-01T21:09:53,MOD Administrator,MOD Administrator,https://m365x71797824.sharepoint.com/sites/MigrationFileServer/Clients/CL1007_Pharmacie_du_Port/02_Devis/Devis_CL1007_2026-01.docx,01CD624D72C9983F10C87CDC9AF7ECFE
Clients,CL1007_Pharmacie_du_Port/03_Factures/2024/Facture_CL1007_202402.pdf,/sites/MigrationFileServer/Clients/CL1007_Pharmacie_du_Port/03_Factures/2024/Facture_CL1007_202402.pdf,Facture_CL1007_202402.pdf,.pdf,1703,2026-09-16T10:22:48,2024-02-21T10:00:00,2024-02-21T10:00:00,MOD Administrator,MOD Administrator,https://m365x71797824.sharepoint.com/sites/MigrationFileServer/Clients/CL1007_Pharmacie_du_Port/03_Factures/2024/Facture_CL1007_202402.pdf,013D7796DE3B6A0B33D8F41CA4D69F8F
Clients,CL1007_Pharmacie_du_Port/03_Factures/2024/Facture_CL1007_202404.pdf,/sites/MigrationFileServer/Clients/CL1007_Pharmacie_du_Port/03_Factures/2024/Facture_CL1007_202404.pdf,Facture_CL1007_202404.pdf,.pdf,1704,2026-09-16T10:18:37,2024-04-18T10:00:00,2024-04-18T10:00:00,MOD Administrator,MOD Administrator,https://m365x71797824.sharepoint.com/sites/MigrationFileServer/Clients/CL1007_Pharmacie_du_Port/03_Factures/2024/Facture_CL1007_202404.pdf,01E0A7BC303C9490DF8FC5654A75393F
Clients,CL1007_Pharmacie_du_Port/03_Factures/2024/Facture_CL1007_202405.pdf,/sites/MigrationFileServer/Clients/CL1007_Pharmacie_du_Port/03_Factures/2024/Facture_CL1007_202405.pdf,Facture_CL1007_202405.pdf,.pdf,1704,2026-09-16T10:37:36,2024-05-27T10:00:00,2024-05-27T10:00:00,MOD Administrator,MOD Administrator,https://m365x71797824.sharepoint.com/sites/MigrationFileServer/Clients/CL1007_Pharmacie_du_Port/03_Factures/2024/Facture_CL1007_202405.pdf,01E3B89F05AF718AA7EEE9B19CE87A7A
Clients,CL1007_Pharmacie_du_Port/03_Factures/2024/Facture_CL1007_202406.pdf,/sites/MigrationFileServer/Clients/CL1007_Pharmacie_du_Port/03_Factures/2024/Facture_CL1007_202406.pdf,Facture_CL1007_202406.pdf,.pdf,1703,2026-09-16T10:51:03,2024-06-05T10:00:00,2024-06-05T10:00:00,MOD Administrator,MOD Administrator,https://m365x71797824.sharepoint.com/sites/MigrationFileServer/Clients/CL1007_Pharmacie_du_Port/03_Factures/2024/Facture_CL1007_202406.pdf,0165129183C8A9D8EDA9E28FEF645AF8
Clients,CL1007_Pharmacie_du_Port/03_Factures/2024/Facture_CL1007_202407.pdf,/sites/MigrationFileServer/Clients/CL1007_Pharmacie_du_Port/03_Factures/2024/Facture_CL1007_202407.pdf,Facture_CL1007_202407.pdf,.pdf,1702,2026-09-16T10:56:40,2024-07-04T10:00:00,2024-07-04T10:00:00,MOD Administrator,MOD Administrator,https://m365x71797824.sharepoint.com/sites/MigrationFileServer/Clients/CL1007_Pharmacie_du_Port/03_Factures/2024/Facture_CL1007_202407.pdf,0157B7DA6CF113C2CBC61EC870AECFA9
Clients,CL1007_Pharmacie_du_Port/03_Factures/2024/Facture_CL1007_202408.pdf,/sites/MigrationFileServer/Clients/CL1007_Pharmacie_du_Port/03_Factures/2024/Facture_CL1007_202408.pdf,Facture_CL1007_202408.pdf,.pdf,1704,2026-09-16T10:58:24,2024-08-22T10:00:00,2024-08-22T10:00:00,MOD Administrator,MOD Administrator,https://m365x71797824.sharepoint.com/sites/MigrationFileServer/Clients/CL1007_Pharmacie_du_Port/03_Factures/2024/Facture_CL1007_202408.pdf,013A74F383164C1606F2B7C4D167FF68
Clients,CL1007_Pharmacie_du_Port/03_Factures/2024/Facture_CL1007_202410.pdf,/sites/MigrationFileServer/Clients/CL1007_Pharmacie_du_Port/03_Factures/2024/Facture_CL1007_202410.pdf,Facture_CL1007_202410.pdf,.pdf,1703,2026-09-16T10:47:43,2024-10-05T10:00:00,2024-10-05T10:00:00,MOD Administrator,MOD Administrator,https://m365x71797824.sharepoint.com/sites/MigrationFileServer/Clients/CL1007_Pharmacie_du_Port/03_Factures/2024/Facture_CL1007_202410.pdf,01A9CCB0C856EF770ECAB35ECAD614F3
Clients,CL1007_Pharmacie_du_Port/03_Factures/2024/Facture_CL1007_202411.pdf,/sites/MigrationFileServer/Clients/CL1007_Pharmacie_du_Port/03_Factures/2024/Facture_CL1007_202411.pdf,Facture_CL1007_202411.pdf,.pdf,1702,2026-09-16T10:44:57,2024-11-14T10:00:00,2024-11-14T10:00:00,MOD Administrator,MOD Administrator,https://m365x71797824.sharepoint.com/sites/MigrationFileServer/Clients/CL1007_Pharmacie_du_Port/03_Factures/2024/Facture_CL1007_202411.pdf,014E04F83ECAFEBCB06D351D68D61795
Clients,CL1007_Pharmacie_du_Port/03_Factures/2024/Facture_CL1007_202412.pdf,/sites/MigrationFileServer/Clients/CL1007_Pharmacie_du_Port/03_Factures/2024/Facture_CL1007_202412.pdf,Facture_CL1007_202412.pdf,.pdf,1702,2026-09-16T10:06:19,2024-12-15T10:00:00,2024-12-15T10:00:00,MOD Administrator,MOD Administrator,https://m365x71797824.sharepoint.com/sites/MigrationFileServer/Clients/CL1007_Pharmacie_du_Port/03_Factures/2024/Facture_CL1007_202412.pdf,01F3742B88042FBF479A9496BF7D3293
Clients,CL1007_Pharmacie_du_Port/03_Factures/2025/Facture_CL1007_202502.pdf,/sites/MigrationFileServer/Clients/CL1007_Pharmacie_du_Port/03_Factures/2025/Facture_CL1007_202502.pdf,Facture_CL1007_202502.pdf,.pdf,1704,2026-09-16T10:13:56,2025-02-18T10:00:00,2025-02-18T10:00:00,MOD Administrator,MOD Administrator,https://m365x71797824.sharepoint.com/sites/MigrationFileServer/Clients/CL1007_Pharmacie_du_Port/03_Factures/2025/Facture_CL1007_202502.pdf,01692A9F416B2D1E4579B2C08ACFF8D0
Clients,CL1007_Pharmacie_du_Port/03_Factures/2025/Facture_CL1007_202503.pdf,/sites/MigrationFileServer/Clients/CL1007_Pharmacie_du_Port/03_Factures/2025/Facture_CL1007_202503.pdf,Facture_CL1007_202503.pdf,.pdf,1703,2026-09-16T10:44:19,2025-03-07T10:00:00,2025-03-07T10:00:00,MOD Administrator,MOD Administrator,https://m365x71797824.sharepoint.com/sites/MigrationFileServer/Clients/CL1007_Pharmacie_du_Port/03_Factures/2025/Facture_CL1007_202503.pdf,018B9F9FC055DDE86625552105751DAC
Clients,CL1007_Pharmacie_du_Port/03_Factures/2025/Facture_CL1007_202504.pdf,/sites/MigrationFileServer/Clients/CL1007_Pharmacie_du_Port/03_Factures/2025/Facture_CL1007_202504.pdf,Facture_CL1007_202504.pdf,.pdf,1703,2026-09-16T10:19:05,2025-04-21T10:00:00,2025-04-21T10:00:00,MOD Administrator,MOD Administrator,https://m365x71797824.sharepoint.com/sites/MigrationFileServer/Clients/CL1007_Pharmacie_du_Port/03_Factures/2025/Facture_CL1007_202504.pdf,017747C565D83399B764D4B7B15A8D03
Clients,CL1007_Pharmacie_du_Port/03_Factures/2025/Facture_CL1007_202505.pdf,/sites/MigrationFileServer/Clients/CL1007_Pharmacie_du_Port/03_Factures/2025/Facture_CL1007_202505.pdf,Facture_CL1007_202505.pdf,.pdf,1702,2026-09-16T10:45:02,2025-05-05T10:00:00,2025-05-05T10:00:00,MOD Administrator,MOD Administrator,https://m365x71797824.sharepoint.com/sites/MigrationFileServer/Clients/CL1007_Pharmacie_du_Port/03_Factures/2025/Facture_CL1007_202505.pdf,01FE11EC3F16859C6F55F882BE4AC925
Clients,CL1007_Pharmacie_du_Port/03_Factures/2025/Facture_CL1007_202506.pdf,/sites/MigrationFileServer/Clients/CL1007_Pharmacie_du_Port/03_Factures/2025/Facture_CL1007_202506.pdf,Facture_CL1007_202506.pdf,.pdf,1703,2026-09-16T10:23:11,2025-06-07T10:00:00,2025-06-07T10:00:00,MOD Administrator,MOD Administrator,https://m365x71797824.sharepoint.com/sites/MigrationFileServer/Clients/CL1007_Pharmacie_du_Port/03_Factures/2025/Facture_CL1007_202506.pdf,01684E487A7128F6BDE3B9E7FDB38050
Clients,CL1007_Pharmacie_du_Port/03_Factures/2025/Facture_CL1007_202507.pdf,/sites/MigrationFileServer/Clients/CL1007_Pharmacie_du_Port/03_Factures/2025/Facture_CL1007_202507.pdf,Facture_CL1007_202507.pdf,.pdf,1703,2026-09-16T10:48:34,2025-07-20T10:00:00,2025-07-20T10:00:00,MOD Administrator,MOD Administrator,https://m365x71797824.sharepoint.com/sites/MigrationFileServer/Clients/CL1007_Pharmacie_du_Port/03_Factures/2025/Facture_CL1007_202507.pdf,013760E5F71EE6E4553DE20CE3CEA02C
Clients,CL1007_Pharmacie_du_Port/03_Factures/2025/Facture_CL1007_202509.pdf,/sites/MigrationFileServer/Clients/CL1007_Pharmacie_du_Port/03_Factures/2025/Facture_CL1007_202509.pdf,Facture_CL1007_202509.pdf,.pdf,1704,2026-09-16T10:49:40,2025-09-04T10:00:00,2025-09-04T10:00:00,MOD Administrator,MOD Administrator,https://m365x71797824.sharepoint.com/sites/MigrationFileServer/Clients/CL1007_Pharmacie_du_Port/03_Factures/2025/Facture_CL1007_202509.pdf,01E5823B49D2ABF161602A65A40AA12A
Clients,CL1007_Pharmacie_du_Port/03_Factures/2025/Facture_CL1007_202510.pdf,/sites/MigrationFileServer/Clients/CL1007_Pharmacie_du_Port/03_Factures/2025/Facture_CL1007_202510.pdf,Facture_CL1007_202510.pdf,.pdf,1703,2026-09-16T10:17:24,2025-10-26T10:00:00,2025-10-26T10:00:00,MOD Administrator,MOD Administrator,https://m365x71797824.sharepoint.com/sites/MigrationFileServer/Clients/CL1007_Pharmacie_du_Port/03_Factures/2025/Facture_CL1007_202510.pdf,0126A1A7CEF52C49AE55294826457FC0
Clients,CL1007_Pharmacie_du_Port/03_Factures/2025/Facture_CL1007_202511.pdf,/sites/MigrationFileServer/Clients/CL1007_Pharmacie_du_Port/03_Factures/2025/Facture_CL1007_202511.pdf,Facture_CL1007_202511.pdf,.pdf,1702,2026-09-16T10:29:10,2025-11-05T10:00:00,2025-11-05T10:00:00,MOD Administrator,MOD Administrator,https://m365x71797824.sharepoint.com/sites/MigrationFileServer/Clients/CL1007_Pharmacie_du_Port/03_Factures/2025/Facture_CL1007_202511.pdf,01D0DBAAD5E3CD9C9E59FF2A92396531
Clients,CL1007_Pharmacie_du_Port/03_Factures/2025/Facture_CL1007_202512.pdf,/sites/MigrationFileServer/Clients/CL1007_Pharmacie_du_Port/03_Factures/2025/Facture_CL1007_202512.pdf,Facture_CL1007_202512.pdf,.pdf,1702,2026-09-16T10:45:56,2025-12-15T10:00:00,2025-12-15T10:00:00,MOD Administrator,MOD Administrator,https://m365x71797824.sharepoint.com/sites/MigrationFileServer/Clients/CL1007_Pharmacie_du_Port/03_Factures/2025/Facture_CL1007_202512.pdf,014EFE55FB64F47525F5E37AECE4D694
Clients,CL1007_Pharmacie_du_Port/03_Factures/2026/Facture_CL1007_202602.pdf,/sites/MigrationFileServer/Clients/CL1007_Pharmacie_du_Port/03_Factures/2026/Facture_CL1007_202602.pdf,Facture_CL1007_202602.pdf,.pdf,1703,2026-09-16T10:37:20,2026-02-20T10:00:00,2026-02-20T10:00:00,MOD Administrator,MOD Administrator,https://m365x71797824.sharepoint.com/sites/MigrationFileServer/Clients/CL1007_Pharmacie_du_Port/03_Factures/2026/Facture_CL1007_202602.pdf,01CA6E324C81BA9EFEE04F311DF4AE3E
Clients,CL1007_Pharmacie_du_Port/03_Factures/2026/Facture_CL1007_202603.pdf,/sites/MigrationFileServer/Clients/CL1007_Pharmacie_du_Port/03_Factures/2026/Facture_CL1007_202603.pdf,Facture_CL1007_202603.pdf,.pdf,1703,2026-09-16T10:44:12,2026-03-01T10:00:00,2026-03-01T10:00:00,MOD Administrator,MOD Administrator,https://m365x71797824.sharepoint.com/sites/MigrationFileServer/Clients/CL1007_Pharmacie_du_Port/03_Factures/2026/Facture_CL1007_202603.pdf,012986D823F7DF5EF1D4A3F5C6DB539A
Clients,CL1007_Pharmacie_du_Port/03_Factures/2026/Facture_CL1007_202605.pdf,/sites/MigrationFileServer/Clients/CL1007_Pharmacie_du_Port/03_Factures/2026/Facture_CL1007_202605.pdf,Facture_CL1007_202605.pdf,.pdf,1702,2026-09-16T10:31:33,2026-05-23T10:00:00,2026-05-23T10:00:00,MOD Administrator,MOD Administrator,https://m365x71797824.sharepoint.com/sites/MigrationFileServer/Clients/CL1007_Pharmacie_du_Port/03_Factures/2026/Facture_CL1007_202605.pdf,012CE38517DA7E723400171B8E0251A8
Clients,CL1007_Pharmacie_du_Port/03_Factures/2026/Facture_CL1007_202607.pdf,/sites/MigrationFileServer/Clients/CL1007_Pharmacie_du_Port/03_Factures/2026/Facture_CL1007_202607.pdf,Facture_CL1007_202607.pdf,.pdf,1700,2026-09-16T10:12:15,2026-07-05T10:00:00,2026-07-05T10:00:00,MOD Administrator,MOD Administrator,https://m365x71797824.sharepoint.com/sites/MigrationFileServer/Clients/CL1007_Pharmacie_du_Port/03_Factures/2026/Facture_CL1007_202607.pdf,01A83AFCC7CF347D4190B4DE21745EBF
Clients,CL1007_Pharmacie_du_Port/04_Correspondance/Echange_01.eml.txt,/sites/MigrationFileServer/Clients/CL1007_Pharmacie_du_Port/04_Correspondance/Echange_01.eml.txt,Echange_01.eml.txt,.txt,106,2026-09-16T10:22:47,2024-01-31T00:45:54,2024-01-31T00:45:54,MOD Administrator,MOD Administrator,https://m365x71797824.sharepoint.com/sites/MigrationFileServer/Clients/CL1007_Pharmacie_du_Port/04_Correspondance/Echange_01.eml.txt,01FC0986A119D50D96AD1E31605A3097
Clients,CL1007_Pharmacie_du_Port/04_Correspondance/Echange_02.eml.txt,/sites/MigrationFileServer/Clients/CL1007_Pharmacie_du_Port/04_Correspondance/Echange_02.eml.txt,Echange_02.eml.txt,.txt,106,2026-09-16T10:41:47,2023-04-20T16:37:13,2023-04-20T16:37:13,MOD Administrator,MOD Administrator,https://m365x71797824.sharepoint.com/sites/MigrationFileServer/Clients/CL1007_Pharmacie_du_Port/04_Correspondance/Echange_02.eml.txt,01AA8620B9838CC85BC0CDDB62DCBC95
Clients,CL1007_Pharmacie_du_Port/04_Correspondance/Echange_03.eml.txt,/sites/MigrationFileServer/Clients/CL1007_Pharmacie_du_Port/04_Correspondance/Echange_03.eml.txt,Echange_03.eml.txt,.txt,106,2026-09-16T10:30:08,2025-09-30T01:31:51,2025-09-30T01:31:51,MOD Administrator,MOD Administrator,https://m365x71797824.sharepoint.com/sites/MigrationFileServer/Clients/CL1007_Pharmacie_du_Port/04_Correspondance/Echange_03.eml.txt,0140DAF8F2E4D0216CC0DA192CEDB981
Clients,CL1007_Pharmacie_du_Port/05_Projets/Migration_ERP/Compte_rendu_COPIL.docx,/sites/MigrationFileServer/Clients/CL1007_Pharmacie_du_Port/05_Projets/Migration_ERP/Compte_rendu_COPIL.docx,Compte_rendu_COPIL.docx,.docx,36733,2026-09-16T10:48:26,2025-08-07T02:21:53,2025-08-07T02:21:53,MOD Administrator,MOD Administrator,https://m365x71797824.sharepoint.com/sites/MigrationFileServer/Clients/CL1007_Pharmacie_du_Port/05_Projets/Migration_ERP/Compte_rendu_COPIL.docx,0154C50C199FBF9FB383A78E5D136E5D
Clients,CL1007_Pharmacie_du_Port/05_Projets/Migration_ERP/Planning_Migration_ERP.xlsx,/sites/MigrationFileServer/Clients/CL1007_Pharmacie_du_Port/05_Projets/Migration_ERP/Planning_Migration_ERP.xlsx,Planning_Migration_ERP.xlsx,.xlsx,5129,2026-09-16T10:34:17,2025-02-20T12:45:50,2025-02-20T12:45:50,MOD Administrator,MOD Administrator,https://m365x71797824.sharepoint.com/sites/MigrationFileServer/Clients/CL1007_Pharmacie_du_Port/05_Projets/Migration_ERP/Planning_Migration_ERP.xlsx,014E2A58235CA054E74BBBCBD3F5354D
Clients,CL1007_Pharmacie_du_Port/05_Projets/Migration_ERP/Presentation_lancement_Migration_ERP.pptx,/sites/MigrationFileServer/Clients/CL1007_Pharmacie_du_Port/05_Projets/Migration_ERP/Presentation_lancement_Migration_ERP.pptx,Presentation_lancement_Migration_ERP.pptx,.pptx,29176,2026-09-16T10:48:45,2025-01-27T01:43:40,2025-01-27T01:43:40,MOD Administrator,MOD Administrator,https://m365x71797824.sharepoint.com/sites/MigrationFileServer/Clients/CL1007_Pharmacie_du_Port/05_Projets/Migration_ERP/Presentation_lancement_Migration_ERP.pptx,01F014BA346038919BAFB245FEA1C5C6
Clients,CL1007_Pharmacie_du_Port/05_Projets/Refonte_site_web/Compte_rendu_COPIL.docx,/sites/MigrationFileServer/Clients/CL1007_Pharmacie_du_Port/05_Projets/Refonte_site_web/Compte_rendu_COPIL.docx,Compte_rendu_COPIL.docx,.docx,36732,2026-09-16T10:39:51,2025-04-09T23:44:42,2025-04-09T23:44:42,MOD Administrator,MOD Administrator,https://m365x71797824.sharepoint.com/sites/MigrationFileServer/Clients/CL1007_Pharmacie_du_Port/05_Projets/Refonte_site_web/Compte_rendu_COPIL.docx,01A793E3B3E83D5A6A0F479C3CAD3271
Clients,CL1007_Pharmacie_du_Port/05_Projets/Refonte_site_web/Planning_Refonte_site_web.xlsx,/sites/MigrationFileServer/Clients/CL1007_Pharmacie_du_Port/05_Projets/Refonte_site_web/Planning_Refonte_site_web.xlsx,Planning_Refonte_site_web.xlsx,.xlsx,5137,2026-09-16T10:37:31,2025-05-02T09:09:42,2025-05-02T09:09:42,MOD Administrator,MOD Administrator,https://m365x71797824.sharepoint.com/sites/MigrationFileServer/Clients/CL1007_Pharmacie_du_Port/05_Projets/Refonte_site_web/Planning_Refonte_site_web.xlsx,01049B3609F9E82520B10B8B155D1CEB
Clients,CL1007_Pharmacie_du_Port/05_Projets/Refonte_site_web/Presentation_lancement_Refonte_site_web.pptx,/sites/MigrationFileServer/Clients/CL1007_Pharmacie_du_Port/05_Projets/Refonte_site_web/Presentation_lancement_Refonte_site_web.pptx,Presentation_lancement_Refonte_site_web.pptx,.pptx,29177,2026-09-16T10:09:56,2025-06-25T08:47:48,2025-06-25T08:47:48,MOD Administrator,MOD Administrator,https://m365x71797824.sharepoint.com/sites/MigrationFileServer/Clients/CL1007_Pharmacie_du_Port/05_Projets/Refonte_site_web/Presentation_lancement_Refonte_site_web.pptx,011E7A55DAAEFC0D98E3586378D5B65D
Clients,CL1008_Garage_Morvan/01_Contrats/Contrat_cadre_CL1008_2017.docx,/sites/MigrationFileServer/Clients/CL1008_Garage_Morvan/01_Contrats/Contrat_cadre_CL1008_2017.docx,Contrat_cadre_CL1008_2017.docx,.docx,36781,2026-09-16T10:41:24,2017-06-09T13:00:50,2017-06-09T13:00:50,MOD Administrator,MOD Administrator,https://m365x71797824.sharepoint.com/sites/MigrationFileServer/Clients/CL1008_Garage_Morvan/01_Contrats/Contrat_cadre_CL1008_2017.docx,0183323746C04660A84FA75B43729EAB
Clients,CL1008_Garage_Morvan/01_Contrats/Contrat_cadre_CL1008_2017_signe.pdf,/sites/MigrationFileServer/Clients/CL1008_Garage_Morvan/01_Contrats/Contrat_cadre_CL1008_2017_signe.pdf,Contrat_cadre_CL1008_2017_signe.pdf,.pdf,1665,2026-09-16T10:15:46,2017-10-19T09:09:21,2017-10-19T09:09:21,MOD Administrator,MOD Administrator,https://m365x71797824.sharepoint.com/sites/MigrationFileServer/Clients/CL1008_Garage_Morvan/01_Contrats/Contrat_cadre_CL1008_2017_signe.pdf,0108FCC90D7578F33BBFF4041B9B694A
Clients,CL1008_Garage_Morvan/02_Devis/Devis_CL1008_2019-02.docx,/sites/MigrationFileServer/Clients/CL1008_Garage_Morvan/02_Devis/Devis_CL1008_2019-02.docx,Devis_CL1008_2019-02.docx,.docx,36745,2026-09-16T10:26:30,2019-02-12T00:40:06,2019-02-12T00:40:06,MOD Administrator,MOD Administrator,https://m365x71797824.sharepoint.com/sites/MigrationFileServer/Clients/CL1008_Garage_Morvan/02_Devis/Devis_CL1008_2019-02.docx,01EFC25E9FF3F6344F01CF5B102311F2
Clients,CL1008_Garage_Morvan/02_Devis/Devis_CL1008_2021-01.docx,/sites/MigrationFileServer/Clients/CL1008_Garage_Morvan/02_Devis/Devis_CL1008_2021-01.docx,Devis_CL1008_2021-01.docx,.docx,36747,2026-09-16T10:23:09,2021-02-10T05:37:38,2021-02-10T05:37:38,MOD Administrator,MOD Administrator,https://m365x71797824.sharepoint.com/sites/MigrationFileServer/Clients/CL1008_Garage_Morvan/02_Devis/Devis_CL1008_2021-01.docx,0193A6F289EB021B3496698CA0300A75
Clients,CL1008_Garage_Morvan/03_Factures/2024/Facture_CL1008_202401.pdf,/sites/MigrationFileServer/Clients/CL1008_Garage_Morvan/03_Factures/2024/Facture_CL1008_202401.pdf,Facture_CL1008_202401.pdf,.pdf,1700,2026-09-16T10:38:02,2024-01-19T10:00:00,2024-01-19T10:00:00,MOD Administrator,MOD Administrator,https://m365x71797824.sharepoint.com/sites/MigrationFileServer/Clients/CL1008_Garage_Morvan/03_Factures/2024/Facture_CL1008_202401.pdf,01BF53E31B2C6FEA1864687998FF69A1
Clients,CL1008_Garage_Morvan/03_Factures/2024/Facture_CL1008_202407.pdf,/sites/MigrationFileServer/Clients/CL1008_Garage_Morvan/03_Factures/2024/Facture_CL1008_202407.pdf,Facture_CL1008_202407.pdf,.pdf,1700,2026-09-16T10:43:41,2024-07-27T10:00:00,2024-07-27T10:00:00,MOD Administrator,MOD Administrator,https://m365x71797824.sharepoint.com/sites/MigrationFileServer/Clients/CL1008_Garage_Morvan/03_Factures/2024/Facture_CL1008_202407.pdf,01C3301131A096704147E73205FB6DFB
Clients,CL1008_Garage_Morvan/03_Factures/2024/Facture_CL1008_202408.pdf,/sites/MigrationFileServer/Clients/CL1008_Garage_Morvan/03_Factures/2024/Facture_CL1008_202408.pdf,Facture_CL1008_202408.pdf,.pdf,1700,2026-09-16T10:21:18,2024-08-10T10:00:00,2024-08-10T10:00:00,MOD Administrator,MOD Administrator,https://m365x71797824.sharepoint.com/sites/MigrationFileServer/Clients/CL1008_Garage_Morvan/03_Factures/2024/Facture_CL1008_202408.pdf,016BB32B68069B1B9E8B566EEEC5DB3B
Clients,CL1008_Garage_Morvan/03_Factures/2024/Facture_CL1008_202409.pdf,/sites/MigrationFileServer/Clients/CL1008_Garage_Morvan/03_Factures/2024/Facture_CL1008_202409.pdf,Facture_CL1008_202409.pdf,.pdf,1702,2026-09-16T10:41:26,2024-09-19T10:00:00,2024-09-19T10:00:00,MOD Administrator,MOD Administrator,https://m365x71797824.sharepoint.com/sites/MigrationFileServer/Clients/CL1008_Garage_Morvan/03_Factures/2024/Facture_CL1008_202409.pdf,01F3348405CE0E2A761595F16EA617AD
Clients,CL1008_Garage_Morvan/03_Factures/2024/Facture_CL1008_202410.pdf,/sites/MigrationFileServer/Clients/CL1008_Garage_Morvan/03_Factures/2024/Facture_CL1008_202410.pdf,Facture_CL1008_202410.pdf,.pdf,1700,2026-09-16T10:49:40,2024-10-01T10:00:00,2024-10-01T10:00:00,MOD Administrator,MOD Administrator,https://m365x71797824.sharepoint.com/sites/MigrationFileServer/Clients/CL1008_Garage_Morvan/03_Factures/2024/Facture_CL1008_202410.pdf,01F97E627AF688A7CE7E34C4F9616788
Clients,CL1008_Garage_Morvan/03_Factures/2024/Facture_CL1008_202411.pdf,/sites/MigrationFileServer/Clients/CL1008_Garage_Morvan/03_Factures/2024/Facture_CL1008_202411.pdf,Facture_CL1008_202411.pdf,.pdf,1699,2026-09-16T10:51:23,2024-11-11T10:00:00,2024-11-11T10:00:00,MOD Administrator,MOD Administrator,https://m365x71797824.sharepoint.com/sites/MigrationFileServer/Clients/CL1008_Garage_Morvan/03_Factures/2024/Facture_CL1008_202411.pdf,0152FEE8C34708F7E3E720C8E3B0DB9D
Clients,CL1008_Garage_Morvan/03_Factures/2025/Facture_CL1008_202503.pdf,/sites/MigrationFileServer/Clients/CL1008_Garage_Morvan/03_Factures/2025/Facture_CL1008_202503.pdf,Facture_CL1008_202503.pdf,.pdf,1700,2026-09-16T10:16:53,2025-03-06T10:00:00,2025-03-06T10:00:00,MOD Administrator,MOD Administrator,https://m365x71797824.sharepoint.com/sites/MigrationFileServer/Clients/CL1008_Garage_Morvan/03_Factures/2025/Facture_CL1008_202503.pdf,010C5EF8BFD36C8D687EEA3E04933DE2
Clients,CL1008_Garage_Morvan/03_Factures/2025/Facture_CL1008_202505.pdf,/sites/MigrationFileServer/Clients/CL1008_Garage_Morvan/03_Factures/2025/Facture_CL1008_202505.pdf,Facture_CL1008_202505.pdf,.pdf,1700,2026-09-16T10:56:34,2025-05-16T10:00:00,2025-05-16T10:00:00,MOD Administrator,MOD Administrator,https://m365x71797824.sharepoint.com/sites/MigrationFileServer/Clients/CL1008_Garage_Morvan/03_Factures/2025/Facture_CL1008_202505.pdf,0133669B0423CF7FDCE4CAF3A558E50F
Clients,CL1008_Garage_Morvan/03_Factures/2025/Facture_CL1008_202506.pdf,/sites/MigrationFileServer/Clients/CL1008_Garage_Morvan/03_Factures/2025/Facture_CL1008_202506.pdf,Facture_CL1008_202506.pdf,.pdf,1702,2026-09-16T10:39:51,2025-06-04T10:00:00,2025-06-04T10:00:00,MOD Administrator,MOD Administrator,https://m365x71797824.sharepoint.com/sites/MigrationFileServer/Clients/CL1008_Garage_Morvan/03_Factures/2025/Facture_CL1008_202506.pdf,014ED92FD22982A2200FC80F68E09CE1
Clients,CL1008_Garage_Morvan/03_Factures/2025/Facture_CL1008_202507.pdf,/sites/MigrationFileServer/Clients/CL1008_Garage_Morvan/03_Factures/2025/Facture_CL1008_202507.pdf,Facture_CL1008_202507.pdf,.pdf,1702,2026-09-16T10:53:33,2025-07-16T10:00:00,2025-07-16T10:00:00,MOD Administrator,MOD Administrator,https://m365x71797824.sharepoint.com/sites/MigrationFileServer/Clients/CL1008_Garage_Morvan/03_Factures/2025/Facture_CL1008_202507.pdf,01E857B6194FDD63BFAE70BEED2BB183
Clients,CL1008_Garage_Morvan/03_Factures/2025/Facture_CL1008_202508.pdf,/sites/MigrationFileServer/Clients/CL1008_Garage_Morvan/03_Factures/2025/Facture_CL1008_202508.pdf,Facture_CL1008_202508.pdf,.pdf,1700,2026-09-16T10:09:37,2025-08-20T10:00:00,2025-08-20T10:00:00,MOD Administrator,MOD Administrator,https://m365x71797824.sharepoint.com/sites/MigrationFileServer/Clients/CL1008_Garage_Morvan/03_Factures/2025/Facture_CL1008_202508.pdf,01C6EE9D4B620A5877F8B2D5564C31A0
Clients,CL1008_Garage_Morvan/03_Factures/2025/Facture_CL1008_202509.pdf,/sites/MigrationFileServer/Clients/CL1008_Garage_Morvan/03_Factures/2025/Facture_CL1008_202509.pdf,Facture_CL1008_202509.pdf,.pdf,1700,2026-09-16T10:29:44,2025-09-05T10:00:00,2025-09-05T10:00:00,MOD Administrator,MOD Administrator,https://m365x71797824.sharepoint.com/sites/MigrationFileServer/Clients/CL1008_Garage_Morvan/03_Factures/2025/Facture_CL1008_202509.pdf,01E42870BB4F35117045B8B27E2FE8CC
Clients,CL1008_Garage_Morvan/03_Factures/2025/Facture_CL1008_202510.pdf,/sites/MigrationFileServer/Clients/CL1008_Garage_Morvan/03_Factures/2025/Facture_CL1008_202510.pdf,Facture_CL1008_202510.pdf,.pdf,1700,2026-09-16T10:36:12,2025-10-24T10:00:00,2025-10-24T10:00:00,MOD Administrator,MOD Administrator,https://m365x71797824.sharepoint.com/sites/MigrationFileServer/Clients/CL1008_Garage_Morvan/03_Factures/2025/Facture_CL1008_202510.pdf,017034316FED94830C5226702F9EE73A
Clients,CL1008_Garage_Morvan/03_Factures/2025/Facture_CL1008_202511.pdf,/sites/MigrationFileServer/Clients/CL1008_Garage_Morvan/03_Factures/2025/Facture_CL1008_202511.pdf,Facture_CL1008_202511.pdf,.pdf,1700,2026-09-16T10:31:06,2025-11-17T10:00:00,2025-11-17T10:00:00,MOD Administrator,MOD Administrator,https://m365x71797824.sharepoint.com/sites/MigrationFileServer/Clients/CL1008_Garage_Morvan/03_Factures/2025/Facture_CL1008_202511.pdf,0164DB492C5C9E5D0E429D20FDAE7A70
Clients,CL1008_Garage_Morvan/03_Factures/2026/Facture_CL1008_202601.pdf,/sites/MigrationFileServer/Clients/CL1008_Garage_Morvan/03_Factures/2026/Facture_CL1008_202601.pdf,Facture_CL1008_202601.pdf,.pdf,1702,2026-09-16T10:26:24,2026-01-02T10:00:00,2026-01-02T10:00:00,MOD Administrator,MOD Administrator,https://m365x71797824.sharepoint.com/sites/MigrationFileServer/Clients/CL1008_Garage_Morvan/03_Factures/2026/Facture_CL1008_202601.pdf,014450315B78F9721AF6AE5B5BCB13D0
Clients,CL1008_Garage_Morvan/03_Factures/2026/Facture_CL1008_202607.pdf,/sites/MigrationFileServer/Clients/CL1008_Garage_Morvan/03_Factures/2026/Facture_CL1008_202607.pdf,Facture_CL1008_202607.pdf,.pdf,1702,2026-09-16T10:13:13,2026-07-01T10:00:00,2026-07-01T10:00:00,MOD Administrator,MOD Administrator,https://m365x71797824.sharepoint.com/sites/MigrationFileServer/Clients/CL1008_Garage_Morvan/03_Factures/2026/Facture_CL1008_202607.pdf,017342D5A19F6B7943E8A58A07ED014B
Clients,CL1008_Garage_Morvan/04_Correspondance/Echange_01.eml.txt,/sites/MigrationFileServer/Clients/CL1008_Garage_Morvan/04_Correspondance/Echange_01.eml.txt,Echange_01.eml.txt,.txt,106,2026-09-16T10:38:53,2022-01-29T05:41:32,2022-01-29T05:41:32,MOD Administrator,MOD Administrator,https://m365x71797824.sharepoint.com/sites/MigrationFileServer/Clients/CL1008_Garage_Morvan/04_Correspondance/Echange_01.eml.txt,01C7555E6D28EBC172A319C60B688375
Clients,CL1008_Garage_Morvan/04_Correspondance/Echange_02.eml.txt,/sites/MigrationFileServer/Clients/CL1008_Garage_Morvan/04_Correspondance/Echange_02.eml.txt,Echange_02.eml.txt,.txt,106,2026-09-16T10:26:02,2019-11-25T21:43:39,2019-11-25T21:43:39,MOD Administrator,MOD Administrator,https://m365x71797824.sharepoint.com/sites/MigrationFileServer/Clients/CL1008_Garage_Morvan/04_Correspondance/Echange_02.eml.txt,0189224691C1CFD0604766403F26EE13
Clients,CL1008_Garage_Morvan/04_Correspondance/Echange_03.eml.txt,/sites/MigrationFileServer/Clients/CL1008_Garage_Morvan/04_Correspondance/Echange_03.eml.txt,Echange_03.eml.txt,.txt,106,2026-09-16T10:36:42,2022-05-29T03:42:08,2022-05-29T03:42:08,MOD Administrator,MOD Administrator,https://m365x71797824.sharepoint.com/sites/MigrationFileServer/Clients/CL1008_Garage_Morvan/04_Correspondance/Echange_03.eml.txt,016966B28CABACC3C4D91D09658F09E7
Clients,CL1008_Garage_Morvan/04_Correspondance/Echange_04.eml.txt,/sites/MigrationFileServer/Clients/CL1008_Garage_Morvan/04_Correspondance/Echange_04.eml.txt,Echange_04.eml.txt,.txt,106,2026-09-16T10:54:04,2026-05-28T15:00:18,2026-05-28T15:00:18,MOD Administrator,MOD Administrator,https://m365x71797824.sharepoint.com/sites/MigrationFileServer/Clients/CL1008_Garage_Morvan/04_Correspondance/Echange_04.eml.txt,01B7A10D585CDC9EDB6442A535467FEB
Clients,CL1008_Garage_Morvan/05_Projets/Audit_securite/Compte_rendu_COPIL.docx,/sites/MigrationFileServer/Clients/CL1008_Garage_Morvan/05_Projets/Audit_securite/Compte_rendu_COPIL.docx,Compte_rendu_COPIL.docx,.docx,36730,2026-09-16T10:31:33,2024-11-12T12:41:43,2024-11-12T12:41:43,MOD Administrator,MOD Administrator,https://m365x71797824.sharepoint.com/sites/MigrationFileServer/Clients/CL1008_Garage_Morvan/05_Projets/Audit_securite/Compte_rendu_COPIL.docx,01A154711CD9F6313349D2FA61CF9C6D
Clients,CL1008_Garage_Morvan/05_Projets/Audit_securite/Planning_Audit_securite.xlsx,/sites/MigrationFileServer/Clients/CL1008_Garage_Morvan/05_Projets/Audit_securite/Planning_Audit_securite.xlsx,Planning_Audit_securite.xlsx,.xlsx,5138,2026-09-16T10:13:16,2024-05-15T16:24:48,2024-05-15T16:24:48,MOD Administrator,MOD Administrator,https://m365x71797824.sharepoint.com/sites/MigrationFileServer/Clients/CL1008_Garage_Morvan/05_Projets/Audit_securite/Planning_Audit_securite.xlsx,010A949CBE0301C0FAC57809A7731CC1
Clients,CL1008_Garage_Morvan/05_Projets/Audit_securite/Presentation_lancement_Audit_securite.pptx,/sites/MigrationFileServer/Clients/CL1008_Garage_Morvan/05_Projets/Audit_securite/Presentation_lancement_Audit_securite.pptx,Presentation_lancement_Audit_securite.pptx,.pptx,29175,2026-09-16T10:40:52,2024-10-29T13:54:17,2024-10-29T13:54:17,MOD Administrator,MOD Administrator,https://m365x71797824.sharepoint.com/sites/MigrationFileServer/Clients/CL1008_Garage_Morvan/05_Projets/Audit_securite/Presentation_lancement_Audit_securite.pptx,015A89172A4E3AE9DF910476E8B2B621
Clients,CL1008_Garage_Morvan/05_Projets/Migration_ERP/Compte_rendu_COPIL.docx,/sites/MigrationFileServer/Clients/CL1008_Garage_Morvan/05_Projets/Migration_ERP/Compte_rendu_COPIL.docx,Compte_rendu_COPIL.docx,.docx,36731,2026-09-16T10:44:23,2023-08-07T22:23:43,2023-08-07T22:23:43,MOD Administrator,MOD Administrator,https://m365x71797824.sharepoint.com/sites/MigrationFileServer/Clients/CL1008_Garage_Morvan/05_Projets/Migration_ERP/Compte_rendu_COPIL.docx,01E2C9ACDF3E4DE2ACFB012FD543F93B
Clients,CL1008_Garage_Morvan/05_Projets/Migration_ERP/Planning_Migration_ERP.xlsx,/sites/MigrationFileServer/Clients/CL1008_Garage_Morvan/05_Projets/Migration_ERP/Planning_Migration_ERP.xlsx,Planning_Migration_ERP.xlsx,.xlsx,5132,2026-09-16T10:10:56,2023-09-01T20:54:24,2023-09-01T20:54:24,MOD Administrator,MOD Administrator,https://m365x71797824.sharepoint.com/sites/MigrationFileServer/Clients/CL1008_Garage_Morvan/05_Projets/Migration_ERP/Planning_Migration_ERP.xlsx,019A4E8034C0F4D10718ADF10A8C6D6F
Clients,CL1008_Garage_Morvan/05_Projets/Migration_ERP/Presentation_lancement_Migration_ERP.pptx,/sites/MigrationFileServer/Clients/CL1008_Garage_Morvan/05_Projets/Migration_ERP/Presentation_lancement_Migration_ERP.pptx,Presentation_lancement_Migration_ERP.pptx,.pptx,29175,2026-09-16T10:49:53,2023-04-10T09:47:48,2023-04-10T09:47:48,MOD Administrator,MOD Administrator,https://m365x71797824.sharepoint.com/sites/MigrationFileServer/Clients/CL1008_Garage_Morvan/05_Projets/Migration_ERP/Presentation_lancement_Migration_ERP.pptx,01B637C7E9CEC979B6D59B3D8669A8EE
Clients,CL1009_Imprimerie_Castel/01_Contrats/Contrat_cadre_CL1009_2022.docx,/sites/MigrationFileServer/Clients/CL1009_Imprimerie_Castel/01_Contrats/Contrat_cadre_CL1009_2022.docx,Contrat_cadre_CL1009_2022.docx,.docx,36783,2026-09-16T10:13:59,2022-12-25T21:44:31,2022-12-25T21:44:31,MOD Administrator,MOD Administrator,https://m365x71797824.sharepoint.com/sites/MigrationFileServer/Clients/CL1009_Imprimerie_Castel/01_Contrats/Contrat_cadre_CL1009_2022.docx,012D29C39AA50FCCB12A79C91C4E941A
Clients,CL1009_Imprimerie_Castel/01_Contrats/Contrat_cadre_CL1009_2022_signe.pdf,/sites/MigrationFileServer/Clients/CL1009_Imprimerie_Castel/01_Contrats/Contrat_cadre_CL1009_2022_signe.pdf,Contrat_cadre_CL1009_2022_signe.pdf,.pdf,1660,2026-09-16T10:52:40,2022-09-04T17:24:34,2022-09-04T17:24:34,MOD Administrator,MOD Administrator,https://m365x71797824.sharepoint.com/sites/MigrationFileServer/Clients/CL1009_Imprimerie_Castel/01_Contrats/Contrat_cadre_CL1009_2022_signe.pdf,01C64CD6701E2A2C05B127F13FBE0B31
Clients,CL1009_Imprimerie_Castel/02_Devis/Devis_CL1009_2022-04.docx,/sites/MigrationFileServer/Clients/CL1009_Imprimerie_Castel/02_Devis/Devis_CL1009_2022-04.docx,Devis_CL1009_2022-04.docx,.docx,36748,2026-09-16T10:31:25,2022-05-30T07:38:11,2022-05-30T07:38:11,MOD Administrator,MOD Administrator,https://m365x71797824.sharepoint.com/sites/MigrationFileServer/Clients/CL1009_Imprimerie_Castel/02_Devis/Devis_CL1009_2022-04.docx,01BE114114CA2CBDE9F0BB0874D77412
Clients,CL1009_Imprimerie_Castel/02_Devis/Devis_CL1009_2024-01.docx,/sites/MigrationFileServer/Clients/CL1009_Imprimerie_Castel/02_Devis/Devis_CL1009_2024-01.docx,Devis_CL1009_2024-01.docx,.docx,36748,2026-09-16T10:59:21,2024-07-01T02:39:40,2024-07-01T02:39:40,MOD Administrator,MOD Administrator,https://m365x71797824.sharepoint.com/sites/MigrationFileServer/Clients/CL1009_Imprimerie_Castel/02_Devis/Devis_CL1009_2024-01.docx,01CE447C6B7FF3A24D647F770C6664EE
Clients,CL1009_Imprimerie_Castel/02_Devis/Devis_CL1009_2024-02.docx,/sites/MigrationFileServer/Clients/CL1009_Imprimerie_Castel/02_Devis/Devis_CL1009_2024-02.docx,Devis_CL1009_2024-02.docx,.docx,36749,2026-09-16T10:27:22,2024-07-16T00:43:21,2024-07-16T00:43:21,MOD Administrator,MOD Administrator,https://m365x71797824.sharepoint.com/sites/MigrationFileServer/Clients/CL1009_Imprimerie_Castel/02_Devis/Devis_CL1009_2024-02.docx,01DF22EED5B6503A0D2F8C5F8DDD71CD
Clients,CL1009_Imprimerie_Castel/02_Devis/Devis_CL1009_2025-03.docx,/sites/MigrationFileServer/Clients/CL1009_Imprimerie_Castel/02_Devis/Devis_CL1009_2025-03.docx,Devis_CL1009_2025-03.docx,.docx,36746,2026-09-16T10:15:34,2025-11-19T23:58:28,2025-11-19T23:58:28,MOD Administrator,MOD Administrator,https://m365x71797824.sharepoint.com/sites/MigrationFileServer/Clients/CL1009_Imprimerie_Castel/02_Devis/Devis_CL1009_2025-03.docx,01AB5E7B1069E44CEC856CF413BC542E
Clients,CL1009_Imprimerie_Castel/03_Factures/2024/Facture_CL1009_202403.pdf,/sites/MigrationFileServer/Clients/CL1009_Imprimerie_Castel/03_Factures/2024/Facture_CL1009_202403.pdf,Facture_CL1009_202403.pdf,.pdf,1703,2026-09-16T10:24:08,2024-03-19T10:00:00,2024-03-19T10:00:00,MOD Administrator,MOD Administrator,https://m365x71797824.sharepoint.com/sites/MigrationFileServer/Clients/CL1009_Imprimerie_Castel/03_Factures/2024/Facture_CL1009_202403.pdf,0110E217C1AE915E3456B6F2AC368AA4
Clients,CL1009_Imprimerie_Castel/03_Factures/2024/Facture_CL1009_202405.pdf,/sites/MigrationFileServer/Clients/CL1009_Imprimerie_Castel/03_Factures/2024/Facture_CL1009_202405.pdf,Facture_CL1009_202405.pdf,.pdf,1704,2026-09-16T10:32:04,2024-05-15T10:00:00,2024-05-15T10:00:00,MOD Administrator,MOD Administrator,https://m365x71797824.sharepoint.com/sites/MigrationFileServer/Clients/CL1009_Imprimerie_Castel/03_Factures/2024/Facture_CL1009_202405.pdf,0192E70BB6DA18617400CBACA0808BEF
Clients,CL1009_Imprimerie_Castel/03_Factures/2024/Facture_CL1009_202407.pdf,/sites/MigrationFileServer/Clients/CL1009_Imprimerie_Castel/03_Factures/2024/Facture_CL1009_202407.pdf,Facture_CL1009_202407.pdf,.pdf,1703,2026-09-16T10:48:15,2024-07-02T10:00:00,2024-07-02T10:00:00,MOD Administrator,MOD Administrator,https://m365x71797824.sharepoint.com/sites/MigrationFileServer/Clients/CL1009_Imprimerie_Castel/03_Factures/2024/Facture_CL1009_202407.pdf,0136C4930A67579D366EBBD3C393EC38
Clients,CL1009_Imprimerie_Castel/03_Factures/2024/Facture_CL1009_202409.pdf,/sites/MigrationFileServer/Clients/CL1009_Imprimerie_Castel/03_Factures/2024/Facture_CL1009_202409.pdf,Facture_CL1009_202409.pdf,.pdf,1705,2026-09-16T10:42:46,2024-09-12T10:00:00,2024-09-12T10:00:00,MOD Administrator,MOD Administrator,https://m365x71797824.sharepoint.com/sites/MigrationFileServer/Clients/CL1009_Imprimerie_Castel/03_Factures/2024/Facture_CL1009_202409.pdf,01ADF6613CD8447345C9037880461896
Clients,CL1009_Imprimerie_Castel/03_Factures/2024/Facture_CL1009_202410.pdf,/sites/MigrationFileServer/Clients/CL1009_Imprimerie_Castel/03_Factures/2024/Facture_CL1009_202410.pdf,Facture_CL1009_202410.pdf,.pdf,1703,2026-09-16T10:56:54,2024-10-22T10:00:00,2024-10-22T10:00:00,MOD Administrator,MOD Administrator,https://m365x71797824.sharepoint.com/sites/MigrationFileServer/Clients/CL1009_Imprimerie_Castel/03_Factures/2024/Facture_CL1009_202410.pdf,0138E0DF1D26B229F521E8CE84D6A18F
Clients,CL1009_Imprimerie_Castel/03_Factures/2024/Facture_CL1009_202412.pdf,/sites/MigrationFileServer/Clients/CL1009_Imprimerie_Castel/03_Factures/2024/Facture_CL1009_202412.pdf,Facture_CL1009_202412.pdf,.pdf,1703,2026-09-16T10:48:54,2024-12-22T10:00:00,2024-12-22T10:00:00,MOD Administrator,MOD Administrator,https://m365x71797824.sharepoint.com/sites/MigrationFileServer/Clients/CL1009_Imprimerie_Castel/03_Factures/2024/Facture_CL1009_202412.pdf,011FFC2ECD802568833D1C10DBC10DAE
Clients,CL1009_Imprimerie_Castel/03_Factures/2025/Facture_CL1009_202505.pdf,/sites/MigrationFileServer/Clients/CL1009_Imprimerie_Castel/03_Factures/2025/Facture_CL1009_202505.pdf,Facture_CL1009_202505.pdf,.pdf,1704,2026-09-16T10:24:57,2025-05-05T10:00:00,2025-05-05T10:00:00,MOD Administrator,MOD Administrator,https://m365x71797824.sharepoint.com/sites/MigrationFileServer/Clients/CL1009_Imprimerie_Castel/03_Factures/2025/Facture_CL1009_202505.pdf,01D22BB1C5F84A27B3BE35D4D2089198
Clients,CL1009_Imprimerie_Castel/03_Factures/2025/Facture_CL1009_202508.pdf,/sites/MigrationFileServer/Clients/CL1009_Imprimerie_Castel/03_Factures/2025/Facture_CL1009_202508.pdf,Facture_CL1009_202508.pdf,.pdf,1703,2026-09-16T10:47:24,2025-08-03T10:00:00,2025-08-03T10:00:00,MOD Administrator,MOD Administrator,https://m365x71797824.sharepoint.com/sites/MigrationFileServer/Clients/CL1009_Imprimerie_Castel/03_Factures/2025/Facture_CL1009_202508.pdf,01A5BF96D9219B7CDB4998A2C3E0F05F
Clients,CL1009_Imprimerie_Castel/03_Factures/2025/Facture_CL1009_202510.pdf,/sites/MigrationFileServer/Clients/CL1009_Imprimerie_Castel/03_Factures/2025/Facture_CL1009_202510.pdf,Facture_CL1009_202510.pdf,.pdf,1704,2026-09-16T10:51:56,2025-10-23T10:00:00,2025-10-23T10:00:00,MOD Administrator,MOD Administrator,https://m365x71797824.sharepoint.com/sites/MigrationFileServer/Clients/CL1009_Imprimerie_Castel/03_Factures/2025/Facture_CL1009_202510.pdf,01E5718E7D9CC321D7626381B9B42AB9
Clients,CL1009_Imprimerie_Castel/03_Factures/2026/Facture_CL1009_202601.pdf,/sites/MigrationFileServer/Clients/CL1009_Imprimerie_Castel/03_Factures/2026/Facture_CL1009_202601.pdf,Facture_CL1009_202601.pdf,.pdf,1703,2026-09-16T10:23:45,2026-01-17T10:00:00,2026-01-17T10:00:00,MOD Administrator,MOD Administrator,https://m365x71797824.sharepoint.com/sites/MigrationFileServer/Clients/CL1009_Imprimerie_Castel/03_Factures/2026/Facture_CL1009_202601.pdf,019AD75BF49A7554A7C582A0DA113B58
Clients,CL1009_Imprimerie_Castel/03_Factures/2026/Facture_CL1009_202602.pdf,/sites/MigrationFileServer/Clients/CL1009_Imprimerie_Castel/03_Factures/2026/Facture_CL1009_202602.pdf,Facture_CL1009_202602.pdf,.pdf,1704,2026-09-16T10:58:32,2026-02-11T10:00:00,2026-02-11T10:00:00,MOD Administrator,MOD Administrator,https://m365x71797824.sharepoint.com/sites/MigrationFileServer/Clients/CL1009_Imprimerie_Castel/03_Factures/2026/Facture_CL1009_202602.pdf,01E7653C91368C880A9B90E26845E52D
Clients,CL1009_Imprimerie_Castel/03_Factures/2026/Facture_CL1009_202603.pdf,/sites/MigrationFileServer/Clients/CL1009_Imprimerie_Castel/03_Factures/2026/Facture_CL1009_202603.pdf,Facture_CL1009_202603.pdf,.pdf,1704,2026-09-16T10:20:19,2026-03-05T10:00:00,2026-03-05T10:00:00,MOD Administrator,MOD Administrator,https://m365x71797824.sharepoint.com/sites/MigrationFileServer/Clients/CL1009_Imprimerie_Castel/03_Factures/2026/Facture_CL1009_202603.pdf,0191A96C8EAD0EF17F5C1808681805E6
Clients,CL1009_Imprimerie_Castel/03_Factures/2026/Facture_CL1009_202604.pdf,/sites/MigrationFileServer/Clients/CL1009_Imprimerie_Castel/03_Factures/2026/Facture_CL1009_202604.pdf,Facture_CL1009_202604.pdf,.pdf,1703,2026-09-16T10:57:05,2026-04-24T10:00:00,2026-04-24T10:00:00,MOD Administrator,MOD Administrator,https://m365x71797824.sharepoint.com/sites/MigrationFileServer/Clients/CL1009_Imprimerie_Castel/03_Factures/2026/Facture_CL1009_202604.pdf,01846BC764B30E3DA705F80CE65C1657
Clients,CL1009_Imprimerie_Castel/04_Correspondance/Echange_01.eml.txt,/sites/MigrationFileServer/Clients/CL1009_Imprimerie_Castel/04_Correspondance/Echange_01.eml.txt,Echange_01.eml.txt,.txt,106,2026-09-16T10:10:07,2026-01-26T21:34:49,2026-01-26T21:34:49,MOD Administrator,MOD Administrator,https://m365x71797824.sharepoint.com/sites/MigrationFileServer/Clients/CL1009_Imprimerie_Castel/04_Correspondance/Echange_01.eml.txt,0137E88F6D533C8248F4337BD8D6AE2F
Clients,CL1009_Imprimerie_Castel/04_Correspondance/Echange_02.eml.txt,/sites/MigrationFileServer/Clients/CL1009_Imprimerie_Castel/04_Correspondance/Echange_02.eml.txt,Echange_02.eml.txt,.txt,106,2026-09-16T10:06:29,2025-11-18T14:40:19,2025-11-18T14:40:19,MOD Administrator,MOD Administrator,https://m365x71797824.sharepoint.com/sites/MigrationFileServer/Clients/CL1009_Imprimerie_Castel/04_Correspondance/Echange_02.eml.txt,01726639C52385E28FC3949286A115F5
Clients,CL1009_Imprimerie_Castel/05_Projets/Deploiement_Teams/Compte_rendu_COPIL.docx,/sites/MigrationFileServer/Clients/CL1009_Imprimerie_Castel/05_Projets/Deploiement_Teams/Compte_rendu_COPIL.docx,Compte_rendu_COPIL.docx,.docx,36732,2026-09-16T10:23:32,2025-11-11T00:55:14,2025-11-11T00:55:14,MOD Administrator,MOD Administrator,https://m365x71797824.sharepoint.com/sites/MigrationFileServer/Clients/CL1009_Imprimerie_Castel/05_Projets/Deploiement_Teams/Compte_rendu_COPIL.docx,01971A544272197C9FFA2E7C760F2131
Clients,CL1009_Imprimerie_Castel/05_Projets/Deploiement_Teams/Planning_Deploiement_Teams.xlsx,/sites/MigrationFileServer/Clients/CL1009_Imprimerie_Castel/05_Projets/Deploiement_Teams/Planning_Deploiement_Teams.xlsx,Planning_Deploiement_Teams.xlsx,.xlsx,5134,2026-09-16T10:41:38,2025-04-01T21:03:55,2025-04-01T21:03:55,MOD Administrator,MOD Administrator,https://m365x71797824.sharepoint.com/sites/MigrationFileServer/Clients/CL1009_Imprimerie_Castel/05_Projets/Deploiement_Teams/Planning_Deploiement_Teams.xlsx,0189B161C00A23934F084288D2CEB025
Clients,CL1009_Imprimerie_Castel/05_Projets/Deploiement_Teams/Presentation_lancement_Deploiement_Teams.pptx,/sites/MigrationFileServer/Clients/CL1009_Imprimerie_Castel/05_Projets/Deploiement_Teams/Presentation_lancement_Deploiement_Teams.pptx,Presentation_lancement_Deploiement_Teams.pptx,.pptx,29174,2026-09-16T10:58:29,2025-05-22T11:30:59,2025-05-22T11:30:59,MOD Administrator,MOD Administrator,https://m365x71797824.sharepoint.com/sites/MigrationFileServer/Clients/CL1009_Imprimerie_Castel/05_Projets/Deploiement_Teams/Presentation_lancement_Deploiement_Teams.pptx,014B4D62363976EDF37BD575BA1C4CB9
Clients,CL1009_Imprimerie_Castel/05_Projets/Refonte_site_web/Compte_rendu_COPIL.docx,/sites/MigrationFileServer/Clients/CL1009_Imprimerie_Castel/05_Projets/Refonte_site_web/Compte_rendu_COPIL.docx,Compte_rendu_COPIL.docx,.docx,36733,2026-09-16T10:46:59,2024-11-07T04:16:38,2024-11-07T04:16:38,MOD Administrator,MOD Administrator,https://m365x71797824.sharepoint.com/sites/MigrationFileServer/Clients/CL1009_Imprimerie_Castel/05_Projets/Refonte_site_web/Compte_rendu_COPIL.docx,0187DB79C154BECB90F6F7CB235710DE
Clients,CL1009_Imprimerie_Castel/05_Projets/Refonte_site_web/Planning_Refonte_site_web.xlsx,/sites/MigrationFileServer/Clients/CL1009_Imprimerie_Castel/05_Projets/Refonte_site_web/Planning_Refonte_site_web.xlsx,Planning_Refonte_site_web.xlsx,.xlsx,5129,2026-09-16T10:42:14,2024-06-11T14:12:06,2024-06-11T14:12:06,MOD Administrator,MOD Administrator,https://m365x71797824.sharepoint.com/sites/MigrationFileServer/Clients/CL1009_Imprimerie_Castel/05_Projets/Refonte_site_web/Planning_Refonte_site_web.xlsx,01D20AA558CB20BBEC8E7D6ED937C5B3
Clients,CL1009_Imprimerie_Castel/05_Projets/Refonte_site_web/Presentation_lancement_Refonte_site_web.pptx,/sites/MigrationFileServer/Clients/CL1009_Imprimerie_Castel/05_Projets/Refonte_site_web/Presentation_lancement_Refonte_site_web.pptx,Presentation_lancement_Refonte_site_web.pptx,.pptx,29177,2026-09-16T10:19:18,2024-09-20T10:16:40,2024-09-20T10:16:40,MOD Administrator,MOD Administrator,https://m365x71797824.sharepoint.com/sites/MigrationFileServer/Clients/CL1009_Imprimerie_Castel/05_Projets/Refonte_site_web/Presentation_lancement_Refonte_site_web.pptx,0193D95C92CF08D040F951BED0D6E341
Clients,CL1010_Vignobles_de_Sancerre-Est/01_Contrats/Contrat_cadre_CL1010_2017.docx,/sites/MigrationFileServer/Clients/CL1010_Vignobles_de_Sancerre-Est/01_Contrats/Contrat_cadre_CL1010_2017.docx,Contrat_cadre_CL1010_2017.docx,.docx,36787,2026-09-16T10:40:45,2017-09-07T00:13:18,2017-09-07T00:13:18,MOD Administrator,MOD Administrator,https://m365x71797824.sharepoint.com/sites/MigrationFileServer/Clients/CL1010_Vignobles_de_Sancerre-Est/01_Contrats/Contrat_cadre_CL1010_2017.docx,012C4C3E58C730DEC93915AB9707CE3B
Clients,CL1010_Vignobles_de_Sancerre-Est/01_Contrats/Contrat_cadre_CL1010_2017_signe.pdf,/sites/MigrationFileServer/Clients/CL1010_Vignobles_de_Sancerre-Est/01_Contrats/Contrat_cadre_CL1010_2017_signe.pdf,Contrat_cadre_CL1010_2017_signe.pdf,.pdf,1664,2026-09-16T10:07:51,2017-08-04T08:41:39,2017-08-04T08:41:39,MOD Administrator,MOD Administrator,https://m365x71797824.sharepoint.com/sites/MigrationFileServer/Clients/CL1010_Vignobles_de_Sancerre-Est/01_Contrats/Contrat_cadre_CL1010_2017_signe.pdf,015FD9333F6C857F1B449F7402813201
Clients,CL1010_Vignobles_de_Sancerre-Est/02_Devis/Devis_CL1010_2018-01.docx,/sites/MigrationFileServer/Clients/CL1010_Vignobles_de_Sancerre-Est/02_Devis/Devis_CL1010_2018-01.docx,Devis_CL1010_2018-01.docx,.docx,36749,2026-09-16T10:10:40,2018-03-04T06:13:09,2018-03-04T06:13:09,MOD Administrator,MOD Administrator,https://m365x71797824.sharepoint.com/sites/MigrationFileServer/Clients/CL1010_Vignobles_de_Sancerre-Est/02_Devis/Devis_CL1010_2018-01.docx,0195BD4F8216EAC2EDB97AE1F5461366
Clients,CL1010_Vignobles_de_Sancerre-Est/02_Devis/Devis_CL1010_2019-02.docx,/sites/MigrationFileServer/Clients/CL1010_Vignobles_de_Sancerre-Est/02_Devis/Devis_CL1010_2019-02.docx,Devis_CL1010_2019-02.docx,.docx,36747,2026-09-16T10:13:25,2019-12-20T14:31:16,2019-12-20T14:31:16,MOD Administrator,MOD Administrator,https://m365x71797824.sharepoint.com/sites/MigrationFileServer/Clients/CL1010_Vignobles_de_Sancerre-Est/02_Devis/Devis_CL1010_2019-02.docx,0196B89F5AF45BE5B183181A7563EB20
Clients,CL1010_Vignobles_de_Sancerre-Est/02_Devis/Devis_CL1010_2022-03.docx,/sites/MigrationFileServer/Clients/CL1010_Vignobles_de_Sancerre-Est/02_Devis/Devis_CL1010_2022-03.docx,Devis_CL1010_2022-03.docx,.docx,36745,2026-09-16T10:32:14,2022-06-03T23:13:07,2022-06-03T23:13:07,MOD Administrator,MOD Administrator,https://m365x71797824.sharepoint.com/sites/MigrationFileServer/Clients/CL1010_Vignobles_de_Sancerre-Est/02_Devis/Devis_CL1010_2022-03.docx,01FEE5BF02E1BCB3E5DE1E90D6AAAD97
Clients,CL1010_Vignobles_de_Sancerre-Est/02_Devis/Devis_CL1010_2023-04.docx,/sites/MigrationFileServer/Clients/CL1010_Vignobles_de_Sancerre-Est/02_Devis/Devis_CL1010_2023-04.docx,Devis_CL1010_2023-04.docx,.docx,36746,2026-09-16T10:09:51,2023-01-11T22:43:37,2023-01-11T22:43:37,MOD Administrator,MOD Administrator,https://m365x71797824.sharepoint.com/sites/MigrationFileServer/Clients/CL1010_Vignobles_de_Sancerre-Est/02_Devis/Devis_CL1010_2023-04.docx,01545535D08812E7D2F61A699B5F10B6
Clients,CL1010_Vignobles_de_Sancerre-Est/03_Factures/2024/Facture_CL1010_202404.pdf,/sites/MigrationFileServer/Clients/CL1010_Vignobles_de_Sancerre-Est/03_Factures/2024/Facture_CL1010_202404.pdf,Facture_CL1010_202404.pdf,.pdf,1708,2026-09-16T10:48:16,2024-04-27T10:00:00,2024-04-27T10:00:00,MOD Administrator,MOD Administrator,https://m365x71797824.sharepoint.com/sites/MigrationFileServer/Clients/CL1010_Vignobles_de_Sancerre-Est/03_Factures/2024/Facture_CL1010_202404.pdf,01935ABDD97A562230A44B558C124616
Clients,CL1010_Vignobles_de_Sancerre-Est/03_Factures/2024/Facture_CL1010_202406.pdf,/sites/MigrationFileServer/Clients/CL1010_Vignobles_de_Sancerre-Est/03_Factures/2024/Facture_CL1010_202406.pdf,Facture_CL1010_202406.pdf,.pdf,1707,2026-09-16T10:14:27,2024-06-03T10:00:00,2024-06-03T10:00:00,MOD Administrator,MOD Administrator,https://m365x71797824.sharepoint.com/sites/MigrationFileServer/Clients/CL1010_Vignobles_de_Sancerre-Est/03_Factures/2024/Facture_CL1010_202406.pdf,01E16120D5AEC358E9F81C5EB4743751
Clients,CL1010_Vignobles_de_Sancerre-Est/03_Factures/2024/Facture_CL1010_202408.pdf,/sites/MigrationFileServer/Clients/CL1010_Vignobles_de_Sancerre-Est/03_Factures/2024/Facture_CL1010_202408.pdf,Facture_CL1010_202408.pdf,.pdf,1709,2026-09-16T10:51:39,2024-08-17T10:00:00,2024-08-17T10:00:00,MOD Administrator,MOD Administrator,https://m365x71797824.sharepoint.com/sites/MigrationFileServer/Clients/CL1010_Vignobles_de_Sancerre-Est/03_Factures/2024/Facture_CL1010_202408.pdf,019D9D85C75778539D30D41B9B746428
Clients,CL1010_Vignobles_de_Sancerre-Est/03_Factures/2024/Facture_CL1010_202409.pdf,/sites/MigrationFileServer/Clients/CL1010_Vignobles_de_Sancerre-Est/03_Factures/2024/Facture_CL1010_202409.pdf,Facture_CL1010_202409.pdf,.pdf,1709,2026-09-16T10:18:07,2024-09-02T10:00:00,2024-09-02T10:00:00,MOD Administrator,MOD Administrator,https://m365x71797824.sharepoint.com/sites/MigrationFileServer/Clients/CL1010_Vignobles_de_Sancerre-Est/03_Factures/2024/Facture_CL1010_202409.pdf,01C27245FD48573FD42A62AE7E6722F8
Clients,CL1010_Vignobles_de_Sancerre-Est/03_Factures/2024/Facture_CL1010_202411.pdf,/sites/MigrationFileServer/Clients/CL1010_Vignobles_de_Sancerre-Est/03_Factures/2024/Facture_CL1010_202411.pdf,Facture_CL1010_202411.pdf,.pdf,1708,2026-09-16T10:18:04,2024-11-16T10:00:00,2024-11-16T10:00:00,MOD Administrator,MOD Administrator,https://m365x71797824.sharepoint.com/sites/MigrationFileServer/Clients/CL1010_Vignobles_de_Sancerre-Est/03_Factures/2024/Facture_CL1010_202411.pdf,01043B520A842649FEE5BCE1F1BC6A1A
Clients,CL1010_Vignobles_de_Sancerre-Est/03_Factures/2025/Facture_CL1010_202503.pdf,/sites/MigrationFileServer/Clients/CL1010_Vignobles_de_Sancerre-Est/03_Factures/2025/Facture_CL1010_202503.pdf,Facture_CL1010_202503.pdf,.pdf,1708,2026-09-16T10:34:49,2025-03-12T10:00:00,2025-03-12T10:00:00,MOD Administrator,MOD Administrator,https://m365x71797824.sharepoint.com/sites/MigrationFileServer/Clients/CL1010_Vignobles_de_Sancerre-Est/03_Factures/2025/Facture_CL1010_202503.pdf,01BE399429B4281B67CA4D0546329CB9
Clients,CL1010_Vignobles_de_Sancerre-Est/03_Factures/2025/Facture_CL1010_202504.pdf,/sites/MigrationFileServer/Clients/CL1010_Vignobles_de_Sancerre-Est/03_Factures/2025/Facture_CL1010_202504.pdf,Facture_CL1010_202504.pdf,.pdf,1708,2026-09-16T10:18:49,2025-04-17T10:00:00,2025-04-17T10:00:00,MOD Administrator,MOD Administrator,https://m365x71797824.sharepoint.com/sites/MigrationFileServer/Clients/CL1010_Vignobles_de_Sancerre-Est/03_Factures/2025/Facture_CL1010_202504.pdf,01C16B6D348F6DAEDE33801BA843FED2
Clients,CL1010_Vignobles_de_Sancerre-Est/03_Factures/2025/Facture_CL1010_202506.pdf,/sites/MigrationFileServer/Clients/CL1010_Vignobles_de_Sancerre-Est/03_Factures/2025/Facture_CL1010_202506.pdf,Facture_CL1010_202506.pdf,.pdf,1708,2026-09-16T10:50:53,2025-06-17T10:00:00,2025-06-17T10:00:00,MOD Administrator,MOD Administrator,https://m365x71797824.sharepoint.com/sites/MigrationFileServer/Clients/CL1010_Vignobles_de_Sancerre-Est/03_Factures/2025/Facture_CL1010_202506.pdf,01C940CA43BF6619FD4BD5BFFAF91778
Clients,CL1010_Vignobles_de_Sancerre-Est/03_Factures/2025/Facture_CL1010_202508.pdf,/sites/MigrationFileServer/Clients/CL1010_Vignobles_de_Sancerre-Est/03_Factures/2025/Facture_CL1010_202508.pdf,Facture_CL1010_202508.pdf,.pdf,1708,2026-09-16T10:07:58,2025-08-12T10:00:00,2025-08-12T10:00:00,MOD Administrator,MOD Administrator,https://m365x71797824.sharepoint.com/sites/MigrationFileServer/Clients/CL1010_Vignobles_de_Sancerre-Est/03_Factures/2025/Facture_CL1010_202508.pdf,01B831F8739CF4C39FB8F7ED82BD456E
Clients,CL1010_Vignobles_de_Sancerre-Est/03_Factures/2025/Facture_CL1010_202509.pdf,/sites/MigrationFileServer/Clients/CL1010_Vignobles_de_Sancerre-Est/03_Factures/2025/Facture_CL1010_202509.pdf,Facture_CL1010_202509.pdf,.pdf,1709,2026-09-16T10:07:04,2025-09-08T10:00:00,2025-09-08T10:00:00,MOD Administrator,MOD Administrator,https://m365x71797824.sharepoint.com/sites/MigrationFileServer/Clients/CL1010_Vignobles_de_Sancerre-Est/03_Factures/2025/Facture_CL1010_202509.pdf,010354DB0C6AFC774234A4E6215A99A2
Clients,CL1010_Vignobles_de_Sancerre-Est/03_Factures/2025/Facture_CL1010_202510.pdf,/sites/MigrationFileServer/Clients/CL1010_Vignobles_de_Sancerre-Est/03_Factures/2025/Facture_CL1010_202510.pdf,Facture_CL1010_202510.pdf,.pdf,1707,2026-09-16T10:59:55,2025-10-25T10:00:00,2025-10-25T10:00:00,MOD Administrator,MOD Administrator,https://m365x71797824.sharepoint.com/sites/MigrationFileServer/Clients/CL1010_Vignobles_de_Sancerre-Est/03_Factures/2025/Facture_CL1010_202510.pdf,01A1540D7EBF537B8EB8D41518A43E1B
Clients,CL1010_Vignobles_de_Sancerre-Est/03_Factures/2025/Facture_CL1010_202511.pdf,/sites/MigrationFileServer/Clients/CL1010_Vignobles_de_Sancerre-Est/03_Factures/2025/Facture_CL1010_202511.pdf,Facture_CL1010_202511.pdf,.pdf,1709,2026-09-16T10:40:16,2025-11-21T10:00:00,2025-11-21T10:00:00,MOD Administrator,MOD Administrator,https://m365x71797824.sharepoint.com/sites/MigrationFileServer/Clients/CL1010_Vignobles_de_Sancerre-Est/03_Factures/2025/Facture_CL1010_202511.pdf,0129E4C99DA0A8D0F35AFA434B8EC8EF
Clients,CL1010_Vignobles_de_Sancerre-Est/03_Factures/2026/Facture_CL1010_202602.pdf,/sites/MigrationFileServer/Clients/CL1010_Vignobles_de_Sancerre-Est/03_Factures/2026/Facture_CL1010_202602.pdf,Facture_CL1010_202602.pdf,.pdf,1708,2026-09-16T10:42:40,2026-02-05T10:00:00,2026-02-05T10:00:00,MOD Administrator,MOD Administrator,https://m365x71797824.sharepoint.com/sites/MigrationFileServer/Clients/CL1010_Vignobles_de_Sancerre-Est/03_Factures/2026/Facture_CL1010_202602.pdf,014E4578B55AC4FD09FDD0DED450D04C
Clients,CL1010_Vignobles_de_Sancerre-Est/03_Factures/2026/Facture_CL1010_202604.pdf,/sites/MigrationFileServer/Clients/CL1010_Vignobles_de_Sancerre-Est/03_Factures/2026/Facture_CL1010_202604.pdf,Facture_CL1010_202604.pdf,.pdf,1707,2026-09-16T10:12:02,2026-04-26T10:00:00,2026-04-26T10:00:00,MOD Administrator,MOD Administrator,https://m365x71797824.sharepoint.com/sites/MigrationFileServer/Clients/CL1010_Vignobles_de_Sancerre-Est/03_Factures/2026/Facture_CL1010_202604.pdf,015AF25C11B0FA66162CD81DFABD4714
Clients,CL1010_Vignobles_de_Sancerre-Est/03_Factures/2026/Facture_CL1010_202605.pdf,/sites/MigrationFileServer/Clients/CL1010_Vignobles_de_Sancerre-Est/03_Factures/2026/Facture_CL1010_202605.pdf,Facture_CL1010_202605.pdf,.pdf,1707,2026-09-16T10:32:57,2026-05-13T10:00:00,2026-05-13T10:00:00,MOD Administrator,MOD Administrator,https://m365x71797824.sharepoint.com/sites/MigrationFileServer/Clients/CL1010_Vignobles_de_Sancerre-Est/03_Factures/2026/Facture_CL1010_202605.pdf,01747E9011B692C7D1CDF2B4AA0785C1
Clients,CL1010_Vignobles_de_Sancerre-Est/03_Factures/2026/Facture_CL1010_202606.pdf,/sites/MigrationFileServer/Clients/CL1010_Vignobles_de_Sancerre-Est/03_Factures/2026/Facture_CL1010_202606.pdf,Facture_CL1010_202606.pdf,.pdf,1707,2026-09-16T10:55:06,2026-06-21T10:00:00,2026-06-21T10:00:00,MOD Administrator,MOD Administrator,https://m365x71797824.sharepoint.com/sites/MigrationFileServer/Clients/CL1010_Vignobles_de_Sancerre-Est/03_Factures/2026/Facture_CL1010_202606.pdf,0127646356DBAE282A1B50AFCE57CAC4
Clients,CL1010_Vignobles_de_Sancerre-Est/03_Factures/2026/Facture_CL1010_202608.pdf,/sites/MigrationFileServer/Clients/CL1010_Vignobles_de_Sancerre-Est/03_Factures/2026/Facture_CL1010_202608.pdf,Facture_CL1010_202608.pdf,.pdf,1708,2026-09-16T10:29:49,2026-08-09T10:00:00,2026-08-09T10:00:00,MOD Administrator,MOD Administrator,https://m365x71797824.sharepoint.com/sites/MigrationFileServer/Clients/CL1010_Vignobles_de_Sancerre-Est/03_Factures/2026/Facture_CL1010_202608.pdf,01FD960F657C6BD40178A4A483E25F05
Clients,CL1010_Vignobles_de_Sancerre-Est/04_Correspondance/Echange_01.eml.txt,/sites/MigrationFileServer/Clients/CL1010_Vignobles_de_Sancerre-Est/04_Correspondance/Echange_01.eml.txt,Echange_01.eml.txt,.txt,106,2026-09-16T10:11:58,2025-04-28T09:02:22,2025-04-28T09:02:22,MOD Administrator,MOD Administrator,https://m365x71797824.sharepoint.com/sites/MigrationFileServer/Clients/CL1010_Vignobles_de_Sancerre-Est/04_Correspondance/Echange_01.eml.txt,0179EB04D1518ADDB8CB74B998566F70
Clients,CL1010_Vignobles_de_Sancerre-Est/04_Correspondance/Echange_02.eml.txt,/sites/MigrationFileServer/Clients/CL1010_Vignobles_de_Sancerre-Est/04_Correspondance/Echange_02.eml.txt,Echange_02.eml.txt,.txt,106,2026-09-16T10:58:08,2022-04-16T06:19:25,2022-04-16T06:19:25,MOD Administrator,MOD Administrator,https://m365x71797824.sharepoint.com/sites/MigrationFileServer/Clients/CL1010_Vignobles_de_Sancerre-Est/04_Correspondance/Echange_02.eml.txt,01903C07C7873EC0FE1BDEA0A2D9978D
Clients,CL1010_Vignobles_de_Sancerre-Est/04_Correspondance/Echange_03.eml.txt,/sites/MigrationFileServer/Clients/CL1010_Vignobles_de_Sancerre-Est/04_Correspondance/Echange_03.eml.txt,Echange_03.eml.txt,.txt,106,2026-09-16T10:22:32,2023-03-22T15:35:39,2023-03-22T15:35:39,MOD Administrator,MOD Administrator,https://m365x71797824.sharepoint.com/sites/MigrationFileServer/Clients/CL1010_Vignobles_de_Sancerre-Est/04_Correspondance/Echange_03.eml.txt,01407F2C245A93B16F3593F8BB638F62
Clients,CL1010_Vignobles_de_Sancerre-Est/04_Correspondance/Echange_04.eml.txt,/sites/MigrationFileServer/Clients/CL1010_Vignobles_de_Sancerre-Est/04_Correspondance/Echange_04.eml.txt,Echange_04.eml.txt,.txt,106,2026-09-16T10:48:01,2025-10-13T02:19:01,2025-10-13T02:19:01,MOD Administrator,MOD Administrator,https://m365x71797824.sharepoint.com/sites/MigrationFileServer/Clients/CL1010_Vignobles_de_Sancerre-Est/04_Correspondance/Echange_04.eml.txt,01B5D0A4AF316E09BCE8ABC37FF0010B
Clients,CL1010_Vignobles_de_Sancerre-Est/05_Projets/Audit_securite/Compte_rendu_COPIL.docx,/sites/MigrationFileServer/Clients/CL1010_Vignobles_de_Sancerre-Est/05_Projets/Audit_securite/Compte_rendu_COPIL.docx,Compte_rendu_COPIL.docx,.docx,36731,2026-09-16T10:23:52,2025-10-06T17:06:11,2025-10-06T17:06:11,MOD Administrator,MOD Administrator,https://m365x71797824.sharepoint.com/sites/MigrationFileServer/Clients/CL1010_Vignobles_de_Sancerre-Est/05_Projets/Audit_securite/Compte_rendu_COPIL.docx,01C6400F246FCEAD7684DC6DD1FB056D
Clients,CL1010_Vignobles_de_Sancerre-Est/05_Projets/Audit_securite/Planning_Audit_securite.xlsx,/sites/MigrationFileServer/Clients/CL1010_Vignobles_de_Sancerre-Est/05_Projets/Audit_securite/Planning_Audit_securite.xlsx,Planning_Audit_securite.xlsx,.xlsx,5136,2026-09-16T10:52:46,2025-04-25T19:33:50,2025-04-25T19:33:50,MOD Administrator,MOD Administrator,https://m365x71797824.sharepoint.com/sites/MigrationFileServer/Clients/CL1010_Vignobles_de_Sancerre-Est/05_Projets/Audit_securite/Planning_Audit_securite.xlsx,01E578B076CFD6A7FC293459456257C2
Clients,CL1010_Vignobles_de_Sancerre-Est/05_Projets/Audit_securite/Presentation_lancement_Audit_securite.pptx,/sites/MigrationFileServer/Clients/CL1010_Vignobles_de_Sancerre-Est/05_Projets/Audit_securite/Presentation_lancement_Audit_securite.pptx,Presentation_lancement_Audit_securite.pptx,.pptx,29176,2026-09-16T10:59:27,2025-01-31T15:39:10,2025-01-31T15:39:10,MOD Administrator,MOD Administrator,https://m365x71797824.sharepoint.com/sites/MigrationFileServer/Clients/CL1010_Vignobles_de_Sancerre-Est/05_Projets/Audit_securite/Presentation_lancement_Audit_securite.pptx,011C72F47D034BD1BA2368CC1B2242A9
Clients,CL1010_Vignobles_de_Sancerre-Est/05_Projets/Refonte_site_web/Compte_rendu_COPIL.docx,/sites/MigrationFileServer/Clients/CL1010_Vignobles_de_Sancerre-Est/05_Projets/Refonte_site_web/Compte_rendu_COPIL.docx,Compte_rendu_COPIL.docx,.docx,36732,2026-09-16T10:19:46,2025-09-18T15:53:14,2025-09-18T15:53:14,MOD Administrator,MOD Administrator,https://m365x71797824.sharepoint.com/sites/MigrationFileServer/Clients/CL1010_Vignobles_de_Sancerre-Est/05_Projets/Refonte_site_web/Compte_rendu_COPIL.docx,010711015C61000E6E8801076295D947
Clients,CL1010_Vignobles_de_Sancerre-Est/05_Projets/Refonte_site_web/Planning_Refonte_site_web.xlsx,/sites/MigrationFileServer/Clients/CL1010_Vignobles_de_Sancerre-Est/05_Projets/Refonte_site_web/Planning_Refonte_site_web.xlsx,Planning_Refonte_site_web.xlsx,.xlsx,5139,2026-09-16T10:06:52,2025-11-04T09:06:28,2025-11-04T09:06:28,MOD Administrator,MOD Administrator,https://m365x71797824.sharepoint.com/sites/MigrationFileServer/Clients/CL1010_Vignobles_de_Sancerre-Est/05_Projets/Refonte_site_web/Planning_Refonte_site_web.xlsx,0116070CB4C93A161AF92227F0D48F52
Clients,CL1010_Vignobles_de_Sancerre-Est/05_Projets/Refonte_site_web/Presentation_lancement_Refonte_site_web.pptx,/sites/MigrationFileServer/Clients/CL1010_Vignobles_de_Sancerre-Est/05_Projets/Refonte_site_web/Presentation_lancement_Refonte_site_web.pptx,Presentation_lancement_Refonte_site_web.pptx,.pptx,29177,2026-09-16T10:35:49,2025-05-17T12:39:19,2025-05-17T12:39:19,MOD Administrator,MOD Administrator,https://m365x71797824.sharepoint.com/sites/MigrationFileServer/Clients/CL1010_Vignobles_de_Sancerre-Est/05_Projets/Refonte_site_web/Presentation_lancement_Refonte_site_web.pptx,0192A54E7DE396DFAF3436A7540B1277
Clients,CL1011_Agence_Horizon_Voyages/01_Contrats/Contrat_cadre_CL1011_2021.docx,/sites/MigrationFileServer/Clients/CL1011_Agence_Horizon_Voyages/01_Contrats/Contrat_cadre_CL1011_2021.docx,Contrat_cadre_CL1011_2021.docx,.docx,36788,2026-09-16T10:40:58,2021-11-08T02:45:20,2021-11-08T02:45:20,MOD Administrator,MOD Administrator,https://m365x71797824.sharepoint.com/sites/MigrationFileServer/Clients/CL1011_Agence_Horizon_Voyages/01_Contrats/Contrat_cadre_CL1011_2021.docx,0156A4A95452C81F73DBC7D319122BC6
Clients,CL1011_Agence_Horizon_Voyages/01_Contrats/Contrat_cadre_CL1011_2021_signe.pdf,/sites/MigrationFileServer/Clients/CL1011_Agence_Horizon_Voyages/01_Contrats/Contrat_cadre_CL1011_2021_signe.pdf,Contrat_cadre_CL1011_2021_signe.pdf,.pdf,1664,2026-09-16T10:45:35,2021-01-13T02:15:05,2021-01-13T02:15:05,MOD Administrator,MOD Administrator,https://m365x71797824.sharepoint.com/sites/MigrationFileServer/Clients/CL1011_Agence_Horizon_Voyages/01_Contrats/Contrat_cadre_CL1011_2021_signe.pdf,01C4D8BFA37C0A066D76361E03E2A3EA
Clients,CL1011_Agence_Horizon_Voyages/02_Devis/Devis_CL1011_2023-02.docx,/sites/MigrationFileServer/Clients/CL1011_Agence_Horizon_Voyages/02_Devis/Devis_CL1011_2023-02.docx,Devis_CL1011_2023-02.docx,.docx,36748,2026-09-16T10:46:57,2023-01-13T13:51:11,2023-01-13T13:51:11,MOD Administrator,MOD Administrator,https://m365x71797824.sharepoint.com/sites/MigrationFileServer/Clients/CL1011_Agence_Horizon_Voyages/02_Devis/Devis_CL1011_2023-02.docx,0134566E2F3E504A0B01E0D10034AA14
Clients,CL1011_Agence_Horizon_Voyages/02_Devis/Devis_CL1011_2024-01.docx,/sites/MigrationFileServer/Clients/CL1011_Agence_Horizon_Voyages/02_Devis/Devis_CL1011_2024-01.docx,Devis_CL1011_2024-01.docx,.docx,36745,2026-09-16T10:28:24,2024-04-01T15:38:10,2024-04-01T15:38:10,MOD Administrator,MOD Administrator,https://m365x71797824.sharepoint.com/sites/MigrationFileServer/Clients/CL1011_Agence_Horizon_Voyages/02_Devis/Devis_CL1011_2024-01.docx,01975A4E23191A69AD1AA0EEE7E16EC3
Clients,CL1011_Agence_Horizon_Voyages/02_Devis/Devis_CL1011_2024-03.docx,/sites/MigrationFileServer/Clients/CL1011_Agence_Horizon_Voyages/02_Devis/Devis_CL1011_2024-03.docx,Devis_CL1011_2024-03.docx,.docx,36751,2026-09-16T10:14:12,2024-10-23T08:27:46,2024-10-23T08:27:46,MOD Administrator,MOD Administrator,https://m365x71797824.sharepoint.com/sites/MigrationFileServer/Clients/CL1011_Agence_Horizon_Voyages/02_Devis/Devis_CL1011_2024-03.docx,0195E5C182927255FB74D71AB670A641
Clients,CL1011_Agence_Horizon_Voyages/02_Devis/Devis_CL1011_2025-04.docx,/sites/MigrationFileServer/Clients/CL1011_Agence_Horizon_Voyages/02_Devis/Devis_CL1011_2025-04.docx,Devis_CL1011_2025-04.docx,.docx,36751,2026-09-16T10:46:43,2025-09-10T06:20:41,2025-09-10T06:20:41,MOD Administrator,MOD Administrator,https://m365x71797824.sharepoint.com/sites/MigrationFileServer/Clients/CL1011_Agence_Horizon_Voyages/02_Devis/Devis_CL1011_2025-04.docx,01C2FE2BD7708B8D47E9FDBF26B4FD0E
Clients,CL1011_Agence_Horizon_Voyages/03_Factures/2024/Facture_CL1011_202401.pdf,/sites/MigrationFileServer/Clients/CL1011_Agence_Horizon_Voyages/03_Factures/2024/Facture_CL1011_202401.pdf,Facture_CL1011_202401.pdf,.pdf,1709,2026-09-16T10:10:36,2024-01-17T10:00:00,2024-01-17T10:00:00,MOD Administrator,MOD Administrator,https://m365x71797824.sharepoint.com/sites/MigrationFileServer/Clients/CL1011_Agence_Horizon_Voyages/03_Factures/2024/Facture_CL1011_202401.pdf,01DC9851AE0DC3AD08B81CAA9BB9775B
Clients,CL1011_Agence_Horizon_Voyages/03_Factures/2024/Facture_CL1011_202402.pdf,/sites/MigrationFileServer/Clients/CL1011_Agence_Horizon_Voyages/03_Factures/2024/Facture_CL1011_202402.pdf,Facture_CL1011_202402.pdf,.pdf,1707,2026-09-16T10:36:10,2024-02-23T10:00:00,2024-02-23T10:00:00,MOD Administrator,MOD Administrator,https://m365x71797824.sharepoint.com/sites/MigrationFileServer/Clients/CL1011_Agence_Horizon_Voyages/03_Factures/2024/Facture_CL1011_202402.pdf,01DCA4C955AC42E5F1A6E31B4866748F
Clients,CL1011_Agence_Horizon_Voyages/03_Factures/2024/Facture_CL1011_202403.pdf,/sites/MigrationFileServer/Clients/CL1011_Agence_Horizon_Voyages/03_Factures/2024/Facture_CL1011_202403.pdf,Facture_CL1011_202403.pdf,.pdf,1710,2026-09-16T10:51:15,2024-03-16T10:00:00,2024-03-16T10:00:00,MOD Administrator,MOD Administrator,https://m365x71797824.sharepoint.com/sites/MigrationFileServer/Clients/CL1011_Agence_Horizon_Voyages/03_Factures/2024/Facture_CL1011_202403.pdf,01B12904F7783570C3A6481938B7820D
Clients,CL1011_Agence_Horizon_Voyages/03_Factures/2024/Facture_CL1011_202405.pdf,/sites/MigrationFileServer/Clients/CL1011_Agence_Horizon_Voyages/03_Factures/2024/Facture_CL1011_202405.pdf,Facture_CL1011_202405.pdf,.pdf,1710,2026-09-16T10:36:38,2024-05-15T10:00:00,2024-05-15T10:00:00,MOD Administrator,MOD Administrator,https://m365x71797824.sharepoint.com/sites/MigrationFileServer/Clients/CL1011_Agence_Horizon_Voyages/03_Factures/2024/Facture_CL1011_202405.pdf,017F7B0158E8B5F8BF1E4EE42C244B6E
Clients,CL1011_Agence_Horizon_Voyages/03_Factures/2024/Facture_CL1011_202410.pdf,/sites/MigrationFileServer/Clients/CL1011_Agence_Horizon_Voyages/03_Factures/2024/Facture_CL1011_202410.pdf,Facture_CL1011_202410.pdf,.pdf,1709,2026-09-16T10:44:24,2024-10-10T10:00:00,2024-10-10T10:00:00,MOD Administrator,MOD Administrator,https://m365x71797824.sharepoint.com/sites/MigrationFileServer/Clients/CL1011_Agence_Horizon_Voyages/03_Factures/2024/Facture_CL1011_202410.pdf,01CCCB69723D14F4CDB321D958100FD6
Clients,CL1011_Agence_Horizon_Voyages/03_Factures/2025/Facture_CL1011_202501.pdf,/sites/MigrationFileServer/Clients/CL1011_Agence_Horizon_Voyages/03_Factures/2025/Facture_CL1011_202501.pdf,Facture_CL1011_202501.pdf,.pdf,1708,2026-09-16T10:20:00,2025-01-08T10:00:00,2025-01-08T10:00:00,MOD Administrator,MOD Administrator,https://m365x71797824.sharepoint.com/sites/MigrationFileServer/Clients/CL1011_Agence_Horizon_Voyages/03_Factures/2025/Facture_CL1011_202501.pdf,01BEC726C8C9BDDBB890EA9FE9646E0E
Clients,CL1011_Agence_Horizon_Voyages/03_Factures/2025/Facture_CL1011_202503.pdf,/sites/MigrationFileServer/Clients/CL1011_Agence_Horizon_Voyages/03_Factures/2025/Facture_CL1011_202503.pdf,Facture_CL1011_202503.pdf,.pdf,1712,2026-09-16T10:58:14,2025-03-12T10:00:00,2025-03-12T10:00:00,MOD Administrator,MOD Administrator,https://m365x71797824.sharepoint.com/sites/MigrationFileServer/Clients/CL1011_Agence_Horizon_Voyages/03_Factures/2025/Facture_CL1011_202503.pdf,01A5D4CA40BDD9E2A4BD0D9A9FA24720
Clients,CL1011_Agence_Horizon_Voyages/03_Factures/2025/Facture_CL1011_202504.pdf,/sites/MigrationFileServer/Clients/CL1011_Agence_Horizon_Voyages/03_Factures/2025/Facture_CL1011_202504.pdf,Facture_CL1011_202504.pdf,.pdf,1712,2026-09-16T10:08:15,2025-04-05T10:00:00,2025-04-05T10:00:00,MOD Administrator,MOD Administrator,https://m365x71797824.sharepoint.com/sites/MigrationFileServer/Clients/CL1011_Agence_Horizon_Voyages/03_Factures/2025/Facture_CL1011_202504.pdf,01333BE773F9E4FD3CE872422A180318
Clients,CL1011_Agence_Horizon_Voyages/03_Factures/2025/Facture_CL1011_202505.pdf,/sites/MigrationFileServer/Clients/CL1011_Agence_Horizon_Voyages/03_Factures/2025/Facture_CL1011_202505.pdf,Facture_CL1011_202505.pdf,.pdf,1710,2026-09-16T10:57:00,2025-05-23T10:00:00,2025-05-23T10:00:00,MOD Administrator,MOD Administrator,https://m365x71797824.sharepoint.com/sites/MigrationFileServer/Clients/CL1011_Agence_Horizon_Voyages/03_Factures/2025/Facture_CL1011_202505.pdf,0166E857670C7658C1776EC74809BEAA
Clients,CL1011_Agence_Horizon_Voyages/03_Factures/2025/Facture_CL1011_202506.pdf,/sites/MigrationFileServer/Clients/CL1011_Agence_Horizon_Voyages/03_Factures/2025/Facture_CL1011_202506.pdf,Facture_CL1011_202506.pdf,.pdf,1710,2026-09-16T10:21:59,2025-06-19T10:00:00,2025-06-19T10:00:00,MOD Administrator,MOD Administrator,https://m365x71797824.sharepoint.com/sites/MigrationFileServer/Clients/CL1011_Agence_Horizon_Voyages/03_Factures/2025/Facture_CL1011_202506.pdf,01AC0052DAC67C93A038370736F59F6F
Clients,CL1011_Agence_Horizon_Voyages/03_Factures/2025/Facture_CL1011_202508.pdf,/sites/MigrationFileServer/Clients/CL1011_Agence_Horizon_Voyages/03_Factures/2025/Facture_CL1011_202508.pdf,Facture_CL1011_202508.pdf,.pdf,1709,2026-09-16T10:08:59,2025-08-12T10:00:00,2025-08-12T10:00:00,MOD Administrator,MOD Administrator,https://m365x71797824.sharepoint.com/sites/MigrationFileServer/Clients/CL1011_Agence_Horizon_Voyages/03_Factures/2025/Facture_CL1011_202508.pdf,01EB55E7DA93FBBCA1A37DDF408E6232
Clients,CL1011_Agence_Horizon_Voyages/03_Factures/2025/Facture_CL1011_202512.pdf,/sites/MigrationFileServer/Clients/CL1011_Agence_Horizon_Voyages/03_Factures/2025/Facture_CL1011_202512.pdf,Facture_CL1011_202512.pdf,.pdf,1710,2026-09-16T10:32:16,2025-12-28T10:00:00,2025-12-28T10:00:00,MOD Administrator,MOD Administrator,https://m365x71797824.sharepoint.com/sites/MigrationFileServer/Clients/CL1011_Agence_Horizon_Voyages/03_Factures/2025/Facture_CL1011_202512.pdf,0104AA34A677C94AF2274608800A9429
Clients,CL1011_Agence_Horizon_Voyages/03_Factures/2026/Facture_CL1011_202601.pdf,/sites/MigrationFileServer/Clients/CL1011_Agence_Horizon_Voyages/03_Factures/2026/Facture_CL1011_202601.pdf,Facture_CL1011_202601.pdf,.pdf,1710,2026-09-16T10:36:48,2026-01-06T10:00:00,2026-01-06T10:00:00,MOD Administrator,MOD Administrator,https://m365x71797824.sharepoint.com/sites/MigrationFileServer/Clients/CL1011_Agence_Horizon_Voyages/03_Factures/2026/Facture_CL1011_202601.pdf,01F9208BDDC26F655B1A93AE45F4DB8E
Clients,CL1011_Agence_Horizon_Voyages/03_Factures/2026/Facture_CL1011_202602.pdf,/sites/MigrationFileServer/Clients/CL1011_Agence_Horizon_Voyages/03_Factures/2026/Facture_CL1011_202602.pdf,Facture_CL1011_202602.pdf,.pdf,1709,2026-09-16T10:51:06,2026-02-17T10:00:00,2026-02-17T10:00:00,MOD Administrator,MOD Administrator,https://m365x71797824.sharepoint.com/sites/MigrationFileServer/Clients/CL1011_Agence_Horizon_Voyages/03_Factures/2026/Facture_CL1011_202602.pdf,0187732943CE9BC28F24AC3C192FDB22
Clients,CL1011_Agence_Horizon_Voyages/03_Factures/2026/Facture_CL1011_202603.pdf,/sites/MigrationFileServer/Clients/CL1011_Agence_Horizon_Voyages/03_Factures/2026/Facture_CL1011_202603.pdf,Facture_CL1011_202603.pdf,.pdf,1709,2026-09-16T10:16:39,2026-03-18T10:00:00,2026-03-18T10:00:00,MOD Administrator,MOD Administrator,https://m365x71797824.sharepoint.com/sites/MigrationFileServer/Clients/CL1011_Agence_Horizon_Voyages/03_Factures/2026/Facture_CL1011_202603.pdf,018282DF141B156C6B52C20503831AB8
Clients,CL1011_Agence_Horizon_Voyages/03_Factures/2026/Facture_CL1011_202604.pdf,/sites/MigrationFileServer/Clients/CL1011_Agence_Horizon_Voyages/03_Factures/2026/Facture_CL1011_202604.pdf,Facture_CL1011_202604.pdf,.pdf,1710,2026-09-16T10:56:56,2026-04-17T10:00:00,2026-04-17T10:00:00,MOD Administrator,MOD Administrator,https://m365x71797824.sharepoint.com/sites/MigrationFileServer/Clients/CL1011_Agence_Horizon_Voyages/03_Factures/2026/Facture_CL1011_202604.pdf,0100944602E100954DEA95EEBA61B1E2
Clients,CL1011_Agence_Horizon_Voyages/03_Factures/2026/Facture_CL1011_202606.pdf,/sites/MigrationFileServer/Clients/CL1011_Agence_Horizon_Voyages/03_Factures/2026/Facture_CL1011_202606.pdf,Facture_CL1011_202606.pdf,.pdf,1709,2026-09-16T10:10:54,2026-06-24T10:00:00,2026-06-24T10:00:00,MOD Administrator,MOD Administrator,https://m365x71797824.sharepoint.com/sites/MigrationFileServer/Clients/CL1011_Agence_Horizon_Voyages/03_Factures/2026/Facture_CL1011_202606.pdf,01D2442B19A5F40D9C8E4F1D83079B36
Clients,CL1011_Agence_Horizon_Voyages/04_Correspondance/Echange_01.eml.txt,/sites/MigrationFileServer/Clients/CL1011_Agence_Horizon_Voyages/04_Correspondance/Echange_01.eml.txt,Echange_01.eml.txt,.txt,106,2026-09-16T10:11:32,2024-06-15T22:15:24,2024-06-15T22:15:24,MOD Administrator,MOD Administrator,https://m365x71797824.sharepoint.com/sites/MigrationFileServer/Clients/CL1011_Agence_Horizon_Voyages/04_Correspondance/Echange_01.eml.txt,0198351B089CE0E58D9EAE1E348FC693
Clients,CL1011_Agence_Horizon_Voyages/05_Projets/Audit_securite/Compte_rendu_COPIL.docx,/sites/MigrationFileServer/Clients/CL1011_Agence_Horizon_Voyages/05_Projets/Audit_securite/Compte_rendu_COPIL.docx,Compte_rendu_COPIL.docx,.docx,36733,2026-09-16T10:56:51,2025-12-01T13:37:22,2025-12-01T13:37:22,MOD Administrator,MOD Administrator,https://m365x71797824.sharepoint.com/sites/MigrationFileServer/Clients/CL1011_Agence_Horizon_Voyages/05_Projets/Audit_securite/Compte_rendu_COPIL.docx,010DE2836EB4B7DF9713DF0164899952
Clients,CL1011_Agence_Horizon_Voyages/05_Projets/Audit_securite/Planning_Audit_securite.xlsx,/sites/MigrationFileServer/Clients/CL1011_Agence_Horizon_Voyages/05_Projets/Audit_securite/Planning_Audit_securite.xlsx,Planning_Audit_securite.xlsx,.xlsx,5134,2026-09-16T10:48:34,2025-05-13T02:49:28,2025-05-13T02:49:28,MOD Administrator,MOD Administrator,https://m365x71797824.sharepoint.com/sites/MigrationFileServer/Clients/CL1011_Agence_Horizon_Voyages/05_Projets/Audit_securite/Planning_Audit_securite.xlsx,01659F181475034BA24A7CB0929D7624
Clients,CL1011_Agence_Horizon_Voyages/05_Projets/Audit_securite/Presentation_lancement_Audit_securite.pptx,/sites/MigrationFileServer/Clients/CL1011_Agence_Horizon_Voyages/05_Projets/Audit_securite/Presentation_lancement_Audit_securite.pptx,Presentation_lancement_Audit_securite.pptx,.pptx,29175,2026-09-16T10:48:00,2025-04-26T12:17:04,2025-04-26T12:17:04,MOD Administrator,MOD Administrator,https://m365x71797824.sharepoint.com/sites/MigrationFileServer/Clients/CL1011_Agence_Horizon_Voyages/05_Projets/Audit_securite/Presentation_lancement_Audit_securite.pptx,010629923735627716BEB814C18F5589
Clients,CL1011_Agence_Horizon_Voyages/05_Projets/Tableau_de_bord/Compte_rendu_COPIL.docx,/sites/MigrationFileServer/Clients/CL1011_Agence_Horizon_Voyages/05_Projets/Tableau_de_bord/Compte_rendu_COPIL.docx,Compte_rendu_COPIL.docx,.docx,36731,2026-09-16T10:17:53,2023-04-06T02:25:39,2023-04-06T02:25:39,MOD Administrator,MOD Administrator,https://m365x71797824.sharepoint.com/sites/MigrationFileServer/Clients/CL1011_Agence_Horizon_Voyages/05_Projets/Tableau_de_bord/Compte_rendu_COPIL.docx,01753E9102D658CC6FCFC1CF7F81CB50
Clients,CL1011_Agence_Horizon_Voyages/05_Projets/Tableau_de_bord/Planning_Tableau_de_bord.xlsx,/sites/MigrationFileServer/Clients/CL1011_Agence_Horizon_Voyages/05_Projets/Tableau_de_bord/Planning_Tableau_de_bord.xlsx,Planning_Tableau_de_bord.xlsx,.xlsx,5139,2026-09-16T10:19:07,2023-09-07T07:00:34,2023-09-07T07:00:34,MOD Administrator,MOD Administrator,https://m365x71797824.sharepoint.com/sites/MigrationFileServer/Clients/CL1011_Agence_Horizon_Voyages/05_Projets/Tableau_de_bord/Planning_Tableau_de_bord.xlsx,013506CE5FBC4CC2BFA66A37D2B54800
Clients,CL1011_Agence_Horizon_Voyages/05_Projets/Tableau_de_bord/Presentation_lancement_Tableau_de_bord.pptx,/sites/MigrationFileServer/Clients/CL1011_Agence_Horizon_Voyages/05_Projets/Tableau_de_bord/Presentation_lancement_Tableau_de_bord.pptx,Presentation_lancement_Tableau_de_bord.pptx,.pptx,29177,2026-09-16T10:48:27,2023-10-25T20:34:33,2023-10-25T20:34:33,MOD Administrator,MOD Administrator,https://m365x71797824.sharepoint.com/sites/MigrationFileServer/Clients/CL1011_Agence_Horizon_Voyages/05_Projets/Tableau_de_bord/Presentation_lancement_Tableau_de_bord.pptx,01F9F8FEBB9CD89D821C43398DFBB9F0
Clients,CL1012_Fromagerie_Bellecombe/01_Contrats/Contrat_cadre_CL1012_2023.docx,/sites/MigrationFileServer/Clients/CL1012_Fromagerie_Bellecombe/01_Contrats/Contrat_cadre_CL1012_2023.docx,Contrat_cadre_CL1012_2023.docx,.docx,36785,2026-09-16T10:11:34,2023-05-15T03:05:12,2023-05-15T03:05:12,MOD Administrator,MOD Administrator,https://m365x71797824.sharepoint.com/sites/MigrationFileServer/Clients/CL1012_Fromagerie_Bellecombe/01_Contrats/Contrat_cadre_CL1012_2023.docx,01181269C3AD7A915C5A3F44CA850912
Clients,CL1012_Fromagerie_Bellecombe/01_Contrats/Contrat_cadre_CL1012_2023_signe.pdf,/sites/MigrationFileServer/Clients/CL1012_Fromagerie_Bellecombe/01_Contrats/Contrat_cadre_CL1012_2023_signe.pdf,Contrat_cadre_CL1012_2023_signe.pdf,.pdf,1660,2026-09-16T10:11:46,2023-10-23T09:54:41,2023-10-23T09:54:41,MOD Administrator,MOD Administrator,https://m365x71797824.sharepoint.com/sites/MigrationFileServer/Clients/CL1012_Fromagerie_Bellecombe/01_Contrats/Contrat_cadre_CL1012_2023_signe.pdf,01D92BBD3AE1A0B6F7D987E5423D2A93
Clients,CL1012_Fromagerie_Bellecombe/02_Devis/Devis_CL1012_2023-02.docx,/sites/MigrationFileServer/Clients/CL1012_Fromagerie_Bellecombe/02_Devis/Devis_CL1012_2023-02.docx,Devis_CL1012_2023-02.docx,.docx,36745,2026-09-16T10:12:05,2023-05-30T04:32:09,2023-05-30T04:32:09,MOD Administrator,MOD Administrator,https://m365x71797824.sharepoint.com/sites/MigrationFileServer/Clients/CL1012_Fromagerie_Bellecombe/02_Devis/Devis_CL1012_2023-02.docx,014F28609A4D7F42254624C5735E1A35
Clients,CL1012_Fromagerie_Bellecombe/02_Devis/Devis_CL1012_2025-01.docx,/sites/MigrationFileServer/Clients/CL1012_Fromagerie_Bellecombe/02_Devis/Devis_CL1012_2025-01.docx,Devis_CL1012_2025-01.docx,.docx,36749,2026-09-16T10:54:18,2025-04-14T21:01:00,2025-04-14T21:01:00,MOD Administrator,MOD Administrator,https://m365x71797824.sharepoint.com/sites/MigrationFileServer/Clients/CL1012_Fromagerie_Bellecombe/02_Devis/Devis_CL1012_2025-01.docx,0193845A889B3ED0837E7FB0ED25D7BA
Clients,CL1012_Fromagerie_Bellecombe/03_Factures/2024/Facture_CL1012_202401.pdf,/sites/MigrationFileServer/Clients/CL1012_Fromagerie_Bellecombe/03_Factures/2024/Facture_CL1012_202401.pdf,Facture_CL1012_202401.pdf,.pdf,1707,2026-09-16T10:27:49,2024-01-06T10:00:00,2024-01-06T10:00:00,MOD Administrator,MOD Administrator,https://m365x71797824.sharepoint.com/sites/MigrationFileServer/Clients/CL1012_Fromagerie_Bellecombe/03_Factures/2024/Facture_CL1012_202401.pdf,011332E641142FCB2E01C7132D3128BD
Clients,CL1012_Fromagerie_Bellecombe/03_Factures/2024/Facture_CL1012_202403.pdf,/sites/MigrationFileServer/Clients/CL1012_Fromagerie_Bellecombe/03_Factures/2024/Facture_CL1012_202403.pdf,Facture_CL1012_202403.pdf,.pdf,1705,2026-09-16T10:08:07,2024-03-17T10:00:00,2024-03-17T10:00:00,MOD Administrator,MOD Administrator,https://m365x71797824.sharepoint.com/sites/MigrationFileServer/Clients/CL1012_Fromagerie_Bellecombe/03_Factures/2024/Facture_CL1012_202403.pdf,019948A0C7C47207EBB1453977AED104
Clients,CL1012_Fromagerie_Bellecombe/03_Factures/2024/Facture_CL1012_202404.pdf,/sites/MigrationFileServer/Clients/CL1012_Fromagerie_Bellecombe/03_Factures/2024/Facture_CL1012_202404.pdf,Facture_CL1012_202404.pdf,.pdf,1705,2026-09-16T10:19:33,2024-04-13T10:00:00,2024-04-13T10:00:00,MOD Administrator,MOD Administrator,https://m365x71797824.sharepoint.com/sites/MigrationFileServer/Clients/CL1012_Fromagerie_Bellecombe/03_Factures/2024/Facture_CL1012_202404.pdf,01684AE995FBD5BEF274A3BAF362A7EC
Clients,CL1012_Fromagerie_Bellecombe/03_Factures/2024/Facture_CL1012_202405.pdf,/sites/MigrationFileServer/Clients/CL1012_Fromagerie_Bellecombe/03_Factures/2024/Facture_CL1012_202405.pdf,Facture_CL1012_202405.pdf,.pdf,1705,2026-09-16T10:45:36,2024-05-02T10:00:00,2024-05-02T10:00:00,MOD Administrator,MOD Administrator,https://m365x71797824.sharepoint.com/sites/MigrationFileServer/Clients/CL1012_Fromagerie_Bellecombe/03_Factures/2024/Facture_CL1012_202405.pdf,01C233C03FEA99726035F8ABC8A60929
Clients,CL1012_Fromagerie_Bellecombe/03_Factures/2024/Facture_CL1012_202408.pdf,/sites/MigrationFileServer/Clients/CL1012_Fromagerie_Bellecombe/03_Factures/2024/Facture_CL1012_202408.pdf,Facture_CL1012_202408.pdf,.pdf,1705,2026-09-16T10:52:48,2024-08-28T10:00:00,2024-08-28T10:00:00,MOD Administrator,MOD Administrator,https://m365x71797824.sharepoint.com/sites/MigrationFileServer/Clients/CL1012_Fromagerie_Bellecombe/03_Factures/2024/Facture_CL1012_202408.pdf,01058575EAE9B1E659146E6828CBEADA
Clients,CL1012_Fromagerie_Bellecombe/03_Factures/2024/Facture_CL1012_202412.pdf,/sites/MigrationFileServer/Clients/CL1012_Fromagerie_Bellecombe/03_Factures/2024/Facture_CL1012_202412.pdf,Facture_CL1012_202412.pdf,.pdf,1707,2026-09-16T10:59:03,2024-12-19T10:00:00,2024-12-19T10:00:00,MOD Administrator,MOD Administrator,https://m365x71797824.sharepoint.com/sites/MigrationFileServer/Clients/CL1012_Fromagerie_Bellecombe/03_Factures/2024/Facture_CL1012_202412.pdf,01AB8D2E5B07D6CF67BAADD497B777BC
Clients,CL1012_Fromagerie_Bellecombe/03_Factures/2025/Facture_CL1012_202502.pdf,/sites/MigrationFileServer/Clients/CL1012_Fromagerie_Bellecombe/03_Factures/2025/Facture_CL1012_202502.pdf,Facture_CL1012_202502.pdf,.pdf,1705,2026-09-16T10:49:08,2025-02-25T10:00:00,2025-02-25T10:00:00,MOD Administrator,MOD Administrator,https://m365x71797824.sharepoint.com/sites/MigrationFileServer/Clients/CL1012_Fromagerie_Bellecombe/03_Factures/2025/Facture_CL1012_202502.pdf,01CD16B1CC6E472D85E942C7EBD99824
Clients,CL1012_Fromagerie_Bellecombe/03_Factures/2025/Facture_CL1012_202504.pdf,/sites/MigrationFileServer/Clients/CL1012_Fromagerie_Bellecombe/03_Factures/2025/Facture_CL1012_202504.pdf,Facture_CL1012_202504.pdf,.pdf,1707,2026-09-16T10:09:11,2025-04-13T10:00:00,2025-04-13T10:00:00,MOD Administrator,MOD Administrator,https://m365x71797824.sharepoint.com/sites/MigrationFileServer/Clients/CL1012_Fromagerie_Bellecombe/03_Factures/2025/Facture_CL1012_202504.pdf,017115CD554B1A0D0EF157D2FC9E6472
Clients,CL1012_Fromagerie_Bellecombe/03_Factures/2025/Facture_CL1012_202506.pdf,/sites/MigrationFileServer/Clients/CL1012_Fromagerie_Bellecombe/03_Factures/2025/Facture_CL1012_202506.pdf,Facture_CL1012_202506.pdf,.pdf,1707,2026-09-16T10:22:45,2025-06-20T10:00:00,2025-06-20T10:00:00,MOD Administrator,MOD Administrator,https://m365x71797824.sharepoint.com/sites/MigrationFileServer/Clients/CL1012_Fromagerie_Bellecombe/03_Factures/2025/Facture_CL1012_202506.pdf,014CEFE72BC9A5DA9140AD6E562256FB
Clients,CL1012_Fromagerie_Bellecombe/03_Factures/2025/Facture_CL1012_202507.pdf,/sites/MigrationFileServer/Clients/CL1012_Fromagerie_Bellecombe/03_Factures/2025/Facture_CL1012_202507.pdf,Facture_CL1012_202507.pdf,.pdf,1705,2026-09-16T10:28:01,2025-07-23T10:00:00,2025-07-23T10:00:00,MOD Administrator,MOD Administrator,https://m365x71797824.sharepoint.com/sites/MigrationFileServer/Clients/CL1012_Fromagerie_Bellecombe/03_Factures/2025/Facture_CL1012_202507.pdf,012981AF3A183F62B661DDE521530CD6
Clients,CL1012_Fromagerie_Bellecombe/03_Factures/2025/Facture_CL1012_202508.pdf,/sites/MigrationFileServer/Clients/CL1012_Fromagerie_Bellecombe/03_Factures/2025/Facture_CL1012_202508.pdf,Facture_CL1012_202508.pdf,.pdf,1708,2026-09-16T10:34:10,2025-08-17T10:00:00,2025-08-17T10:00:00,MOD Administrator,MOD Administrator,https://m365x71797824.sharepoint.com/sites/MigrationFileServer/Clients/CL1012_Fromagerie_Bellecombe/03_Factures/2025/Facture_CL1012_202508.pdf,01A7E8AD2DA76DBC56F259E3D1FB1A96
Clients,CL1012_Fromagerie_Bellecombe/03_Factures/2025/Facture_CL1012_202509.pdf,/sites/MigrationFileServer/Clients/CL1012_Fromagerie_Bellecombe/03_Factures/2025/Facture_CL1012_202509.pdf,Facture_CL1012_202509.pdf,.pdf,1705,2026-09-16T10:36:48,2025-09-20T10:00:00,2025-09-20T10:00:00,MOD Administrator,MOD Administrator,https://m365x71797824.sharepoint.com/sites/MigrationFileServer/Clients/CL1012_Fromagerie_Bellecombe/03_Factures/2025/Facture_CL1012_202509.pdf,01FE882AA5C0D9342DD63A13F09F801A
Clients,CL1012_Fromagerie_Bellecombe/03_Factures/2025/Facture_CL1012_202511.pdf,/sites/MigrationFileServer/Clients/CL1012_Fromagerie_Bellecombe/03_Factures/2025/Facture_CL1012_202511.pdf,Facture_CL1012_202511.pdf,.pdf,1705,2026-09-16T10:54:48,2025-11-16T10:00:00,2025-11-16T10:00:00,MOD Administrator,MOD Administrator,https://m365x71797824.sharepoint.com/sites/MigrationFileServer/Clients/CL1012_Fromagerie_Bellecombe/03_Factures/2025/Facture_CL1012_202511.pdf,013FEF723BCDBA46B14631B747537264
Clients,CL1012_Fromagerie_Bellecombe/03_Factures/2025/Facture_CL1012_202512.pdf,/sites/MigrationFileServer/Clients/CL1012_Fromagerie_Bellecombe/03_Factures/2025/Facture_CL1012_202512.pdf,Facture_CL1012_202512.pdf,.pdf,1705,2026-09-16T10:06:26,2025-12-11T10:00:00,2025-12-11T10:00:00,MOD Administrator,MOD Administrator,https://m365x71797824.sharepoint.com/sites/MigrationFileServer/Clients/CL1012_Fromagerie_Bellecombe/03_Factures/2025/Facture_CL1012_202512.pdf,013B1468605738F44B055B61A789AFD2
Clients,CL1012_Fromagerie_Bellecombe/03_Factures/2026/Facture_CL1012_202605.pdf,/sites/MigrationFileServer/Clients/CL1012_Fromagerie_Bellecombe/03_Factures/2026/Facture_CL1012_202605.pdf,Facture_CL1012_202605.pdf,.pdf,1704,2026-09-16T10:40:56,2026-05-21T10:00:00,2026-05-21T10:00:00,MOD Administrator,MOD Administrator,https://m365x71797824.sharepoint.com/sites/MigrationFileServer/Clients/CL1012_Fromagerie_Bellecombe/03_Factures/2026/Facture_CL1012_202605.pdf,01542635B5D0E9D7ACEBC052DF5B568C
Clients,CL1012_Fromagerie_Bellecombe/03_Factures/2026/Facture_CL1012_202607.pdf,/sites/MigrationFileServer/Clients/CL1012_Fromagerie_Bellecombe/03_Factures/2026/Facture_CL1012_202607.pdf,Facture_CL1012_202607.pdf,.pdf,1707,2026-09-16T10:06:49,2026-07-16T10:00:00,2026-07-16T10:00:00,MOD Administrator,MOD Administrator,https://m365x71797824.sharepoint.com/sites/MigrationFileServer/Clients/CL1012_Fromagerie_Bellecombe/03_Factures/2026/Facture_CL1012_202607.pdf,01E3CB1E3B3D20ED07C663EF44C56080
Clients,CL1012_Fromagerie_Bellecombe/04_Correspondance/Echange_01.eml.txt,/sites/MigrationFileServer/Clients/CL1012_Fromagerie_Bellecombe/04_Correspondance/Echange_01.eml.txt,Echange_01.eml.txt,.txt,106,2026-09-16T10:27:50,2024-10-15T22:40:34,2024-10-15T22:40:34,MOD Administrator,MOD Administrator,https://m365x71797824.sharepoint.com/sites/MigrationFileServer/Clients/CL1012_Fromagerie_Bellecombe/04_Correspondance/Echange_01.eml.txt,011AD7B6E8294B4C3B88323C42144C75
Clients,CL1012_Fromagerie_Bellecombe/04_Correspondance/Echange_02.eml.txt,/sites/MigrationFileServer/Clients/CL1012_Fromagerie_Bellecombe/04_Correspondance/Echange_02.eml.txt,Echange_02.eml.txt,.txt,106,2026-09-16T10:08:52,2024-12-16T10:37:30,2024-12-16T10:37:30,MOD Administrator,MOD Administrator,https://m365x71797824.sharepoint.com/sites/MigrationFileServer/Clients/CL1012_Fromagerie_Bellecombe/04_Correspondance/Echange_02.eml.txt,01A08193786CCCDB21504CB97AD9F53B
Clients,CL1012_Fromagerie_Bellecombe/04_Correspondance/Echange_03.eml.txt,/sites/MigrationFileServer/Clients/CL1012_Fromagerie_Bellecombe/04_Correspondance/Echange_03.eml.txt,Echange_03.eml.txt,.txt,106,2026-09-16T10:27:23,2022-10-02T06:13:09,2022-10-02T06:13:09,MOD Administrator,MOD Administrator,https://m365x71797824.sharepoint.com/sites/MigrationFileServer/Clients/CL1012_Fromagerie_Bellecombe/04_Correspondance/Echange_03.eml.txt,01F734741B1F320F47898B34C210731B
Clients,CL1012_Fromagerie_Bellecombe/04_Correspondance/Echange_04.eml.txt,/sites/MigrationFileServer/Clients/CL1012_Fromagerie_Bellecombe/04_Correspondance/Echange_04.eml.txt,Echange_04.eml.txt,.txt,106,2026-09-16T10:35:10,2022-07-07T00:32:15,2022-07-07T00:32:15,MOD Administrator,MOD Administrator,https://m365x71797824.sharepoint.com/sites/MigrationFileServer/Clients/CL1012_Fromagerie_Bellecombe/04_Correspondance/Echange_04.eml.txt,01A6627DE80DABD68487EA451E362567
Clients,CL1012_Fromagerie_Bellecombe/05_Projets/Deploiement_Teams/Compte_rendu_COPIL.docx,/sites/MigrationFileServer/Clients/CL1012_Fromagerie_Bellecombe/05_Projets/Deploiement_Teams/Compte_rendu_COPIL.docx,Compte_rendu_COPIL.docx,.docx,36732,2026-09-16T10:48:34,2025-07-08T00:53:08,2025-07-08T00:53:08,MOD Administrator,MOD Administrator,https://m365x71797824.sharepoint.com/sites/MigrationFileServer/Clients/CL1012_Fromagerie_Bellecombe/05_Projets/Deploiement_Teams/Compte_rendu_COPIL.docx,01685227CBEAD3BF81F01D222B3EB575
Clients,CL1012_Fromagerie_Bellecombe/05_Projets/Deploiement_Teams/Planning_Deploiement_Teams.xlsx,/sites/MigrationFileServer/Clients/CL1012_Fromagerie_Bellecombe/05_Projets/Deploiement_Teams/Planning_Deploiement_Teams.xlsx,Planning_Deploiement_Teams.xlsx,.xlsx,5139,2026-09-16T10:39:44,2025-11-09T02:35:04,2025-11-09T02:35:04,MOD Administrator,MOD Administrator,https://m365x71797824.sharepoint.com/sites/MigrationFileServer/Clients/CL1012_Fromagerie_Bellecombe/05_Projets/Deploiement_Teams/Planning_Deploiement_Teams.xlsx,0116F2A681A1A9775CF7A9C172C6C02D
Clients,CL1012_Fromagerie_Bellecombe/05_Projets/Deploiement_Teams/Presentation_lancement_Deploiement_Teams.pptx,/sites/MigrationFileServer/Clients/CL1012_Fromagerie_Bellecombe/05_Projets/Deploiement_Teams/Presentation_lancement_Deploiement_Teams.pptx,Presentation_lancement_Deploiement_Teams.pptx,.pptx,29174,2026-09-16T10:47:13,2025-12-21T05:36:48,2025-12-21T05:36:48,MOD Administrator,MOD Administrator,https://m365x71797824.sharepoint.com/sites/MigrationFileServer/Clients/CL1012_Fromagerie_Bellecombe/05_Projets/Deploiement_Teams/Presentation_lancement_Deploiement_Teams.pptx,01E812A8C9C14C5C8C4992559B37D2C7
Clients,CL1012_Fromagerie_Bellecombe/05_Projets/Migration_ERP/Compte_rendu_COPIL.docx,/sites/MigrationFileServer/Clients/CL1012_Fromagerie_Bellecombe/05_Projets/Migration_ERP/Compte_rendu_COPIL.docx,Compte_rendu_COPIL.docx,.docx,36731,2026-09-16T10:06:45,2026-07-24T01:48:07,2026-07-24T01:48:07,MOD Administrator,MOD Administrator,https://m365x71797824.sharepoint.com/sites/MigrationFileServer/Clients/CL1012_Fromagerie_Bellecombe/05_Projets/Migration_ERP/Compte_rendu_COPIL.docx,011E4AE720B73F2CEC6E6F74BA429BCA
Clients,CL1012_Fromagerie_Bellecombe/05_Projets/Migration_ERP/Planning_Migration_ERP.xlsx,/sites/MigrationFileServer/Clients/CL1012_Fromagerie_Bellecombe/05_Projets/Migration_ERP/Planning_Migration_ERP.xlsx,Planning_Migration_ERP.xlsx,.xlsx,5132,2026-09-16T10:17:39,2026-05-07T05:40:52,2026-05-07T05:40:52,MOD Administrator,MOD Administrator,https://m365x71797824.sharepoint.com/sites/MigrationFileServer/Clients/CL1012_Fromagerie_Bellecombe/05_Projets/Migration_ERP/Planning_Migration_ERP.xlsx,012A9B5FADAFD74C379D40C48270203F
Clients,CL1012_Fromagerie_Bellecombe/05_Projets/Migration_ERP/Presentation_lancement_Migration_ERP.pptx,/sites/MigrationFileServer/Clients/CL1012_Fromagerie_Bellecombe/05_Projets/Migration_ERP/Presentation_lancement_Migration_ERP.pptx,Presentation_lancement_Migration_ERP.pptx,.pptx,29176,2026-09-16T10:50:47,2026-08-26T11:23:18,2026-08-26T11:23:18,MOD Administrator,MOD Administrator,https://m365x71797824.sharepoint.com/sites/MigrationFileServer/Clients/CL1012_Fromagerie_Bellecombe/05_Projets/Migration_ERP/Presentation_lancement_Migration_ERP.pptx,013F9D05FC64131DFFC0CD4E3E48C849
Clients,CL1013_BTP_Rhône_Ouvrages/01_Contrats/Contrat_cadre_CL1013_2019.docx,/sites/MigrationFileServer/Clients/CL1013_BTP_Rhône_Ouvrages/01_Contrats/Contrat_cadre_CL1013_2019.docx,Contrat_cadre_CL1013_2019.docx,.docx,36786,2026-09-16T10:27:16,2019-08-05T17:44:40,2019-08-05T17:44:40,MOD Administrator,MOD Administrator,https://m365x71797824.sharepoint.com/sites/MigrationFileServer/Clients/CL1013_BTP_Rhône_Ouvrages/01_Contrats/Contrat_cadre_CL1013_2019.docx,01B0EF082B177DC4CC0715CF41F5E955
Clients,CL1013_BTP_Rhône_Ouvrages/01_Contrats/Contrat_cadre_CL1013_2019_signe.pdf,/sites/MigrationFileServer/Clients/CL1013_BTP_Rhône_Ouvrages/01_Contrats/Contrat_cadre_CL1013_2019_signe.pdf,Contrat_cadre_CL1013_2019_signe.pdf,.pdf,1659,2026-09-16T10:19:41,2019-10-27T11:51:54,2019-10-27T11:51:54,MOD Administrator,MOD Administrator,https://m365x71797824.sharepoint.com/sites/MigrationFileServer/Clients/CL1013_BTP_Rhône_Ouvrages/01_Contrats/Contrat_cadre_CL1013_2019_signe.pdf,01A7ECFE30F6DD30159E47BFC1426FE6
Clients,CL1013_BTP_Rhône_Ouvrages/02_Devis/Devis_CL1013_2023-02.docx,/sites/MigrationFileServer/Clients/CL1013_BTP_Rhône_Ouvrages/02_Devis/Devis_CL1013_2023-02.docx,Devis_CL1013_2023-02.docx,.docx,36749,2026-09-16T10:47:47,2023-09-20T18:34:35,2023-09-20T18:34:35,MOD Administrator,MOD Administrator,https://m365x71797824.sharepoint.com/sites/MigrationFileServer/Clients/CL1013_BTP_Rhône_Ouvrages/02_Devis/Devis_CL1013_2023-02.docx,0111C4BBC2A7F7362A245B82FC97544E
Clients,CL1013_BTP_Rhône_Ouvrages/02_Devis/Devis_CL1013_2024-03.docx,/sites/MigrationFileServer/Clients/CL1013_BTP_Rhône_Ouvrages/02_Devis/Devis_CL1013_2024-03.docx,Devis_CL1013_2024-03.docx,.docx,36748,2026-09-16T10:44:04,2024-04-21T16:54:32,2024-04-21T16:54:32,MOD Administrator,MOD Administrator,https://m365x71797824.sharepoint.com/sites/MigrationFileServer/Clients/CL1013_BTP_Rhône_Ouvrages/02_Devis/Devis_CL1013_2024-03.docx,0113F3FEC64DCC67F864212293B1E60B
Clients,CL1013_BTP_Rhône_Ouvrages/02_Devis/Devis_CL1013_2024-04.docx,/sites/MigrationFileServer/Clients/CL1013_BTP_Rhône_Ouvrages/02_Devis/Devis_CL1013_2024-04.docx,Devis_CL1013_2024-04.docx,.docx,36746,2026-09-16T10:10:46,2024-10-17T05:41:58,2024-10-17T05:41:58,MOD Administrator,MOD Administrator,https://m365x71797824.sharepoint.com/sites/MigrationFileServer/Clients/CL1013_BTP_Rhône_Ouvrages/02_Devis/Devis_CL1013_2024-04.docx,0112CD8D4E03B8B7A08922398D11211E
Clients,CL1013_BTP_Rhône_Ouvrages/02_Devis/Devis_CL1013_2026-01.docx,/sites/MigrationFileServer/Clients/CL1013_BTP_Rhône_Ouvrages/02_Devis/Devis_CL1013_2026-01.docx,Devis_CL1013_2026-01.docx,.docx,36751,2026-09-16T10:29:04,2026-08-06T16:07:22,2026-08-06T16:07:22,MOD Administrator,MOD Administrator,https://m365x71797824.sharepoint.com/sites/MigrationFileServer/Clients/CL1013_BTP_Rhône_Ouvrages/02_Devis/Devis_CL1013_2026-01.docx,01B8F22DFF1CE4910F8EAB2767246952
Clients,CL1013_BTP_Rhône_Ouvrages/03_Factures/2024/Facture_CL1013_202402.pdf,/sites/MigrationFileServer/Clients/CL1013_BTP_Rhône_Ouvrages/03_Factures/2024/Facture_CL1013_202402.pdf,Facture_CL1013_202402.pdf,.pdf,1707,2026-09-16T10:37:41,2024-02-09T10:00:00,2024-02-09T10:00:00,MOD Administrator,MOD Administrator,https://m365x71797824.sharepoint.com/sites/MigrationFileServer/Clients/CL1013_BTP_Rhône_Ouvrages/03_Factures/2024/Facture_CL1013_202402.pdf,01E0B700ACB002894682A159ADF833F7
Clients,CL1013_BTP_Rhône_Ouvrages/03_Factures/2024/Facture_CL1013_202404.pdf,/sites/MigrationFileServer/Clients/CL1013_BTP_Rhône_Ouvrages/03_Factures/2024/Facture_CL1013_202404.pdf,Facture_CL1013_202404.pdf,.pdf,1710,2026-09-16T10:23:58,2024-04-17T10:00:00,2024-04-17T10:00:00,MOD Administrator,MOD Administrator,https://m365x71797824.sharepoint.com/sites/MigrationFileServer/Clients/CL1013_BTP_Rhône_Ouvrages/03_Factures/2024/Facture_CL1013_202404.pdf,01E65F99A62D8A4CDF73352920C4F9B1
Clients,CL1013_BTP_Rhône_Ouvrages/03_Factures/2024/Facture_CL1013_202405.pdf,/sites/MigrationFileServer/Clients/CL1013_BTP_Rhône_Ouvrages/03_Factures/2024/Facture_CL1013_202405.pdf,Facture_CL1013_202405.pdf,.pdf,1709,2026-09-16T10:12:16,2024-05-23T10:00:00,2024-05-23T10:00:00,MOD Administrator,MOD Administrator,https://m365x71797824.sharepoint.com/sites/MigrationFileServer/Clients/CL1013_BTP_Rhône_Ouvrages/03_Factures/2024/Facture_CL1013_202405.pdf,01B25F9AD768B07F176510672B4D9C35
Clients,CL1013_BTP_Rhône_Ouvrages/03_Factures/2024/Facture_CL1013_202407.pdf,/sites/MigrationFileServer/Clients/CL1013_BTP_Rhône_Ouvrages/03_Factures/2024/Facture_CL1013_202407.pdf,Facture_CL1013_202407.pdf,.pdf,1710,2026-09-16T10:50:11,2024-07-06T10:00:00,2024-07-06T10:00:00,MOD Administrator,MOD Administrator,https://m365x71797824.sharepoint.com/sites/MigrationFileServer/Clients/CL1013_BTP_Rhône_Ouvrages/03_Factures/2024/Facture_CL1013_202407.pdf,01E0C8E114BA72B566FD430DCC71E6CB
Clients,CL1013_BTP_Rhône_Ouvrages/03_Factures/2024/Facture_CL1013_202408.pdf,/sites/MigrationFileServer/Clients/CL1013_BTP_Rhône_Ouvrages/03_Factures/2024/Facture_CL1013_202408.pdf,Facture_CL1013_202408.pdf,.pdf,1707,2026-09-16T10:12:55,2024-08-10T10:00:00,2024-08-10T10:00:00,MOD Administrator,MOD Administrator,https://m365x71797824.sharepoint.com/sites/MigrationFileServer/Clients/CL1013_BTP_Rhône_Ouvrages/03_Factures/2024/Facture_CL1013_202408.pdf,01529BEFFF57A3FE8875EBFC87EEABD1
Clients,CL1013_BTP_Rhône_Ouvrages/03_Factures/2024/Facture_CL1013_202409.pdf,/sites/MigrationFileServer/Clients/CL1013_BTP_Rhône_Ouvrages/03_Factures/2024/Facture_CL1013_202409.pdf,Facture_CL1013_202409.pdf,.pdf,1709,2026-09-16T10:59:13,2024-09-21T10:00:00,2024-09-21T10:00:00,MOD Administrator,MOD Administrator,https://m365x71797824.sharepoint.com/sites/MigrationFileServer/Clients/CL1013_BTP_Rhône_Ouvrages/03_Factures/2024/Facture_CL1013_202409.pdf,01C8D4E0CBD429C1DF6352D7F507DBC6
Clients,CL1013_BTP_Rhône_Ouvrages/03_Factures/2024/Facture_CL1013_202412.pdf,/sites/MigrationFileServer/Clients/CL1013_BTP_Rhône_Ouvrages/03_Factures/2024/Facture_CL1013_202412.pdf,Facture_CL1013_202412.pdf,.pdf,1710,2026-09-16T10:20:06,2024-12-14T10:00:00,2024-12-14T10:00:00,MOD Administrator,MOD Administrator,https://m365x71797824.sharepoint.com/sites/MigrationFileServer/Clients/CL1013_BTP_Rhône_Ouvrages/03_Factures/2024/Facture_CL1013_202412.pdf,0159CAF2E7CD88FDE335789B70DAE21B
Clients,CL1013_BTP_Rhône_Ouvrages/03_Factures/2025/Facture_CL1013_202502.pdf,/sites/MigrationFileServer/Clients/CL1013_BTP_Rhône_Ouvrages/03_Factures/2025/Facture_CL1013_202502.pdf,Facture_CL1013_202502.pdf,.pdf,1712,2026-09-16T10:48:21,2025-02-26T10:00:00,2025-02-26T10:00:00,MOD Administrator,MOD Administrator,https://m365x71797824.sharepoint.com/sites/MigrationFileServer/Clients/CL1013_BTP_Rhône_Ouvrages/03_Factures/2025/Facture_CL1013_202502.pdf,01D87CB33502829A8F9FF8A94F471402
Clients,CL1013_BTP_Rhône_Ouvrages/03_Factures/2025/Facture_CL1013_202506.pdf,/sites/MigrationFileServer/Clients/CL1013_BTP_Rhône_Ouvrages/03_Factures/2025/Facture_CL1013_202506.pdf,Facture_CL1013_202506.pdf,.pdf,1710,2026-09-16T10:18:04,2025-06-04T10:00:00,2025-06-04T10:00:00,MOD Administrator,MOD Administrator,https://m365x71797824.sharepoint.com/sites/MigrationFileServer/Clients/CL1013_BTP_Rhône_Ouvrages/03_Factures/2025/Facture_CL1013_202506.pdf,01C84DFDC72875057916E887D3E7A6B1
Clients,CL1013_BTP_Rhône_Ouvrages/03_Factures/2025/Facture_CL1013_202507.pdf,/sites/MigrationFileServer/Clients/CL1013_BTP_Rhône_Ouvrages/03_Factures/2025/Facture_CL1013_202507.pdf,Facture_CL1013_202507.pdf,.pdf,1710,2026-09-16T10:48:42,2025-07-18T10:00:00,2025-07-18T10:00:00,MOD Administrator,MOD Administrator,https://m365x71797824.sharepoint.com/sites/MigrationFileServer/Clients/CL1013_BTP_Rhône_Ouvrages/03_Factures/2025/Facture_CL1013_202507.pdf,01435718E7A945BB9E4FDD5BB3964473
Clients,CL1013_BTP_Rhône_Ouvrages/03_Factures/2025/Facture_CL1013_202509.pdf,/sites/MigrationFileServer/Clients/CL1013_BTP_Rhône_Ouvrages/03_Factures/2025/Facture_CL1013_202509.pdf,Facture_CL1013_202509.pdf,.pdf,1709,2026-09-16T10:17:02,2025-09-04T10:00:00,2025-09-04T10:00:00,MOD Administrator,MOD Administrator,https://m365x71797824.sharepoint.com/sites/MigrationFileServer/Clients/CL1013_BTP_Rhône_Ouvrages/03_Factures/2025/Facture_CL1013_202509.pdf,01D63CFF6918DBB2427B3C77BF24C6DC
Clients,CL1013_BTP_Rhône_Ouvrages/03_Factures/2025/Facture_CL1013_202510.pdf,/sites/MigrationFileServer/Clients/CL1013_BTP_Rhône_Ouvrages/03_Factures/2025/Facture_CL1013_202510.pdf,Facture_CL1013_202510.pdf,.pdf,1709,2026-09-16T10:09:24,2025-10-06T10:00:00,2025-10-06T10:00:00,MOD Administrator,MOD Administrator,https://m365x71797824.sharepoint.com/sites/MigrationFileServer/Clients/CL1013_BTP_Rhône_Ouvrages/03_Factures/2025/Facture_CL1013_202510.pdf,0191D27AE616C51C27A6F86767410235
Clients,CL1013_BTP_Rhône_Ouvrages/03_Factures/2026/Facture_CL1013_202602.pdf,/sites/MigrationFileServer/Clients/CL1013_BTP_Rhône_Ouvrages/03_Factures/2026/Facture_CL1013_202602.pdf,Facture_CL1013_202602.pdf,.pdf,1712,2026-09-16T10:43:14,2026-02-13T10:00:00,2026-02-13T10:00:00,MOD Administrator,MOD Administrator,https://m365x71797824.sharepoint.com/sites/MigrationFileServer/Clients/CL1013_BTP_Rhône_Ouvrages/03_Factures/2026/Facture_CL1013_202602.pdf,0103CB1F3D4BBF1E191096AC410FE2CC
Clients,CL1013_BTP_Rhône_Ouvrages/03_Factures/2026/Facture_CL1013_202603.pdf,/sites/MigrationFileServer/Clients/CL1013_BTP_Rhône_Ouvrages/03_Factures/2026/Facture_CL1013_202603.pdf,Facture_CL1013_202603.pdf,.pdf,1709,2026-09-16T10:23:54,2026-03-04T10:00:00,2026-03-04T10:00:00,MOD Administrator,MOD Administrator,https://m365x71797824.sharepoint.com/sites/MigrationFileServer/Clients/CL1013_BTP_Rhône_Ouvrages/03_Factures/2026/Facture_CL1013_202603.pdf,01F68C4D75EFA13ED8214C413CEE44AD
Clients,CL1013_BTP_Rhône_Ouvrages/03_Factures/2026/Facture_CL1013_202604.pdf,/sites/MigrationFileServer/Clients/CL1013_BTP_Rhône_Ouvrages/03_Factures/2026/Facture_CL1013_202604.pdf,Facture_CL1013_202604.pdf,.pdf,1709,2026-09-16T10:28:23,2026-04-01T10:00:00,2026-04-01T10:00:00,MOD Administrator,MOD Administrator,https://m365x71797824.sharepoint.com/sites/MigrationFileServer/Clients/CL1013_BTP_Rhône_Ouvrages/03_Factures/2026/Facture_CL1013_202604.pdf,01236B8D4C2D23DAC8B8FF07248ACC65
Clients,CL1013_BTP_Rhône_Ouvrages/03_Factures/2026/Facture_CL1013_202605.pdf,/sites/MigrationFileServer/Clients/CL1013_BTP_Rhône_Ouvrages/03_Factures/2026/Facture_CL1013_202605.pdf,Facture_CL1013_202605.pdf,.pdf,1708,2026-09-16T10:29:50,2026-05-11T10:00:00,2026-05-11T10:00:00,MOD Administrator,MOD Administrator,https://m365x71797824.sharepoint.com/sites/MigrationFileServer/Clients/CL1013_BTP_Rhône_Ouvrages/03_Factures/2026/Facture_CL1013_202605.pdf,015DC141E45ED7EEFA406BDF33BCB7CB
Clients,CL1013_BTP_Rhône_Ouvrages/03_Factures/2026/Facture_CL1013_202607.pdf,/sites/MigrationFileServer/Clients/CL1013_BTP_Rhône_Ouvrages/03_Factures/2026/Facture_CL1013_202607.pdf,Facture_CL1013_202607.pdf,.pdf,1709,2026-09-16T10:16:33,2026-07-08T10:00:00,2026-07-08T10:00:00,MOD Administrator,MOD Administrator,https://m365x71797824.sharepoint.com/sites/MigrationFileServer/Clients/CL1013_BTP_Rhône_Ouvrages/03_Factures/2026/Facture_CL1013_202607.pdf,013F901472DF563C411C89743DA9C667
Clients,CL1013_BTP_Rhône_Ouvrages/03_Factures/2026/Facture_CL1013_202608.pdf,/sites/MigrationFileServer/Clients/CL1013_BTP_Rhône_Ouvrages/03_Factures/2026/Facture_CL1013_202608.pdf,Facture_CL1013_202608.pdf,.pdf,1710,2026-09-16T10:56:10,2026-08-22T10:00:00,2026-08-22T10:00:00,MOD Administrator,MOD Administrator,https://m365x71797824.sharepoint.com/sites/MigrationFileServer/Clients/CL1013_BTP_Rhône_Ouvrages/03_Factures/2026/Facture_CL1013_202608.pdf,01EEA843A9617A5581C2C39DB6490814
Clients,CL1013_BTP_Rhône_Ouvrages/04_Correspondance/Echange_01.eml.txt,/sites/MigrationFileServer/Clients/CL1013_BTP_Rhône_Ouvrages/04_Correspondance/Echange_01.eml.txt,Echange_01.eml.txt,.txt,106,2026-09-16T10:54:01,2024-06-07T09:46:05,2024-06-07T09:46:05,MOD Administrator,MOD Administrator,https://m365x71797824.sharepoint.com/sites/MigrationFileServer/Clients/CL1013_BTP_Rhône_Ouvrages/04_Correspondance/Echange_01.eml.txt,01E2F9AC0331A55A11A60B7BB63956D9
Clients,CL1013_BTP_Rhône_Ouvrages/04_Correspondance/Echange_02.eml.txt,/sites/MigrationFileServer/Clients/CL1013_BTP_Rhône_Ouvrages/04_Correspondance/Echange_02.eml.txt,Echange_02.eml.txt,.txt,106,2026-09-16T10:20:48,2020-11-17T03:42:46,2020-11-17T03:42:46,MOD Administrator,MOD Administrator,https://m365x71797824.sharepoint.com/sites/MigrationFileServer/Clients/CL1013_BTP_Rhône_Ouvrages/04_Correspondance/Echange_02.eml.txt,013DA9FDA05D878B11DA672FE36259A3
Clients,CL1013_BTP_Rhône_Ouvrages/04_Correspondance/Echange_03.eml.txt,/sites/MigrationFileServer/Clients/CL1013_BTP_Rhône_Ouvrages/04_Correspondance/Echange_03.eml.txt,Echange_03.eml.txt,.txt,106,2026-09-16T10:47:57,2023-01-25T15:49:36,2023-01-25T15:49:36,MOD Administrator,MOD Administrator,https://m365x71797824.sharepoint.com/sites/MigrationFileServer/Clients/CL1013_BTP_Rhône_Ouvrages/04_Correspondance/Echange_03.eml.txt,0101EE1932DEA20F42434ECCD778C73D
Clients,CL1013_BTP_Rhône_Ouvrages/05_Projets/Audit_securite/Compte_rendu_COPIL.docx,/sites/MigrationFileServer/Clients/CL1013_BTP_Rhône_Ouvrages/05_Projets/Audit_securite/Compte_rendu_COPIL.docx,Compte_rendu_COPIL.docx,.docx,36732,2026-09-16T10:09:06,2025-02-28T04:43:31,2025-02-28T04:43:31,MOD Administrator,MOD Administrator,https://m365x71797824.sharepoint.com/sites/MigrationFileServer/Clients/CL1013_BTP_Rhône_Ouvrages/05_Projets/Audit_securite/Compte_rendu_COPIL.docx,015E8D8E4DD61FF27C609E1EEEA9E408
Clients,CL1013_BTP_Rhône_Ouvrages/05_Projets/Audit_securite/Planning_Audit_securite.xlsx,/sites/MigrationFileServer/Clients/CL1013_BTP_Rhône_Ouvrages/05_Projets/Audit_securite/Planning_Audit_securite.xlsx,Planning_Audit_securite.xlsx,.xlsx,5133,2026-09-16T10:21:18,2025-07-16T07:28:51,2025-07-16T07:28:51,MOD Administrator,MOD Administrator,https://m365x71797824.sharepoint.com/sites/MigrationFileServer/Clients/CL1013_BTP_Rhône_Ouvrages/05_Projets/Audit_securite/Planning_Audit_securite.xlsx,017CC81192703757FD78FB8D4407864F
Clients,CL1013_BTP_Rhône_Ouvrages/05_Projets/Audit_securite/Presentation_lancement_Audit_securite.pptx,/sites/MigrationFileServer/Clients/CL1013_BTP_Rhône_Ouvrages/05_Projets/Audit_securite/Presentation_lancement_Audit_securite.pptx,Presentation_lancement_Audit_securite.pptx,.pptx,29175,2026-09-16T10:13:07,2025-07-25T02:55:49,2025-07-25T02:55:49,MOD Administrator,MOD Administrator,https://m365x71797824.sharepoint.com/sites/MigrationFileServer/Clients/CL1013_BTP_Rhône_Ouvrages/05_Projets/Audit_securite/Presentation_lancement_Audit_securite.pptx,017DFDFE0EB62657F58E280B6C75BF7E
Clients,CL1013_BTP_Rhône_Ouvrages/05_Projets/Deploiement_Teams/Compte_rendu_COPIL.docx,/sites/MigrationFileServer/Clients/CL1013_BTP_Rhône_Ouvrages/05_Projets/Deploiement_Teams/Compte_rendu_COPIL.docx,Compte_rendu_COPIL.docx,.docx,36731,2026-09-16T10:11:25,2025-12-06T02:12:30,2025-12-06T02:12:30,MOD Administrator,MOD Administrator,https://m365x71797824.sharepoint.com/sites/MigrationFileServer/Clients/CL1013_BTP_Rhône_Ouvrages/05_Projets/Deploiement_Teams/Compte_rendu_COPIL.docx,01EC4F43557AC1DC0C7C267DED1E261A
Clients,CL1013_BTP_Rhône_Ouvrages/05_Projets/Deploiement_Teams/Planning_Deploiement_Teams.xlsx,/sites/MigrationFileServer/Clients/CL1013_BTP_Rhône_Ouvrages/05_Projets/Deploiement_Teams/Planning_Deploiement_Teams.xlsx,Planning_Deploiement_Teams.xlsx,.xlsx,5135,2026-09-16T10:17:58,2025-04-07T02:32:41,2025-04-07T02:32:41,MOD Administrator,MOD Administrator,https://m365x71797824.sharepoint.com/sites/MigrationFileServer/Clients/CL1013_BTP_Rhône_Ouvrages/05_Projets/Deploiement_Teams/Planning_Deploiement_Teams.xlsx,010F8AF93670B5450A6D0317A23B1235
Clients,CL1013_BTP_Rhône_Ouvrages/05_Projets/Deploiement_Teams/Presentation_lancement_Deploiement_Teams.pptx,/sites/MigrationFileServer/Clients/CL1013_BTP_Rhône_Ouvrages/05_Projets/Deploiement_Teams/Presentation_lancement_Deploiement_Teams.pptx,Presentation_lancement_Deploiement_Teams.pptx,.pptx,29174,2026-09-16T10:13:12,2025-09-30T14:33:42,2025-09-30T14:33:42,MOD Administrator,MOD Administrator,https://m365x71797824.sharepoint.com/sites/MigrationFileServer/Clients/CL1013_BTP_Rhône_Ouvrages/05_Projets/Deploiement_Teams/Presentation_lancement_Deploiement_Teams.pptx,0171A49AF15C73C32E441E7A5E11623E
Clients,CL1014_École_Montessori_Les_Lilas/01_Contrats/Contrat_cadre_CL1014_2020.docx,/sites/MigrationFileServer/Clients/CL1014_École_Montessori_Les_Lilas/01_Contrats/Contrat_cadre_CL1014_2020.docx,Contrat_cadre_CL1014_2020.docx,.docx,36790,2026-09-16T10:36:15,2020-02-15T03:26:07,2020-02-15T03:26:07,MOD Administrator,MOD Administrator,https://m365x71797824.sharepoint.com/sites/MigrationFileServer/Clients/CL1014_École_Montessori_Les_Lilas/01_Contrats/Contrat_cadre_CL1014_2020.docx,010EAA8D638E06943656AB08A6EFC440
Clients,CL1014_École_Montessori_Les_Lilas/01_Contrats/Contrat_cadre_CL1014_2020_signe.pdf,/sites/MigrationFileServer/Clients/CL1014_École_Montessori_Les_Lilas/01_Contrats/Contrat_cadre_CL1014_2020_signe.pdf,Contrat_cadre_CL1014_2020_signe.pdf,.pdf,1664,2026-09-16T10:10:32,2020-08-14T11:19:49,2020-08-14T11:19:49,MOD Administrator,MOD Administrator,https://m365x71797824.sharepoint.com/sites/MigrationFileServer/Clients/CL1014_École_Montessori_Les_Lilas/01_Contrats/Contrat_cadre_CL1014_2020_signe.pdf,0137430745BE8553857BE53FE638EF86
Clients,CL1014_École_Montessori_Les_Lilas/02_Devis/Devis_CL1014_2020-02.docx,/sites/MigrationFileServer/Clients/CL1014_École_Montessori_Les_Lilas/02_Devis/Devis_CL1014_2020-02.docx,Devis_CL1014_2020-02.docx,.docx,36749,2026-09-16T10:42:39,2020-11-09T08:59:46,2020-11-09T08:59:46,MOD Administrator,MOD Administrator,https://m365x71797824.sharepoint.com/sites/MigrationFileServer/Clients/CL1014_École_Montessori_Les_Lilas/02_Devis/Devis_CL1014_2020-02.docx,01EDAC94FFF663CEC7FFF95BDBDEC679
Clients,CL1014_École_Montessori_Les_Lilas/02_Devis/Devis_CL1014_2023-03.docx,/sites/MigrationFileServer/Clients/CL1014_École_Montessori_Les_Lilas/02_Devis/Devis_CL1014_2023-03.docx,Devis_CL1014_2023-03.docx,.docx,36750,2026-09-16T10:30:07,2023-10-17T15:24:05,2023-10-17T15:24:05,MOD Administrator,MOD Administrator,https://m365x71797824.sharepoint.com/sites/MigrationFileServer/Clients/CL1014_École_Montessori_Les_Lilas/02_Devis/Devis_CL1014_2023-03.docx,01865BEF5C6E8E01E7F195E85E0F55B0
Clients,CL1014_École_Montessori_Les_Lilas/02_Devis/Devis_CL1014_2026-01.docx,/sites/MigrationFileServer/Clients/CL1014_École_Montessori_Les_Lilas/02_Devis/Devis_CL1014_2026-01.docx,Devis_CL1014_2026-01.docx,.docx,36745,2026-09-16T10:09:15,2026-07-19T07:48:59,2026-07-19T07:48:59,MOD Administrator,MOD Administrator,https://m365x71797824.sharepoint.com/sites/MigrationFileServer/Clients/CL1014_École_Montessori_Les_Lilas/02_Devis/Devis_CL1014_2026-01.docx,01DD5A969982AF10342BAFA4A78583E2
Clients,CL1014_École_Montessori_Les_Lilas/03_Factures/2024/Facture_CL1014_202401.pdf,/sites/MigrationFileServer/Clients/CL1014_École_Montessori_Les_Lilas/03_Factures/2024/Facture_CL1014_202401.pdf,Facture_CL1014_202401.pdf,.pdf,1712,2026-09-16T10:26:13,2024-01-03T10:00:00,2024-01-03T10:00:00,MOD Administrator,MOD Administrator,https://m365x71797824.sharepoint.com/sites/MigrationFileServer/Clients/CL1014_École_Montessori_Les_Lilas/03_Factures/2024/Facture_CL1014_202401.pdf,0143EAE9C67A3397C91544BA7A19FBE2
Clients,CL1014_École_Montessori_Les_Lilas/03_Factures/2024/Facture_CL1014_202403.pdf,/sites/MigrationFileServer/Clients/CL1014_École_Montessori_Les_Lilas/03_Factures/2024/Facture_CL1014_202403.pdf,Facture_CL1014_202403.pdf,.pdf,1712,2026-09-16T10:35:59,2024-03-02T10:00:00,2024-03-02T10:00:00,MOD Administrator,MOD Administrator,https://m365x71797824.sharepoint.com/sites/MigrationFileServer/Clients/CL1014_École_Montessori_Les_Lilas/03_Factures/2024/Facture_CL1014_202403.pdf,01BB382FD0C8F9B85E75FFCEB0F23970
Clients,CL1014_École_Montessori_Les_Lilas/03_Factures/2024/Facture_CL1014_202408.pdf,/sites/MigrationFileServer/Clients/CL1014_École_Montessori_Les_Lilas/03_Factures/2024/Facture_CL1014_202408.pdf,Facture_CL1014_202408.pdf,.pdf,1713,2026-09-16T10:14:04,2024-08-13T10:00:00,2024-08-13T10:00:00,MOD Administrator,MOD Administrator,https://m365x71797824.sharepoint.com/sites/MigrationFileServer/Clients/CL1014_École_Montessori_Les_Lilas/03_Factures/2024/Facture_CL1014_202408.pdf,01515C9AC2A189027B73F8C133CE8624
Clients,CL1014_École_Montessori_Les_Lilas/03_Factures/2024/Facture_CL1014_202411.pdf,/sites/MigrationFileServer/Clients/CL1014_École_Montessori_Les_Lilas/03_Factures/2024/Facture_CL1014_202411.pdf,Facture_CL1014_202411.pdf,.pdf,1709,2026-09-16T10:12:13,2024-11-18T10:00:00,2024-11-18T10:00:00,MOD Administrator,MOD Administrator,https://m365x71797824.sharepoint.com/sites/MigrationFileServer/Clients/CL1014_École_Montessori_Les_Lilas/03_Factures/2024/Facture_CL1014_202411.pdf,015C79ED2ECA00A875A9B6103E47D74C
Clients,CL1014_École_Montessori_Les_Lilas/03_Factures/2025/Facture_CL1014_202501.pdf,/sites/MigrationFileServer/Clients/CL1014_École_Montessori_Les_Lilas/03_Factures/2025/Facture_CL1014_202501.pdf,Facture_CL1014_202501.pdf,.pdf,1710,2026-09-16T10:10:07,2025-01-01T10:00:00,2025-01-01T10:00:00,MOD Administrator,MOD Administrator,https://m365x71797824.sharepoint.com/sites/MigrationFileServer/Clients/CL1014_École_Montessori_Les_Lilas/03_Factures/2025/Facture_CL1014_202501.pdf,017B48DB017997F8DEFBF36252B416DA
Clients,CL1014_École_Montessori_Les_Lilas/03_Factures/2025/Facture_CL1014_202503.pdf,/sites/MigrationFileServer/Clients/CL1014_École_Montessori_Les_Lilas/03_Factures/2025/Facture_CL1014_202503.pdf,Facture_CL1014_202503.pdf,.pdf,1712,2026-09-16T10:22:11,2025-03-27T10:00:00,2025-03-27T10:00:00,MOD Administrator,MOD Administrator,https://m365x71797824.sharepoint.com/sites/MigrationFileServer/Clients/CL1014_École_Montessori_Les_Lilas/03_Factures/2025/Facture_CL1014_202503.pdf,01A72924B7A0A6FB8602C904AE8270FD
Clients,CL1014_École_Montessori_Les_Lilas/03_Factures/2025/Facture_CL1014_202504.pdf,/sites/MigrationFileServer/Clients/CL1014_École_Montessori_Les_Lilas/03_Factures/2025/Facture_CL1014_202504.pdf,Facture_CL1014_202504.pdf,.pdf,1710,2026-09-16T10:57:32,2025-04-24T10:00:00,2025-04-24T10:00:00,MOD Administrator,MOD Administrator,https://m365x71797824.sharepoint.com/sites/MigrationFileServer/Clients/CL1014_École_Montessori_Les_Lilas/03_Factures/2025/Facture_CL1014_202504.pdf,017865D1F3A4C092C00643D66AE71527
Clients,CL1014_École_Montessori_Les_Lilas/03_Factures/2025/Facture_CL1014_202506.pdf,/sites/MigrationFileServer/Clients/CL1014_École_Montessori_Les_Lilas/03_Factures/2025/Facture_CL1014_202506.pdf,Facture_CL1014_202506.pdf,.pdf,1709,2026-09-16T10:49:47,2025-06-01T10:00:00,2025-06-01T10:00:00,MOD Administrator,MOD Administrator,https://m365x71797824.sharepoint.com/sites/MigrationFileServer/Clients/CL1014_École_Montessori_Les_Lilas/03_Factures/2025/Facture_CL1014_202506.pdf,013BED2520A5FF6BAC89812CA3083F75
Clients,CL1014_École_Montessori_Les_Lilas/03_Factures/2025/Facture_CL1014_202507.pdf,/sites/MigrationFileServer/Clients/CL1014_École_Montessori_Les_Lilas/03_Factures/2025/Facture_CL1014_202507.pdf,Facture_CL1014_202507.pdf,.pdf,1713,2026-09-16T10:55:31,2025-07-20T10:00:00,2025-07-20T10:00:00,MOD Administrator,MOD Administrator,https://m365x71797824.sharepoint.com/sites/MigrationFileServer/Clients/CL1014_École_Montessori_Les_Lilas/03_Factures/2025/Facture_CL1014_202507.pdf,01A6B0DD3D23A9140A9ADC976AAA197F
Clients,CL1014_École_Montessori_Les_Lilas/03_Factures/2025/Facture_CL1014_202508.pdf,/sites/MigrationFileServer/Clients/CL1014_École_Montessori_Les_Lilas/03_Factures/2025/Facture_CL1014_202508.pdf,Facture_CL1014_202508.pdf,.pdf,1713,2026-09-16T10:29:09,2025-08-15T10:00:00,2025-08-15T10:00:00,MOD Administrator,MOD Administrator,https://m365x71797824.sharepoint.com/sites/MigrationFileServer/Clients/CL1014_École_Montessori_Les_Lilas/03_Factures/2025/Facture_CL1014_202508.pdf,01F2116A0EE310AD80CDBB091E6329D7
Clients,CL1014_École_Montessori_Les_Lilas/03_Factures/2025/Facture_CL1014_202511.pdf,/sites/MigrationFileServer/Clients/CL1014_École_Montessori_Les_Lilas/03_Factures/2025/Facture_CL1014_202511.pdf,Facture_CL1014_202511.pdf,.pdf,1713,2026-09-16T10:26:47,2025-11-08T10:00:00,2025-11-08T10:00:00,MOD Administrator,MOD Administrator,https://m365x71797824.sharepoint.com/sites/MigrationFileServer/Clients/CL1014_École_Montessori_Les_Lilas/03_Factures/2025/Facture_CL1014_202511.pdf,015E235E4EDB87C159DB791BCD0AB046
Clients,CL1014_École_Montessori_Les_Lilas/03_Factures/2026/Facture_CL1014_202604.pdf,/sites/MigrationFileServer/Clients/CL1014_École_Montessori_Les_Lilas/03_Factures/2026/Facture_CL1014_202604.pdf,Facture_CL1014_202604.pdf,.pdf,1710,2026-09-16T10:48:57,2026-04-22T10:00:00,2026-04-22T10:00:00,MOD Administrator,MOD Administrator,https://m365x71797824.sharepoint.com/sites/MigrationFileServer/Clients/CL1014_École_Montessori_Les_Lilas/03_Factures/2026/Facture_CL1014_202604.pdf,013A1571FDB323DE892E85B59AA69C04
Clients,CL1014_École_Montessori_Les_Lilas/03_Factures/2026/Facture_CL1014_202605.pdf,/sites/MigrationFileServer/Clients/CL1014_École_Montessori_Les_Lilas/03_Factures/2026/Facture_CL1014_202605.pdf,Facture_CL1014_202605.pdf,.pdf,1712,2026-09-16T10:07:38,2026-05-19T10:00:00,2026-05-19T10:00:00,MOD Administrator,MOD Administrator,https://m365x71797824.sharepoint.com/sites/MigrationFileServer/Clients/CL1014_École_Montessori_Les_Lilas/03_Factures/2026/Facture_CL1014_202605.pdf,0114FBC00EB9493CB9E6CE7C19755F35
Clients,CL1014_École_Montessori_Les_Lilas/03_Factures/2026/Facture_CL1014_202607.pdf,/sites/MigrationFileServer/Clients/CL1014_École_Montessori_Les_Lilas/03_Factures/2026/Facture_CL1014_202607.pdf,Facture_CL1014_202607.pdf,.pdf,1712,2026-09-16T10:34:13,2026-07-12T10:00:00,2026-07-12T10:00:00,MOD Administrator,MOD Administrator,https://m365x71797824.sharepoint.com/sites/MigrationFileServer/Clients/CL1014_École_Montessori_Les_Lilas/03_Factures/2026/Facture_CL1014_202607.pdf,01706351F74900FE3509314CD4D99F8B
Clients,CL1014_École_Montessori_Les_Lilas/03_Factures/2026/Facture_CL1014_202608.pdf,/sites/MigrationFileServer/Clients/CL1014_École_Montessori_Les_Lilas/03_Factures/2026/Facture_CL1014_202608.pdf,Facture_CL1014_202608.pdf,.pdf,1710,2026-09-16T10:14:53,2026-08-23T10:00:00,2026-08-23T10:00:00,MOD Administrator,MOD Administrator,https://m365x71797824.sharepoint.com/sites/MigrationFileServer/Clients/CL1014_École_Montessori_Les_Lilas/03_Factures/2026/Facture_CL1014_202608.pdf,015063FCCEBFB9D9E14DF005AF310829
Clients,CL1014_École_Montessori_Les_Lilas/04_Correspondance/Echange_01.eml.txt,/sites/MigrationFileServer/Clients/CL1014_École_Montessori_Les_Lilas/04_Correspondance/Echange_01.eml.txt,Echange_01.eml.txt,.txt,106,2026-09-16T10:43:12,2025-06-01T21:20:29,2025-06-01T21:20:29,MOD Administrator,MOD Administrator,https://m365x71797824.sharepoint.com/sites/MigrationFileServer/Clients/CL1014_École_Montessori_Les_Lilas/04_Correspondance/Echange_01.eml.txt,0106681AAA66E8F2DC10F4913BF07F3F
Clients,CL1014_École_Montessori_Les_Lilas/04_Correspondance/Echange_02.eml.txt,/sites/MigrationFileServer/Clients/CL1014_École_Montessori_Les_Lilas/04_Correspondance/Echange_02.eml.txt,Echange_02.eml.txt,.txt,106,2026-09-16T10:49:10,2026-03-23T19:27:00,2026-03-23T19:27:00,MOD Administrator,MOD Administrator,https://m365x71797824.sharepoint.com/sites/MigrationFileServer/Clients/CL1014_École_Montessori_Les_Lilas/04_Correspondance/Echange_02.eml.txt,017BF52CF1F2CA164C5C23B8BB033A72
Clients,CL1014_École_Montessori_Les_Lilas/04_Correspondance/Echange_03.eml.txt,/sites/MigrationFileServer/Clients/CL1014_École_Montessori_Les_Lilas/04_Correspondance/Echange_03.eml.txt,Echange_03.eml.txt,.txt,106,2026-09-16T10:20:04,2025-01-07T08:45:01,2025-01-07T08:45:01,MOD Administrator,MOD Administrator,https://m365x71797824.sharepoint.com/sites/MigrationFileServer/Clients/CL1014_École_Montessori_Les_Lilas/04_Correspondance/Echange_03.eml.txt,01DA6FC85F82FBAF2A5FAB9DAB7A2004
Clients,CL1014_École_Montessori_Les_Lilas/05_Projets/Deploiement_Teams/Compte_rendu_COPIL.docx,/sites/MigrationFileServer/Clients/CL1014_École_Montessori_Les_Lilas/05_Projets/Deploiement_Teams/Compte_rendu_COPIL.docx,Compte_rendu_COPIL.docx,.docx,36732,2026-09-16T10:53:31,2026-02-05T21:49:36,2026-02-05T21:49:36,MOD Administrator,MOD Administrator,https://m365x71797824.sharepoint.com/sites/MigrationFileServer/Clients/CL1014_École_Montessori_Les_Lilas/05_Projets/Deploiement_Teams/Compte_rendu_COPIL.docx,019F084A36365761D1FDEA0E80AC2EFA
Clients,CL1014_École_Montessori_Les_Lilas/05_Projets/Deploiement_Teams/Planning_Deploiement_Teams.xlsx,/sites/MigrationFileServer/Clients/CL1014_École_Montessori_Les_Lilas/05_Projets/Deploiement_Teams/Planning_Deploiement_Teams.xlsx,Planning_Deploiement_Teams.xlsx,.xlsx,5138,2026-09-16T10:19:12,2026-01-31T16:59:23,2026-01-31T16:59:23,MOD Administrator,MOD Administrator,https://m365x71797824.sharepoint.com/sites/MigrationFileServer/Clients/CL1014_École_Montessori_Les_Lilas/05_Projets/Deploiement_Teams/Planning_Deploiement_Teams.xlsx,014F54E2AB33B04118786ED4D6D57BC1
Clients,CL1014_École_Montessori_Les_Lilas/05_Projets/Deploiement_Teams/Presentation_lancement_Deploiement_Teams.pptx,/sites/MigrationFileServer/Clients/CL1014_École_Montessori_Les_Lilas/05_Projets/Deploiement_Teams/Presentation_lancement_Deploiement_Teams.pptx,Presentation_lancement_Deploiement_Teams.pptx,.pptx,29173,2026-09-16T10:56:29,2026-06-10T06:25:58,2026-06-10T06:25:58,MOD Administrator,MOD Administrator,https://m365x71797824.sharepoint.com/sites/MigrationFileServer/Clients/CL1014_École_Montessori_Les_Lilas/05_Projets/Deploiement_Teams/Presentation_lancement_Deploiement_Teams.pptx,01F611F8B6F995718839EDA348455EF0
Clients,CL1014_École_Montessori_Les_Lilas/05_Projets/Refonte_site_web/Compte_rendu_COPIL.docx,/sites/MigrationFileServer/Clients/CL1014_École_Montessori_Les_Lilas/05_Projets/Refonte_site_web/Compte_rendu_COPIL.docx,Compte_rendu_COPIL.docx,.docx,36733,2026-09-16T10:54:20,2022-03-26T06:44:26,2022-03-26T06:44:26,MOD Administrator,MOD Administrator,https://m365x71797824.sharepoint.com/sites/MigrationFileServer/Clients/CL1014_École_Montessori_Les_Lilas/05_Projets/Refonte_site_web/Compte_rendu_COPIL.docx,0157D99F712D713041682FCC010821E9
Clients,CL1014_École_Montessori_Les_Lilas/05_Projets/Refonte_site_web/Planning_Refonte_site_web.xlsx,/sites/MigrationFileServer/Clients/CL1014_École_Montessori_Les_Lilas/05_Projets/Refonte_site_web/Planning_Refonte_site_web.xlsx,Planning_Refonte_site_web.xlsx,.xlsx,5140,2026-09-16T10:32:42,2022-08-17T04:40:36,2022-08-17T04:40:36,MOD Administrator,MOD Administrator,https://m365x71797824.sharepoint.com/sites/MigrationFileServer/Clients/CL1014_École_Montessori_Les_Lilas/05_Projets/Refonte_site_web/Planning_Refonte_site_web.xlsx,015FBAFEBD918EE45C05E05C97B57C75
Clients,CL1014_École_Montessori_Les_Lilas/05_Projets/Refonte_site_web/Presentation_lancement_Refonte_site_web.pptx,/sites/MigrationFileServer/Clients/CL1014_École_Montessori_Les_Lilas/05_Projets/Refonte_site_web/Presentation_lancement_Refonte_site_web.pptx,Presentation_lancement_Refonte_site_web.pptx,.pptx,29177,2026-09-16T10:55:10,2022-04-15T06:14:36,2022-04-15T06:14:36,MOD Administrator,MOD Administrator,https://m365x71797824.sharepoint.com/sites/MigrationFileServer/Clients/CL1014_École_Montessori_Les_Lilas/05_Projets/Refonte_site_web/Presentation_lancement_Refonte_site_web.pptx,01000A58D9D642E0F6D3F99E2D3D09F2
Clients,CL1015_Studio_Archipel/01_Contrats/Contrat_cadre_CL1015_2019.docx,/sites/MigrationFileServer/Clients/CL1015_Studio_Archipel/01_Contrats/Contrat_cadre_CL1015_2019.docx,Contrat_cadre_CL1015_2019.docx,.docx,36779,2026-09-16T10:15:38,2019-12-20T00:26:22,2019-12-20T00:26:22,MOD Administrator,MOD Administrator,https://m365x71797824.sharepoint.com/sites/MigrationFileServer/Clients/CL1015_Studio_Archipel/01_Contrats/Contrat_cadre_CL1015_2019.docx,017443D1739B4D6582420246A0CFCD57
Clients,CL1015_Studio_Archipel/01_Contrats/Contrat_cadre_CL1015_2019_signe.pdf,/sites/MigrationFileServer/Clients/CL1015_Studio_Archipel/01_Contrats/Contrat_cadre_CL1015_2019_signe.pdf,Contrat_cadre_CL1015_2019_signe.pdf,.pdf,1664,2026-09-16T10:36:35,2019-10-15T23:02:59,2019-10-15T23:02:59,MOD Administrator,MOD Administrator,https://m365x71797824.sharepoint.com/sites/MigrationFileServer/Clients/CL1015_Studio_Archipel/01_Contrats/Contrat_cadre_CL1015_2019_signe.pdf,01233F91D562F4DE5EB6342B238C40BA
Clients,CL1015_Studio_Archipel/02_Devis/Devis_CL1015_2022-01.docx,/sites/MigrationFileServer/Clients/CL1015_Studio_Archipel/02_Devis/Devis_CL1015_2022-01.docx,Devis_CL1015_2022-01.docx,.docx,36749,2026-09-16T10:22:15,2022-06-04T00:52:43,2022-06-04T00:52:43,MOD Administrator,MOD Administrator,https://m365x71797824.sharepoint.com/sites/MigrationFileServer/Clients/CL1015_Studio_Archipel/02_Devis/Devis_CL1015_2022-01.docx,01F5D2F5AF461DB9611EDB70018FE5FE
Clients,CL1015_Studio_Archipel/02_Devis/Devis_CL1015_2023-03.docx,/sites/MigrationFileServer/Clients/CL1015_Studio_Archipel/02_Devis/Devis_CL1015_2023-03.docx,Devis_CL1015_2023-03.docx,.docx,36751,2026-09-16T10:32:09,2023-07-13T02:57:37,2023-07-13T02:57:37,MOD Administrator,MOD Administrator,https://m365x71797824.sharepoint.com/sites/MigrationFileServer/Clients/CL1015_Studio_Archipel/02_Devis/Devis_CL1015_2023-03.docx,0185AF4A82FF9C2E152317CB32E90DE4
Clients,CL1015_Studio_Archipel/02_Devis/Devis_CL1015_2024-02.docx,/sites/MigrationFileServer/Clients/CL1015_Studio_Archipel/02_Devis/Devis_CL1015_2024-02.docx,Devis_CL1015_2024-02.docx,.docx,36751,2026-09-16T10:14:37,2024-07-26T05:58:46,2024-07-26T05:58:46,MOD Administrator,MOD Administrator,https://m365x71797824.sharepoint.com/sites/MigrationFileServer/Clients/CL1015_Studio_Archipel/02_Devis/Devis_CL1015_2024-02.docx,010E92CA4DC0D704FBE2F3604D523B5E
Clients,CL1015_Studio_Archipel/03_Factures/2024/Facture_CL1015_202401.pdf,/sites/MigrationFileServer/Clients/CL1015_Studio_Archipel/03_Factures/2024/Facture_CL1015_202401.pdf,Facture_CL1015_202401.pdf,.pdf,1703,2026-09-16T10:16:14,2024-01-07T10:00:00,2024-01-07T10:00:00,MOD Administrator,MOD Administrator,https://m365x71797824.sharepoint.com/sites/MigrationFileServer/Clients/CL1015_Studio_Archipel/03_Factures/2024/Facture_CL1015_202401.pdf,0195E924D81489A32F2AE161C36C3F82
Clients,CL1015_Studio_Archipel/03_Factures/2024/Facture_CL1015_202402.pdf,/sites/MigrationFileServer/Clients/CL1015_Studio_Archipel/03_Factures/2024/Facture_CL1015_202402.pdf,Facture_CL1015_202402.pdf,.pdf,1703,2026-09-16T10:58:28,2024-02-24T10:00:00,2024-02-24T10:00:00,MOD Administrator,MOD Administrator,https://m365x71797824.sharepoint.com/sites/MigrationFileServer/Clients/CL1015_Studio_Archipel/03_Factures/2024/Facture_CL1015_202402.pdf,01E36C842A40D03DEB68AFA285CA3E7E
Clients,CL1015_Studio_Archipel/03_Factures/2024/Facture_CL1015_202406.pdf,/sites/MigrationFileServer/Clients/CL1015_Studio_Archipel/03_Factures/2024/Facture_CL1015_202406.pdf,Facture_CL1015_202406.pdf,.pdf,1704,2026-09-16T10:42:42,2024-06-08T10:00:00,2024-06-08T10:00:00,MOD Administrator,MOD Administrator,https://m365x71797824.sharepoint.com/sites/MigrationFileServer/Clients/CL1015_Studio_Archipel/03_Factures/2024/Facture_CL1015_202406.pdf,01F4F985F326986A17DC376BE1391410
Clients,CL1015_Studio_Archipel/03_Factures/2024/Facture_CL1015_202407.pdf,/sites/MigrationFileServer/Clients/CL1015_Studio_Archipel/03_Factures/2024/Facture_CL1015_202407.pdf,Facture_CL1015_202407.pdf,.pdf,1703,2026-09-16T10:53:17,2024-07-22T10:00:00,2024-07-22T10:00:00,MOD Administrator,MOD Administrator,https://m365x71797824.sharepoint.com/sites/MigrationFileServer/Clients/CL1015_Studio_Archipel/03_Factures/2024/Facture_CL1015_202407.pdf,01686251E8B649C3F5F127F9C7F7BEE2
Clients,CL1015_Studio_Archipel/03_Factures/2024/Facture_CL1015_202411.pdf,/sites/MigrationFileServer/Clients/CL1015_Studio_Archipel/03_Factures/2024/Facture_CL1015_202411.pdf,Facture_CL1015_202411.pdf,.pdf,1703,2026-09-16T10:12:03,2024-11-26T10:00:00,2024-11-26T10:00:00,MOD Administrator,MOD Administrator,https://m365x71797824.sharepoint.com/sites/MigrationFileServer/Clients/CL1015_Studio_Archipel/03_Factures/2024/Facture_CL1015_202411.pdf,011AA68ACED1D14ED0EA2EC18C6F8220
Clients,CL1015_Studio_Archipel/03_Factures/2025/Facture_CL1015_202501.pdf,/sites/MigrationFileServer/Clients/CL1015_Studio_Archipel/03_Factures/2025/Facture_CL1015_202501.pdf,Facture_CL1015_202501.pdf,.pdf,1703,2026-09-16T10:07:57,2025-01-18T10:00:00,2025-01-18T10:00:00,MOD Administrator,MOD Administrator,https://m365x71797824.sharepoint.com/sites/MigrationFileServer/Clients/CL1015_Studio_Archipel/03_Factures/2025/Facture_CL1015_202501.pdf,01C0E327D049F9EA4C120E8F444A25CA
Clients,CL1015_Studio_Archipel/03_Factures/2025/Facture_CL1015_202502.pdf,/sites/MigrationFileServer/Clients/CL1015_Studio_Archipel/03_Factures/2025/Facture_CL1015_202502.pdf,Facture_CL1015_202502.pdf,.pdf,1703,2026-09-16T10:17:55,2025-02-03T10:00:00,2025-02-03T10:00:00,MOD Administrator,MOD Administrator,https://m365x71797824.sharepoint.com/sites/MigrationFileServer/Clients/CL1015_Studio_Archipel/03_Factures/2025/Facture_CL1015_202502.pdf,018785A25412C68F256B8ACE08236C56
Clients,CL1015_Studio_Archipel/03_Factures/2025/Facture_CL1015_202503.pdf,/sites/MigrationFileServer/Clients/CL1015_Studio_Archipel/03_Factures/2025/Facture_CL1015_202503.pdf,Facture_CL1015_202503.pdf,.pdf,1702,2026-09-16T10:30:54,2025-03-05T10:00:00,2025-03-05T10:00:00,MOD Administrator,MOD Administrator,https://m365x71797824.sharepoint.com/sites/MigrationFileServer/Clients/CL1015_Studio_Archipel/03_Factures/2025/Facture_CL1015_202503.pdf,01A7461765A9C32136CE9AA5FD4CDEE1
Clients,CL1015_Studio_Archipel/03_Factures/2025/Facture_CL1015_202504.pdf,/sites/MigrationFileServer/Clients/CL1015_Studio_Archipel/03_Factures/2025/Facture_CL1015_202504.pdf,Facture_CL1015_202504.pdf,.pdf,1703,2026-09-16T10:51:32,2025-04-07T10:00:00,2025-04-07T10:00:00,MOD Administrator,MOD Administrator,https://m365x71797824.sharepoint.com/sites/MigrationFileServer/Clients/CL1015_Studio_Archipel/03_Factures/2025/Facture_CL1015_202504.pdf,013E661E28723F16A41DD940D39544EA
Clients,CL1015_Studio_Archipel/03_Factures/2025/Facture_CL1015_202505.pdf,/sites/MigrationFileServer/Clients/CL1015_Studio_Archipel/03_Factures/2025/Facture_CL1015_202505.pdf,Facture_CL1015_202505.pdf,.pdf,1703,2026-09-16T10:37:42,2025-05-20T10:00:00,2025-05-20T10:00:00,MOD Administrator,MOD Administrator,https://m365x71797824.sharepoint.com/sites/MigrationFileServer/Clients/CL1015_Studio_Archipel/03_Factures/2025/Facture_CL1015_202505.pdf,01CD128BA2AE0867CA9617402A87C961
Clients,CL1015_Studio_Archipel/03_Factures/2025/Facture_CL1015_202506.pdf,/sites/MigrationFileServer/Clients/CL1015_Studio_Archipel/03_Factures/2025/Facture_CL1015_202506.pdf,Facture_CL1015_202506.pdf,.pdf,1703,2026-09-16T10:29:57,2025-06-18T10:00:00,2025-06-18T10:00:00,MOD Administrator,MOD Administrator,https://m365x71797824.sharepoint.com/sites/MigrationFileServer/Clients/CL1015_Studio_Archipel/03_Factures/2025/Facture_CL1015_202506.pdf,013153CDBD8EED6952F65E382A859B11
Clients,CL1015_Studio_Archipel/03_Factures/2025/Facture_CL1015_202507.pdf,/sites/MigrationFileServer/Clients/CL1015_Studio_Archipel/03_Factures/2025/Facture_CL1015_202507.pdf,Facture_CL1015_202507.pdf,.pdf,1700,2026-09-16T10:33:04,2025-07-10T10:00:00,2025-07-10T10:00:00,MOD Administrator,MOD Administrator,https://m365x71797824.sharepoint.com/sites/MigrationFileServer/Clients/CL1015_Studio_Archipel/03_Factures/2025/Facture_CL1015_202507.pdf,0192002A8D40DB6DD7E5C5571D97998A
Clients,CL1015_Studio_Archipel/03_Factures/2025/Facture_CL1015_202511.pdf,/sites/MigrationFileServer/Clients/CL1015_Studio_Archipel/03_Factures/2025/Facture_CL1015_202511.pdf,Facture_CL1015_202511.pdf,.pdf,1702,2026-09-16T10:30:11,2025-11-05T10:00:00,2025-11-05T10:00:00,MOD Administrator,MOD Administrator,https://m365x71797824.sharepoint.com/sites/MigrationFileServer/Clients/CL1015_Studio_Archipel/03_Factures/2025/Facture_CL1015_202511.pdf,014172C2D3F4E2D988B12D7075DC04A8
Clients,CL1015_Studio_Archipel/03_Factures/2025/Facture_CL1015_202512.pdf,/sites/MigrationFileServer/Clients/CL1015_Studio_Archipel/03_Factures/2025/Facture_CL1015_202512.pdf,Facture_CL1015_202512.pdf,.pdf,1703,2026-09-16T10:47:15,2025-12-09T10:00:00,2025-12-09T10:00:00,MOD Administrator,MOD Administrator,https://m365x71797824.sharepoint.com/sites/MigrationFileServer/Clients/CL1015_Studio_Archipel/03_Factures/2025/Facture_CL1015_202512.pdf,01861BFB4CF4D034055DC3BFCA697B88
Clients,CL1015_Studio_Archipel/03_Factures/2026/Facture_CL1015_202601.pdf,/sites/MigrationFileServer/Clients/CL1015_Studio_Archipel/03_Factures/2026/Facture_CL1015_202601.pdf,Facture_CL1015_202601.pdf,.pdf,1704,2026-09-16T10:22:43,2026-01-19T10:00:00,2026-01-19T10:00:00,MOD Administrator,MOD Administrator,https://m365x71797824.sharepoint.com/sites/MigrationFileServer/Clients/CL1015_Studio_Archipel/03_Factures/2026/Facture_CL1015_202601.pdf,01BDC48BF0B3775D5E12CBFE46D272A8
Clients,CL1015_Studio_Archipel/03_Factures/2026/Facture_CL1015_202602.pdf,/sites/MigrationFileServer/Clients/CL1015_Studio_Archipel/03_Factures/2026/Facture_CL1015_202602.pdf,Facture_CL1015_202602.pdf,.pdf,1703,2026-09-16T10:09:39,2026-02-28T10:00:00,2026-02-28T10:00:00,MOD Administrator,MOD Administrator,https://m365x71797824.sharepoint.com/sites/MigrationFileServer/Clients/CL1015_Studio_Archipel/03_Factures/2026/Facture_CL1015_202602.pdf,01AC0F579C365B8AC578C02307AEB0DA
Clients,CL1015_Studio_Archipel/03_Factures/2026/Facture_CL1015_202604.pdf,/sites/MigrationFileServer/Clients/CL1015_Studio_Archipel/03_Factures/2026/Facture_CL1015_202604.pdf,Facture_CL1015_202604.pdf,.pdf,1703,2026-09-16T10:26:51,2026-04-18T10:00:00,2026-04-18T10:00:00,MOD Administrator,MOD Administrator,https://m365x71797824.sharepoint.com/sites/MigrationFileServer/Clients/CL1015_Studio_Archipel/03_Factures/2026/Facture_CL1015_202604.pdf,0179B04F8C71E4C3A90275D401EB8D09
Clients,CL1015_Studio_Archipel/03_Factures/2026/Facture_CL1015_202605.pdf,/sites/MigrationFileServer/Clients/CL1015_Studio_Archipel/03_Factures/2026/Facture_CL1015_202605.pdf,Facture_CL1015_202605.pdf,.pdf,1703,2026-09-16T10:27:43,2026-05-16T10:00:00,2026-05-16T10:00:00,MOD Administrator,MOD Administrator,https://m365x71797824.sharepoint.com/sites/MigrationFileServer/Clients/CL1015_Studio_Archipel/03_Factures/2026/Facture_CL1015_202605.pdf,01A5C3B777F4BAD5B8B589130DC2C286
Clients,CL1015_Studio_Archipel/04_Correspondance/Echange_01.eml.txt,/sites/MigrationFileServer/Clients/CL1015_Studio_Archipel/04_Correspondance/Echange_01.eml.txt,Echange_01.eml.txt,.txt,106,2026-09-16T10:17:29,2019-05-13T04:53:21,2019-05-13T04:53:21,MOD Administrator,MOD Administrator,https://m365x71797824.sharepoint.com/sites/MigrationFileServer/Clients/CL1015_Studio_Archipel/04_Correspondance/Echange_01.eml.txt,01F8A22EE9C9230828530303C9F55F81
Clients,CL1015_Studio_Archipel/05_Projets/Deploiement_Teams/Compte_rendu_COPIL.docx,/sites/MigrationFileServer/Clients/CL1015_Studio_Archipel/05_Projets/Deploiement_Teams/Compte_rendu_COPIL.docx,Compte_rendu_COPIL.docx,.docx,36732,2026-09-16T10:20:27,2023-12-15T04:13:32,2023-12-15T04:13:32,MOD Administrator,MOD Administrator,https://m365x71797824.sharepoint.com/sites/MigrationFileServer/Clients/CL1015_Studio_Archipel/05_Projets/Deploiement_Teams/Compte_rendu_COPIL.docx,013507E167F8911F31F539458216C574
Clients,CL1015_Studio_Archipel/05_Projets/Deploiement_Teams/Planning_Deploiement_Teams.xlsx,/sites/MigrationFileServer/Clients/CL1015_Studio_Archipel/05_Projets/Deploiement_Teams/Planning_Deploiement_Teams.xlsx,Planning_Deploiement_Teams.xlsx,.xlsx,5136,2026-09-16T10:40:26,2023-11-21T03:30:25,2023-11-21T03:30:25,MOD Administrator,MOD Administrator,https://m365x71797824.sharepoint.com/sites/MigrationFileServer/Clients/CL1015_Studio_Archipel/05_Projets/Deploiement_Teams/Planning_Deploiement_Teams.xlsx,01E66C5C7F22492B31F62AD54E66AB1F
Clients,CL1015_Studio_Archipel/05_Projets/Deploiement_Teams/Presentation_lancement_Deploiement_Teams.pptx,/sites/MigrationFileServer/Clients/CL1015_Studio_Archipel/05_Projets/Deploiement_Teams/Presentation_lancement_Deploiement_Teams.pptx,Presentation_lancement_Deploiement_Teams.pptx,.pptx,29173,2026-09-16T10:53:14,2023-10-20T03:31:11,2023-10-20T03:31:11,MOD Administrator,MOD Administrator,https://m365x71797824.sharepoint.com/sites/MigrationFileServer/Clients/CL1015_Studio_Archipel/05_Projets/Deploiement_Teams/Presentation_lancement_Deploiement_Teams.pptx,015C13E123B54DD1BCBC3A7FA35EED23
Clients,CL1015_Studio_Archipel/05_Projets/Migration_ERP/Compte_rendu_COPIL.docx,/sites/MigrationFileServer/Clients/CL1015_Studio_Archipel/05_Projets/Migration_ERP/Compte_rendu_COPIL.docx,Compte_rendu_COPIL.docx,.docx,36731,2026-09-16T10:30:42,2024-01-07T01:56:38,2024-01-07T01:56:38,MOD Administrator,MOD Administrator,https://m365x71797824.sharepoint.com/sites/MigrationFileServer/Clients/CL1015_Studio_Archipel/05_Projets/Migration_ERP/Compte_rendu_COPIL.docx,0120A807D35D6A8DD8C4524D897E8D21
Clients,CL1015_Studio_Archipel/05_Projets/Migration_ERP/Planning_Migration_ERP.xlsx,/sites/MigrationFileServer/Clients/CL1015_Studio_Archipel/05_Projets/Migration_ERP/Planning_Migration_ERP.xlsx,Planning_Migration_ERP.xlsx,.xlsx,5131,2026-09-16T10:20:40,2024-03-10T15:42:18,2024-03-10T15:42:18,MOD Administrator,MOD Administrator,https://m365x71797824.sharepoint.com/sites/MigrationFileServer/Clients/CL1015_Studio_Archipel/05_Projets/Migration_ERP/Planning_Migration_ERP.xlsx,011CF3EC8B441A6ADFE1009550370683
Clients,CL1015_Studio_Archipel/05_Projets/Migration_ERP/Presentation_lancement_Migration_ERP.pptx,/sites/MigrationFileServer/Clients/CL1015_Studio_Archipel/05_Projets/Migration_ERP/Presentation_lancement_Migration_ERP.pptx,Presentation_lancement_Migration_ERP.pptx,.pptx,29176,2026-09-16T10:08:32,2024-01-19T01:59:20,2024-01-19T01:59:20,MOD Administrator,MOD Administrator,https://m365x71797824.sharepoint.com/sites/MigrationFileServer/Clients/CL1015_Studio_Archipel/05_Projets/Migration_ERP/Presentation_lancement_Migration_ERP.pptx,019DB1074167F8C107E272A5ED22D0A1
Clients,CL1016_Coopérative_Agricole_Val_dOise/01_Contrats/Contrat_cadre_CL1016_2023.docx,/sites/MigrationFileServer/Clients/CL1016_Coopérative_Agricole_Val_dOise/01_Contrats/Contrat_cadre_CL1016_2023.docx,Contrat_cadre_CL1016_2023.docx,.docx,36792,2026-09-16T10:32:41,2023-10-15T06:55:29,2023-10-15T06:55:29,MOD Administrator,MOD Administrator,https://m365x71797824.sharepoint.com/sites/MigrationFileServer/Clients/CL1016_Coopérative_Agricole_Val_dOise/01_Contrats/Contrat_cadre_CL1016_2023.docx,017441505B951512347835E31613EA4B
Clients,CL1016_Coopérative_Agricole_Val_dOise/01_Contrats/Contrat_cadre_CL1016_2023_signe.pdf,/sites/MigrationFileServer/Clients/CL1016_Coopérative_Agricole_Val_dOise/01_Contrats/Contrat_cadre_CL1016_2023_signe.pdf,Contrat_cadre_CL1016_2023_signe.pdf,.pdf,1664,2026-09-16T10:27:36,2023-10-09T05:41:37,2023-10-09T05:41:37,MOD Administrator,MOD Administrator,https://m365x71797824.sharepoint.com/sites/MigrationFileServer/Clients/CL1016_Coopérative_Agricole_Val_dOise/01_Contrats/Contrat_cadre_CL1016_2023_signe.pdf,01B455E37C5858B9F05B0DE8A88AFD1E
Clients,CL1016_Coopérative_Agricole_Val_dOise/02_Devis/Devis_CL1016_2023-01.docx,/sites/MigrationFileServer/Clients/CL1016_Coopérative_Agricole_Val_dOise/02_Devis/Devis_CL1016_2023-01.docx,Devis_CL1016_2023-01.docx,.docx,36746,2026-09-16T10:54:27,2023-11-22T17:00:51,2023-11-22T17:00:51,MOD Administrator,MOD Administrator,https://m365x71797824.sharepoint.com/sites/MigrationFileServer/Clients/CL1016_Coopérative_Agricole_Val_dOise/02_Devis/Devis_CL1016_2023-01.docx,017B50F775CFB5D95A2CE83EE45082BA
Clients,CL1016_Coopérative_Agricole_Val_dOise/02_Devis/Devis_CL1016_2026-02.docx,/sites/MigrationFileServer/Clients/CL1016_Coopérative_Agricole_Val_dOise/02_Devis/Devis_CL1016_2026-02.docx,Devis_CL1016_2026-02.docx,.docx,36750,2026-09-16T10:50:01,2026-04-17T03:35:33,2026-04-17T03:35:33,MOD Administrator,MOD Administrator,https://m365x71797824.sharepoint.com/sites/MigrationFileServer/Clients/CL1016_Coopérative_Agricole_Val_dOise/02_Devis/Devis_CL1016_2026-02.docx,0129333DE1C7F213A4AD0BE67DAD2BCD
Clients,CL1016_Coopérative_Agricole_Val_dOise/02_Devis/Devis_CL1016_2026-03.docx,/sites/MigrationFileServer/Clients/CL1016_Coopérative_Agricole_Val_dOise/02_Devis/Devis_CL1016_2026-03.docx,Devis_CL1016_2026-03.docx,.docx,36748,2026-09-16T10:31:23,2026-05-26T19:13:59,2026-05-26T19:13:59,MOD Administrator,MOD Administrator,https://m365x71797824.sharepoint.com/sites/MigrationFileServer/Clients/CL1016_Coopérative_Agricole_Val_dOise/02_Devis/Devis_CL1016_2026-03.docx,01C44B915DA11D9E1EF66531D61DFD0B
Clients,CL1016_Coopérative_Agricole_Val_dOise/03_Factures/2024/Facture_CL1016_202402.pdf,/sites/MigrationFileServer/Clients/CL1016_Coopérative_Agricole_Val_dOise/03_Factures/2024/Facture_CL1016_202402.pdf,Facture_CL1016_202402.pdf,.pdf,1720,2026-09-16T10:24:53,2024-02-10T10:00:00,2024-02-10T10:00:00,MOD Administrator,MOD Administrator,https://m365x71797824.sharepoint.com/sites/MigrationFileServer/Clients/CL1016_Coopérative_Agricole_Val_dOise/03_Factures/2024/Facture_CL1016_202402.pdf,01A2744697343ABC7BA45FCA878CDC00
Clients,CL1016_Coopérative_Agricole_Val_dOise/03_Factures/2024/Facture_CL1016_202403.pdf,/sites/MigrationFileServer/Clients/CL1016_Coopérative_Agricole_Val_dOise/03_Factures/2024/Facture_CL1016_202403.pdf,Facture_CL1016_202403.pdf,.pdf,1722,2026-09-16T10:21:45,2024-03-13T10:00:00,2024-03-13T10:00:00,MOD Administrator,MOD Administrator,https://m365x71797824.sharepoint.com/sites/MigrationFileServer/Clients/CL1016_Coopérative_Agricole_Val_dOise/03_Factures/2024/Facture_CL1016_202403.pdf,013240E98FC4DA54F5F760E2279798AE
Clients,CL1016_Coopérative_Agricole_Val_dOise/03_Factures/2024/Facture_CL1016_202404.pdf,/sites/MigrationFileServer/Clients/CL1016_Coopérative_Agricole_Val_dOise/03_Factures/2024/Facture_CL1016_202404.pdf,Facture_CL1016_202404.pdf,.pdf,1723,2026-09-16T10:29:49,2024-04-12T10:00:00,2024-04-12T10:00:00,MOD Administrator,MOD Administrator,https://m365x71797824.sharepoint.com/sites/MigrationFileServer/Clients/CL1016_Coopérative_Agricole_Val_dOise/03_Factures/2024/Facture_CL1016_202404.pdf,014179D57BA612BDF44D0440F3D9AC1A
Clients,CL1016_Coopérative_Agricole_Val_dOise/03_Factures/2024/Facture_CL1016_202406.pdf,/sites/MigrationFileServer/Clients/CL1016_Coopérative_Agricole_Val_dOise/03_Factures/2024/Facture_CL1016_202406.pdf,Facture_CL1016_202406.pdf,.pdf,1723,2026-09-16T10:16:52,2024-06-04T10:00:00,2024-06-04T10:00:00,MOD Administrator,MOD Administrator,https://m365x71797824.sharepoint.com/sites/MigrationFileServer/Clients/CL1016_Coopérative_Agricole_Val_dOise/03_Factures/2024/Facture_CL1016_202406.pdf,01D982E22A7475D2EE99E36704109235
Clients,CL1016_Coopérative_Agricole_Val_dOise/03_Factures/2024/Facture_CL1016_202407.pdf,/sites/MigrationFileServer/Clients/CL1016_Coopérative_Agricole_Val_dOise/03_Factures/2024/Facture_CL1016_202407.pdf,Facture_CL1016_202407.pdf,.pdf,1722,2026-09-16T10:48:56,2024-07-17T10:00:00,2024-07-17T10:00:00,MOD Administrator,MOD Administrator,https://m365x71797824.sharepoint.com/sites/MigrationFileServer/Clients/CL1016_Coopérative_Agricole_Val_dOise/03_Factures/2024/Facture_CL1016_202407.pdf,0132C4E2600BAE7C7A96BBFCB8C44BE7
Clients,CL1016_Coopérative_Agricole_Val_dOise/03_Factures/2024/Facture_CL1016_202408.pdf,/sites/MigrationFileServer/Clients/CL1016_Coopérative_Agricole_Val_dOise/03_Factures/2024/Facture_CL1016_202408.pdf,Facture_CL1016_202408.pdf,.pdf,1723,2026-09-16T10:06:38,2024-08-20T10:00:00,2024-08-20T10:00:00,MOD Administrator,MOD Administrator,https://m365x71797824.sharepoint.com/sites/MigrationFileServer/Clients/CL1016_Coopérative_Agricole_Val_dOise/03_Factures/2024/Facture_CL1016_202408.pdf,018F87425FB9C25AFB6989B3AC88EC02
Clients,CL1016_Coopérative_Agricole_Val_dOise/03_Factures/2024/Facture_CL1016_202410.pdf,/sites/MigrationFileServer/Clients/CL1016_Coopérative_Agricole_Val_dOise/03_Factures/2024/Facture_CL1016_202410.pdf,Facture_CL1016_202410.pdf,.pdf,1723,2026-09-16T10:23:01,2024-10-25T10:00:00,2024-10-25T10:00:00,MOD Administrator,MOD Administrator,https://m365x71797824.sharepoint.com/sites/MigrationFileServer/Clients/CL1016_Coopérative_Agricole_Val_dOise/03_Factures/2024/Facture_CL1016_202410.pdf,01D64B960D01374711CC63BBB911EEDE
Clients,CL1016_Coopérative_Agricole_Val_dOise/03_Factures/2025/Facture_CL1016_202502.pdf,/sites/MigrationFileServer/Clients/CL1016_Coopérative_Agricole_Val_dOise/03_Factures/2025/Facture_CL1016_202502.pdf,Facture_CL1016_202502.pdf,.pdf,1722,2026-09-16T10:17:05,2025-02-05T10:00:00,2025-02-05T10:00:00,MOD Administrator,MOD Administrator,https://m365x71797824.sharepoint.com/sites/MigrationFileServer/Clients/CL1016_Coopérative_Agricole_Val_dOise/03_Factures/2025/Facture_CL1016_202502.pdf,012C7029800101EB4D3FB941D2B22599
Clients,CL1016_Coopérative_Agricole_Val_dOise/03_Factures/2025/Facture_CL1016_202503.pdf,/sites/MigrationFileServer/Clients/CL1016_Coopérative_Agricole_Val_dOise/03_Factures/2025/Facture_CL1016_202503.pdf,Facture_CL1016_202503.pdf,.pdf,1723,2026-09-16T10:20:11,2025-03-14T10:00:00,2025-03-14T10:00:00,MOD Administrator,MOD Administrator,https://m365x71797824.sharepoint.com/sites/MigrationFileServer/Clients/CL1016_Coopérative_Agricole_Val_dOise/03_Factures/2025/Facture_CL1016_202503.pdf,01C9093A1FB60A9EFFE68E908943DFCC
Clients,CL1016_Coopérative_Agricole_Val_dOise/03_Factures/2025/Facture_CL1016_202504.pdf,/sites/MigrationFileServer/Clients/CL1016_Coopérative_Agricole_Val_dOise/03_Factures/2025/Facture_CL1016_202504.pdf,Facture_CL1016_202504.pdf,.pdf,1722,2026-09-16T10:21:01,2025-04-09T10:00:00,2025-04-09T10:00:00,MOD Administrator,MOD Administrator,https://m365x71797824.sharepoint.com/sites/MigrationFileServer/Clients/CL1016_Coopérative_Agricole_Val_dOise/03_Factures/2025/Facture_CL1016_202504.pdf,01EF4277FB151CF2B41D3E06EA06210E
Clients,CL1016_Coopérative_Agricole_Val_dOise/03_Factures/2025/Facture_CL1016_202507.pdf,/sites/MigrationFileServer/Clients/CL1016_Coopérative_Agricole_Val_dOise/03_Factures/2025/Facture_CL1016_202507.pdf,Facture_CL1016_202507.pdf,.pdf,1722,2026-09-16T10:11:12,2025-07-10T10:00:00,2025-07-10T10:00:00,MOD Administrator,MOD Administrator,https://m365x71797824.sharepoint.com/sites/MigrationFileServer/Clients/CL1016_Coopérative_Agricole_Val_dOise/03_Factures/2025/Facture_CL1016_202507.pdf,0112C6FC9555D9F3EC78496FE4260BB7
Clients,CL1016_Coopérative_Agricole_Val_dOise/03_Factures/2025/Facture_CL1016_202508.pdf,/sites/MigrationFileServer/Clients/CL1016_Coopérative_Agricole_Val_dOise/03_Factures/2025/Facture_CL1016_202508.pdf,Facture_CL1016_202508.pdf,.pdf,1723,2026-09-16T10:39:22,2025-08-26T10:00:00,2025-08-26T10:00:00,MOD Administrator,MOD Administrator,https://m365x71797824.sharepoint.com/sites/MigrationFileServer/Clients/CL1016_Coopérative_Agricole_Val_dOise/03_Factures/2025/Facture_CL1016_202508.pdf,01BF5D99046AD9DBA34AB1673451F5F5
Clients,CL1016_Coopérative_Agricole_Val_dOise/03_Factures/2025/Facture_CL1016_202509.pdf,/sites/MigrationFileServer/Clients/CL1016_Coopérative_Agricole_Val_dOise/03_Factures/2025/Facture_CL1016_202509.pdf,Facture_CL1016_202509.pdf,.pdf,1723,2026-09-16T10:36:55,2025-09-28T10:00:00,2025-09-28T10:00:00,MOD Administrator,MOD Administrator,https://m365x71797824.sharepoint.com/sites/MigrationFileServer/Clients/CL1016_Coopérative_Agricole_Val_dOise/03_Factures/2025/Facture_CL1016_202509.pdf,01ED5E6E9C0E1331C9554076BB422E27
Clients,CL1016_Coopérative_Agricole_Val_dOise/03_Factures/2025/Facture_CL1016_202510.pdf,/sites/MigrationFileServer/Clients/CL1016_Coopérative_Agricole_Val_dOise/03_Factures/2025/Facture_CL1016_202510.pdf,Facture_CL1016_202510.pdf,.pdf,1723,2026-09-16T10:11:16,2025-10-23T10:00:00,2025-10-23T10:00:00,MOD Administrator,MOD Administrator,https://m365x71797824.sharepoint.com/sites/MigrationFileServer/Clients/CL1016_Coopérative_Agricole_Val_dOise/03_Factures/2025/Facture_CL1016_202510.pdf,01103B24EE1765B1D543FB8DA52996F4
Clients,CL1016_Coopérative_Agricole_Val_dOise/03_Factures/2025/Facture_CL1016_202511.pdf,/sites/MigrationFileServer/Clients/CL1016_Coopérative_Agricole_Val_dOise/03_Factures/2025/Facture_CL1016_202511.pdf,Facture_CL1016_202511.pdf,.pdf,1723,2026-09-16T10:45:03,2025-11-11T10:00:00,2025-11-11T10:00:00,MOD Administrator,MOD Administrator,https://m365x71797824.sharepoint.com/sites/MigrationFileServer/Clients/CL1016_Coopérative_Agricole_Val_dOise/03_Factures/2025/Facture_CL1016_202511.pdf,0121BB5A464350B833F93B3D89B25628
Clients,CL1016_Coopérative_Agricole_Val_dOise/03_Factures/2026/Facture_CL1016_202603.pdf,/sites/MigrationFileServer/Clients/CL1016_Coopérative_Agricole_Val_dOise/03_Factures/2026/Facture_CL1016_202603.pdf,Facture_CL1016_202603.pdf,.pdf,1722,2026-09-16T10:56:55,2026-03-26T10:00:00,2026-03-26T10:00:00,MOD Administrator,MOD Administrator,https://m365x71797824.sharepoint.com/sites/MigrationFileServer/Clients/CL1016_Coopérative_Agricole_Val_dOise/03_Factures/2026/Facture_CL1016_202603.pdf,01807350AD57798EBC54229E4FBA90C4
Clients,CL1016_Coopérative_Agricole_Val_dOise/03_Factures/2026/Facture_CL1016_202605.pdf,/sites/MigrationFileServer/Clients/CL1016_Coopérative_Agricole_Val_dOise/03_Factures/2026/Facture_CL1016_202605.pdf,Facture_CL1016_202605.pdf,.pdf,1724,2026-09-16T10:37:09,2026-05-06T10:00:00,2026-05-06T10:00:00,MOD Administrator,MOD Administrator,https://m365x71797824.sharepoint.com/sites/MigrationFileServer/Clients/CL1016_Coopérative_Agricole_Val_dOise/03_Factures/2026/Facture_CL1016_202605.pdf,01FD547B37EDD102439AECCDD3303A8D
Clients,CL1016_Coopérative_Agricole_Val_dOise/03_Factures/2026/Facture_CL1016_202606.pdf,/sites/MigrationFileServer/Clients/CL1016_Coopérative_Agricole_Val_dOise/03_Factures/2026/Facture_CL1016_202606.pdf,Facture_CL1016_202606.pdf,.pdf,1723,2026-09-16T10:41:51,2026-06-23T10:00:00,2026-06-23T10:00:00,MOD Administrator,MOD Administrator,https://m365x71797824.sharepoint.com/sites/MigrationFileServer/Clients/CL1016_Coopérative_Agricole_Val_dOise/03_Factures/2026/Facture_CL1016_202606.pdf,01D6C47259276763C3C053585A0D1EBC
Clients,CL1016_Coopérative_Agricole_Val_dOise/03_Factures/2026/Facture_CL1016_202608.pdf,/sites/MigrationFileServer/Clients/CL1016_Coopérative_Agricole_Val_dOise/03_Factures/2026/Facture_CL1016_202608.pdf,Facture_CL1016_202608.pdf,.pdf,1724,2026-09-16T10:50:27,2026-08-26T10:00:00,2026-08-26T10:00:00,MOD Administrator,MOD Administrator,https://m365x71797824.sharepoint.com/sites/MigrationFileServer/Clients/CL1016_Coopérative_Agricole_Val_dOise/03_Factures/2026/Facture_CL1016_202608.pdf,010441A7ECB78E013A4B8E8D26629EB4
Clients,CL1016_Coopérative_Agricole_Val_dOise/04_Correspondance/Echange_01.eml.txt,/sites/MigrationFileServer/Clients/CL1016_Coopérative_Agricole_Val_dOise/04_Correspondance/Echange_01.eml.txt,Echange_01.eml.txt,.txt,106,2026-09-16T10:20:19,2021-01-21T22:24:22,2021-01-21T22:24:22,MOD Administrator,MOD Administrator,https://m365x71797824.sharepoint.com/sites/MigrationFileServer/Clients/CL1016_Coopérative_Agricole_Val_dOise/04_Correspondance/Echange_01.eml.txt,0178F2AA63CD4F7E3F1278C565CC1222
Clients,CL1016_Coopérative_Agricole_Val_dOise/04_Correspondance/Echange_02.eml.txt,/sites/MigrationFileServer/Clients/CL1016_Coopérative_Agricole_Val_dOise/04_Correspondance/Echange_02.eml.txt,Echange_02.eml.txt,.txt,106,2026-09-16T10:12:04,2025-01-31T03:53:26,2025-01-31T03:53:26,MOD Administrator,MOD Administrator,https://m365x71797824.sharepoint.com/sites/MigrationFileServer/Clients/CL1016_Coopérative_Agricole_Val_dOise/04_Correspondance/Echange_02.eml.txt,01CB3D0C0230F8CB0126F9D8B2961243
Clients,CL1016_Coopérative_Agricole_Val_dOise/05_Projets/Deploiement_Teams/Compte_rendu_COPIL.docx,/sites/MigrationFileServer/Clients/CL1016_Coopérative_Agricole_Val_dOise/05_Projets/Deploiement_Teams/Compte_rendu_COPIL.docx,Compte_rendu_COPIL.docx,.docx,36731,2026-09-16T10:51:28,2025-09-30T11:42:19,2025-09-30T11:42:19,MOD Administrator,MOD Administrator,https://m365x71797824.sharepoint.com/sites/MigrationFileServer/Clients/CL1016_Coopérative_Agricole_Val_dOise/05_Projets/Deploiement_Teams/Compte_rendu_COPIL.docx,01D08CC312CA90A86077EB6BC9CDD3B8
Clients,CL1016_Coopérative_Agricole_Val_dOise/05_Projets/Deploiement_Teams/Planning_Deploiement_Teams.xlsx,/sites/MigrationFileServer/Clients/CL1016_Coopérative_Agricole_Val_dOise/05_Projets/Deploiement_Teams/Planning_Deploiement_Teams.xlsx,Planning_Deploiement_Teams.xlsx,.xlsx,5133,2026-09-16T10:20:39,2025-07-31T03:08:26,2025-07-31T03:08:26,MOD Administrator,MOD Administrator,https://m365x71797824.sharepoint.com/sites/MigrationFileServer/Clients/CL1016_Coopérative_Agricole_Val_dOise/05_Projets/Deploiement_Teams/Planning_Deploiement_Teams.xlsx,0178CDDA2DA9D82D46D329ACEF17E3FB
Clients,CL1016_Coopérative_Agricole_Val_dOise/05_Projets/Deploiement_Teams/Presentation_lancement_Deploiement_Teams.pptx,/sites/MigrationFileServer/Clients/CL1016_Coopérative_Agricole_Val_dOise/05_Projets/Deploiement_Teams/Presentation_lancement_Deploiement_Teams.pptx,Presentation_lancement_Deploiement_Teams.pptx,.pptx,29175,2026-09-16T10:42:27,2025-08-21T05:08:50,2025-08-21T05:08:50,MOD Administrator,MOD Administrator,https://m365x71797824.sharepoint.com/sites/MigrationFileServer/Clients/CL1016_Coopérative_Agricole_Val_dOise/05_Projets/Deploiement_Teams/Presentation_lancement_Deploiement_Teams.pptx,01EEFFC46731564739035DB00F23619D
Clients,CL1016_Coopérative_Agricole_Val_dOise/05_Projets/Refonte_site_web/Compte_rendu_COPIL.docx,/sites/MigrationFileServer/Clients/CL1016_Coopérative_Agricole_Val_dOise/05_Projets/Refonte_site_web/Compte_rendu_COPIL.docx,Compte_rendu_COPIL.docx,.docx,36731,2026-09-16T10:43:13,2026-06-05T04:42:26,2026-06-05T04:42:26,MOD Administrator,MOD Administrator,https://m365x71797824.sharepoint.com/sites/MigrationFileServer/Clients/CL1016_Coopérative_Agricole_Val_dOise/05_Projets/Refonte_site_web/Compte_rendu_COPIL.docx,0175129123A24B3F4DD70695D81B9F0C
Clients,CL1016_Coopérative_Agricole_Val_dOise/05_Projets/Refonte_site_web/Planning_Refonte_site_web.xlsx,/sites/MigrationFileServer/Clients/CL1016_Coopérative_Agricole_Val_dOise/05_Projets/Refonte_site_web/Planning_Refonte_site_web.xlsx,Planning_Refonte_site_web.xlsx,.xlsx,5138,2026-09-16T10:21:48,2026-08-07T17:35:36,2026-08-07T17:35:36,MOD Administrator,MOD Administrator,https://m365x71797824.sharepoint.com/sites/MigrationFileServer/Clients/CL1016_Coopérative_Agricole_Val_dOise/05_Projets/Refonte_site_web/Planning_Refonte_site_web.xlsx,018597B6456C68F0CD80556352422F35
Clients,CL1016_Coopérative_Agricole_Val_dOise/05_Projets/Refonte_site_web/Presentation_lancement_Refonte_site_web.pptx,/sites/MigrationFileServer/Clients/CL1016_Coopérative_Agricole_Val_dOise/05_Projets/Refonte_site_web/Presentation_lancement_Refonte_site_web.pptx,Presentation_lancement_Refonte_site_web.pptx,.pptx,29177,2026-09-16T10:40:21,2026-02-03T00:05:20,2026-02-03T00:05:20,MOD Administrator,MOD Administrator,https://m365x71797824.sharepoint.com/sites/MigrationFileServer/Clients/CL1016_Coopérative_Agricole_Val_dOise/05_Projets/Refonte_site_web/Presentation_lancement_Refonte_site_web.pptx,013A91EB8407E95F590E9CE681B97424
Clients,CL1017_Mutuelle_Solidaris_Ouest/01_Contrats/Contrat_cadre_CL1017_2023.docx,/sites/MigrationFileServer/Clients/CL1017_Mutuelle_Solidaris_Ouest/01_Contrats/Contrat_cadre_CL1017_2023.docx,Contrat_cadre_CL1017_2023.docx,.docx,36788,2026-09-16T10:52:01,2023-06-17T04:08:11,2023-06-17T04:08:11,MOD Administrator,MOD Administrator,https://m365x71797824.sharepoint.com/sites/MigrationFileServer/Clients/CL1017_Mutuelle_Solidaris_Ouest/01_Contrats/Contrat_cadre_CL1017_2023.docx,01362283DE4A724048834666FA389216
Clients,CL1017_Mutuelle_Solidaris_Ouest/01_Contrats/Contrat_cadre_CL1017_2023_signe.pdf,/sites/MigrationFileServer/Clients/CL1017_Mutuelle_Solidaris_Ouest/01_Contrats/Contrat_cadre_CL1017_2023_signe.pdf,Contrat_cadre_CL1017_2023_signe.pdf,.pdf,1660,2026-09-16T10:46:45,2023-04-11T11:36:59,2023-04-11T11:36:59,MOD Administrator,MOD Administrator,https://m365x71797824.sharepoint.com/sites/MigrationFileServer/Clients/CL1017_Mutuelle_Solidaris_Ouest/01_Contrats/Contrat_cadre_CL1017_2023_signe.pdf,01313CF5A09D5E47F974491AE2B0F304
Clients,CL1017_Mutuelle_Solidaris_Ouest/02_Devis/Devis_CL1017_2023-03.docx,/sites/MigrationFileServer/Clients/CL1017_Mutuelle_Solidaris_Ouest/02_Devis/Devis_CL1017_2023-03.docx,Devis_CL1017_2023-03.docx,.docx,36745,2026-09-16T10:17:13,2023-10-11T13:29:52,2023-10-11T13:29:52,MOD Administrator,MOD Administrator,https://m365x71797824.sharepoint.com/sites/MigrationFileServer/Clients/CL1017_Mutuelle_Solidaris_Ouest/02_Devis/Devis_CL1017_2023-03.docx,01A99AAD0EFECEA55B4FA6AF2EFC7AC2
Clients,CL1017_Mutuelle_Solidaris_Ouest/02_Devis/Devis_CL1017_2024-01.docx,/sites/MigrationFileServer/Clients/CL1017_Mutuelle_Solidaris_Ouest/02_Devis/Devis_CL1017_2024-01.docx,Devis_CL1017_2024-01.docx,.docx,36747,2026-09-16T10:22:08,2024-06-28T20:03:42,2024-06-28T20:03:42,MOD Administrator,MOD Administrator,https://m365x71797824.sharepoint.com/sites/MigrationFileServer/Clients/CL1017_Mutuelle_Solidaris_Ouest/02_Devis/Devis_CL1017_2024-01.docx,0176828AAE39EF8ACE0FE090D32847D3
Clients,CL1017_Mutuelle_Solidaris_Ouest/02_Devis/Devis_CL1017_2024-02.docx,/sites/MigrationFileServer/Clients/CL1017_Mutuelle_Solidaris_Ouest/02_Devis/Devis_CL1017_2024-02.docx,Devis_CL1017_2024-02.docx,.docx,36750,2026-09-16T10:55:21,2024-07-06T11:45:09,2024-07-06T11:45:09,MOD Administrator,MOD Administrator,https://m365x71797824.sharepoint.com/sites/MigrationFileServer/Clients/CL1017_Mutuelle_Solidaris_Ouest/02_Devis/Devis_CL1017_2024-02.docx,01AE6329E4B75E1EDEB43FD19CD3B5B6
Clients,CL1017_Mutuelle_Solidaris_Ouest/02_Devis/Devis_CL1017_2025-04.docx,/sites/MigrationFileServer/Clients/CL1017_Mutuelle_Solidaris_Ouest/02_Devis/Devis_CL1017_2025-04.docx,Devis_CL1017_2025-04.docx,.docx,36748,2026-09-16T10:50:50,2025-07-22T09:08:32,2025-07-22T09:08:32,MOD Administrator,MOD Administrator,https://m365x71797824.sharepoint.com/sites/MigrationFileServer/Clients/CL1017_Mutuelle_Solidaris_Ouest/02_Devis/Devis_CL1017_2025-04.docx,0150C1A9CA658236A44F471EEECE191E
Clients,CL1017_Mutuelle_Solidaris_Ouest/03_Factures/2024/Facture_CL1017_202401.pdf,/sites/MigrationFileServer/Clients/CL1017_Mutuelle_Solidaris_Ouest/03_Factures/2024/Facture_CL1017_202401.pdf,Facture_CL1017_202401.pdf,.pdf,1712,2026-09-16T10:39:46,2024-01-15T10:00:00,2024-01-15T10:00:00,MOD Administrator,MOD Administrator,https://m365x71797824.sharepoint.com/sites/MigrationFileServer/Clients/CL1017_Mutuelle_Solidaris_Ouest/03_Factures/2024/Facture_CL1017_202401.pdf,019BF5555EC64E0A8D0E3F819A4E6F11
Clients,CL1017_Mutuelle_Solidaris_Ouest/03_Factures/2024/Facture_CL1017_202402.pdf,/sites/MigrationFileServer/Clients/CL1017_Mutuelle_Solidaris_Ouest/03_Factures/2024/Facture_CL1017_202402.pdf,Facture_CL1017_202402.pdf,.pdf,1710,2026-09-16T10:26:05,2024-02-01T10:00:00,2024-02-01T10:00:00,MOD Administrator,MOD Administrator,https://m365x71797824.sharepoint.com/sites/MigrationFileServer/Clients/CL1017_Mutuelle_Solidaris_Ouest/03_Factures/2024/Facture_CL1017_202402.pdf,018384914E533531320C9034A84B2050
Clients,CL1017_Mutuelle_Solidaris_Ouest/03_Factures/2024/Facture_CL1017_202403.pdf,/sites/MigrationFileServer/Clients/CL1017_Mutuelle_Solidaris_Ouest/03_Factures/2024/Facture_CL1017_202403.pdf,Facture_CL1017_202403.pdf,.pdf,1710,2026-09-16T10:21:09,2024-03-24T10:00:00,2024-03-24T10:00:00,MOD Administrator,MOD Administrator,https://m365x71797824.sharepoint.com/sites/MigrationFileServer/Clients/CL1017_Mutuelle_Solidaris_Ouest/03_Factures/2024/Facture_CL1017_202403.pdf,01E09578B7A122DAB6EE81A7092CDF5E
Clients,CL1017_Mutuelle_Solidaris_Ouest/03_Factures/2024/Facture_CL1017_202405.pdf,/sites/MigrationFileServer/Clients/CL1017_Mutuelle_Solidaris_Ouest/03_Factures/2024/Facture_CL1017_202405.pdf,Facture_CL1017_202405.pdf,.pdf,1713,2026-09-16T10:21:29,2024-05-15T10:00:00,2024-05-15T10:00:00,MOD Administrator,MOD Administrator,https://m365x71797824.sharepoint.com/sites/MigrationFileServer/Clients/CL1017_Mutuelle_Solidaris_Ouest/03_Factures/2024/Facture_CL1017_202405.pdf,011E9D1D685211871B329CFB1207BCF8
Clients,CL1017_Mutuelle_Solidaris_Ouest/03_Factures/2024/Facture_CL1017_202407.pdf,/sites/MigrationFileServer/Clients/CL1017_Mutuelle_Solidaris_Ouest/03_Factures/2024/Facture_CL1017_202407.pdf,Facture_CL1017_202407.pdf,.pdf,1710,2026-09-16T10:56:32,2024-07-13T10:00:00,2024-07-13T10:00:00,MOD Administrator,MOD Administrator,https://m365x71797824.sharepoint.com/sites/MigrationFileServer/Clients/CL1017_Mutuelle_Solidaris_Ouest/03_Factures/2024/Facture_CL1017_202407.pdf,015CE2FEEEDEB24FBD85738AE6B7E6AA
Clients,CL1017_Mutuelle_Solidaris_Ouest/03_Factures/2024/Facture_CL1017_202409.pdf,/sites/MigrationFileServer/Clients/CL1017_Mutuelle_Solidaris_Ouest/03_Factures/2024/Facture_CL1017_202409.pdf,Facture_CL1017_202409.pdf,.pdf,1709,2026-09-16T10:49:45,2024-09-01T10:00:00,2024-09-01T10:00:00,MOD Administrator,MOD Administrator,https://m365x71797824.sharepoint.com/sites/MigrationFileServer/Clients/CL1017_Mutuelle_Solidaris_Ouest/03_Factures/2024/Facture_CL1017_202409.pdf,01C68273EB4F8E94A7877DB15379F909
Clients,CL1017_Mutuelle_Solidaris_Ouest/03_Factures/2024/Facture_CL1017_202410.pdf,/sites/MigrationFileServer/Clients/CL1017_Mutuelle_Solidaris_Ouest/03_Factures/2024/Facture_CL1017_202410.pdf,Facture_CL1017_202410.pdf,.pdf,1709,2026-09-16T10:10:06,2024-10-26T10:00:00,2024-10-26T10:00:00,MOD Administrator,MOD Administrator,https://m365x71797824.sharepoint.com/sites/MigrationFileServer/Clients/CL1017_Mutuelle_Solidaris_Ouest/03_Factures/2024/Facture_CL1017_202410.pdf,016314361A9FAD6EA111EF0B59A8B14A
Clients,CL1017_Mutuelle_Solidaris_Ouest/03_Factures/2024/Facture_CL1017_202412.pdf,/sites/MigrationFileServer/Clients/CL1017_Mutuelle_Solidaris_Ouest/03_Factures/2024/Facture_CL1017_202412.pdf,Facture_CL1017_202412.pdf,.pdf,1709,2026-09-16T10:33:30,2024-12-07T10:00:00,2024-12-07T10:00:00,MOD Administrator,MOD Administrator,https://m365x71797824.sharepoint.com/sites/MigrationFileServer/Clients/CL1017_Mutuelle_Solidaris_Ouest/03_Factures/2024/Facture_CL1017_202412.pdf,01AB24DFC1CDB3F4B240AA7BA21113EB
Clients,CL1017_Mutuelle_Solidaris_Ouest/03_Factures/2025/Facture_CL1017_202502.pdf,/sites/MigrationFileServer/Clients/CL1017_Mutuelle_Solidaris_Ouest/03_Factures/2025/Facture_CL1017_202502.pdf,Facture_CL1017_202502.pdf,.pdf,1712,2026-09-16T10:38:14,2025-02-11T10:00:00,2025-02-11T10:00:00,MOD Administrator,MOD Administrator,https://m365x71797824.sharepoint.com/sites/MigrationFileServer/Clients/CL1017_Mutuelle_Solidaris_Ouest/03_Factures/2025/Facture_CL1017_202502.pdf,017A15E8D6DA2FCB3551783656731AB8
Clients,CL1017_Mutuelle_Solidaris_Ouest/03_Factures/2025/Facture_CL1017_202503.pdf,/sites/MigrationFileServer/Clients/CL1017_Mutuelle_Solidaris_Ouest/03_Factures/2025/Facture_CL1017_202503.pdf,Facture_CL1017_202503.pdf,.pdf,1712,2026-09-16T10:51:26,2025-03-12T10:00:00,2025-03-12T10:00:00,MOD Administrator,MOD Administrator,https://m365x71797824.sharepoint.com/sites/MigrationFileServer/Clients/CL1017_Mutuelle_Solidaris_Ouest/03_Factures/2025/Facture_CL1017_202503.pdf,0188F4810E5F25C395B485BBB6C533BF
Clients,CL1017_Mutuelle_Solidaris_Ouest/03_Factures/2025/Facture_CL1017_202504.pdf,/sites/MigrationFileServer/Clients/CL1017_Mutuelle_Solidaris_Ouest/03_Factures/2025/Facture_CL1017_202504.pdf,Facture_CL1017_202504.pdf,.pdf,1709,2026-09-16T10:34:49,2025-04-26T10:00:00,2025-04-26T10:00:00,MOD Administrator,MOD Administrator,https://m365x71797824.sharepoint.com/sites/MigrationFileServer/Clients/CL1017_Mutuelle_Solidaris_Ouest/03_Factures/2025/Facture_CL1017_202504.pdf,01508EA0E9EF15456AB9860453ED752D
Clients,CL1017_Mutuelle_Solidaris_Ouest/03_Factures/2025/Facture_CL1017_202507.pdf,/sites/MigrationFileServer/Clients/CL1017_Mutuelle_Solidaris_Ouest/03_Factures/2025/Facture_CL1017_202507.pdf,Facture_CL1017_202507.pdf,.pdf,1709,2026-09-16T10:45:03,2025-07-04T10:00:00,2025-07-04T10:00:00,MOD Administrator,MOD Administrator,https://m365x71797824.sharepoint.com/sites/MigrationFileServer/Clients/CL1017_Mutuelle_Solidaris_Ouest/03_Factures/2025/Facture_CL1017_202507.pdf,01167E07FD74AA8EFAC4E6E5921ADDEE
Clients,CL1017_Mutuelle_Solidaris_Ouest/03_Factures/2025/Facture_CL1017_202508.pdf,/sites/MigrationFileServer/Clients/CL1017_Mutuelle_Solidaris_Ouest/03_Factures/2025/Facture_CL1017_202508.pdf,Facture_CL1017_202508.pdf,.pdf,1710,2026-09-16T10:46:59,2025-08-20T10:00:00,2025-08-20T10:00:00,MOD Administrator,MOD Administrator,https://m365x71797824.sharepoint.com/sites/MigrationFileServer/Clients/CL1017_Mutuelle_Solidaris_Ouest/03_Factures/2025/Facture_CL1017_202508.pdf,01DBB350E609918F4A220F92174751BA
Clients,CL1017_Mutuelle_Solidaris_Ouest/03_Factures/2025/Facture_CL1017_202509.pdf,/sites/MigrationFileServer/Clients/CL1017_Mutuelle_Solidaris_Ouest/03_Factures/2025/Facture_CL1017_202509.pdf,Facture_CL1017_202509.pdf,.pdf,1710,2026-09-16T10:41:08,2025-09-18T10:00:00,2025-09-18T10:00:00,MOD Administrator,MOD Administrator,https://m365x71797824.sharepoint.com/sites/MigrationFileServer/Clients/CL1017_Mutuelle_Solidaris_Ouest/03_Factures/2025/Facture_CL1017_202509.pdf,019E8D748EAF1E859E7743236D102DAB
Clients,CL1017_Mutuelle_Solidaris_Ouest/03_Factures/2025/Facture_CL1017_202511.pdf,/sites/MigrationFileServer/Clients/CL1017_Mutuelle_Solidaris_Ouest/03_Factures/2025/Facture_CL1017_202511.pdf,Facture_CL1017_202511.pdf,.pdf,1710,2026-09-16T10:08:19,2025-11-10T10:00:00,2025-11-10T10:00:00,MOD Administrator,MOD Administrator,https://m365x71797824.sharepoint.com/sites/MigrationFileServer/Clients/CL1017_Mutuelle_Solidaris_Ouest/03_Factures/2025/Facture_CL1017_202511.pdf,01C02CA748DA3855CC118BD57BA85A37
Clients,CL1017_Mutuelle_Solidaris_Ouest/03_Factures/2026/Facture_CL1017_202604.pdf,/sites/MigrationFileServer/Clients/CL1017_Mutuelle_Solidaris_Ouest/03_Factures/2026/Facture_CL1017_202604.pdf,Facture_CL1017_202604.pdf,.pdf,1710,2026-09-16T10:48:49,2026-04-13T10:00:00,2026-04-13T10:00:00,MOD Administrator,MOD Administrator,https://m365x71797824.sharepoint.com/sites/MigrationFileServer/Clients/CL1017_Mutuelle_Solidaris_Ouest/03_Factures/2026/Facture_CL1017_202604.pdf,0115F07A3A8511FD5B6FF666B5573E9E
Clients,CL1017_Mutuelle_Solidaris_Ouest/03_Factures/2026/Facture_CL1017_202606.pdf,/sites/MigrationFileServer/Clients/CL1017_Mutuelle_Solidaris_Ouest/03_Factures/2026/Facture_CL1017_202606.pdf,Facture_CL1017_202606.pdf,.pdf,1709,2026-09-16T10:15:25,2026-06-23T10:00:00,2026-06-23T10:00:00,MOD Administrator,MOD Administrator,https://m365x71797824.sharepoint.com/sites/MigrationFileServer/Clients/CL1017_Mutuelle_Solidaris_Ouest/03_Factures/2026/Facture_CL1017_202606.pdf,01F6A96FEFB743765C181312C3B28BDF
Clients,CL1017_Mutuelle_Solidaris_Ouest/03_Factures/2026/Facture_CL1017_202607.pdf,/sites/MigrationFileServer/Clients/CL1017_Mutuelle_Solidaris_Ouest/03_Factures/2026/Facture_CL1017_202607.pdf,Facture_CL1017_202607.pdf,.pdf,1709,2026-09-16T10:53:03,2026-07-26T10:00:00,2026-07-26T10:00:00,MOD Administrator,MOD Administrator,https://m365x71797824.sharepoint.com/sites/MigrationFileServer/Clients/CL1017_Mutuelle_Solidaris_Ouest/03_Factures/2026/Facture_CL1017_202607.pdf,01C496C1C8E8E9A8F149BC55A80829C8
Clients,CL1017_Mutuelle_Solidaris_Ouest/03_Factures/2026/Facture_CL1017_202608.pdf,/sites/MigrationFileServer/Clients/CL1017_Mutuelle_Solidaris_Ouest/03_Factures/2026/Facture_CL1017_202608.pdf,Facture_CL1017_202608.pdf,.pdf,1709,2026-09-16T10:48:08,2026-08-10T10:00:00,2026-08-10T10:00:00,MOD Administrator,MOD Administrator,https://m365x71797824.sharepoint.com/sites/MigrationFileServer/Clients/CL1017_Mutuelle_Solidaris_Ouest/03_Factures/2026/Facture_CL1017_202608.pdf,0112156CB8B33D82671B46D06C87AFD7
Clients,CL1017_Mutuelle_Solidaris_Ouest/04_Correspondance/Echange_01.eml.txt,/sites/MigrationFileServer/Clients/CL1017_Mutuelle_Solidaris_Ouest/04_Correspondance/Echange_01.eml.txt,Echange_01.eml.txt,.txt,106,2026-09-16T10:26:10,2019-12-18T17:37:25,2019-12-18T17:37:25,MOD Administrator,MOD Administrator,https://m365x71797824.sharepoint.com/sites/MigrationFileServer/Clients/CL1017_Mutuelle_Solidaris_Ouest/04_Correspondance/Echange_01.eml.txt,01D54583199A89D8C18827AE79D18B7A
Clients,CL1017_Mutuelle_Solidaris_Ouest/04_Correspondance/Echange_02.eml.txt,/sites/MigrationFileServer/Clients/CL1017_Mutuelle_Solidaris_Ouest/04_Correspondance/Echange_02.eml.txt,Echange_02.eml.txt,.txt,106,2026-09-16T10:32:10,2025-08-05T04:36:59,2025-08-05T04:36:59,MOD Administrator,MOD Administrator,https://m365x71797824.sharepoint.com/sites/MigrationFileServer/Clients/CL1017_Mutuelle_Solidaris_Ouest/04_Correspondance/Echange_02.eml.txt,01C3D48EF7630A20492C76803F3D5A00
Clients,CL1017_Mutuelle_Solidaris_Ouest/04_Correspondance/Echange_03.eml.txt,/sites/MigrationFileServer/Clients/CL1017_Mutuelle_Solidaris_Ouest/04_Correspondance/Echange_03.eml.txt,Echange_03.eml.txt,.txt,106,2026-09-16T10:57:27,2022-02-13T19:11:47,2022-02-13T19:11:47,MOD Administrator,MOD Administrator,https://m365x71797824.sharepoint.com/sites/MigrationFileServer/Clients/CL1017_Mutuelle_Solidaris_Ouest/04_Correspondance/Echange_03.eml.txt,011F8E95325CC82E125689497FB5393C
Clients,CL1017_Mutuelle_Solidaris_Ouest/04_Correspondance/Echange_04.eml.txt,/sites/MigrationFileServer/Clients/CL1017_Mutuelle_Solidaris_Ouest/04_Correspondance/Echange_04.eml.txt,Echange_04.eml.txt,.txt,106,2026-09-16T10:21:29,2019-05-10T06:42:19,2019-05-10T06:42:19,MOD Administrator,MOD Administrator,https://m365x71797824.sharepoint.com/sites/MigrationFileServer/Clients/CL1017_Mutuelle_Solidaris_Ouest/04_Correspondance/Echange_04.eml.txt,011778BAF41DF279F38D4B5072F8C494
Clients,CL1017_Mutuelle_Solidaris_Ouest/05_Projets/Deploiement_Teams/Compte_rendu_COPIL.docx,/sites/MigrationFileServer/Clients/CL1017_Mutuelle_Solidaris_Ouest/05_Projets/Deploiement_Teams/Compte_rendu_COPIL.docx,Compte_rendu_COPIL.docx,.docx,36731,2026-09-16T10:22:47,2025-06-20T12:25:41,2025-06-20T12:25:41,MOD Administrator,MOD Administrator,https://m365x71797824.sharepoint.com/sites/MigrationFileServer/Clients/CL1017_Mutuelle_Solidaris_Ouest/05_Projets/Deploiement_Teams/Compte_rendu_COPIL.docx,01E77D3699B85E4882E4497A38F0954F
Clients,CL1017_Mutuelle_Solidaris_Ouest/05_Projets/Deploiement_Teams/Planning_Deploiement_Teams.xlsx,/sites/MigrationFileServer/Clients/CL1017_Mutuelle_Solidaris_Ouest/05_Projets/Deploiement_Teams/Planning_Deploiement_Teams.xlsx,Planning_Deploiement_Teams.xlsx,.xlsx,5141,2026-09-16T10:30:30,2025-05-16T08:58:22,2025-05-16T08:58:22,MOD Administrator,MOD Administrator,https://m365x71797824.sharepoint.com/sites/MigrationFileServer/Clients/CL1017_Mutuelle_Solidaris_Ouest/05_Projets/Deploiement_Teams/Planning_Deploiement_Teams.xlsx,019AA31ECB2F594C37F4D6773039FA1B
Clients,CL1017_Mutuelle_Solidaris_Ouest/05_Projets/Deploiement_Teams/Presentation_lancement_Deploiement_Teams.pptx,/sites/MigrationFileServer/Clients/CL1017_Mutuelle_Solidaris_Ouest/05_Projets/Deploiement_Teams/Presentation_lancement_Deploiement_Teams.pptx,Presentation_lancement_Deploiement_Teams.pptx,.pptx,29174,2026-09-16T10:57:18,2025-02-09T18:35:25,2025-02-09T18:35:25,MOD Administrator,MOD Administrator,https://m365x71797824.sharepoint.com/sites/MigrationFileServer/Clients/CL1017_Mutuelle_Solidaris_Ouest/05_Projets/Deploiement_Teams/Presentation_lancement_Deploiement_Teams.pptx,01B74E409664A8DBA777197AABC23E35
Clients,CL1017_Mutuelle_Solidaris_Ouest/05_Projets/Migration_ERP/Compte_rendu_COPIL.docx,/sites/MigrationFileServer/Clients/CL1017_Mutuelle_Solidaris_Ouest/05_Projets/Migration_ERP/Compte_rendu_COPIL.docx,Compte_rendu_COPIL.docx,.docx,36732,2026-09-16T10:18:46,2023-11-12T22:38:52,2023-11-12T22:38:52,MOD Administrator,MOD Administrator,https://m365x71797824.sharepoint.com/sites/MigrationFileServer/Clients/CL1017_Mutuelle_Solidaris_Ouest/05_Projets/Migration_ERP/Compte_rendu_COPIL.docx,01319395BBBFBE5B90212FC8F0C99297
Clients,CL1017_Mutuelle_Solidaris_Ouest/05_Projets/Migration_ERP/Planning_Migration_ERP.xlsx,/sites/MigrationFileServer/Clients/CL1017_Mutuelle_Solidaris_Ouest/05_Projets/Migration_ERP/Planning_Migration_ERP.xlsx,Planning_Migration_ERP.xlsx,.xlsx,5135,2026-09-16T10:37:06,2023-03-06T11:03:38,2023-03-06T11:03:38,MOD Administrator,MOD Administrator,https://m365x71797824.sharepoint.com/sites/MigrationFileServer/Clients/CL1017_Mutuelle_Solidaris_Ouest/05_Projets/Migration_ERP/Planning_Migration_ERP.xlsx,0156BEEDEE8356E55ED03B868EDE0F60
Clients,CL1017_Mutuelle_Solidaris_Ouest/05_Projets/Migration_ERP/Presentation_lancement_Migration_ERP.pptx,/sites/MigrationFileServer/Clients/CL1017_Mutuelle_Solidaris_Ouest/05_Projets/Migration_ERP/Presentation_lancement_Migration_ERP.pptx,Presentation_lancement_Migration_ERP.pptx,.pptx,29176,2026-09-16T10:57:15,2023-03-23T12:12:22,2023-03-23T12:12:22,MOD Administrator,MOD Administrator,https://m365x71797824.sharepoint.com/sites/MigrationFileServer/Clients/CL1017_Mutuelle_Solidaris_Ouest/05_Projets/Migration_ERP/Presentation_lancement_Migration_ERP.pptx,01781E75DC83484D254151FCB3071499
Clients,CL1018_Librairie_La_Plume/01_Contrats/Contrat_cadre_CL1018_2021.docx,/sites/MigrationFileServer/Clients/CL1018_Librairie_La_Plume/01_Contrats/Contrat_cadre_CL1018_2021.docx,Contrat_cadre_CL1018_2021.docx,.docx,36785,2026-09-16T10:58:44,2021-05-17T05:50:14,2021-05-17T05:50:14,MOD Administrator,MOD Administrator,https://m365x71797824.sharepoint.com/sites/MigrationFileServer/Clients/CL1018_Librairie_La_Plume/01_Contrats/Contrat_cadre_CL1018_2021.docx,019D88490BDAC257F7F9EA4EFB26059E
Clients,CL1018_Librairie_La_Plume/01_Contrats/Contrat_cadre_CL1018_2021_signe.pdf,/sites/MigrationFileServer/Clients/CL1018_Librairie_La_Plume/01_Contrats/Contrat_cadre_CL1018_2021_signe.pdf,Contrat_cadre_CL1018_2021_signe.pdf,.pdf,1665,2026-09-16T10:26:20,2021-07-29T05:41:12,2021-07-29T05:41:12,MOD Administrator,MOD Administrator,https://m365x71797824.sharepoint.com/sites/MigrationFileServer/Clients/CL1018_Librairie_La_Plume/01_Contrats/Contrat_cadre_CL1018_2021_signe.pdf,01D942170FBEA784EDBAB8D9432C3D51
Clients,CL1018_Librairie_La_Plume/02_Devis/Devis_CL1018_2021-02.docx,/sites/MigrationFileServer/Clients/CL1018_Librairie_La_Plume/02_Devis/Devis_CL1018_2021-02.docx,Devis_CL1018_2021-02.docx,.docx,36749,2026-09-16T10:27:43,2021-11-02T03:10:16,2021-11-02T03:10:16,MOD Administrator,MOD Administrator,https://m365x71797824.sharepoint.com/sites/MigrationFileServer/Clients/CL1018_Librairie_La_Plume/02_Devis/Devis_CL1018_2021-02.docx,010E6F0ABD6B1D80F5A8DEEB35300187
Clients,CL1018_Librairie_La_Plume/02_Devis/Devis_CL1018_2023-01.docx,/sites/MigrationFileServer/Clients/CL1018_Librairie_La_Plume/02_Devis/Devis_CL1018_2023-01.docx,Devis_CL1018_2023-01.docx,.docx,36749,2026-09-16T10:58:00,2023-11-30T05:17:47,2023-11-30T05:17:47,MOD Administrator,MOD Administrator,https://m365x71797824.sharepoint.com/sites/MigrationFileServer/Clients/CL1018_Librairie_La_Plume/02_Devis/Devis_CL1018_2023-01.docx,015803B278932C207F3B51AB7CDCF167
Clients,CL1018_Librairie_La_Plume/02_Devis/Devis_CL1018_2023-03.docx,/sites/MigrationFileServer/Clients/CL1018_Librairie_La_Plume/02_Devis/Devis_CL1018_2023-03.docx,Devis_CL1018_2023-03.docx,.docx,36748,2026-09-16T10:06:50,2023-02-21T12:46:06,2023-02-21T12:46:06,MOD Administrator,MOD Administrator,https://m365x71797824.sharepoint.com/sites/MigrationFileServer/Clients/CL1018_Librairie_La_Plume/02_Devis/Devis_CL1018_2023-03.docx,010A1379AF9B455447411BFBE3C36FE6
Clients,CL1018_Librairie_La_Plume/03_Factures/2024/Facture_CL1018_202401.pdf,/sites/MigrationFileServer/Clients/CL1018_Librairie_La_Plume/03_Factures/2024/Facture_CL1018_202401.pdf,Facture_CL1018_202401.pdf,.pdf,1704,2026-09-16T10:08:20,2024-01-27T10:00:00,2024-01-27T10:00:00,MOD Administrator,MOD Administrator,https://m365x71797824.sharepoint.com/sites/MigrationFileServer/Clients/CL1018_Librairie_La_Plume/03_Factures/2024/Facture_CL1018_202401.pdf,01D1A422CD515AA5A5D936D9C23A591E
Clients,CL1018_Librairie_La_Plume/03_Factures/2024/Facture_CL1018_202402.pdf,/sites/MigrationFileServer/Clients/CL1018_Librairie_La_Plume/03_Factures/2024/Facture_CL1018_202402.pdf,Facture_CL1018_202402.pdf,.pdf,1703,2026-09-16T10:23:23,2024-02-21T10:00:00,2024-02-21T10:00:00,MOD Administrator,MOD Administrator,https://m365x71797824.sharepoint.com/sites/MigrationFileServer/Clients/CL1018_Librairie_La_Plume/03_Factures/2024/Facture_CL1018_202402.pdf,015A56652F9E2A14495FE903D14D3396
Clients,CL1018_Librairie_La_Plume/03_Factures/2024/Facture_CL1018_202403.pdf,/sites/MigrationFileServer/Clients/CL1018_Librairie_La_Plume/03_Factures/2024/Facture_CL1018_202403.pdf,Facture_CL1018_202403.pdf,.pdf,1703,2026-09-16T10:31:24,2024-03-25T10:00:00,2024-03-25T10:00:00,MOD Administrator,MOD Administrator,https://m365x71797824.sharepoint.com/sites/MigrationFileServer/Clients/CL1018_Librairie_La_Plume/03_Factures/2024/Facture_CL1018_202403.pdf,013A2609D1F1588D401C38D14F48B188
Clients,CL1018_Librairie_La_Plume/03_Factures/2024/Facture_CL1018_202407.pdf,/sites/MigrationFileServer/Clients/CL1018_Librairie_La_Plume/03_Factures/2024/Facture_CL1018_202407.pdf,Facture_CL1018_202407.pdf,.pdf,1702,2026-09-16T10:06:58,2024-07-19T10:00:00,2024-07-19T10:00:00,MOD Administrator,MOD Administrator,https://m365x71797824.sharepoint.com/sites/MigrationFileServer/Clients/CL1018_Librairie_La_Plume/03_Factures/2024/Facture_CL1018_202407.pdf,01A2C487BDC19C3E6C691B3FB2AD0072
Clients,CL1018_Librairie_La_Plume/03_Factures/2024/Facture_CL1018_202409.pdf,/sites/MigrationFileServer/Clients/CL1018_Librairie_La_Plume/03_Factures/2024/Facture_CL1018_202409.pdf,Facture_CL1018_202409.pdf,.pdf,1705,2026-09-16T10:55:56,2024-09-21T10:00:00,2024-09-21T10:00:00,MOD Administrator,MOD Administrator,https://m365x71797824.sharepoint.com/sites/MigrationFileServer/Clients/CL1018_Librairie_La_Plume/03_Factures/2024/Facture_CL1018_202409.pdf,013E8F302BE96C83DBC16E22E4912526
Clients,CL1018_Librairie_La_Plume/03_Factures/2024/Facture_CL1018_202412.pdf,/sites/MigrationFileServer/Clients/CL1018_Librairie_La_Plume/03_Factures/2024/Facture_CL1018_202412.pdf,Facture_CL1018_202412.pdf,.pdf,1704,2026-09-16T10:58:58,2024-12-27T10:00:00,2024-12-27T10:00:00,MOD Administrator,MOD Administrator,https://m365x71797824.sharepoint.com/sites/MigrationFileServer/Clients/CL1018_Librairie_La_Plume/03_Factures/2024/Facture_CL1018_202412.pdf,01FD9AB6030D5E16CECDDE6F8EA4EAFE
Clients,CL1018_Librairie_La_Plume/03_Factures/2025/Facture_CL1018_202501.pdf,/sites/MigrationFileServer/Clients/CL1018_Librairie_La_Plume/03_Factures/2025/Facture_CL1018_202501.pdf,Facture_CL1018_202501.pdf,.pdf,1702,2026-09-16T10:52:10,2025-01-18T10:00:00,2025-01-18T10:00:00,MOD Administrator,MOD Administrator,https://m365x71797824.sharepoint.com/sites/MigrationFileServer/Clients/CL1018_Librairie_La_Plume/03_Factures/2025/Facture_CL1018_202501.pdf,014E899F6DD021BF8B26896C8AC13D2F
Clients,CL1018_Librairie_La_Plume/03_Factures/2025/Facture_CL1018_202506.pdf,/sites/MigrationFileServer/Clients/CL1018_Librairie_La_Plume/03_Factures/2025/Facture_CL1018_202506.pdf,Facture_CL1018_202506.pdf,.pdf,1704,2026-09-16T10:22:32,2025-06-27T10:00:00,2025-06-27T10:00:00,MOD Administrator,MOD Administrator,https://m365x71797824.sharepoint.com/sites/MigrationFileServer/Clients/CL1018_Librairie_La_Plume/03_Factures/2025/Facture_CL1018_202506.pdf,016FDEC9B36173A49F536ED7B9A7EB2D
Clients,CL1018_Librairie_La_Plume/03_Factures/2025/Facture_CL1018_202508.pdf,/sites/MigrationFileServer/Clients/CL1018_Librairie_La_Plume/03_Factures/2025/Facture_CL1018_202508.pdf,Facture_CL1018_202508.pdf,.pdf,1703,2026-09-16T10:59:19,2025-08-14T10:00:00,2025-08-14T10:00:00,MOD Administrator,MOD Administrator,https://m365x71797824.sharepoint.com/sites/MigrationFileServer/Clients/CL1018_Librairie_La_Plume/03_Factures/2025/Facture_CL1018_202508.pdf,01B697BC828A03FB0F3D6392AE22331C
Clients,CL1018_Librairie_La_Plume/03_Factures/2025/Facture_CL1018_202511.pdf,/sites/MigrationFileServer/Clients/CL1018_Librairie_La_Plume/03_Factures/2025/Facture_CL1018_202511.pdf,Facture_CL1018_202511.pdf,.pdf,1704,2026-09-16T10:27:42,2025-11-09T10:00:00,2025-11-09T10:00:00,MOD Administrator,MOD Administrator,https://m365x71797824.sharepoint.com/sites/MigrationFileServer/Clients/CL1018_Librairie_La_Plume/03_Factures/2025/Facture_CL1018_202511.pdf,01E558CC34586426D50E0AA96DD21380
Clients,CL1018_Librairie_La_Plume/03_Factures/2025/Facture_CL1018_202512.pdf,/sites/MigrationFileServer/Clients/CL1018_Librairie_La_Plume/03_Factures/2025/Facture_CL1018_202512.pdf,Facture_CL1018_202512.pdf,.pdf,1705,2026-09-16T10:17:54,2025-12-21T10:00:00,2025-12-21T10:00:00,MOD Administrator,MOD Administrator,https://m365x71797824.sharepoint.com/sites/MigrationFileServer/Clients/CL1018_Librairie_La_Plume/03_Factures/2025/Facture_CL1018_202512.pdf,01239B45EEC63E3EA1E0FBC5A951D87B
Clients,CL1018_Librairie_La_Plume/03_Factures/2026/Facture_CL1018_202604.pdf,/sites/MigrationFileServer/Clients/CL1018_Librairie_La_Plume/03_Factures/2026/Facture_CL1018_202604.pdf,Facture_CL1018_202604.pdf,.pdf,1700,2026-09-16T10:53:55,2026-04-04T10:00:00,2026-04-04T10:00:00,MOD Administrator,MOD Administrator,https://m365x71797824.sharepoint.com/sites/MigrationFileServer/Clients/CL1018_Librairie_La_Plume/03_Factures/2026/Facture_CL1018_202604.pdf,01E93C7617A7077E668AE7A701AD4B80
Clients,CL1018_Librairie_La_Plume/03_Factures/2026/Facture_CL1018_202605.pdf,/sites/MigrationFileServer/Clients/CL1018_Librairie_La_Plume/03_Factures/2026/Facture_CL1018_202605.pdf,Facture_CL1018_202605.pdf,.pdf,1704,2026-09-16T10:09:50,2026-05-17T10:00:00,2026-05-17T10:00:00,MOD Administrator,MOD Administrator,https://m365x71797824.sharepoint.com/sites/MigrationFileServer/Clients/CL1018_Librairie_La_Plume/03_Factures/2026/Facture_CL1018_202605.pdf,01FAABAC828C3A9C58D7B73CEADEC27A
Clients,CL1018_Librairie_La_Plume/03_Factures/2026/Facture_CL1018_202606.pdf,/sites/MigrationFileServer/Clients/CL1018_Librairie_La_Plume/03_Factures/2026/Facture_CL1018_202606.pdf,Facture_CL1018_202606.pdf,.pdf,1703,2026-09-16T10:35:21,2026-06-04T10:00:00,2026-06-04T10:00:00,MOD Administrator,MOD Administrator,https://m365x71797824.sharepoint.com/sites/MigrationFileServer/Clients/CL1018_Librairie_La_Plume/03_Factures/2026/Facture_CL1018_202606.pdf,01C840A6547637FACDC86CB2A178603D
Clients,CL1018_Librairie_La_Plume/03_Factures/2026/Facture_CL1018_202608.pdf,/sites/MigrationFileServer/Clients/CL1018_Librairie_La_Plume/03_Factures/2026/Facture_CL1018_202608.pdf,Facture_CL1018_202608.pdf,.pdf,1700,2026-09-16T10:53:55,2026-08-03T10:00:00,2026-08-03T10:00:00,MOD Administrator,MOD Administrator,https://m365x71797824.sharepoint.com/sites/MigrationFileServer/Clients/CL1018_Librairie_La_Plume/03_Factures/2026/Facture_CL1018_202608.pdf,015727037EBABCADDC36D0FCA7D65D4B
Clients,CL1018_Librairie_La_Plume/04_Correspondance/Echange_01.eml.txt,/sites/MigrationFileServer/Clients/CL1018_Librairie_La_Plume/04_Correspondance/Echange_01.eml.txt,Echange_01.eml.txt,.txt,106,2026-09-16T10:29:15,2026-06-30T03:18:02,2026-06-30T03:18:02,MOD Administrator,MOD Administrator,https://m365x71797824.sharepoint.com/sites/MigrationFileServer/Clients/CL1018_Librairie_La_Plume/04_Correspondance/Echange_01.eml.txt,0153BF2E031E4C0B6F19B3A699106378
Clients,CL1018_Librairie_La_Plume/05_Projets/Deploiement_Teams/Planning_Deploiement_Teams.xlsx,/sites/MigrationFileServer/Clients/CL1018_Librairie_La_Plume/05_Projets/Deploiement_Teams/Planning_Deploiement_Teams.xlsx,Planning_Deploiement_Teams.xlsx,.xlsx,5137,2026-09-16T10:07:57,2026-05-30T03:26:12,2026-05-30T03:26:12,MOD Administrator,MOD Administrator,https://m365x71797824.sharepoint.com/sites/MigrationFileServer/Clients/CL1018_Librairie_La_Plume/05_Projets/Deploiement_Teams/Planning_Deploiement_Teams.xlsx,015EBA2FA63A22E5A8068BFBA3CBEA94
Clients,CL1018_Librairie_La_Plume/05_Projets/Deploiement_Teams/Presentation_lancement_Deploiement_Teams.pptx,/sites/MigrationFileServer/Clients/CL1018_Librairie_La_Plume/05_Projets/Deploiement_Teams/Presentation_lancement_Deploiement_Teams.pptx,Presentation_lancement_Deploiement_Teams.pptx,.pptx,29173,2026-09-16T10:10:39,2026-06-21T19:18:59,2026-06-21T19:18:59,MOD Administrator,MOD Administrator,https://m365x71797824.sharepoint.com/sites/MigrationFileServer/Clients/CL1018_Librairie_La_Plume/05_Projets/Deploiement_Teams/Presentation_lancement_Deploiement_Teams.pptx,010D73466BBDB91FEF7F7465DC115240
Clients,CL1018_Librairie_La_Plume/05_Projets/Migration_ERP/Compte_rendu_COPIL.docx,/sites/MigrationFileServer/Clients/CL1018_Librairie_La_Plume/05_Projets/Migration_ERP/Compte_rendu_COPIL.docx,Compte_rendu_COPIL.docx,.docx,36733,2026-09-16T10:18:55,2023-09-01T22:07:48,2023-09-01T22:07:48,MOD Administrator,MOD Administrator,https://m365x71797824.sharepoint.com/sites/MigrationFileServer/Clients/CL1018_Librairie_La_Plume/05_Projets/Migration_ERP/Compte_rendu_COPIL.docx,014FA6F43E66DF472BA3DBEA88764A19
Clients,CL1018_Librairie_La_Plume/05_Projets/Migration_ERP/Planning_Migration_ERP.xlsx,/sites/MigrationFileServer/Clients/CL1018_Librairie_La_Plume/05_Projets/Migration_ERP/Planning_Migration_ERP.xlsx,Planning_Migration_ERP.xlsx,.xlsx,5136,2026-09-16T10:57:30,2023-06-20T22:01:26,2023-06-20T22:01:26,MOD Administrator,MOD Administrator,https://m365x71797824.sharepoint.com/sites/MigrationFileServer/Clients/CL1018_Librairie_La_Plume/05_Projets/Migration_ERP/Planning_Migration_ERP.xlsx,01A37D6C934F546B6960CBF505F43D9A
Clients,CL1018_Librairie_La_Plume/05_Projets/Migration_ERP/Presentation_lancement_Migration_ERP.pptx,/sites/MigrationFileServer/Clients/CL1018_Librairie_La_Plume/05_Projets/Migration_ERP/Presentation_lancement_Migration_ERP.pptx,Presentation_lancement_Migration_ERP.pptx,.pptx,29176,2026-09-16T10:46:56,2023-09-07T03:55:23,2023-09-07T03:55:23,MOD Administrator,MOD Administrator,https://m365x71797824.sharepoint.com/sites/MigrationFileServer/Clients/CL1018_Librairie_La_Plume/05_Projets/Migration_ERP/Presentation_lancement_Migration_ERP.pptx,01518ADCFD7870F85F93A3F8E1E50D49
Clients,CL1019_Brasserie_Grand_Nord/01_Contrats/Contrat_cadre_CL1019_2019.docx,/sites/MigrationFileServer/Clients/CL1019_Brasserie_Grand_Nord/01_Contrats/Contrat_cadre_CL1019_2019.docx,Contrat_cadre_CL1019_2019.docx,.docx,36784,2026-09-16T10:28:46,2019-09-08T08:17:57,2019-09-08T08:17:57,MOD Administrator,MOD Administrator,https://m365x71797824.sharepoint.com/sites/MigrationFileServer/Clients/CL1019_Brasserie_Grand_Nord/01_Contrats/Contrat_cadre_CL1019_2019.docx,01DFBAE382BD33BB944FC00BF8D6C133
Clients,CL1019_Brasserie_Grand_Nord/01_Contrats/Contrat_cadre_CL1019_2019_signe.pdf,/sites/MigrationFileServer/Clients/CL1019_Brasserie_Grand_Nord/01_Contrats/Contrat_cadre_CL1019_2019_signe.pdf,Contrat_cadre_CL1019_2019_signe.pdf,.pdf,1664,2026-09-16T10:28:36,2019-08-22T09:43:02,2019-08-22T09:43:02,MOD Administrator,MOD Administrator,https://m365x71797824.sharepoint.com/sites/MigrationFileServer/Clients/CL1019_Brasserie_Grand_Nord/01_Contrats/Contrat_cadre_CL1019_2019_signe.pdf,01966592F79991FF471B1B33BEEA1F23
Clients,CL1019_Brasserie_Grand_Nord/02_Devis/Devis_CL1019_2019-01.docx,/sites/MigrationFileServer/Clients/CL1019_Brasserie_Grand_Nord/02_Devis/Devis_CL1019_2019-01.docx,Devis_CL1019_2019-01.docx,.docx,36748,2026-09-16T10:59:57,2019-08-24T16:58:06,2019-08-24T16:58:06,MOD Administrator,MOD Administrator,https://m365x71797824.sharepoint.com/sites/MigrationFileServer/Clients/CL1019_Brasserie_Grand_Nord/02_Devis/Devis_CL1019_2019-01.docx,017235FAED7BE912DA11857D7484BEB5
Clients,CL1019_Brasserie_Grand_Nord/02_Devis/Devis_CL1019_2025-02.docx,/sites/MigrationFileServer/Clients/CL1019_Brasserie_Grand_Nord/02_Devis/Devis_CL1019_2025-02.docx,Devis_CL1019_2025-02.docx,.docx,36750,2026-09-16T10:32:00,2025-11-01T09:33:37,2025-11-01T09:33:37,MOD Administrator,MOD Administrator,https://m365x71797824.sharepoint.com/sites/MigrationFileServer/Clients/CL1019_Brasserie_Grand_Nord/02_Devis/Devis_CL1019_2025-02.docx,013A22A939AA6092E7F4ACF0F4E165F3
Clients,CL1019_Brasserie_Grand_Nord/02_Devis/Devis_CL1019_2026-03.docx,/sites/MigrationFileServer/Clients/CL1019_Brasserie_Grand_Nord/02_Devis/Devis_CL1019_2026-03.docx,Devis_CL1019_2026-03.docx,.docx,36746,2026-09-16T10:19:13,2026-07-14T00:26:48,2026-07-14T00:26:48,MOD Administrator,MOD Administrator,https://m365x71797824.sharepoint.com/sites/MigrationFileServer/Clients/CL1019_Brasserie_Grand_Nord/02_Devis/Devis_CL1019_2026-03.docx,01ED7786035CFFE8C58AF2D45C5CC3C5
Clients,CL1019_Brasserie_Grand_Nord/03_Factures/2024/Facture_CL1019_202401.pdf,/sites/MigrationFileServer/Clients/CL1019_Brasserie_Grand_Nord/03_Factures/2024/Facture_CL1019_202401.pdf,Facture_CL1019_202401.pdf,.pdf,1705,2026-09-16T10:48:44,2024-01-12T10:00:00,2024-01-12T10:00:00,MOD Administrator,MOD Administrator,https://m365x71797824.sharepoint.com/sites/MigrationFileServer/Clients/CL1019_Brasserie_Grand_Nord/03_Factures/2024/Facture_CL1019_202401.pdf,01EA115863A7A06A4D1FF6A96FDCFB20
Clients,CL1019_Brasserie_Grand_Nord/03_Factures/2024/Facture_CL1019_202402.pdf,/sites/MigrationFileServer/Clients/CL1019_Brasserie_Grand_Nord/03_Factures/2024/Facture_CL1019_202402.pdf,Facture_CL1019_202402.pdf,.pdf,1705,2026-09-16T10:42:02,2024-02-14T10:00:00,2024-02-14T10:00:00,MOD Administrator,MOD Administrator,https://m365x71797824.sharepoint.com/sites/MigrationFileServer/Clients/CL1019_Brasserie_Grand_Nord/03_Factures/2024/Facture_CL1019_202402.pdf,016EAF4F8B91B94BAF974352837626EF
Clients,CL1019_Brasserie_Grand_Nord/03_Factures/2024/Facture_CL1019_202403.pdf,/sites/MigrationFileServer/Clients/CL1019_Brasserie_Grand_Nord/03_Factures/2024/Facture_CL1019_202403.pdf,Facture_CL1019_202403.pdf,.pdf,1707,2026-09-16T10:07:45,2024-03-25T10:00:00,2024-03-25T10:00:00,MOD Administrator,MOD Administrator,https://m365x71797824.sharepoint.com/sites/MigrationFileServer/Clients/CL1019_Brasserie_Grand_Nord/03_Factures/2024/Facture_CL1019_202403.pdf,0117A34B0EFFAC87566DE7B706218895
Clients,CL1019_Brasserie_Grand_Nord/03_Factures/2024/Facture_CL1019_202404.pdf,/sites/MigrationFileServer/Clients/CL1019_Brasserie_Grand_Nord/03_Factures/2024/Facture_CL1019_202404.pdf,Facture_CL1019_202404.pdf,.pdf,1705,2026-09-16T10:17:33,2024-04-02T10:00:00,2024-04-02T10:00:00,MOD Administrator,MOD Administrator,https://m365x71797824.sharepoint.com/sites/MigrationFileServer/Clients/CL1019_Brasserie_Grand_Nord/03_Factures/2024/Facture_CL1019_202404.pdf,01C9F3508D83E3F08FD206817E4A7E96
Clients,CL1019_Brasserie_Grand_Nord/03_Factures/2024/Facture_CL1019_202405.pdf,/sites/MigrationFileServer/Clients/CL1019_Brasserie_Grand_Nord/03_Factures/2024/Facture_CL1019_202405.pdf,Facture_CL1019_202405.pdf,.pdf,1707,2026-09-16T10:53:22,2024-05-17T10:00:00,2024-05-17T10:00:00,MOD Administrator,MOD Administrator,https://m365x71797824.sharepoint.com/sites/MigrationFileServer/Clients/CL1019_Brasserie_Grand_Nord/03_Factures/2024/Facture_CL1019_202405.pdf,01BEAC321FCB3D77D038EA7AE819FF59
Clients,CL1019_Brasserie_Grand_Nord/03_Factures/2024/Facture_CL1019_202407.pdf,/sites/MigrationFileServer/Clients/CL1019_Brasserie_Grand_Nord/03_Factures/2024/Facture_CL1019_202407.pdf,Facture_CL1019_202407.pdf,.pdf,1705,2026-09-16T10:44:51,2024-07-20T10:00:00,2024-07-20T10:00:00,MOD Administrator,MOD Administrator,https://m365x71797824.sharepoint.com/sites/MigrationFileServer/Clients/CL1019_Brasserie_Grand_Nord/03_Factures/2024/Facture_CL1019_202407.pdf,01E2137EC55DE1AC9C3810E8B10ECAC7
Clients,CL1019_Brasserie_Grand_Nord/03_Factures/2024/Facture_CL1019_202408.pdf,/sites/MigrationFileServer/Clients/CL1019_Brasserie_Grand_Nord/03_Factures/2024/Facture_CL1019_202408.pdf,Facture_CL1019_202408.pdf,.pdf,1705,2026-09-16T10:53:27,2024-08-07T10:00:00,2024-08-07T10:00:00,MOD Administrator,MOD Administrator,https://m365x71797824.sharepoint.com/sites/MigrationFileServer/Clients/CL1019_Brasserie_Grand_Nord/03_Factures/2024/Facture_CL1019_202408.pdf,01B5B9099CA30EDA12616E750D2861B6
Clients,CL1019_Brasserie_Grand_Nord/03_Factures/2024/Facture_CL1019_202409.pdf,/sites/MigrationFileServer/Clients/CL1019_Brasserie_Grand_Nord/03_Factures/2024/Facture_CL1019_202409.pdf,Facture_CL1019_202409.pdf,.pdf,1707,2026-09-16T10:10:59,2024-09-21T10:00:00,2024-09-21T10:00:00,MOD Administrator,MOD Administrator,https://m365x71797824.sharepoint.com/sites/MigrationFileServer/Clients/CL1019_Brasserie_Grand_Nord/03_Factures/2024/Facture_CL1019_202409.pdf,014D40644553C75C9533A42D686AB45D
Clients,CL1019_Brasserie_Grand_Nord/03_Factures/2024/Facture_CL1019_202411.pdf,/sites/MigrationFileServer/Clients/CL1019_Brasserie_Grand_Nord/03_Factures/2024/Facture_CL1019_202411.pdf,Facture_CL1019_202411.pdf,.pdf,1705,2026-09-16T10:27:32,2024-11-24T10:00:00,2024-11-24T10:00:00,MOD Administrator,MOD Administrator,https://m365x71797824.sharepoint.com/sites/MigrationFileServer/Clients/CL1019_Brasserie_Grand_Nord/03_Factures/2024/Facture_CL1019_202411.pdf,017DC40E702FD32149F8F536D9BB71BB
Clients,CL1019_Brasserie_Grand_Nord/03_Factures/2024/Facture_CL1019_202412.pdf,/sites/MigrationFileServer/Clients/CL1019_Brasserie_Grand_Nord/03_Factures/2024/Facture_CL1019_202412.pdf,Facture_CL1019_202412.pdf,.pdf,1705,2026-09-16T10:40:48,2024-12-14T10:00:00,2024-12-14T10:00:00,MOD Administrator,MOD Administrator,https://m365x71797824.sharepoint.com/sites/MigrationFileServer/Clients/CL1019_Brasserie_Grand_Nord/03_Factures/2024/Facture_CL1019_202412.pdf,01DF0BA40FAB1F186802C63E3C801433
Clients,CL1019_Brasserie_Grand_Nord/03_Factures/2025/Facture_CL1019_202502.pdf,/sites/MigrationFileServer/Clients/CL1019_Brasserie_Grand_Nord/03_Factures/2025/Facture_CL1019_202502.pdf,Facture_CL1019_202502.pdf,.pdf,1704,2026-09-16T10:15:38,2025-02-24T10:00:00,2025-02-24T10:00:00,MOD Administrator,MOD Administrator,https://m365x71797824.sharepoint.com/sites/MigrationFileServer/Clients/CL1019_Brasserie_Grand_Nord/03_Factures/2025/Facture_CL1019_202502.pdf,01D4E8829CFFFD632060C447DFF4E7F0
Clients,CL1019_Brasserie_Grand_Nord/03_Factures/2025/Facture_CL1019_202505.pdf,/sites/MigrationFileServer/Clients/CL1019_Brasserie_Grand_Nord/03_Factures/2025/Facture_CL1019_202505.pdf,Facture_CL1019_202505.pdf,.pdf,1707,2026-09-16T10:41:57,2025-05-17T10:00:00,2025-05-17T10:00:00,MOD Administrator,MOD Administrator,https://m365x71797824.sharepoint.com/sites/MigrationFileServer/Clients/CL1019_Brasserie_Grand_Nord/03_Factures/2025/Facture_CL1019_202505.pdf,01047E017E2EEF856B2A00392CCB9309
Clients,CL1019_Brasserie_Grand_Nord/03_Factures/2025/Facture_CL1019_202506.pdf,/sites/MigrationFileServer/Clients/CL1019_Brasserie_Grand_Nord/03_Factures/2025/Facture_CL1019_202506.pdf,Facture_CL1019_202506.pdf,.pdf,1705,2026-09-16T10:47:35,2025-06-24T10:00:00,2025-06-24T10:00:00,MOD Administrator,MOD Administrator,https://m365x71797824.sharepoint.com/sites/MigrationFileServer/Clients/CL1019_Brasserie_Grand_Nord/03_Factures/2025/Facture_CL1019_202506.pdf,01DE54113C1CE09A42C27042C5E10343
Clients,CL1019_Brasserie_Grand_Nord/03_Factures/2025/Facture_CL1019_202508.pdf,/sites/MigrationFileServer/Clients/CL1019_Brasserie_Grand_Nord/03_Factures/2025/Facture_CL1019_202508.pdf,Facture_CL1019_202508.pdf,.pdf,1705,2026-09-16T10:42:23,2025-08-11T10:00:00,2025-08-11T10:00:00,MOD Administrator,MOD Administrator,https://m365x71797824.sharepoint.com/sites/MigrationFileServer/Clients/CL1019_Brasserie_Grand_Nord/03_Factures/2025/Facture_CL1019_202508.pdf,013517C6B30E304CFCEC8A216D0DACC1
Clients,CL1019_Brasserie_Grand_Nord/03_Factures/2025/Facture_CL1019_202509.pdf,/sites/MigrationFileServer/Clients/CL1019_Brasserie_Grand_Nord/03_Factures/2025/Facture_CL1019_202509.pdf,Facture_CL1019_202509.pdf,.pdf,1707,2026-09-16T10:38:01,2025-09-19T10:00:00,2025-09-19T10:00:00,MOD Administrator,MOD Administrator,https://m365x71797824.sharepoint.com/sites/MigrationFileServer/Clients/CL1019_Brasserie_Grand_Nord/03_Factures/2025/Facture_CL1019_202509.pdf,01E60EE510D9E5D1F0809D7B41E6BF89
Clients,CL1019_Brasserie_Grand_Nord/03_Factures/2025/Facture_CL1019_202510.pdf,/sites/MigrationFileServer/Clients/CL1019_Brasserie_Grand_Nord/03_Factures/2025/Facture_CL1019_202510.pdf,Facture_CL1019_202510.pdf,.pdf,1705,2026-09-16T10:51:57,2025-10-16T10:00:00,2025-10-16T10:00:00,MOD Administrator,MOD Administrator,https://m365x71797824.sharepoint.com/sites/MigrationFileServer/Clients/CL1019_Brasserie_Grand_Nord/03_Factures/2025/Facture_CL1019_202510.pdf,0182C3A71137112FE1F4787E84B6667F
Clients,CL1019_Brasserie_Grand_Nord/03_Factures/2025/Facture_CL1019_202511.pdf,/sites/MigrationFileServer/Clients/CL1019_Brasserie_Grand_Nord/03_Factures/2025/Facture_CL1019_202511.pdf,Facture_CL1019_202511.pdf,.pdf,1704,2026-09-16T10:35:59,2025-11-04T10:00:00,2025-11-04T10:00:00,MOD Administrator,MOD Administrator,https://m365x71797824.sharepoint.com/sites/MigrationFileServer/Clients/CL1019_Brasserie_Grand_Nord/03_Factures/2025/Facture_CL1019_202511.pdf,0124C847CE36A00B418F59DA0B278955
Clients,CL1019_Brasserie_Grand_Nord/03_Factures/2026/Facture_CL1019_202601.pdf,/sites/MigrationFileServer/Clients/CL1019_Brasserie_Grand_Nord/03_Factures/2026/Facture_CL1019_202601.pdf,Facture_CL1019_202601.pdf,.pdf,1705,2026-09-16T10:15:40,2026-01-02T10:00:00,2026-01-02T10:00:00,MOD Administrator,MOD Administrator,https://m365x71797824.sharepoint.com/sites/MigrationFileServer/Clients/CL1019_Brasserie_Grand_Nord/03_Factures/2026/Facture_CL1019_202601.pdf,016C81781A07C977DDCDABFBCE703225
Clients,CL1019_Brasserie_Grand_Nord/03_Factures/2026/Facture_CL1019_202602.pdf,/sites/MigrationFileServer/Clients/CL1019_Brasserie_Grand_Nord/03_Factures/2026/Facture_CL1019_202602.pdf,Facture_CL1019_202602.pdf,.pdf,1704,2026-09-16T10:14:38,2026-02-13T10:00:00,2026-02-13T10:00:00,MOD Administrator,MOD Administrator,https://m365x71797824.sharepoint.com/sites/MigrationFileServer/Clients/CL1019_Brasserie_Grand_Nord/03_Factures/2026/Facture_CL1019_202602.pdf,0146A8BB749AA9D60042572EDEB00488
Clients,CL1019_Brasserie_Grand_Nord/03_Factures/2026/Facture_CL1019_202608.pdf,/sites/MigrationFileServer/Clients/CL1019_Brasserie_Grand_Nord/03_Factures/2026/Facture_CL1019_202608.pdf,Facture_CL1019_202608.pdf,.pdf,1707,2026-09-16T10:20:26,2026-08-14T10:00:00,2026-08-14T10:00:00,MOD Administrator,MOD Administrator,https://m365x71797824.sharepoint.com/sites/MigrationFileServer/Clients/CL1019_Brasserie_Grand_Nord/03_Factures/2026/Facture_CL1019_202608.pdf,0177E1D0CEA0E3F6868362A883376833
Clients,CL1019_Brasserie_Grand_Nord/04_Correspondance/Echange_01.eml.txt,/sites/MigrationFileServer/Clients/CL1019_Brasserie_Grand_Nord/04_Correspondance/Echange_01.eml.txt,Echange_01.eml.txt,.txt,106,2026-09-16T10:09:05,2023-11-11T16:48:37,2023-11-11T16:48:37,MOD Administrator,MOD Administrator,https://m365x71797824.sharepoint.com/sites/MigrationFileServer/Clients/CL1019_Brasserie_Grand_Nord/04_Correspondance/Echange_01.eml.txt,015717B70FCD7CCD770173AE66C61881
Clients,CL1019_Brasserie_Grand_Nord/04_Correspondance/Echange_02.eml.txt,/sites/MigrationFileServer/Clients/CL1019_Brasserie_Grand_Nord/04_Correspondance/Echange_02.eml.txt,Echange_02.eml.txt,.txt,106,2026-09-16T10:51:10,2024-09-22T22:48:14,2024-09-22T22:48:14,MOD Administrator,MOD Administrator,https://m365x71797824.sharepoint.com/sites/MigrationFileServer/Clients/CL1019_Brasserie_Grand_Nord/04_Correspondance/Echange_02.eml.txt,0189DF78CB3CAF88CAC864AF94BF9453
Clients,CL1019_Brasserie_Grand_Nord/04_Correspondance/Echange_03.eml.txt,/sites/MigrationFileServer/Clients/CL1019_Brasserie_Grand_Nord/04_Correspondance/Echange_03.eml.txt,Echange_03.eml.txt,.txt,106,2026-09-16T10:22:14,2025-11-03T23:47:23,2025-11-03T23:47:23,MOD Administrator,MOD Administrator,https://m365x71797824.sharepoint.com/sites/MigrationFileServer/Clients/CL1019_Brasserie_Grand_Nord/04_Correspondance/Echange_03.eml.txt,013B6E9FEA2CEAD93BD26901D0844520
Clients,CL1019_Brasserie_Grand_Nord/05_Projets/Deploiement_Teams/Compte_rendu_COPIL.docx,/sites/MigrationFileServer/Clients/CL1019_Brasserie_Grand_Nord/05_Projets/Deploiement_Teams/Compte_rendu_COPIL.docx,Compte_rendu_COPIL.docx,.docx,36733,2026-09-16T10:44:11,2026-01-10T06:51:35,2026-01-10T06:51:35,MOD Administrator,MOD Administrator,https://m365x71797824.sharepoint.com/sites/MigrationFileServer/Clients/CL1019_Brasserie_Grand_Nord/05_Projets/Deploiement_Teams/Compte_rendu_COPIL.docx,01F9DCDD2633B61323DF5417EFE775B5
Clients,CL1019_Brasserie_Grand_Nord/05_Projets/Deploiement_Teams/Planning_Deploiement_Teams.xlsx,/sites/MigrationFileServer/Clients/CL1019_Brasserie_Grand_Nord/05_Projets/Deploiement_Teams/Planning_Deploiement_Teams.xlsx,Planning_Deploiement_Teams.xlsx,.xlsx,5136,2026-09-16T10:43:46,2026-04-06T04:44:53,2026-04-06T04:44:53,MOD Administrator,MOD Administrator,https://m365x71797824.sharepoint.com/sites/MigrationFileServer/Clients/CL1019_Brasserie_Grand_Nord/05_Projets/Deploiement_Teams/Planning_Deploiement_Teams.xlsx,01765CA91EBFCCA95D1C1C3F2DB885CC
Clients,CL1019_Brasserie_Grand_Nord/05_Projets/Deploiement_Teams/Presentation_lancement_Deploiement_Teams.pptx,/sites/MigrationFileServer/Clients/CL1019_Brasserie_Grand_Nord/05_Projets/Deploiement_Teams/Presentation_lancement_Deploiement_Teams.pptx,Presentation_lancement_Deploiement_Teams.pptx,.pptx,29174,2026-09-16T10:51:38,2026-04-05T05:02:48,2026-04-05T05:02:48,MOD Administrator,MOD Administrator,https://m365x71797824.sharepoint.com/sites/MigrationFileServer/Clients/CL1019_Brasserie_Grand_Nord/05_Projets/Deploiement_Teams/Presentation_lancement_Deploiement_Teams.pptx,01D606BA4C45C5100237412104B5E841
Clients,CL1019_Brasserie_Grand_Nord/05_Projets/Refonte_site_web/Compte_rendu_COPIL.docx,/sites/MigrationFileServer/Clients/CL1019_Brasserie_Grand_Nord/05_Projets/Refonte_site_web/Compte_rendu_COPIL.docx,Compte_rendu_COPIL.docx,.docx,36732,2026-09-16T10:59:27,2022-08-07T23:03:34,2022-08-07T23:03:34,MOD Administrator,MOD Administrator,https://m365x71797824.sharepoint.com/sites/MigrationFileServer/Clients/CL1019_Brasserie_Grand_Nord/05_Projets/Refonte_site_web/Compte_rendu_COPIL.docx,017D07D09F0D7459D682C8E47BECD319
Clients,CL1019_Brasserie_Grand_Nord/05_Projets/Refonte_site_web/Planning_Refonte_site_web.xlsx,/sites/MigrationFileServer/Clients/CL1019_Brasserie_Grand_Nord/05_Projets/Refonte_site_web/Planning_Refonte_site_web.xlsx,Planning_Refonte_site_web.xlsx,.xlsx,5142,2026-09-16T10:06:28,2022-01-04T02:16:41,2022-01-04T02:16:41,MOD Administrator,MOD Administrator,https://m365x71797824.sharepoint.com/sites/MigrationFileServer/Clients/CL1019_Brasserie_Grand_Nord/05_Projets/Refonte_site_web/Planning_Refonte_site_web.xlsx,0111D39B27DE59942A161A49CDDE8789
Clients,CL1019_Brasserie_Grand_Nord/05_Projets/Refonte_site_web/Presentation_lancement_Refonte_site_web.pptx,/sites/MigrationFileServer/Clients/CL1019_Brasserie_Grand_Nord/05_Projets/Refonte_site_web/Presentation_lancement_Refonte_site_web.pptx,Presentation_lancement_Refonte_site_web.pptx,.pptx,29177,2026-09-16T10:56:35,2022-12-07T14:09:02,2022-12-07T14:09:02,MOD Administrator,MOD Administrator,https://m365x71797824.sharepoint.com/sites/MigrationFileServer/Clients/CL1019_Brasserie_Grand_Nord/05_Projets/Refonte_site_web/Presentation_lancement_Refonte_site_web.pptx,0151E736532461270A6A404CE2AD7946
RH,01_Dossiers_Individuels/ANDRÉ_Clara/Bulletins_de_paie/2026/Bulletin_2026-01.pdf,/sites/MigrationFileServer/RH/01_Dossiers_Individuels/ANDRÉ_Clara/Bulletins_de_paie/2026/Bulletin_2026-01.pdf,Bulletin_2026-01.pdf,.pdf,1700,2026-09-16T10:35:10,2026-01-28T18:00:00,2026-01-28T18:00:00,MOD Administrator,MOD Administrator,https://m365x71797824.sharepoint.com/sites/MigrationFileServer/RH/01_Dossiers_Individuels/ANDRÉ_Clara/Bulletins_de_paie/2026/Bulletin_2026-01.pdf,018B03511AFF6373EA37691E18A38274
RH,01_Dossiers_Individuels/ANDRÉ_Clara/Bulletins_de_paie/2026/Bulletin_2026-02.pdf,/sites/MigrationFileServer/RH/01_Dossiers_Individuels/ANDRÉ_Clara/Bulletins_de_paie/2026/Bulletin_2026-02.pdf,Bulletin_2026-02.pdf,.pdf,1700,2026-09-16T10:27:26,2026-02-28T18:00:00,2026-02-28T18:00:00,MOD Administrator,MOD Administrator,https://m365x71797824.sharepoint.com/sites/MigrationFileServer/RH/01_Dossiers_Individuels/ANDRÉ_Clara/Bulletins_de_paie/2026/Bulletin_2026-02.pdf,01FF1BF9AE3EC003DAB8BF892DC43EDB
RH,01_Dossiers_Individuels/ANDRÉ_Clara/Bulletins_de_paie/2026/Bulletin_2026-03.pdf,/sites/MigrationFileServer/RH/01_Dossiers_Individuels/ANDRÉ_Clara/Bulletins_de_paie/2026/Bulletin_2026-03.pdf,Bulletin_2026-03.pdf,.pdf,1700,2026-09-16T10:18:14,2026-03-28T18:00:00,2026-03-28T18:00:00,MOD Administrator,MOD Administrator,https://m365x71797824.sharepoint.com/sites/MigrationFileServer/RH/01_Dossiers_Individuels/ANDRÉ_Clara/Bulletins_de_paie/2026/Bulletin_2026-03.pdf,015B46A94868FE2768DE88FD9429462A
RH,01_Dossiers_Individuels/ANDRÉ_Clara/Bulletins_de_paie/2026/Bulletin_2026-04.pdf,/sites/MigrationFileServer/RH/01_Dossiers_Individuels/ANDRÉ_Clara/Bulletins_de_paie/2026/Bulletin_2026-04.pdf,Bulletin_2026-04.pdf,.pdf,1700,2026-09-16T10:45:27,2026-04-28T18:00:00,2026-04-28T18:00:00,MOD Administrator,MOD Administrator,https://m365x71797824.sharepoint.com/sites/MigrationFileServer/RH/01_Dossiers_Individuels/ANDRÉ_Clara/Bulletins_de_paie/2026/Bulletin_2026-04.pdf,01A28F01B1297418374F5EACDF4D9DBB
RH,01_Dossiers_Individuels/ANDRÉ_Clara/Bulletins_de_paie/2026/Bulletin_2026-05.pdf,/sites/MigrationFileServer/RH/01_Dossiers_Individuels/ANDRÉ_Clara/Bulletins_de_paie/2026/Bulletin_2026-05.pdf,Bulletin_2026-05.pdf,.pdf,1702,2026-09-16T10:19:28,2026-05-28T18:00:00,2026-05-28T18:00:00,MOD Administrator,MOD Administrator,https://m365x71797824.sharepoint.com/sites/MigrationFileServer/RH/01_Dossiers_Individuels/ANDRÉ_Clara/Bulletins_de_paie/2026/Bulletin_2026-05.pdf,0196F8A8FE31707850247E119815C181
RH,01_Dossiers_Individuels/ANDRÉ_Clara/Bulletins_de_paie/2026/Bulletin_2026-06.pdf,/sites/MigrationFileServer/RH/01_Dossiers_Individuels/ANDRÉ_Clara/Bulletins_de_paie/2026/Bulletin_2026-06.pdf,Bulletin_2026-06.pdf,.pdf,1700,2026-09-16T10:26:07,2026-06-28T18:00:00,2026-06-28T18:00:00,MOD Administrator,MOD Administrator,https://m365x71797824.sharepoint.com/sites/MigrationFileServer/RH/01_Dossiers_Individuels/ANDRÉ_Clara/Bulletins_de_paie/2026/Bulletin_2026-06.pdf,016AEA4B9E2F0056A44BCF6CFA812AE8
RH,01_Dossiers_Individuels/ANDRÉ_Clara/Bulletins_de_paie/2026/Bulletin_2026-07.pdf,/sites/MigrationFileServer/RH/01_Dossiers_Individuels/ANDRÉ_Clara/Bulletins_de_paie/2026/Bulletin_2026-07.pdf,Bulletin_2026-07.pdf,.pdf,1700,2026-09-16T10:36:53,2026-07-28T18:00:00,2026-07-28T18:00:00,MOD Administrator,MOD Administrator,https://m365x71797824.sharepoint.com/sites/MigrationFileServer/RH/01_Dossiers_Individuels/ANDRÉ_Clara/Bulletins_de_paie/2026/Bulletin_2026-07.pdf,019790ABDEF915986CC4C97D6870986C
RH,01_Dossiers_Individuels/ANDRÉ_Clara/Bulletins_de_paie/2026/Bulletin_2026-08.pdf,/sites/MigrationFileServer/RH/01_Dossiers_Individuels/ANDRÉ_Clara/Bulletins_de_paie/2026/Bulletin_2026-08.pdf,Bulletin_2026-08.pdf,.pdf,1700,2026-09-16T10:37:30,2026-08-28T18:00:00,2026-08-28T18:00:00,MOD Administrator,MOD Administrator,https://m365x71797824.sharepoint.com/sites/MigrationFileServer/RH/01_Dossiers_Individuels/ANDRÉ_Clara/Bulletins_de_paie/2026/Bulletin_2026-08.pdf,0184BD1B7E78AF769E46EF6B5FF1DF8B
RH,01_Dossiers_Individuels/ANDRÉ_Clara/Contrat_de_travail_ANDRÉ.pdf,/sites/MigrationFileServer/RH/01_Dossiers_Individuels/ANDRÉ_Clara/Contrat_de_travail_ANDRÉ.pdf,Contrat_de_travail_ANDRÉ.pdf,.pdf,1729,2026-09-16T10:18:30,2016-03-30T06:41:06,2016-03-30T06:41:06,MOD Administrator,MOD Administrator,https://m365x71797824.sharepoint.com/sites/MigrationFileServer/RH/01_Dossiers_Individuels/ANDRÉ_Clara/Contrat_de_travail_ANDRÉ.pdf,01800B60CA2507EF58824D2212978B2F
RH,01_Dossiers_Individuels/ANDRÉ_Clara/Entretiens_annuels/Entretien_annuel_2024.docx,/sites/MigrationFileServer/RH/01_Dossiers_Individuels/ANDRÉ_Clara/Entretiens_annuels/Entretien_annuel_2024.docx,Entretien_annuel_2024.docx,.docx,36752,2026-09-16T10:16:14,2024-12-12T00:00:00,2024-12-12T00:00:00,MOD Administrator,MOD Administrator,https://m365x71797824.sharepoint.com/sites/MigrationFileServer/RH/01_Dossiers_Individuels/ANDRÉ_Clara/Entretiens_annuels/Entretien_annuel_2024.docx,0162296C5EB38B0B9F5A0E359712C30D
RH,01_Dossiers_Individuels/ANDRÉ_Clara/Entretiens_annuels/Entretien_annuel_2025.docx,/sites/MigrationFileServer/RH/01_Dossiers_Individuels/ANDRÉ_Clara/Entretiens_annuels/Entretien_annuel_2025.docx,Entretien_annuel_2025.docx,.docx,36753,2026-09-16T10:10:25,2025-12-03T00:00:00,2025-12-03T00:00:00,MOD Administrator,MOD Administrator,https://m365x71797824.sharepoint.com/sites/MigrationFileServer/RH/01_Dossiers_Individuels/ANDRÉ_Clara/Entretiens_annuels/Entretien_annuel_2025.docx,016CD7B7E3BBEAC7375AA5C37519B66C
RH,01_Dossiers_Individuels/BERNARD_Camille/Bulletins_de_paie/2026/Bulletin_2026-01.pdf,/sites/MigrationFileServer/RH/01_Dossiers_Individuels/BERNARD_Camille/Bulletins_de_paie/2026/Bulletin_2026-01.pdf,Bulletin_2026-01.pdf,.pdf,1700,2026-09-16T10:27:22,2026-01-28T18:00:00,2026-01-28T18:00:00,MOD Administrator,MOD Administrator,https://m365x71797824.sharepoint.com/sites/MigrationFileServer/RH/01_Dossiers_Individuels/BERNARD_Camille/Bulletins_de_paie/2026/Bulletin_2026-01.pdf,016454988BD71C30DFB0D1CE22B4785E
RH,01_Dossiers_Individuels/BERNARD_Camille/Bulletins_de_paie/2026/Bulletin_2026-02.pdf,/sites/MigrationFileServer/RH/01_Dossiers_Individuels/BERNARD_Camille/Bulletins_de_paie/2026/Bulletin_2026-02.pdf,Bulletin_2026-02.pdf,.pdf,1700,2026-09-16T10:47:09,2026-02-28T18:00:00,2026-02-28T18:00:00,MOD Administrator,MOD Administrator,https://m365x71797824.sharepoint.com/sites/MigrationFileServer/RH/01_Dossiers_Individuels/BERNARD_Camille/Bulletins_de_paie/2026/Bulletin_2026-02.pdf,019294142BD5A8E989DD4571CE771D51
RH,01_Dossiers_Individuels/BERNARD_Camille/Bulletins_de_paie/2026/Bulletin_2026-03.pdf,/sites/MigrationFileServer/RH/01_Dossiers_Individuels/BERNARD_Camille/Bulletins_de_paie/2026/Bulletin_2026-03.pdf,Bulletin_2026-03.pdf,.pdf,1700,2026-09-16T10:41:00,2026-03-28T18:00:00,2026-03-28T18:00:00,MOD Administrator,MOD Administrator,https://m365x71797824.sharepoint.com/sites/MigrationFileServer/RH/01_Dossiers_Individuels/BERNARD_Camille/Bulletins_de_paie/2026/Bulletin_2026-03.pdf,01BA7C6357C8D0DE7BD978C2840AA90D
RH,01_Dossiers_Individuels/BERNARD_Camille/Bulletins_de_paie/2026/Bulletin_2026-04.pdf,/sites/MigrationFileServer/RH/01_Dossiers_Individuels/BERNARD_Camille/Bulletins_de_paie/2026/Bulletin_2026-04.pdf,Bulletin_2026-04.pdf,.pdf,1699,2026-09-16T10:36:22,2026-04-28T18:00:00,2026-04-28T18:00:00,MOD Administrator,MOD Administrator,https://m365x71797824.sharepoint.com/sites/MigrationFileServer/RH/01_Dossiers_Individuels/BERNARD_Camille/Bulletins_de_paie/2026/Bulletin_2026-04.pdf,01EB941C03B65670D8A1449DBA824799
RH,01_Dossiers_Individuels/BERNARD_Camille/Bulletins_de_paie/2026/Bulletin_2026-05.pdf,/sites/MigrationFileServer/RH/01_Dossiers_Individuels/BERNARD_Camille/Bulletins_de_paie/2026/Bulletin_2026-05.pdf,Bulletin_2026-05.pdf,.pdf,1700,2026-09-16T10:49:25,2026-05-28T18:00:00,2026-05-28T18:00:00,MOD Administrator,MOD Administrator,https://m365x71797824.sharepoint.com/sites/MigrationFileServer/RH/01_Dossiers_Individuels/BERNARD_Camille/Bulletins_de_paie/2026/Bulletin_2026-05.pdf,014C5851E69EA8293E6EBC97F6F3BAD9
RH,01_Dossiers_Individuels/BERNARD_Camille/Bulletins_de_paie/2026/Bulletin_2026-06.pdf,/sites/MigrationFileServer/RH/01_Dossiers_Individuels/BERNARD_Camille/Bulletins_de_paie/2026/Bulletin_2026-06.pdf,Bulletin_2026-06.pdf,.pdf,1702,2026-09-16T10:16:35,2026-06-28T18:00:00,2026-06-28T18:00:00,MOD Administrator,MOD Administrator,https://m365x71797824.sharepoint.com/sites/MigrationFileServer/RH/01_Dossiers_Individuels/BERNARD_Camille/Bulletins_de_paie/2026/Bulletin_2026-06.pdf,01BC2C486ABF2175FDA9A92464A7036B
RH,01_Dossiers_Individuels/BERNARD_Camille/Bulletins_de_paie/2026/Bulletin_2026-07.pdf,/sites/MigrationFileServer/RH/01_Dossiers_Individuels/BERNARD_Camille/Bulletins_de_paie/2026/Bulletin_2026-07.pdf,Bulletin_2026-07.pdf,.pdf,1700,2026-09-16T10:06:43,2026-07-28T18:00:00,2026-07-28T18:00:00,MOD Administrator,MOD Administrator,https://m365x71797824.sharepoint.com/sites/MigrationFileServer/RH/01_Dossiers_Individuels/BERNARD_Camille/Bulletins_de_paie/2026/Bulletin_2026-07.pdf,01AD87B09E5DA83A98A064B4CC253376
RH,01_Dossiers_Individuels/BERNARD_Camille/Bulletins_de_paie/2026/Bulletin_2026-08.pdf,/sites/MigrationFileServer/RH/01_Dossiers_Individuels/BERNARD_Camille/Bulletins_de_paie/2026/Bulletin_2026-08.pdf,Bulletin_2026-08.pdf,.pdf,1700,2026-09-16T10:31:50,2026-08-28T18:00:00,2026-08-28T18:00:00,MOD Administrator,MOD Administrator,https://m365x71797824.sharepoint.com/sites/MigrationFileServer/RH/01_Dossiers_Individuels/BERNARD_Camille/Bulletins_de_paie/2026/Bulletin_2026-08.pdf,01AD601E3492491738970BDF6B539D61
RH,01_Dossiers_Individuels/BERNARD_Camille/Contrat_de_travail_BERNARD.pdf,/sites/MigrationFileServer/RH/01_Dossiers_Individuels/BERNARD_Camille/Contrat_de_travail_BERNARD.pdf,Contrat_de_travail_BERNARD.pdf,.pdf,1723,2026-09-16T10:20:21,2016-01-09T21:03:43,2016-01-09T21:03:43,MOD Administrator,MOD Administrator,https://m365x71797824.sharepoint.com/sites/MigrationFileServer/RH/01_Dossiers_Individuels/BERNARD_Camille/Contrat_de_travail_BERNARD.pdf,018CA4CF16280A172FF1E0B949CD120A
RH,01_Dossiers_Individuels/BERNARD_Camille/Entretiens_annuels/Entretien_annuel_2024.docx,/sites/MigrationFileServer/RH/01_Dossiers_Individuels/BERNARD_Camille/Entretiens_annuels/Entretien_annuel_2024.docx,Entretien_annuel_2024.docx,.docx,36754,2026-09-16T10:41:25,2024-12-08T00:00:00,2024-12-08T00:00:00,MOD Administrator,MOD Administrator,https://m365x71797824.sharepoint.com/sites/MigrationFileServer/RH/01_Dossiers_Individuels/BERNARD_Camille/Entretiens_annuels/Entretien_annuel_2024.docx,011D8C018D4920C0E12EB29664A6A107
RH,01_Dossiers_Individuels/BERNARD_Camille/Entretiens_annuels/Entretien_annuel_2025.docx,/sites/MigrationFileServer/RH/01_Dossiers_Individuels/BERNARD_Camille/Entretiens_annuels/Entretien_annuel_2025.docx,Entretien_annuel_2025.docx,.docx,36755,2026-09-16T10:14:57,2025-12-01T00:00:00,2025-12-01T00:00:00,MOD Administrator,MOD Administrator,https://m365x71797824.sharepoint.com/sites/MigrationFileServer/RH/01_Dossiers_Individuels/BERNARD_Camille/Entretiens_annuels/Entretien_annuel_2025.docx,0106D90AF4F9B96410CCED3402E7885C
RH,01_Dossiers_Individuels/BERNARD_Sophie/Bulletins_de_paie/2026/Bulletin_2026-01.pdf,/sites/MigrationFileServer/RH/01_Dossiers_Individuels/BERNARD_Sophie/Bulletins_de_paie/2026/Bulletin_2026-01.pdf,Bulletin_2026-01.pdf,.pdf,1702,2026-09-16T10:45:20,2026-01-28T18:00:00,2026-01-28T18:00:00,MOD Administrator,MOD Administrator,https://m365x71797824.sharepoint.com/sites/MigrationFileServer/RH/01_Dossiers_Individuels/BERNARD_Sophie/Bulletins_de_paie/2026/Bulletin_2026-01.pdf,017EE61AC670D920417AC86CB6CE7A49
RH,01_Dossiers_Individuels/BERNARD_Sophie/Bulletins_de_paie/2026/Bulletin_2026-02.pdf,/sites/MigrationFileServer/RH/01_Dossiers_Individuels/BERNARD_Sophie/Bulletins_de_paie/2026/Bulletin_2026-02.pdf,Bulletin_2026-02.pdf,.pdf,1703,2026-09-16T10:23:23,2026-02-28T18:00:00,2026-02-28T18:00:00,MOD Administrator,MOD Administrator,https://m365x71797824.sharepoint.com/sites/MigrationFileServer/RH/01_Dossiers_Individuels/BERNARD_Sophie/Bulletins_de_paie/2026/Bulletin_2026-02.pdf,01598F11810513937AE5287803857EF0
RH,01_Dossiers_Individuels/BERNARD_Sophie/Bulletins_de_paie/2026/Bulletin_2026-03.pdf,/sites/MigrationFileServer/RH/01_Dossiers_Individuels/BERNARD_Sophie/Bulletins_de_paie/2026/Bulletin_2026-03.pdf,Bulletin_2026-03.pdf,.pdf,1700,2026-09-16T10:41:34,2026-03-28T18:00:00,2026-03-28T18:00:00,MOD Administrator,MOD Administrator,https://m365x71797824.sharepoint.com/sites/MigrationFileServer/RH/01_Dossiers_Individuels/BERNARD_Sophie/Bulletins_de_paie/2026/Bulletin_2026-03.pdf,01A3A09AA95339B41AEDEC5CB3CAAF92
RH,01_Dossiers_Individuels/BERNARD_Sophie/Bulletins_de_paie/2026/Bulletin_2026-04.pdf,/sites/MigrationFileServer/RH/01_Dossiers_Individuels/BERNARD_Sophie/Bulletins_de_paie/2026/Bulletin_2026-04.pdf,Bulletin_2026-04.pdf,.pdf,1699,2026-09-16T10:36:07,2026-04-28T18:00:00,2026-04-28T18:00:00,MOD Administrator,MOD Administrator,https://m365x71797824.sharepoint.com/sites/MigrationFileServer/RH/01_Dossiers_Individuels/BERNARD_Sophie/Bulletins_de_paie/2026/Bulletin_2026-04.pdf,019C1667CA631A405A412A1D535526A8
RH,01_Dossiers_Individuels/BERNARD_Sophie/Bulletins_de_paie/2026/Bulletin_2026-05.pdf,/sites/MigrationFileServer/RH/01_Dossiers_Individuels/BERNARD_Sophie/Bulletins_de_paie/2026/Bulletin_2026-05.pdf,Bulletin_2026-05.pdf,.pdf,1702,2026-09-16T10:44:36,2026-05-28T18:00:00,2026-05-28T18:00:00,MOD Administrator,MOD Administrator,https://m365x71797824.sharepoint.com/sites/MigrationFileServer/RH/01_Dossiers_Individuels/BERNARD_Sophie/Bulletins_de_paie/2026/Bulletin_2026-05.pdf,01044A398C42B6D19ADB6AD12FC934DB
RH,01_Dossiers_Individuels/BERNARD_Sophie/Bulletins_de_paie/2026/Bulletin_2026-06.pdf,/sites/MigrationFileServer/RH/01_Dossiers_Individuels/BERNARD_Sophie/Bulletins_de_paie/2026/Bulletin_2026-06.pdf,Bulletin_2026-06.pdf,.pdf,1700,2026-09-16T10:29:51,2026-06-28T18:00:00,2026-06-28T18:00:00,MOD Administrator,MOD Administrator,https://m365x71797824.sharepoint.com/sites/MigrationFileServer/RH/01_Dossiers_Individuels/BERNARD_Sophie/Bulletins_de_paie/2026/Bulletin_2026-06.pdf,01CF76B97D5CE45BF01133A84C6340CA
RH,01_Dossiers_Individuels/BERNARD_Sophie/Bulletins_de_paie/2026/Bulletin_2026-07.pdf,/sites/MigrationFileServer/RH/01_Dossiers_Individuels/BERNARD_Sophie/Bulletins_de_paie/2026/Bulletin_2026-07.pdf,Bulletin_2026-07.pdf,.pdf,1703,2026-09-16T10:46:34,2026-07-28T18:00:00,2026-07-28T18:00:00,MOD Administrator,MOD Administrator,https://m365x71797824.sharepoint.com/sites/MigrationFileServer/RH/01_Dossiers_Individuels/BERNARD_Sophie/Bulletins_de_paie/2026/Bulletin_2026-07.pdf,0155161772E42A2CF2469C198803123B
RH,01_Dossiers_Individuels/BERNARD_Sophie/Bulletins_de_paie/2026/Bulletin_2026-08.pdf,/sites/MigrationFileServer/RH/01_Dossiers_Individuels/BERNARD_Sophie/Bulletins_de_paie/2026/Bulletin_2026-08.pdf,Bulletin_2026-08.pdf,.pdf,1702,2026-09-16T10:24:52,2026-08-28T18:00:00,2026-08-28T18:00:00,MOD Administrator,MOD Administrator,https://m365x71797824.sharepoint.com/sites/MigrationFileServer/RH/01_Dossiers_Individuels/BERNARD_Sophie/Bulletins_de_paie/2026/Bulletin_2026-08.pdf,01B0A16099F0755611290471487EBA86
RH,01_Dossiers_Individuels/BERNARD_Sophie/Contrat_de_travail_BERNARD.pdf,/sites/MigrationFileServer/RH/01_Dossiers_Individuels/BERNARD_Sophie/Contrat_de_travail_BERNARD.pdf,Contrat_de_travail_BERNARD.pdf,.pdf,1727,2026-09-16T10:30:01,2014-10-09T06:30:46,2014-10-09T06:30:46,MOD Administrator,MOD Administrator,https://m365x71797824.sharepoint.com/sites/MigrationFileServer/RH/01_Dossiers_Individuels/BERNARD_Sophie/Contrat_de_travail_BERNARD.pdf,010F39E37435AF003D31722360136289
RH,01_Dossiers_Individuels/BERNARD_Sophie/Entretiens_annuels/Entretien_annuel_2024.docx,/sites/MigrationFileServer/RH/01_Dossiers_Individuels/BERNARD_Sophie/Entretiens_annuels/Entretien_annuel_2024.docx,Entretien_annuel_2024.docx,.docx,36756,2026-09-16T10:53:51,2024-12-09T00:00:00,2024-12-09T00:00:00,MOD Administrator,MOD Administrator,https://m365x71797824.sharepoint.com/sites/MigrationFileServer/RH/01_Dossiers_Individuels/BERNARD_Sophie/Entretiens_annuels/Entretien_annuel_2024.docx,013A5D5DC14FA5D8DD259A997A23FD4A
RH,01_Dossiers_Individuels/BERNARD_Sophie/Entretiens_annuels/Entretien_annuel_2025.docx,/sites/MigrationFileServer/RH/01_Dossiers_Individuels/BERNARD_Sophie/Entretiens_annuels/Entretien_annuel_2025.docx,Entretien_annuel_2025.docx,.docx,36756,2026-09-16T10:20:03,2025-12-09T00:00:00,2025-12-09T00:00:00,MOD Administrator,MOD Administrator,https://m365x71797824.sharepoint.com/sites/MigrationFileServer/RH/01_Dossiers_Individuels/BERNARD_Sophie/Entretiens_annuels/Entretien_annuel_2025.docx,01BBC15E001F3B59CD438AB37E6FC6A3
RH,01_Dossiers_Individuels/BLANC_Léa/Bulletins_de_paie/2026/Bulletin_2026-01.pdf,/sites/MigrationFileServer/RH/01_Dossiers_Individuels/BLANC_Léa/Bulletins_de_paie/2026/Bulletin_2026-01.pdf,Bulletin_2026-01.pdf,.pdf,1700,2026-09-16T10:52:58,2026-01-28T18:00:00,2026-01-28T18:00:00,MOD Administrator,MOD Administrator,https://m365x71797824.sharepoint.com/sites/MigrationFileServer/RH/01_Dossiers_Individuels/BLANC_Léa/Bulletins_de_paie/2026/Bulletin_2026-01.pdf,0124D7E165F26ABCAF1B6BA0CAE90B56
RH,01_Dossiers_Individuels/BLANC_Léa/Bulletins_de_paie/2026/Bulletin_2026-02.pdf,/sites/MigrationFileServer/RH/01_Dossiers_Individuels/BLANC_Léa/Bulletins_de_paie/2026/Bulletin_2026-02.pdf,Bulletin_2026-02.pdf,.pdf,1699,2026-09-16T10:41:35,2026-02-28T18:00:00,2026-02-28T18:00:00,MOD Administrator,MOD Administrator,https://m365x71797824.sharepoint.com/sites/MigrationFileServer/RH/01_Dossiers_Individuels/BLANC_Léa/Bulletins_de_paie/2026/Bulletin_2026-02.pdf,01C5DC8B5116EF7DC0F939F767EC04DA
RH,01_Dossiers_Individuels/BLANC_Léa/Bulletins_de_paie/2026/Bulletin_2026-03.pdf,/sites/MigrationFileServer/RH/01_Dossiers_Individuels/BLANC_Léa/Bulletins_de_paie/2026/Bulletin_2026-03.pdf,Bulletin_2026-03.pdf,.pdf,1698,2026-09-16T10:15:27,2026-03-28T18:00:00,2026-03-28T18:00:00,MOD Administrator,MOD Administrator,https://m365x71797824.sharepoint.com/sites/MigrationFileServer/RH/01_Dossiers_Individuels/BLANC_Léa/Bulletins_de_paie/2026/Bulletin_2026-03.pdf,01BF8033900A34A2EF31641290D66838
RH,01_Dossiers_Individuels/BLANC_Léa/Bulletins_de_paie/2026/Bulletin_2026-04.pdf,/sites/MigrationFileServer/RH/01_Dossiers_Individuels/BLANC_Léa/Bulletins_de_paie/2026/Bulletin_2026-04.pdf,Bulletin_2026-04.pdf,.pdf,1698,2026-09-16T10:37:54,2026-04-28T18:00:00,2026-04-28T18:00:00,MOD Administrator,MOD Administrator,https://m365x71797824.sharepoint.com/sites/MigrationFileServer/RH/01_Dossiers_Individuels/BLANC_Léa/Bulletins_de_paie/2026/Bulletin_2026-04.pdf,0117D9E65E6C16E7C362C11C1BBAF84C
RH,01_Dossiers_Individuels/BLANC_Léa/Bulletins_de_paie/2026/Bulletin_2026-05.pdf,/sites/MigrationFileServer/RH/01_Dossiers_Individuels/BLANC_Léa/Bulletins_de_paie/2026/Bulletin_2026-05.pdf,Bulletin_2026-05.pdf,.pdf,1699,2026-09-16T10:46:55,2026-05-28T18:00:00,2026-05-28T18:00:00,MOD Administrator,MOD Administrator,https://m365x71797824.sharepoint.com/sites/MigrationFileServer/RH/01_Dossiers_Individuels/BLANC_Léa/Bulletins_de_paie/2026/Bulletin_2026-05.pdf,0198D475D32DF27CA3C0E7B4AFB5794D
RH,01_Dossiers_Individuels/BLANC_Léa/Bulletins_de_paie/2026/Bulletin_2026-06.pdf,/sites/MigrationFileServer/RH/01_Dossiers_Individuels/BLANC_Léa/Bulletins_de_paie/2026/Bulletin_2026-06.pdf,Bulletin_2026-06.pdf,.pdf,1698,2026-09-16T10:14:19,2026-06-28T18:00:00,2026-06-28T18:00:00,MOD Administrator,MOD Administrator,https://m365x71797824.sharepoint.com/sites/MigrationFileServer/RH/01_Dossiers_Individuels/BLANC_Léa/Bulletins_de_paie/2026/Bulletin_2026-06.pdf,0129133DBD0E5277CB1587FA0A09C0AF
RH,01_Dossiers_Individuels/BLANC_Léa/Bulletins_de_paie/2026/Bulletin_2026-07.pdf,/sites/MigrationFileServer/RH/01_Dossiers_Individuels/BLANC_Léa/Bulletins_de_paie/2026/Bulletin_2026-07.pdf,Bulletin_2026-07.pdf,.pdf,1699,2026-09-16T10:13:02,2026-07-28T18:00:00,2026-07-28T18:00:00,MOD Administrator,MOD Administrator,https://m365x71797824.sharepoint.com/sites/MigrationFileServer/RH/01_Dossiers_Individuels/BLANC_Léa/Bulletins_de_paie/2026/Bulletin_2026-07.pdf,01B1C6C28DB5524DBA53EB7BD1059453
RH,01_Dossiers_Individuels/BLANC_Léa/Bulletins_de_paie/2026/Bulletin_2026-08.pdf,/sites/MigrationFileServer/RH/01_Dossiers_Individuels/BLANC_Léa/Bulletins_de_paie/2026/Bulletin_2026-08.pdf,Bulletin_2026-08.pdf,.pdf,1699,2026-09-16T10:46:10,2026-08-28T18:00:00,2026-08-28T18:00:00,MOD Administrator,MOD Administrator,https://m365x71797824.sharepoint.com/sites/MigrationFileServer/RH/01_Dossiers_Individuels/BLANC_Léa/Bulletins_de_paie/2026/Bulletin_2026-08.pdf,011B6BC057297ABE22769F128D1CC20C
RH,01_Dossiers_Individuels/BLANC_Léa/Contrat_de_travail_BLANC.pdf,/sites/MigrationFileServer/RH/01_Dossiers_Individuels/BLANC_Léa/Contrat_de_travail_BLANC.pdf,Contrat_de_travail_BLANC.pdf,.pdf,1723,2026-09-16T10:17:12,2019-10-23T02:44:45,2019-10-23T02:44:45,MOD Administrator,MOD Administrator,https://m365x71797824.sharepoint.com/sites/MigrationFileServer/RH/01_Dossiers_Individuels/BLANC_Léa/Contrat_de_travail_BLANC.pdf,01F0F1E0A8AC280FBE5BA08B539BF85E
RH,01_Dossiers_Individuels/BLANC_Léa/Entretiens_annuels/Entretien_annuel_2024.docx,/sites/MigrationFileServer/RH/01_Dossiers_Individuels/BLANC_Léa/Entretiens_annuels/Entretien_annuel_2024.docx,Entretien_annuel_2024.docx,.docx,36754,2026-09-16T10:18:23,2024-12-11T00:00:00,2024-12-11T00:00:00,MOD Administrator,MOD Administrator,https://m365x71797824.sharepoint.com/sites/MigrationFileServer/RH/01_Dossiers_Individuels/BLANC_Léa/Entretiens_annuels/Entretien_annuel_2024.docx,016F388E37DB6456D5FAA0535F1EF290
RH,01_Dossiers_Individuels/BLANC_Léa/Entretiens_annuels/Entretien_annuel_2025.docx,/sites/MigrationFileServer/RH/01_Dossiers_Individuels/BLANC_Léa/Entretiens_annuels/Entretien_annuel_2025.docx,Entretien_annuel_2025.docx,.docx,36754,2026-09-16T10:26:25,2025-12-10T00:00:00,2025-12-10T00:00:00,MOD Administrator,MOD Administrator,https://m365x71797824.sharepoint.com/sites/MigrationFileServer/RH/01_Dossiers_Individuels/BLANC_Léa/Entretiens_annuels/Entretien_annuel_2025.docx,013B8EA2BB72374AAF40D920CA68B551
RH,01_Dossiers_Individuels/BLANC_Pauline/Bulletins_de_paie/2026/Bulletin_2026-01.pdf,/sites/MigrationFileServer/RH/01_Dossiers_Individuels/BLANC_Pauline/Bulletins_de_paie/2026/Bulletin_2026-01.pdf,Bulletin_2026-01.pdf,.pdf,1697,2026-09-16T10:36:01,2026-01-28T18:00:00,2026-01-28T18:00:00,MOD Administrator,MOD Administrator,https://m365x71797824.sharepoint.com/sites/MigrationFileServer/RH/01_Dossiers_Individuels/BLANC_Pauline/Bulletins_de_paie/2026/Bulletin_2026-01.pdf,01E673289EB4B3FEDDAC5CC28BFEB154
RH,01_Dossiers_Individuels/BLANC_Pauline/Bulletins_de_paie/2026/Bulletin_2026-02.pdf,/sites/MigrationFileServer/RH/01_Dossiers_Individuels/BLANC_Pauline/Bulletins_de_paie/2026/Bulletin_2026-02.pdf,Bulletin_2026-02.pdf,.pdf,1695,2026-09-16T10:17:10,2026-02-28T18:00:00,2026-02-28T18:00:00,MOD Administrator,MOD Administrator,https://m365x71797824.sharepoint.com/sites/MigrationFileServer/RH/01_Dossiers_Individuels/BLANC_Pauline/Bulletins_de_paie/2026/Bulletin_2026-02.pdf,01CB2FB76326F95CA0E48FCA7A2E0DDB
RH,01_Dossiers_Individuels/BLANC_Pauline/Bulletins_de_paie/2026/Bulletin_2026-03.pdf,/sites/MigrationFileServer/RH/01_Dossiers_Individuels/BLANC_Pauline/Bulletins_de_paie/2026/Bulletin_2026-03.pdf,Bulletin_2026-03.pdf,.pdf,1698,2026-09-16T10:28:40,2026-03-28T18:00:00,2026-03-28T18:00:00,MOD Administrator,MOD Administrator,https://m365x71797824.sharepoint.com/sites/MigrationFileServer/RH/01_Dossiers_Individuels/BLANC_Pauline/Bulletins_de_paie/2026/Bulletin_2026-03.pdf,01720E47760F16649DA7BD4828BCB782
RH,01_Dossiers_Individuels/BLANC_Pauline/Bulletins_de_paie/2026/Bulletin_2026-04.pdf,/sites/MigrationFileServer/RH/01_Dossiers_Individuels/BLANC_Pauline/Bulletins_de_paie/2026/Bulletin_2026-04.pdf,Bulletin_2026-04.pdf,.pdf,1698,2026-09-16T10:39:39,2026-04-28T18:00:00,2026-04-28T18:00:00,MOD Administrator,MOD Administrator,https://m365x71797824.sharepoint.com/sites/MigrationFileServer/RH/01_Dossiers_Individuels/BLANC_Pauline/Bulletins_de_paie/2026/Bulletin_2026-04.pdf,01C87EEABA089720BCE7CB9BC2AE42C8
RH,01_Dossiers_Individuels/BLANC_Pauline/Bulletins_de_paie/2026/Bulletin_2026-05.pdf,/sites/MigrationFileServer/RH/01_Dossiers_Individuels/BLANC_Pauline/Bulletins_de_paie/2026/Bulletin_2026-05.pdf,Bulletin_2026-05.pdf,.pdf,1697,2026-09-16T10:34:35,2026-05-28T18:00:00,2026-05-28T18:00:00,MOD Administrator,MOD Administrator,https://m365x71797824.sharepoint.com/sites/MigrationFileServer/RH/01_Dossiers_Individuels/BLANC_Pauline/Bulletins_de_paie/2026/Bulletin_2026-05.pdf,01038897AB93601470E268609BCA7969
RH,01_Dossiers_Individuels/BLANC_Pauline/Bulletins_de_paie/2026/Bulletin_2026-06.pdf,/sites/MigrationFileServer/RH/01_Dossiers_Individuels/BLANC_Pauline/Bulletins_de_paie/2026/Bulletin_2026-06.pdf,Bulletin_2026-06.pdf,.pdf,1698,2026-09-16T10:34:28,2026-06-28T18:00:00,2026-06-28T18:00:00,MOD Administrator,MOD Administrator,https://m365x71797824.sharepoint.com/sites/MigrationFileServer/RH/01_Dossiers_Individuels/BLANC_Pauline/Bulletins_de_paie/2026/Bulletin_2026-06.pdf,01A221EE6E99DBCF2405E43518E1A1C8
RH,01_Dossiers_Individuels/BLANC_Pauline/Bulletins_de_paie/2026/Bulletin_2026-07.pdf,/sites/MigrationFileServer/RH/01_Dossiers_Individuels/BLANC_Pauline/Bulletins_de_paie/2026/Bulletin_2026-07.pdf,Bulletin_2026-07.pdf,.pdf,1698,2026-09-16T10:27:42,2026-07-28T18:00:00,2026-07-28T18:00:00,MOD Administrator,MOD Administrator,https://m365x71797824.sharepoint.com/sites/MigrationFileServer/RH/01_Dossiers_Individuels/BLANC_Pauline/Bulletins_de_paie/2026/Bulletin_2026-07.pdf,0125C0535BF17FCE5882E8282D655BBE
RH,01_Dossiers_Individuels/BLANC_Pauline/Bulletins_de_paie/2026/Bulletin_2026-08.pdf,/sites/MigrationFileServer/RH/01_Dossiers_Individuels/BLANC_Pauline/Bulletins_de_paie/2026/Bulletin_2026-08.pdf,Bulletin_2026-08.pdf,.pdf,1699,2026-09-16T10:09:58,2026-08-28T18:00:00,2026-08-28T18:00:00,MOD Administrator,MOD Administrator,https://m365x71797824.sharepoint.com/sites/MigrationFileServer/RH/01_Dossiers_Individuels/BLANC_Pauline/Bulletins_de_paie/2026/Bulletin_2026-08.pdf,012478EBF2843BF7818F91B415C95631
RH,01_Dossiers_Individuels/BLANC_Pauline/Contrat_de_travail_BLANC.pdf,/sites/MigrationFileServer/RH/01_Dossiers_Individuels/BLANC_Pauline/Contrat_de_travail_BLANC.pdf,Contrat_de_travail_BLANC.pdf,.pdf,1730,2026-09-16T10:37:11,2012-04-28T20:05:14,2012-04-28T20:05:14,MOD Administrator,MOD Administrator,https://m365x71797824.sharepoint.com/sites/MigrationFileServer/RH/01_Dossiers_Individuels/BLANC_Pauline/Contrat_de_travail_BLANC.pdf,01B0D01033281886186220F122B0381C
RH,01_Dossiers_Individuels/BLANC_Pauline/Entretiens_annuels/Entretien_annuel_2024.docx,/sites/MigrationFileServer/RH/01_Dossiers_Individuels/BLANC_Pauline/Entretiens_annuels/Entretien_annuel_2024.docx,Entretien_annuel_2024.docx,.docx,36755,2026-09-16T10:47:00,2024-12-04T00:00:00,2024-12-04T00:00:00,MOD Administrator,MOD Administrator,https://m365x71797824.sharepoint.com/sites/MigrationFileServer/RH/01_Dossiers_Individuels/BLANC_Pauline/Entretiens_annuels/Entretien_annuel_2024.docx,01C9353766EC3C6ACACD53DB2A801466
RH,01_Dossiers_Individuels/BLANC_Pauline/Entretiens_annuels/Entretien_annuel_2025.docx,/sites/MigrationFileServer/RH/01_Dossiers_Individuels/BLANC_Pauline/Entretiens_annuels/Entretien_annuel_2025.docx,Entretien_annuel_2025.docx,.docx,36754,2026-09-16T10:50:32,2025-12-02T00:00:00,2025-12-02T00:00:00,MOD Administrator,MOD Administrator,https://m365x71797824.sharepoint.com/sites/MigrationFileServer/RH/01_Dossiers_Individuels/BLANC_Pauline/Entretiens_annuels/Entretien_annuel_2025.docx,01CC4F2DCCD82EFE7D016FB1FFF04EFB
RH,01_Dossiers_Individuels/BLANC_Sarah/Bulletins_de_paie/2026/Bulletin_2026-01.pdf,/sites/MigrationFileServer/RH/01_Dossiers_Individuels/BLANC_Sarah/Bulletins_de_paie/2026/Bulletin_2026-01.pdf,Bulletin_2026-01.pdf,.pdf,1697,2026-09-16T10:29:26,2026-01-28T18:00:00,2026-01-28T18:00:00,MOD Administrator,MOD Administrator,https://m365x71797824.sharepoint.com/sites/MigrationFileServer/RH/01_Dossiers_Individuels/BLANC_Sarah/Bulletins_de_paie/2026/Bulletin_2026-01.pdf,0191E3B6003065BC1FAB585A2EB4A02B
RH,01_Dossiers_Individuels/BLANC_Sarah/Bulletins_de_paie/2026/Bulletin_2026-02.pdf,/sites/MigrationFileServer/RH/01_Dossiers_Individuels/BLANC_Sarah/Bulletins_de_paie/2026/Bulletin_2026-02.pdf,Bulletin_2026-02.pdf,.pdf,1695,2026-09-16T10:30:46,2026-02-28T18:00:00,2026-02-28T18:00:00,MOD Administrator,MOD Administrator,https://m365x71797824.sharepoint.com/sites/MigrationFileServer/RH/01_Dossiers_Individuels/BLANC_Sarah/Bulletins_de_paie/2026/Bulletin_2026-02.pdf,01F5BEF4465571335068A6277BA9A64E
RH,01_Dossiers_Individuels/BLANC_Sarah/Bulletins_de_paie/2026/Bulletin_2026-03.pdf,/sites/MigrationFileServer/RH/01_Dossiers_Individuels/BLANC_Sarah/Bulletins_de_paie/2026/Bulletin_2026-03.pdf,Bulletin_2026-03.pdf,.pdf,1695,2026-09-16T10:36:37,2026-03-28T18:00:00,2026-03-28T18:00:00,MOD Administrator,MOD Administrator,https://m365x71797824.sharepoint.com/sites/MigrationFileServer/RH/01_Dossiers_Individuels/BLANC_Sarah/Bulletins_de_paie/2026/Bulletin_2026-03.pdf,012948D82B9D7D83E7FAA9EF41EDCF0C
RH,01_Dossiers_Individuels/BLANC_Sarah/Bulletins_de_paie/2026/Bulletin_2026-04.pdf,/sites/MigrationFileServer/RH/01_Dossiers_Individuels/BLANC_Sarah/Bulletins_de_paie/2026/Bulletin_2026-04.pdf,Bulletin_2026-04.pdf,.pdf,1694,2026-09-16T10:26:57,2026-04-28T18:00:00,2026-04-28T18:00:00,MOD Administrator,MOD Administrator,https://m365x71797824.sharepoint.com/sites/MigrationFileServer/RH/01_Dossiers_Individuels/BLANC_Sarah/Bulletins_de_paie/2026/Bulletin_2026-04.pdf,01FE56C3FA44D9C8F330DC63EE6068CA
RH,01_Dossiers_Individuels/BLANC_Sarah/Bulletins_de_paie/2026/Bulletin_2026-05.pdf,/sites/MigrationFileServer/RH/01_Dossiers_Individuels/BLANC_Sarah/Bulletins_de_paie/2026/Bulletin_2026-05.pdf,Bulletin_2026-05.pdf,.pdf,1697,2026-09-16T10:19:50,2026-05-28T18:00:00,2026-05-28T18:00:00,MOD Administrator,MOD Administrator,https://m365x71797824.sharepoint.com/sites/MigrationFileServer/RH/01_Dossiers_Individuels/BLANC_Sarah/Bulletins_de_paie/2026/Bulletin_2026-05.pdf,01D23CDA4B9D56E087C9C30BC4AA06C3
RH,01_Dossiers_Individuels/BLANC_Sarah/Bulletins_de_paie/2026/Bulletin_2026-06.pdf,/sites/MigrationFileServer/RH/01_Dossiers_Individuels/BLANC_Sarah/Bulletins_de_paie/2026/Bulletin_2026-06.pdf,Bulletin_2026-06.pdf,.pdf,1695,2026-09-16T10:06:37,2026-06-28T18:00:00,2026-06-28T18:00:00,MOD Administrator,MOD Administrator,https://m365x71797824.sharepoint.com/sites/MigrationFileServer/RH/01_Dossiers_Individuels/BLANC_Sarah/Bulletins_de_paie/2026/Bulletin_2026-06.pdf,01A47A1869517A5D205388D75CB02162
RH,01_Dossiers_Individuels/BLANC_Sarah/Bulletins_de_paie/2026/Bulletin_2026-07.pdf,/sites/MigrationFileServer/RH/01_Dossiers_Individuels/BLANC_Sarah/Bulletins_de_paie/2026/Bulletin_2026-07.pdf,Bulletin_2026-07.pdf,.pdf,1694,2026-09-16T10:54:35,2026-07-28T18:00:00,2026-07-28T18:00:00,MOD Administrator,MOD Administrator,https://m365x71797824.sharepoint.com/sites/MigrationFileServer/RH/01_Dossiers_Individuels/BLANC_Sarah/Bulletins_de_paie/2026/Bulletin_2026-07.pdf,015639B9419C62E34CCD12667D43256B
RH,01_Dossiers_Individuels/BLANC_Sarah/Bulletins_de_paie/2026/Bulletin_2026-08.pdf,/sites/MigrationFileServer/RH/01_Dossiers_Individuels/BLANC_Sarah/Bulletins_de_paie/2026/Bulletin_2026-08.pdf,Bulletin_2026-08.pdf,.pdf,1698,2026-09-16T10:16:36,2026-08-28T18:00:00,2026-08-28T18:00:00,MOD Administrator,MOD Administrator,https://m365x71797824.sharepoint.com/sites/MigrationFileServer/RH/01_Dossiers_Individuels/BLANC_Sarah/Bulletins_de_paie/2026/Bulletin_2026-08.pdf,01F3B9E79E7D1E37E98BC853D7DB905B
RH,01_Dossiers_Individuels/BLANC_Sarah/Contrat_de_travail_BLANC.pdf,/sites/MigrationFileServer/RH/01_Dossiers_Individuels/BLANC_Sarah/Contrat_de_travail_BLANC.pdf,Contrat_de_travail_BLANC.pdf,.pdf,1735,2026-09-16T10:23:54,2012-07-20T05:15:53,2012-07-20T05:15:53,MOD Administrator,MOD Administrator,https://m365x71797824.sharepoint.com/sites/MigrationFileServer/RH/01_Dossiers_Individuels/BLANC_Sarah/Contrat_de_travail_BLANC.pdf,017DF65B9E153D8F64FD1FB212EC42E8
RH,01_Dossiers_Individuels/BLANC_Sarah/Entretiens_annuels/Entretien_annuel_2024.docx,/sites/MigrationFileServer/RH/01_Dossiers_Individuels/BLANC_Sarah/Entretiens_annuels/Entretien_annuel_2024.docx,Entretien_annuel_2024.docx,.docx,36753,2026-09-16T10:59:48,2024-12-15T00:00:00,2024-12-15T00:00:00,MOD Administrator,MOD Administrator,https://m365x71797824.sharepoint.com/sites/MigrationFileServer/RH/01_Dossiers_Individuels/BLANC_Sarah/Entretiens_annuels/Entretien_annuel_2024.docx,01C2D442E46D974C23262A54710BE2C7
RH,01_Dossiers_Individuels/BLANC_Sarah/Entretiens_annuels/Entretien_annuel_2025.docx,/sites/MigrationFileServer/RH/01_Dossiers_Individuels/BLANC_Sarah/Entretiens_annuels/Entretien_annuel_2025.docx,Entretien_annuel_2025.docx,.docx,36753,2026-09-16T10:11:36,2025-12-08T00:00:00,2025-12-08T00:00:00,MOD Administrator,MOD Administrator,https://m365x71797824.sharepoint.com/sites/MigrationFileServer/RH/01_Dossiers_Individuels/BLANC_Sarah/Entretiens_annuels/Entretien_annuel_2025.docx,01962654AF4B496514E83F17456A1203
RH,01_Dossiers_Individuels/BOYER_Bastien/Bulletins_de_paie/2026/Bulletin_2026-01.pdf,/sites/MigrationFileServer/RH/01_Dossiers_Individuels/BOYER_Bastien/Bulletins_de_paie/2026/Bulletin_2026-01.pdf,Bulletin_2026-01.pdf,.pdf,1699,2026-09-16T10:38:27,2026-01-28T18:00:00,2026-01-28T18:00:00,MOD Administrator,MOD Administrator,https://m365x71797824.sharepoint.com/sites/MigrationFileServer/RH/01_Dossiers_Individuels/BOYER_Bastien/Bulletins_de_paie/2026/Bulletin_2026-01.pdf,0116571318011E5C4DEEF09D19B47BDD
RH,01_Dossiers_Individuels/BOYER_Bastien/Bulletins_de_paie/2026/Bulletin_2026-02.pdf,/sites/MigrationFileServer/RH/01_Dossiers_Individuels/BOYER_Bastien/Bulletins_de_paie/2026/Bulletin_2026-02.pdf,Bulletin_2026-02.pdf,.pdf,1697,2026-09-16T10:43:49,2026-02-28T18:00:00,2026-02-28T18:00:00,MOD Administrator,MOD Administrator,https://m365x71797824.sharepoint.com/sites/MigrationFileServer/RH/01_Dossiers_Individuels/BOYER_Bastien/Bulletins_de_paie/2026/Bulletin_2026-02.pdf,0146D19CA3605EDF751A57C0222233BA
RH,01_Dossiers_Individuels/BOYER_Bastien/Bulletins_de_paie/2026/Bulletin_2026-03.pdf,/sites/MigrationFileServer/RH/01_Dossiers_Individuels/BOYER_Bastien/Bulletins_de_paie/2026/Bulletin_2026-03.pdf,Bulletin_2026-03.pdf,.pdf,1697,2026-09-16T10:13:38,2026-03-28T18:00:00,2026-03-28T18:00:00,MOD Administrator,MOD Administrator,https://m365x71797824.sharepoint.com/sites/MigrationFileServer/RH/01_Dossiers_Individuels/BOYER_Bastien/Bulletins_de_paie/2026/Bulletin_2026-03.pdf,01E1F193547119A9756F743651DF0B56
RH,01_Dossiers_Individuels/BOYER_Bastien/Bulletins_de_paie/2026/Bulletin_2026-04.pdf,/sites/MigrationFileServer/RH/01_Dossiers_Individuels/BOYER_Bastien/Bulletins_de_paie/2026/Bulletin_2026-04.pdf,Bulletin_2026-04.pdf,.pdf,1698,2026-09-16T10:52:51,2026-04-28T18:00:00,2026-04-28T18:00:00,MOD Administrator,MOD Administrator,https://m365x71797824.sharepoint.com/sites/MigrationFileServer/RH/01_Dossiers_Individuels/BOYER_Bastien/Bulletins_de_paie/2026/Bulletin_2026-04.pdf,0172EB8470BAF6973514D3DD0C41B0CB
RH,01_Dossiers_Individuels/BOYER_Bastien/Bulletins_de_paie/2026/Bulletin_2026-05.pdf,/sites/MigrationFileServer/RH/01_Dossiers_Individuels/BOYER_Bastien/Bulletins_de_paie/2026/Bulletin_2026-05.pdf,Bulletin_2026-05.pdf,.pdf,1699,2026-09-16T10:47:23,2026-05-28T18:00:00,2026-05-28T18:00:00,MOD Administrator,MOD Administrator,https://m365x71797824.sharepoint.com/sites/MigrationFileServer/RH/01_Dossiers_Individuels/BOYER_Bastien/Bulletins_de_paie/2026/Bulletin_2026-05.pdf,01D59658637E6D5D9D0922B55B18FACE
RH,01_Dossiers_Individuels/BOYER_Bastien/Bulletins_de_paie/2026/Bulletin_2026-06.pdf,/sites/MigrationFileServer/RH/01_Dossiers_Individuels/BOYER_Bastien/Bulletins_de_paie/2026/Bulletin_2026-06.pdf,Bulletin_2026-06.pdf,.pdf,1698,2026-09-16T10:52:19,2026-06-28T18:00:00,2026-06-28T18:00:00,MOD Administrator,MOD Administrator,https://m365x71797824.sharepoint.com/sites/MigrationFileServer/RH/01_Dossiers_Individuels/BOYER_Bastien/Bulletins_de_paie/2026/Bulletin_2026-06.pdf,014215A6FFA7814C8A10A6611336E9A1
RH,01_Dossiers_Individuels/BOYER_Bastien/Bulletins_de_paie/2026/Bulletin_2026-07.pdf,/sites/MigrationFileServer/RH/01_Dossiers_Individuels/BOYER_Bastien/Bulletins_de_paie/2026/Bulletin_2026-07.pdf,Bulletin_2026-07.pdf,.pdf,1698,2026-09-16T10:23:50,2026-07-28T18:00:00,2026-07-28T18:00:00,MOD Administrator,MOD Administrator,https://m365x71797824.sharepoint.com/sites/MigrationFileServer/RH/01_Dossiers_Individuels/BOYER_Bastien/Bulletins_de_paie/2026/Bulletin_2026-07.pdf,018206863AEB816A7D34A846875ED9EF
RH,01_Dossiers_Individuels/BOYER_Bastien/Bulletins_de_paie/2026/Bulletin_2026-08.pdf,/sites/MigrationFileServer/RH/01_Dossiers_Individuels/BOYER_Bastien/Bulletins_de_paie/2026/Bulletin_2026-08.pdf,Bulletin_2026-08.pdf,.pdf,1698,2026-09-16T10:38:33,2026-08-28T18:00:00,2026-08-28T18:00:00,MOD Administrator,MOD Administrator,https://m365x71797824.sharepoint.com/sites/MigrationFileServer/RH/01_Dossiers_Individuels/BOYER_Bastien/Bulletins_de_paie/2026/Bulletin_2026-08.pdf,01B151EB52925EAB7DC4D52B506D3FFF
RH,01_Dossiers_Individuels/BOYER_Bastien/Contrat_de_travail_BOYER.pdf,/sites/MigrationFileServer/RH/01_Dossiers_Individuels/BOYER_Bastien/Contrat_de_travail_BOYER.pdf,Contrat_de_travail_BOYER.pdf,.pdf,1733,2026-09-16T10:57:41,2025-09-20T01:51:26,2025-09-20T01:51:26,MOD Administrator,MOD Administrator,https://m365x71797824.sharepoint.com/sites/MigrationFileServer/RH/01_Dossiers_Individuels/BOYER_Bastien/Contrat_de_travail_BOYER.pdf,01A4A0511B74CA93DB4712C4E6C22F06
RH,01_Dossiers_Individuels/BOYER_Bastien/Entretiens_annuels/Entretien_annuel_2025.docx,/sites/MigrationFileServer/RH/01_Dossiers_Individuels/BOYER_Bastien/Entretiens_annuels/Entretien_annuel_2025.docx,Entretien_annuel_2025.docx,.docx,36753,2026-09-16T10:26:25,2025-12-05T00:00:00,2025-12-05T00:00:00,MOD Administrator,MOD Administrator,https://m365x71797824.sharepoint.com/sites/MigrationFileServer/RH/01_Dossiers_Individuels/BOYER_Bastien/Entretiens_annuels/Entretien_annuel_2025.docx,017907AEC1B286C02AF3334794AEF51A
RH,01_Dossiers_Individuels/BOYER_Maxime/Bulletins_de_paie/2026/Bulletin_2026-01.pdf,/sites/MigrationFileServer/RH/01_Dossiers_Individuels/BOYER_Maxime/Bulletins_de_paie/2026/Bulletin_2026-01.pdf,Bulletin_2026-01.pdf,.pdf,1699,2026-09-16T10:13:02,2026-01-28T18:00:00,2026-01-28T18:00:00,MOD Administrator,MOD Administrator,https://m365x71797824.sharepoint.com/sites/MigrationFileServer/RH/01_Dossiers_Individuels/BOYER_Maxime/Bulletins_de_paie/2026/Bulletin_2026-01.pdf,01CFB1DFF22517E200D60FAE64BFC5C2
RH,01_Dossiers_Individuels/BOYER_Maxime/Bulletins_de_paie/2026/Bulletin_2026-02.pdf,/sites/MigrationFileServer/RH/01_Dossiers_Individuels/BOYER_Maxime/Bulletins_de_paie/2026/Bulletin_2026-02.pdf,Bulletin_2026-02.pdf,.pdf,1699,2026-09-16T10:49:18,2026-02-28T18:00:00,2026-02-28T18:00:00,MOD Administrator,MOD Administrator,https://m365x71797824.sharepoint.com/sites/MigrationFileServer/RH/01_Dossiers_Individuels/BOYER_Maxime/Bulletins_de_paie/2026/Bulletin_2026-02.pdf,01DD6E4AE6FD0043539A1779810DB3F3
RH,01_Dossiers_Individuels/BOYER_Maxime/Bulletins_de_paie/2026/Bulletin_2026-03.pdf,/sites/MigrationFileServer/RH/01_Dossiers_Individuels/BOYER_Maxime/Bulletins_de_paie/2026/Bulletin_2026-03.pdf,Bulletin_2026-03.pdf,.pdf,1700,2026-09-16T10:40:47,2026-03-28T18:00:00,2026-03-28T18:00:00,MOD Administrator,MOD Administrator,https://m365x71797824.sharepoint.com/sites/MigrationFileServer/RH/01_Dossiers_Individuels/BOYER_Maxime/Bulletins_de_paie/2026/Bulletin_2026-03.pdf,015A03FDC62193619BF0050F3CBD8A05
RH,01_Dossiers_Individuels/BOYER_Maxime/Bulletins_de_paie/2026/Bulletin_2026-04.pdf,/sites/MigrationFileServer/RH/01_Dossiers_Individuels/BOYER_Maxime/Bulletins_de_paie/2026/Bulletin_2026-04.pdf,Bulletin_2026-04.pdf,.pdf,1699,2026-09-16T10:46:54,2026-04-28T18:00:00,2026-04-28T18:00:00,MOD Administrator,MOD Administrator,https://m365x71797824.sharepoint.com/sites/MigrationFileServer/RH/01_Dossiers_Individuels/BOYER_Maxime/Bulletins_de_paie/2026/Bulletin_2026-04.pdf,01427C8EEE3FC53113DB9F9E0560633B
RH,01_Dossiers_Individuels/BOYER_Maxime/Bulletins_de_paie/2026/Bulletin_2026-05.pdf,/sites/MigrationFileServer/RH/01_Dossiers_Individuels/BOYER_Maxime/Bulletins_de_paie/2026/Bulletin_2026-05.pdf,Bulletin_2026-05.pdf,.pdf,1700,2026-09-16T10:58:32,2026-05-28T18:00:00,2026-05-28T18:00:00,MOD Administrator,MOD Administrator,https://m365x71797824.sharepoint.com/sites/MigrationFileServer/RH/01_Dossiers_Individuels/BOYER_Maxime/Bulletins_de_paie/2026/Bulletin_2026-05.pdf,01068B910A7A586FAC71DFE75B0883BE
RH,01_Dossiers_Individuels/BOYER_Maxime/Bulletins_de_paie/2026/Bulletin_2026-06.pdf,/sites/MigrationFileServer/RH/01_Dossiers_Individuels/BOYER_Maxime/Bulletins_de_paie/2026/Bulletin_2026-06.pdf,Bulletin_2026-06.pdf,.pdf,1700,2026-09-16T10:11:05,2026-06-28T18:00:00,2026-06-28T18:00:00,MOD Administrator,MOD Administrator,https://m365x71797824.sharepoint.com/sites/MigrationFileServer/RH/01_Dossiers_Individuels/BOYER_Maxime/Bulletins_de_paie/2026/Bulletin_2026-06.pdf,01E22B65A4E4AAF820CA8459C9D9F4FD
RH,01_Dossiers_Individuels/BOYER_Maxime/Bulletins_de_paie/2026/Bulletin_2026-07.pdf,/sites/MigrationFileServer/RH/01_Dossiers_Individuels/BOYER_Maxime/Bulletins_de_paie/2026/Bulletin_2026-07.pdf,Bulletin_2026-07.pdf,.pdf,1700,2026-09-16T10:08:13,2026-07-28T18:00:00,2026-07-28T18:00:00,MOD Administrator,MOD Administrator,https://m365x71797824.sharepoint.com/sites/MigrationFileServer/RH/01_Dossiers_Individuels/BOYER_Maxime/Bulletins_de_paie/2026/Bulletin_2026-07.pdf,01E04665EE781247B399C9AD7976ED38
RH,01_Dossiers_Individuels/BOYER_Maxime/Bulletins_de_paie/2026/Bulletin_2026-08.pdf,/sites/MigrationFileServer/RH/01_Dossiers_Individuels/BOYER_Maxime/Bulletins_de_paie/2026/Bulletin_2026-08.pdf,Bulletin_2026-08.pdf,.pdf,1700,2026-09-16T10:51:05,2026-08-28T18:00:00,2026-08-28T18:00:00,MOD Administrator,MOD Administrator,https://m365x71797824.sharepoint.com/sites/MigrationFileServer/RH/01_Dossiers_Individuels/BOYER_Maxime/Bulletins_de_paie/2026/Bulletin_2026-08.pdf,01D702D90457DDA5FA4A7EFC5FBAA8F1
RH,01_Dossiers_Individuels/BOYER_Maxime/Contrat_de_travail_BOYER.pdf,/sites/MigrationFileServer/RH/01_Dossiers_Individuels/BOYER_Maxime/Contrat_de_travail_BOYER.pdf,Contrat_de_travail_BOYER.pdf,.pdf,1727,2026-09-16T10:44:11,2022-08-30T02:19:40,2022-08-30T02:19:40,MOD Administrator,MOD Administrator,https://m365x71797824.sharepoint.com/sites/MigrationFileServer/RH/01_Dossiers_Individuels/BOYER_Maxime/Contrat_de_travail_BOYER.pdf,01D08FC7A7A52C819822F9FE4EF4EF5A
RH,01_Dossiers_Individuels/BOYER_Maxime/Entretiens_annuels/Entretien_annuel_2024.docx,/sites/MigrationFileServer/RH/01_Dossiers_Individuels/BOYER_Maxime/Entretiens_annuels/Entretien_annuel_2024.docx,Entretien_annuel_2024.docx,.docx,36754,2026-09-16T10:54:07,2024-12-11T00:00:00,2024-12-11T00:00:00,MOD Administrator,MOD Administrator,https://m365x71797824.sharepoint.com/sites/MigrationFileServer/RH/01_Dossiers_Individuels/BOYER_Maxime/Entretiens_annuels/Entretien_annuel_2024.docx,0180099491D69D63352F99594AA523F8
RH,01_Dossiers_Individuels/BOYER_Maxime/Entretiens_annuels/Entretien_annuel_2025.docx,/sites/MigrationFileServer/RH/01_Dossiers_Individuels/BOYER_Maxime/Entretiens_annuels/Entretien_annuel_2025.docx,Entretien_annuel_2025.docx,.docx,36754,2026-09-16T10:22:21,2025-12-12T00:00:00,2025-12-12T00:00:00,MOD Administrator,MOD Administrator,https://m365x71797824.sharepoint.com/sites/MigrationFileServer/RH/01_Dossiers_Individuels/BOYER_Maxime/Entretiens_annuels/Entretien_annuel_2025.docx,01EE0EAD42E80996DC29EE6FF72A0BE8
RH,01_Dossiers_Individuels/CHEVALIER_Pauline/Bulletins_de_paie/2026/Bulletin_2026-01.pdf,/sites/MigrationFileServer/RH/01_Dossiers_Individuels/CHEVALIER_Pauline/Bulletins_de_paie/2026/Bulletin_2026-01.pdf,Bulletin_2026-01.pdf,.pdf,1702,2026-09-16T10:20:30,2026-01-28T18:00:00,2026-01-28T18:00:00,MOD Administrator,MOD Administrator,https://m365x71797824.sharepoint.com/sites/MigrationFileServer/RH/01_Dossiers_Individuels/CHEVALIER_Pauline/Bulletins_de_paie/2026/Bulletin_2026-01.pdf,01400C2539394D5695C92E2A23DB8902
RH,01_Dossiers_Individuels/CHEVALIER_Pauline/Bulletins_de_paie/2026/Bulletin_2026-02.pdf,/sites/MigrationFileServer/RH/01_Dossiers_Individuels/CHEVALIER_Pauline/Bulletins_de_paie/2026/Bulletin_2026-02.pdf,Bulletin_2026-02.pdf,.pdf,1703,2026-09-16T10:22:58,2026-02-28T18:00:00,2026-02-28T18:00:00,MOD Administrator,MOD Administrator,https://m365x71797824.sharepoint.com/sites/MigrationFileServer/RH/01_Dossiers_Individuels/CHEVALIER_Pauline/Bulletins_de_paie/2026/Bulletin_2026-02.pdf,01E80C3BD0293C1EF8389DAC0D0F9909
RH,01_Dossiers_Individuels/CHEVALIER_Pauline/Bulletins_de_paie/2026/Bulletin_2026-03.pdf,/sites/MigrationFileServer/RH/01_Dossiers_Individuels/CHEVALIER_Pauline/Bulletins_de_paie/2026/Bulletin_2026-03.pdf,Bulletin_2026-03.pdf,.pdf,1703,2026-09-16T10:45:19,2026-03-28T18:00:00,2026-03-28T18:00:00,MOD Administrator,MOD Administrator,https://m365x71797824.sharepoint.com/sites/MigrationFileServer/RH/01_Dossiers_Individuels/CHEVALIER_Pauline/Bulletins_de_paie/2026/Bulletin_2026-03.pdf,0110263307C56B28EEFE58B707F8977D
RH,01_Dossiers_Individuels/CHEVALIER_Pauline/Bulletins_de_paie/2026/Bulletin_2026-04.pdf,/sites/MigrationFileServer/RH/01_Dossiers_Individuels/CHEVALIER_Pauline/Bulletins_de_paie/2026/Bulletin_2026-04.pdf,Bulletin_2026-04.pdf,.pdf,1703,2026-09-16T10:46:24,2026-04-28T18:00:00,2026-04-28T18:00:00,MOD Administrator,MOD Administrator,https://m365x71797824.sharepoint.com/sites/MigrationFileServer/RH/01_Dossiers_Individuels/CHEVALIER_Pauline/Bulletins_de_paie/2026/Bulletin_2026-04.pdf,01F7C30846DAD65EEB9FE83D45886FF2
RH,01_Dossiers_Individuels/CHEVALIER_Pauline/Bulletins_de_paie/2026/Bulletin_2026-05.pdf,/sites/MigrationFileServer/RH/01_Dossiers_Individuels/CHEVALIER_Pauline/Bulletins_de_paie/2026/Bulletin_2026-05.pdf,Bulletin_2026-05.pdf,.pdf,1703,2026-09-16T10:34:13,2026-05-28T18:00:00,2026-05-28T18:00:00,MOD Administrator,MOD Administrator,https://m365x71797824.sharepoint.com/sites/MigrationFileServer/RH/01_Dossiers_Individuels/CHEVALIER_Pauline/Bulletins_de_paie/2026/Bulletin_2026-05.pdf,01783B0553E9EB5A6D6A945EF1192C77
RH,01_Dossiers_Individuels/CHEVALIER_Pauline/Bulletins_de_paie/2026/Bulletin_2026-06.pdf,/sites/MigrationFileServer/RH/01_Dossiers_Individuels/CHEVALIER_Pauline/Bulletins_de_paie/2026/Bulletin_2026-06.pdf,Bulletin_2026-06.pdf,.pdf,1704,2026-09-16T10:57:20,2026-06-28T18:00:00,2026-06-28T18:00:00,MOD Administrator,MOD Administrator,https://m365x71797824.sharepoint.com/sites/MigrationFileServer/RH/01_Dossiers_Individuels/CHEVALIER_Pauline/Bulletins_de_paie/2026/Bulletin_2026-06.pdf,01622F9854BEA65CB20F79A53CAE9740
RH,01_Dossiers_Individuels/CHEVALIER_Pauline/Bulletins_de_paie/2026/Bulletin_2026-07.pdf,/sites/MigrationFileServer/RH/01_Dossiers_Individuels/CHEVALIER_Pauline/Bulletins_de_paie/2026/Bulletin_2026-07.pdf,Bulletin_2026-07.pdf,.pdf,1704,2026-09-16T10:20:41,2026-07-28T18:00:00,2026-07-28T18:00:00,MOD Administrator,MOD Administrator,https://m365x71797824.sharepoint.com/sites/MigrationFileServer/RH/01_Dossiers_Individuels/CHEVALIER_Pauline/Bulletins_de_paie/2026/Bulletin_2026-07.pdf,0187AF8A1DD2AAC1997B1A6021769C6A
RH,01_Dossiers_Individuels/CHEVALIER_Pauline/Bulletins_de_paie/2026/Bulletin_2026-08.pdf,/sites/MigrationFileServer/RH/01_Dossiers_Individuels/CHEVALIER_Pauline/Bulletins_de_paie/2026/Bulletin_2026-08.pdf,Bulletin_2026-08.pdf,.pdf,1704,2026-09-16T10:18:59,2026-08-28T18:00:00,2026-08-28T18:00:00,MOD Administrator,MOD Administrator,https://m365x71797824.sharepoint.com/sites/MigrationFileServer/RH/01_Dossiers_Individuels/CHEVALIER_Pauline/Bulletins_de_paie/2026/Bulletin_2026-08.pdf,01AF124B328549E602291660744240BC
RH,01_Dossiers_Individuels/CHEVALIER_Pauline/Contrat_de_travail_CHEVALIER.pdf,/sites/MigrationFileServer/RH/01_Dossiers_Individuels/CHEVALIER_Pauline/Contrat_de_travail_CHEVALIER.pdf,Contrat_de_travail_CHEVALIER.pdf,.pdf,1727,2026-09-16T10:13:35,2025-05-22T08:55:49,2025-05-22T08:55:49,MOD Administrator,MOD Administrator,https://m365x71797824.sharepoint.com/sites/MigrationFileServer/RH/01_Dossiers_Individuels/CHEVALIER_Pauline/Contrat_de_travail_CHEVALIER.pdf,012AF159AEE3B240D267B77F75517942
RH,01_Dossiers_Individuels/CHEVALIER_Pauline/Entretiens_annuels/Entretien_annuel_2025.docx,/sites/MigrationFileServer/RH/01_Dossiers_Individuels/CHEVALIER_Pauline/Entretiens_annuels/Entretien_annuel_2025.docx,Entretien_annuel_2025.docx,.docx,36757,2026-09-16T10:14:57,2025-12-03T00:00:00,2025-12-03T00:00:00,MOD Administrator,MOD Administrator,https://m365x71797824.sharepoint.com/sites/MigrationFileServer/RH/01_Dossiers_Individuels/CHEVALIER_Pauline/Entretiens_annuels/Entretien_annuel_2025.docx,01EEE7CF1A7E3FCAA8783591F278641B
RH,01_Dossiers_Individuels/DUBOIS_Emma/Bulletins_de_paie/2026/Bulletin_2026-01.pdf,/sites/MigrationFileServer/RH/01_Dossiers_Individuels/DUBOIS_Emma/Bulletins_de_paie/2026/Bulletin_2026-01.pdf,Bulletin_2026-01.pdf,.pdf,1694,2026-09-16T10:23:36,2026-01-28T18:00:00,2026-01-28T18:00:00,MOD Administrator,MOD Administrator,https://m365x71797824.sharepoint.com/sites/MigrationFileServer/RH/01_Dossiers_Individuels/DUBOIS_Emma/Bulletins_de_paie/2026/Bulletin_2026-01.pdf,017F5B228E8DD5382419523FF85E1EFA
RH,01_Dossiers_Individuels/DUBOIS_Emma/Bulletins_de_paie/2026/Bulletin_2026-02.pdf,/sites/MigrationFileServer/RH/01_Dossiers_Individuels/DUBOIS_Emma/Bulletins_de_paie/2026/Bulletin_2026-02.pdf,Bulletin_2026-02.pdf,.pdf,1694,2026-09-16T10:54:37,2026-02-28T18:00:00,2026-02-28T18:00:00,MOD Administrator,MOD Administrator,https://m365x71797824.sharepoint.com/sites/MigrationFileServer/RH/01_Dossiers_Individuels/DUBOIS_Emma/Bulletins_de_paie/2026/Bulletin_2026-02.pdf,01E2D6027057C20FAF29813A6D541816
RH,01_Dossiers_Individuels/DUBOIS_Emma/Bulletins_de_paie/2026/Bulletin_2026-03.pdf,/sites/MigrationFileServer/RH/01_Dossiers_Individuels/DUBOIS_Emma/Bulletins_de_paie/2026/Bulletin_2026-03.pdf,Bulletin_2026-03.pdf,.pdf,1693,2026-09-16T10:12:23,2026-03-28T18:00:00,2026-03-28T18:00:00,MOD Administrator,MOD Administrator,https://m365x71797824.sharepoint.com/sites/MigrationFileServer/RH/01_Dossiers_Individuels/DUBOIS_Emma/Bulletins_de_paie/2026/Bulletin_2026-03.pdf,01FB4DB4EB1CBB8D3CF5B3FCE5613458
RH,01_Dossiers_Individuels/DUBOIS_Emma/Bulletins_de_paie/2026/Bulletin_2026-04.pdf,/sites/MigrationFileServer/RH/01_Dossiers_Individuels/DUBOIS_Emma/Bulletins_de_paie/2026/Bulletin_2026-04.pdf,Bulletin_2026-04.pdf,.pdf,1695,2026-09-16T10:14:31,2026-04-28T18:00:00,2026-04-28T18:00:00,MOD Administrator,MOD Administrator,https://m365x71797824.sharepoint.com/sites/MigrationFileServer/RH/01_Dossiers_Individuels/DUBOIS_Emma/Bulletins_de_paie/2026/Bulletin_2026-04.pdf,01548BCAA1F7813C1E48594ABB9510F8
RH,01_Dossiers_Individuels/DUBOIS_Emma/Bulletins_de_paie/2026/Bulletin_2026-05.pdf,/sites/MigrationFileServer/RH/01_Dossiers_Individuels/DUBOIS_Emma/Bulletins_de_paie/2026/Bulletin_2026-05.pdf,Bulletin_2026-05.pdf,.pdf,1695,2026-09-16T10:30:36,2026-05-28T18:00:00,2026-05-28T18:00:00,MOD Administrator,MOD Administrator,https://m365x71797824.sharepoint.com/sites/MigrationFileServer/RH/01_Dossiers_Individuels/DUBOIS_Emma/Bulletins_de_paie/2026/Bulletin_2026-05.pdf,01C53C691B5058CF8A2D9F37238C27C1
RH,01_Dossiers_Individuels/DUBOIS_Emma/Bulletins_de_paie/2026/Bulletin_2026-06.pdf,/sites/MigrationFileServer/RH/01_Dossiers_Individuels/DUBOIS_Emma/Bulletins_de_paie/2026/Bulletin_2026-06.pdf,Bulletin_2026-06.pdf,.pdf,1694,2026-09-16T10:07:20,2026-06-28T18:00:00,2026-06-28T18:00:00,MOD Administrator,MOD Administrator,https://m365x71797824.sharepoint.com/sites/MigrationFileServer/RH/01_Dossiers_Individuels/DUBOIS_Emma/Bulletins_de_paie/2026/Bulletin_2026-06.pdf,01F4EECA5D1FBE08A875533CD5345EE6
RH,01_Dossiers_Individuels/DUBOIS_Emma/Bulletins_de_paie/2026/Bulletin_2026-07.pdf,/sites/MigrationFileServer/RH/01_Dossiers_Individuels/DUBOIS_Emma/Bulletins_de_paie/2026/Bulletin_2026-07.pdf,Bulletin_2026-07.pdf,.pdf,1695,2026-09-16T10:24:29,2026-07-28T18:00:00,2026-07-28T18:00:00,MOD Administrator,MOD Administrator,https://m365x71797824.sharepoint.com/sites/MigrationFileServer/RH/01_Dossiers_Individuels/DUBOIS_Emma/Bulletins_de_paie/2026/Bulletin_2026-07.pdf,01C72946A990223A6A5E95EE32A1259F
RH,01_Dossiers_Individuels/DUBOIS_Emma/Bulletins_de_paie/2026/Bulletin_2026-08.pdf,/sites/MigrationFileServer/RH/01_Dossiers_Individuels/DUBOIS_Emma/Bulletins_de_paie/2026/Bulletin_2026-08.pdf,Bulletin_2026-08.pdf,.pdf,1694,2026-09-16T10:49:44,2026-08-28T18:00:00,2026-08-28T18:00:00,MOD Administrator,MOD Administrator,https://m365x71797824.sharepoint.com/sites/MigrationFileServer/RH/01_Dossiers_Individuels/DUBOIS_Emma/Bulletins_de_paie/2026/Bulletin_2026-08.pdf,01EDF77C52F30BDDE77B0FFE965CC107
RH,01_Dossiers_Individuels/DUBOIS_Emma/Contrat_de_travail_DUBOIS.pdf,/sites/MigrationFileServer/RH/01_Dossiers_Individuels/DUBOIS_Emma/Contrat_de_travail_DUBOIS.pdf,Contrat_de_travail_DUBOIS.pdf,.pdf,1722,2026-09-16T10:46:12,2020-11-24T17:12:05,2020-11-24T17:12:05,MOD Administrator,MOD Administrator,https://m365x71797824.sharepoint.com/sites/MigrationFileServer/RH/01_Dossiers_Individuels/DUBOIS_Emma/Contrat_de_travail_DUBOIS.pdf,01AA36D3C4DCD11D53F548444C8B117B
RH,01_Dossiers_Individuels/DUBOIS_Emma/Entretiens_annuels/Entretien_annuel_2024.docx,/sites/MigrationFileServer/RH/01_Dossiers_Individuels/DUBOIS_Emma/Entretiens_annuels/Entretien_annuel_2024.docx,Entretien_annuel_2024.docx,.docx,36754,2026-09-16T10:48:11,2024-12-17T00:00:00,2024-12-17T00:00:00,MOD Administrator,MOD Administrator,https://m365x71797824.sharepoint.com/sites/MigrationFileServer/RH/01_Dossiers_Individuels/DUBOIS_Emma/Entretiens_annuels/Entretien_annuel_2024.docx,0130BF66F29AD51A883036E1E75C3F9A
RH,01_Dossiers_Individuels/DUBOIS_Emma/Entretiens_annuels/Entretien_annuel_2025.docx,/sites/MigrationFileServer/RH/01_Dossiers_Individuels/DUBOIS_Emma/Entretiens_annuels/Entretien_annuel_2025.docx,Entretien_annuel_2025.docx,.docx,36755,2026-09-16T10:25:18,2025-12-04T00:00:00,2025-12-04T00:00:00,MOD Administrator,MOD Administrator,https://m365x71797824.sharepoint.com/sites/MigrationFileServer/RH/01_Dossiers_Individuels/DUBOIS_Emma/Entretiens_annuels/Entretien_annuel_2025.docx,01B5944B503E84ED92B5B2F9EFF82030
RH,01_Dossiers_Individuels/DUBOIS_Julie/Bulletins_de_paie/2026/Bulletin_2026-01.pdf,/sites/MigrationFileServer/RH/01_Dossiers_Individuels/DUBOIS_Julie/Bulletins_de_paie/2026/Bulletin_2026-01.pdf,Bulletin_2026-01.pdf,.pdf,1700,2026-09-16T10:43:04,2026-01-28T18:00:00,2026-01-28T18:00:00,MOD Administrator,MOD Administrator,https://m365x71797824.sharepoint.com/sites/MigrationFileServer/RH/01_Dossiers_Individuels/DUBOIS_Julie/Bulletins_de_paie/2026/Bulletin_2026-01.pdf,018D9BE6BD35AAB4840284F2906BA573
RH,01_Dossiers_Individuels/DUBOIS_Julie/Bulletins_de_paie/2026/Bulletin_2026-02.pdf,/sites/MigrationFileServer/RH/01_Dossiers_Individuels/DUBOIS_Julie/Bulletins_de_paie/2026/Bulletin_2026-02.pdf,Bulletin_2026-02.pdf,.pdf,1699,2026-09-16T10:10:13,2026-02-28T18:00:00,2026-02-28T18:00:00,MOD Administrator,MOD Administrator,https://m365x71797824.sharepoint.com/sites/MigrationFileServer/RH/01_Dossiers_Individuels/DUBOIS_Julie/Bulletins_de_paie/2026/Bulletin_2026-02.pdf,011E3FE52FA99EEF2A81E922C083D198
RH,01_Dossiers_Individuels/DUBOIS_Julie/Bulletins_de_paie/2026/Bulletin_2026-03.pdf,/sites/MigrationFileServer/RH/01_Dossiers_Individuels/DUBOIS_Julie/Bulletins_de_paie/2026/Bulletin_2026-03.pdf,Bulletin_2026-03.pdf,.pdf,1699,2026-09-16T10:54:53,2026-03-28T18:00:00,2026-03-28T18:00:00,MOD Administrator,MOD Administrator,https://m365x71797824.sharepoint.com/sites/MigrationFileServer/RH/01_Dossiers_Individuels/DUBOIS_Julie/Bulletins_de_paie/2026/Bulletin_2026-03.pdf,01AF2A15751C40A83BAB47BF803CBCB3
RH,01_Dossiers_Individuels/DUBOIS_Julie/Bulletins_de_paie/2026/Bulletin_2026-04.pdf,/sites/MigrationFileServer/RH/01_Dossiers_Individuels/DUBOIS_Julie/Bulletins_de_paie/2026/Bulletin_2026-04.pdf,Bulletin_2026-04.pdf,.pdf,1699,2026-09-16T10:24:59,2026-04-28T18:00:00,2026-04-28T18:00:00,MOD Administrator,MOD Administrator,https://m365x71797824.sharepoint.com/sites/MigrationFileServer/RH/01_Dossiers_Individuels/DUBOIS_Julie/Bulletins_de_paie/2026/Bulletin_2026-04.pdf,01AD9F6414317304C2FDFB702719C815
RH,01_Dossiers_Individuels/DUBOIS_Julie/Bulletins_de_paie/2026/Bulletin_2026-05.pdf,/sites/MigrationFileServer/RH/01_Dossiers_Individuels/DUBOIS_Julie/Bulletins_de_paie/2026/Bulletin_2026-05.pdf,Bulletin_2026-05.pdf,.pdf,1699,2026-09-16T10:43:45,2026-05-28T18:00:00,2026-05-28T18:00:00,MOD Administrator,MOD Administrator,https://m365x71797824.sharepoint.com/sites/MigrationFileServer/RH/01_Dossiers_Individuels/DUBOIS_Julie/Bulletins_de_paie/2026/Bulletin_2026-05.pdf,010C9B0A6F443DB24E007456CEAAE687
RH,01_Dossiers_Individuels/DUBOIS_Julie/Bulletins_de_paie/2026/Bulletin_2026-06.pdf,/sites/MigrationFileServer/RH/01_Dossiers_Individuels/DUBOIS_Julie/Bulletins_de_paie/2026/Bulletin_2026-06.pdf,Bulletin_2026-06.pdf,.pdf,1698,2026-09-16T10:33:05,2026-06-28T18:00:00,2026-06-28T18:00:00,MOD Administrator,MOD Administrator,https://m365x71797824.sharepoint.com/sites/MigrationFileServer/RH/01_Dossiers_Individuels/DUBOIS_Julie/Bulletins_de_paie/2026/Bulletin_2026-06.pdf,01E52CBAE25020C1A347CE361CF814A4
RH,01_Dossiers_Individuels/DUBOIS_Julie/Bulletins_de_paie/2026/Bulletin_2026-07.pdf,/sites/MigrationFileServer/RH/01_Dossiers_Individuels/DUBOIS_Julie/Bulletins_de_paie/2026/Bulletin_2026-07.pdf,Bulletin_2026-07.pdf,.pdf,1699,2026-09-16T10:42:44,2026-07-28T18:00:00,2026-07-28T18:00:00,MOD Administrator,MOD Administrator,https://m365x71797824.sharepoint.com/sites/MigrationFileServer/RH/01_Dossiers_Individuels/DUBOIS_Julie/Bulletins_de_paie/2026/Bulletin_2026-07.pdf,01599B62E16A6E0BEC83E27857024375
RH,01_Dossiers_Individuels/DUBOIS_Julie/Bulletins_de_paie/2026/Bulletin_2026-08.pdf,/sites/MigrationFileServer/RH/01_Dossiers_Individuels/DUBOIS_Julie/Bulletins_de_paie/2026/Bulletin_2026-08.pdf,Bulletin_2026-08.pdf,.pdf,1699,2026-09-16T10:51:37,2026-08-28T18:00:00,2026-08-28T18:00:00,MOD Administrator,MOD Administrator,https://m365x71797824.sharepoint.com/sites/MigrationFileServer/RH/01_Dossiers_Individuels/DUBOIS_Julie/Bulletins_de_paie/2026/Bulletin_2026-08.pdf,010358776C2E44ABCAD3081C7A886352
RH,01_Dossiers_Individuels/DUBOIS_Julie/Contrat_de_travail_DUBOIS.pdf,/sites/MigrationFileServer/RH/01_Dossiers_Individuels/DUBOIS_Julie/Contrat_de_travail_DUBOIS.pdf,Contrat_de_travail_DUBOIS.pdf,.pdf,1735,2026-09-16T10:42:12,2021-12-30T01:41:49,2021-12-30T01:41:49,MOD Administrator,MOD Administrator,https://m365x71797824.sharepoint.com/sites/MigrationFileServer/RH/01_Dossiers_Individuels/DUBOIS_Julie/Contrat_de_travail_DUBOIS.pdf,01D510E09AE7FA22BD2DE2AB7EFCF94D
RH,01_Dossiers_Individuels/DUBOIS_Julie/Entretiens_annuels/Entretien_annuel_2024.docx,/sites/MigrationFileServer/RH/01_Dossiers_Individuels/DUBOIS_Julie/Entretiens_annuels/Entretien_annuel_2024.docx,Entretien_annuel_2024.docx,.docx,36757,2026-09-16T10:20:06,2024-12-19T00:00:00,2024-12-19T00:00:00,MOD Administrator,MOD Administrator,https://m365x71797824.sharepoint.com/sites/MigrationFileServer/RH/01_Dossiers_Individuels/DUBOIS_Julie/Entretiens_annuels/Entretien_annuel_2024.docx,014477BD661F22E69FEE9C46F535E7F1
RH,01_Dossiers_Individuels/DUBOIS_Julie/Entretiens_annuels/Entretien_annuel_2025.docx,/sites/MigrationFileServer/RH/01_Dossiers_Individuels/DUBOIS_Julie/Entretiens_annuels/Entretien_annuel_2025.docx,Entretien_annuel_2025.docx,.docx,36756,2026-09-16T10:43:56,2025-12-06T00:00:00,2025-12-06T00:00:00,MOD Administrator,MOD Administrator,https://m365x71797824.sharepoint.com/sites/MigrationFileServer/RH/01_Dossiers_Individuels/DUBOIS_Julie/Entretiens_annuels/Entretien_annuel_2025.docx,0152D02E9DF4D64A5A83FBDE23BD5AC5
RH,01_Dossiers_Individuels/DUPONT_Antoine/Bulletins_de_paie/2026/Bulletin_2026-01.pdf,/sites/MigrationFileServer/RH/01_Dossiers_Individuels/DUPONT_Antoine/Bulletins_de_paie/2026/Bulletin_2026-01.pdf,Bulletin_2026-01.pdf,.pdf,1700,2026-09-16T10:49:24,2026-01-28T18:00:00,2026-01-28T18:00:00,MOD Administrator,MOD Administrator,https://m365x71797824.sharepoint.com/sites/MigrationFileServer/RH/01_Dossiers_Individuels/DUPONT_Antoine/Bulletins_de_paie/2026/Bulletin_2026-01.pdf,0106E222BAB28AA172FE1EB16E67B2A4
RH,01_Dossiers_Individuels/DUPONT_Antoine/Bulletins_de_paie/2026/Bulletin_2026-02.pdf,/sites/MigrationFileServer/RH/01_Dossiers_Individuels/DUPONT_Antoine/Bulletins_de_paie/2026/Bulletin_2026-02.pdf,Bulletin_2026-02.pdf,.pdf,1699,2026-09-16T10:10:38,2026-02-28T18:00:00,2026-02-28T18:00:00,MOD Administrator,MOD Administrator,https://m365x71797824.sharepoint.com/sites/MigrationFileServer/RH/01_Dossiers_Individuels/DUPONT_Antoine/Bulletins_de_paie/2026/Bulletin_2026-02.pdf,016CA93D8FFB30F3E9B29B358AD495DC
RH,01_Dossiers_Individuels/DUPONT_Antoine/Bulletins_de_paie/2026/Bulletin_2026-03.pdf,/sites/MigrationFileServer/RH/01_Dossiers_Individuels/DUPONT_Antoine/Bulletins_de_paie/2026/Bulletin_2026-03.pdf,Bulletin_2026-03.pdf,.pdf,1700,2026-09-16T10:13:53,2026-03-28T18:00:00,2026-03-28T18:00:00,MOD Administrator,MOD Administrator,https://m365x71797824.sharepoint.com/sites/MigrationFileServer/RH/01_Dossiers_Individuels/DUPONT_Antoine/Bulletins_de_paie/2026/Bulletin_2026-03.pdf,0183AFEB074539316EE47386FBBF0A2F
RH,01_Dossiers_Individuels/DUPONT_Antoine/Bulletins_de_paie/2026/Bulletin_2026-04.pdf,/sites/MigrationFileServer/RH/01_Dossiers_Individuels/DUPONT_Antoine/Bulletins_de_paie/2026/Bulletin_2026-04.pdf,Bulletin_2026-04.pdf,.pdf,1699,2026-09-16T10:15:27,2026-04-28T18:00:00,2026-04-28T18:00:00,MOD Administrator,MOD Administrator,https://m365x71797824.sharepoint.com/sites/MigrationFileServer/RH/01_Dossiers_Individuels/DUPONT_Antoine/Bulletins_de_paie/2026/Bulletin_2026-04.pdf,0105A6B990A96D421ADEEDD79A5D3DFC
RH,01_Dossiers_Individuels/DUPONT_Antoine/Bulletins_de_paie/2026/Bulletin_2026-05.pdf,/sites/MigrationFileServer/RH/01_Dossiers_Individuels/DUPONT_Antoine/Bulletins_de_paie/2026/Bulletin_2026-05.pdf,Bulletin_2026-05.pdf,.pdf,1698,2026-09-16T10:07:03,2026-05-28T18:00:00,2026-05-28T18:00:00,MOD Administrator,MOD Administrator,https://m365x71797824.sharepoint.com/sites/MigrationFileServer/RH/01_Dossiers_Individuels/DUPONT_Antoine/Bulletins_de_paie/2026/Bulletin_2026-05.pdf,0188064DBA9F8FE4656D73924FFE5B57
RH,01_Dossiers_Individuels/DUPONT_Antoine/Bulletins_de_paie/2026/Bulletin_2026-06.pdf,/sites/MigrationFileServer/RH/01_Dossiers_Individuels/DUPONT_Antoine/Bulletins_de_paie/2026/Bulletin_2026-06.pdf,Bulletin_2026-06.pdf,.pdf,1699,2026-09-16T10:47:24,2026-06-28T18:00:00,2026-06-28T18:00:00,MOD Administrator,MOD Administrator,https://m365x71797824.sharepoint.com/sites/MigrationFileServer/RH/01_Dossiers_Individuels/DUPONT_Antoine/Bulletins_de_paie/2026/Bulletin_2026-06.pdf,015D8FB494B9DF86DB5F2E1F56293F7C
RH,01_Dossiers_Individuels/DUPONT_Antoine/Bulletins_de_paie/2026/Bulletin_2026-07.pdf,/sites/MigrationFileServer/RH/01_Dossiers_Individuels/DUPONT_Antoine/Bulletins_de_paie/2026/Bulletin_2026-07.pdf,Bulletin_2026-07.pdf,.pdf,1698,2026-09-16T10:41:08,2026-07-28T18:00:00,2026-07-28T18:00:00,MOD Administrator,MOD Administrator,https://m365x71797824.sharepoint.com/sites/MigrationFileServer/RH/01_Dossiers_Individuels/DUPONT_Antoine/Bulletins_de_paie/2026/Bulletin_2026-07.pdf,015EBCAE17E66BE212EB4AFB745BE765
RH,01_Dossiers_Individuels/DUPONT_Antoine/Bulletins_de_paie/2026/Bulletin_2026-08.pdf,/sites/MigrationFileServer/RH/01_Dossiers_Individuels/DUPONT_Antoine/Bulletins_de_paie/2026/Bulletin_2026-08.pdf,Bulletin_2026-08.pdf,.pdf,1699,2026-09-16T10:22:34,2026-08-28T18:00:00,2026-08-28T18:00:00,MOD Administrator,MOD Administrator,https://m365x71797824.sharepoint.com/sites/MigrationFileServer/RH/01_Dossiers_Individuels/DUPONT_Antoine/Bulletins_de_paie/2026/Bulletin_2026-08.pdf,0126D3BB01287D87B0299E541D244410
RH,01_Dossiers_Individuels/DUPONT_Antoine/Contrat_de_travail_DUPONT.pdf,/sites/MigrationFileServer/RH/01_Dossiers_Individuels/DUPONT_Antoine/Contrat_de_travail_DUPONT.pdf,Contrat_de_travail_DUPONT.pdf,.pdf,1734,2026-09-16T10:15:07,2015-01-30T12:56:13,2015-01-30T12:56:13,MOD Administrator,MOD Administrator,https://m365x71797824.sharepoint.com/sites/MigrationFileServer/RH/01_Dossiers_Individuels/DUPONT_Antoine/Contrat_de_travail_DUPONT.pdf,011FF25D87CD058BA9CBFE7F3F96AA19
RH,01_Dossiers_Individuels/DUPONT_Antoine/Entretiens_annuels/Entretien_annuel_2024.docx,/sites/MigrationFileServer/RH/01_Dossiers_Individuels/DUPONT_Antoine/Entretiens_annuels/Entretien_annuel_2024.docx,Entretien_annuel_2024.docx,.docx,36755,2026-09-16T10:16:19,2024-12-10T00:00:00,2024-12-10T00:00:00,MOD Administrator,MOD Administrator,https://m365x71797824.sharepoint.com/sites/MigrationFileServer/RH/01_Dossiers_Individuels/DUPONT_Antoine/Entretiens_annuels/Entretien_annuel_2024.docx,011897F235930E101A912E0A9480B7AB
RH,01_Dossiers_Individuels/DUPONT_Antoine/Entretiens_annuels/Entretien_annuel_2025.docx,/sites/MigrationFileServer/RH/01_Dossiers_Individuels/DUPONT_Antoine/Entretiens_annuels/Entretien_annuel_2025.docx,Entretien_annuel_2025.docx,.docx,36755,2026-09-16T10:41:31,2025-12-16T00:00:00,2025-12-16T00:00:00,MOD Administrator,MOD Administrator,https://m365x71797824.sharepoint.com/sites/MigrationFileServer/RH/01_Dossiers_Individuels/DUPONT_Antoine/Entretiens_annuels/Entretien_annuel_2025.docx,01C00272628B288F5E769CB20A69A697
RH,01_Dossiers_Individuels/DUPONT_Thomas/Bulletins_de_paie/2026/Bulletin_2026-01.pdf,/sites/MigrationFileServer/RH/01_Dossiers_Individuels/DUPONT_Thomas/Bulletins_de_paie/2026/Bulletin_2026-01.pdf,Bulletin_2026-01.pdf,.pdf,1699,2026-09-16T10:06:46,2026-01-28T18:00:00,2026-01-28T18:00:00,MOD Administrator,MOD Administrator,https://m365x71797824.sharepoint.com/sites/MigrationFileServer/RH/01_Dossiers_Individuels/DUPONT_Thomas/Bulletins_de_paie/2026/Bulletin_2026-01.pdf,0123F641696C33A18F3C7628220EDF37
RH,01_Dossiers_Individuels/DUPONT_Thomas/Bulletins_de_paie/2026/Bulletin_2026-02.pdf,/sites/MigrationFileServer/RH/01_Dossiers_Individuels/DUPONT_Thomas/Bulletins_de_paie/2026/Bulletin_2026-02.pdf,Bulletin_2026-02.pdf,.pdf,1698,2026-09-16T10:21:59,2026-02-28T18:00:00,2026-02-28T18:00:00,MOD Administrator,MOD Administrator,https://m365x71797824.sharepoint.com/sites/MigrationFileServer/RH/01_Dossiers_Individuels/DUPONT_Thomas/Bulletins_de_paie/2026/Bulletin_2026-02.pdf,01E535EE273DEDF88401788741C1BFC7
RH,01_Dossiers_Individuels/DUPONT_Thomas/Bulletins_de_paie/2026/Bulletin_2026-03.pdf,/sites/MigrationFileServer/RH/01_Dossiers_Individuels/DUPONT_Thomas/Bulletins_de_paie/2026/Bulletin_2026-03.pdf,Bulletin_2026-03.pdf,.pdf,1700,2026-09-16T10:58:22,2026-03-28T18:00:00,2026-03-28T18:00:00,MOD Administrator,MOD Administrator,https://m365x71797824.sharepoint.com/sites/MigrationFileServer/RH/01_Dossiers_Individuels/DUPONT_Thomas/Bulletins_de_paie/2026/Bulletin_2026-03.pdf,01D5B78D1017B38852C60AA36C3DD157
RH,01_Dossiers_Individuels/DUPONT_Thomas/Bulletins_de_paie/2026/Bulletin_2026-04.pdf,/sites/MigrationFileServer/RH/01_Dossiers_Individuels/DUPONT_Thomas/Bulletins_de_paie/2026/Bulletin_2026-04.pdf,Bulletin_2026-04.pdf,.pdf,1698,2026-09-16T10:36:37,2026-04-28T18:00:00,2026-04-28T18:00:00,MOD Administrator,MOD Administrator,https://m365x71797824.sharepoint.com/sites/MigrationFileServer/RH/01_Dossiers_Individuels/DUPONT_Thomas/Bulletins_de_paie/2026/Bulletin_2026-04.pdf,0179F3509955E4A0016DEA3AA26334BE
RH,01_Dossiers_Individuels/DUPONT_Thomas/Bulletins_de_paie/2026/Bulletin_2026-05.pdf,/sites/MigrationFileServer/RH/01_Dossiers_Individuels/DUPONT_Thomas/Bulletins_de_paie/2026/Bulletin_2026-05.pdf,Bulletin_2026-05.pdf,.pdf,1700,2026-09-16T10:54:02,2026-05-28T18:00:00,2026-05-28T18:00:00,MOD Administrator,MOD Administrator,https://m365x71797824.sharepoint.com/sites/MigrationFileServer/RH/01_Dossiers_Individuels/DUPONT_Thomas/Bulletins_de_paie/2026/Bulletin_2026-05.pdf,01FE1910AFAB858695F9BC5DF138E9EF
RH,01_Dossiers_Individuels/DUPONT_Thomas/Bulletins_de_paie/2026/Bulletin_2026-06.pdf,/sites/MigrationFileServer/RH/01_Dossiers_Individuels/DUPONT_Thomas/Bulletins_de_paie/2026/Bulletin_2026-06.pdf,Bulletin_2026-06.pdf,.pdf,1699,2026-09-16T10:59:03,2026-06-28T18:00:00,2026-06-28T18:00:00,MOD Administrator,MOD Administrator,https://m365x71797824.sharepoint.com/sites/MigrationFileServer/RH/01_Dossiers_Individuels/DUPONT_Thomas/Bulletins_de_paie/2026/Bulletin_2026-06.pdf,013D24911C80CA9946FCDFFF3673DF49
RH,01_Dossiers_Individuels/DUPONT_Thomas/Bulletins_de_paie/2026/Bulletin_2026-07.pdf,/sites/MigrationFileServer/RH/01_Dossiers_Individuels/DUPONT_Thomas/Bulletins_de_paie/2026/Bulletin_2026-07.pdf,Bulletin_2026-07.pdf,.pdf,1698,2026-09-16T10:08:38,2026-07-28T18:00:00,2026-07-28T18:00:00,MOD Administrator,MOD Administrator,https://m365x71797824.sharepoint.com/sites/MigrationFileServer/RH/01_Dossiers_Individuels/DUPONT_Thomas/Bulletins_de_paie/2026/Bulletin_2026-07.pdf,0111CAE7B932BE362B2E506EAFECD4E9
RH,01_Dossiers_Individuels/DUPONT_Thomas/Bulletins_de_paie/2026/Bulletin_2026-08.pdf,/sites/MigrationFileServer/RH/01_Dossiers_Individuels/DUPONT_Thomas/Bulletins_de_paie/2026/Bulletin_2026-08.pdf,Bulletin_2026-08.pdf,.pdf,1699,2026-09-16T10:22:05,2026-08-28T18:00:00,2026-08-28T18:00:00,MOD Administrator,MOD Administrator,https://m365x71797824.sharepoint.com/sites/MigrationFileServer/RH/01_Dossiers_Individuels/DUPONT_Thomas/Bulletins_de_paie/2026/Bulletin_2026-08.pdf,0116BEBE9EC12625C054E6139CC62398
RH,01_Dossiers_Individuels/DUPONT_Thomas/Contrat_de_travail_DUPONT.pdf,/sites/MigrationFileServer/RH/01_Dossiers_Individuels/DUPONT_Thomas/Contrat_de_travail_DUPONT.pdf,Contrat_de_travail_DUPONT.pdf,.pdf,1733,2026-09-16T10:27:41,2019-01-16T10:09:48,2019-01-16T10:09:48,MOD Administrator,MOD Administrator,https://m365x71797824.sharepoint.com/sites/MigrationFileServer/RH/01_Dossiers_Individuels/DUPONT_Thomas/Contrat_de_travail_DUPONT.pdf,014EFB3823C12713666C707441142ED3
RH,01_Dossiers_Individuels/DUPONT_Thomas/Entretiens_annuels/Entretien_annuel_2024.docx,/sites/MigrationFileServer/RH/01_Dossiers_Individuels/DUPONT_Thomas/Entretiens_annuels/Entretien_annuel_2024.docx,Entretien_annuel_2024.docx,.docx,36754,2026-09-16T10:10:32,2024-12-20T00:00:00,2024-12-20T00:00:00,MOD Administrator,MOD Administrator,https://m365x71797824.sharepoint.com/sites/MigrationFileServer/RH/01_Dossiers_Individuels/DUPONT_Thomas/Entretiens_annuels/Entretien_annuel_2024.docx,013E8FEC6872681257EFC6DB5AC76B3F
RH,01_Dossiers_Individuels/DUPONT_Thomas/Entretiens_annuels/Entretien_annuel_2025.docx,/sites/MigrationFileServer/RH/01_Dossiers_Individuels/DUPONT_Thomas/Entretiens_annuels/Entretien_annuel_2025.docx,Entretien_annuel_2025.docx,.docx,36754,2026-09-16T10:49:09,2025-12-15T00:00:00,2025-12-15T00:00:00,MOD Administrator,MOD Administrator,https://m365x71797824.sharepoint.com/sites/MigrationFileServer/RH/01_Dossiers_Individuels/DUPONT_Thomas/Entretiens_annuels/Entretien_annuel_2025.docx,015304CB4A6E9462794E2B09FC2C0D0E
RH,01_Dossiers_Individuels/FAURE_Romain/Bulletins_de_paie/2026/Bulletin_2026-01.pdf,/sites/MigrationFileServer/RH/01_Dossiers_Individuels/FAURE_Romain/Bulletins_de_paie/2026/Bulletin_2026-01.pdf,Bulletin_2026-01.pdf,.pdf,1698,2026-09-16T10:12:45,2026-01-28T18:00:00,2026-01-28T18:00:00,MOD Administrator,MOD Administrator,https://m365x71797824.sharepoint.com/sites/MigrationFileServer/RH/01_Dossiers_Individuels/FAURE_Romain/Bulletins_de_paie/2026/Bulletin_2026-01.pdf,012A7C97CEEDA9DC056DC899F28377CD
RH,01_Dossiers_Individuels/FAURE_Romain/Bulletins_de_paie/2026/Bulletin_2026-02.pdf,/sites/MigrationFileServer/RH/01_Dossiers_Individuels/FAURE_Romain/Bulletins_de_paie/2026/Bulletin_2026-02.pdf,Bulletin_2026-02.pdf,.pdf,1698,2026-09-16T10:43:02,2026-02-28T18:00:00,2026-02-28T18:00:00,MOD Administrator,MOD Administrator,https://m365x71797824.sharepoint.com/sites/MigrationFileServer/RH/01_Dossiers_Individuels/FAURE_Romain/Bulletins_de_paie/2026/Bulletin_2026-02.pdf,01D8F57846FD6617A01F5711807F6D5D
RH,01_Dossiers_Individuels/FAURE_Romain/Bulletins_de_paie/2026/Bulletin_2026-03.pdf,/sites/MigrationFileServer/RH/01_Dossiers_Individuels/FAURE_Romain/Bulletins_de_paie/2026/Bulletin_2026-03.pdf,Bulletin_2026-03.pdf,.pdf,1698,2026-09-16T10:53:41,2026-03-28T18:00:00,2026-03-28T18:00:00,MOD Administrator,MOD Administrator,https://m365x71797824.sharepoint.com/sites/MigrationFileServer/RH/01_Dossiers_Individuels/FAURE_Romain/Bulletins_de_paie/2026/Bulletin_2026-03.pdf,01A00C3807D199166A2815EA1BBE0134
RH,01_Dossiers_Individuels/FAURE_Romain/Bulletins_de_paie/2026/Bulletin_2026-04.pdf,/sites/MigrationFileServer/RH/01_Dossiers_Individuels/FAURE_Romain/Bulletins_de_paie/2026/Bulletin_2026-04.pdf,Bulletin_2026-04.pdf,.pdf,1697,2026-09-16T10:56:03,2026-04-28T18:00:00,2026-04-28T18:00:00,MOD Administrator,MOD Administrator,https://m365x71797824.sharepoint.com/sites/MigrationFileServer/RH/01_Dossiers_Individuels/FAURE_Romain/Bulletins_de_paie/2026/Bulletin_2026-04.pdf,0155D924560A24E56581C3C7E248EFC6
RH,01_Dossiers_Individuels/FAURE_Romain/Bulletins_de_paie/2026/Bulletin_2026-05.pdf,/sites/MigrationFileServer/RH/01_Dossiers_Individuels/FAURE_Romain/Bulletins_de_paie/2026/Bulletin_2026-05.pdf,Bulletin_2026-05.pdf,.pdf,1698,2026-09-16T10:09:06,2026-05-28T18:00:00,2026-05-28T18:00:00,MOD Administrator,MOD Administrator,https://m365x71797824.sharepoint.com/sites/MigrationFileServer/RH/01_Dossiers_Individuels/FAURE_Romain/Bulletins_de_paie/2026/Bulletin_2026-05.pdf,01B77E7449BF8355DDBE14472C855AA7
RH,01_Dossiers_Individuels/FAURE_Romain/Bulletins_de_paie/2026/Bulletin_2026-06.pdf,/sites/MigrationFileServer/RH/01_Dossiers_Individuels/FAURE_Romain/Bulletins_de_paie/2026/Bulletin_2026-06.pdf,Bulletin_2026-06.pdf,.pdf,1698,2026-09-16T10:18:32,2026-06-28T18:00:00,2026-06-28T18:00:00,MOD Administrator,MOD Administrator,https://m365x71797824.sharepoint.com/sites/MigrationFileServer/RH/01_Dossiers_Individuels/FAURE_Romain/Bulletins_de_paie/2026/Bulletin_2026-06.pdf,01AB6A9E443A9AC2232B08399D6788AA
RH,01_Dossiers_Individuels/FAURE_Romain/Bulletins_de_paie/2026/Bulletin_2026-07.pdf,/sites/MigrationFileServer/RH/01_Dossiers_Individuels/FAURE_Romain/Bulletins_de_paie/2026/Bulletin_2026-07.pdf,Bulletin_2026-07.pdf,.pdf,1698,2026-09-16T10:19:27,2026-07-28T18:00:00,2026-07-28T18:00:00,MOD Administrator,MOD Administrator,https://m365x71797824.sharepoint.com/sites/MigrationFileServer/RH/01_Dossiers_Individuels/FAURE_Romain/Bulletins_de_paie/2026/Bulletin_2026-07.pdf,011769CF5B743085F3A9464550424B2A
RH,01_Dossiers_Individuels/FAURE_Romain/Bulletins_de_paie/2026/Bulletin_2026-08.pdf,/sites/MigrationFileServer/RH/01_Dossiers_Individuels/FAURE_Romain/Bulletins_de_paie/2026/Bulletin_2026-08.pdf,Bulletin_2026-08.pdf,.pdf,1695,2026-09-16T10:21:57,2026-08-28T18:00:00,2026-08-28T18:00:00,MOD Administrator,MOD Administrator,https://m365x71797824.sharepoint.com/sites/MigrationFileServer/RH/01_Dossiers_Individuels/FAURE_Romain/Bulletins_de_paie/2026/Bulletin_2026-08.pdf,0139048114B39DEAE400E9EB11779290
RH,01_Dossiers_Individuels/FAURE_Romain/Contrat_de_travail_FAURE.pdf,/sites/MigrationFileServer/RH/01_Dossiers_Individuels/FAURE_Romain/Contrat_de_travail_FAURE.pdf,Contrat_de_travail_FAURE.pdf,.pdf,1724,2026-09-16T10:48:25,2018-06-20T19:33:05,2018-06-20T19:33:05,MOD Administrator,MOD Administrator,https://m365x71797824.sharepoint.com/sites/MigrationFileServer/RH/01_Dossiers_Individuels/FAURE_Romain/Contrat_de_travail_FAURE.pdf,01167ABD77686F8B6832C950C719D954
RH,01_Dossiers_Individuels/FAURE_Romain/Entretiens_annuels/Entretien_annuel_2024.docx,/sites/MigrationFileServer/RH/01_Dossiers_Individuels/FAURE_Romain/Entretiens_annuels/Entretien_annuel_2024.docx,Entretien_annuel_2024.docx,.docx,36753,2026-09-16T10:40:43,2024-12-04T00:00:00,2024-12-04T00:00:00,MOD Administrator,MOD Administrator,https://m365x71797824.sharepoint.com/sites/MigrationFileServer/RH/01_Dossiers_Individuels/FAURE_Romain/Entretiens_annuels/Entretien_annuel_2024.docx,0155C080C45D448752FE6D2EE549A5C0
RH,01_Dossiers_Individuels/FAURE_Romain/Entretiens_annuels/Entretien_annuel_2025.docx,/sites/MigrationFileServer/RH/01_Dossiers_Individuels/FAURE_Romain/Entretiens_annuels/Entretien_annuel_2025.docx,Entretien_annuel_2025.docx,.docx,36754,2026-09-16T10:21:17,2025-12-16T00:00:00,2025-12-16T00:00:00,MOD Administrator,MOD Administrator,https://m365x71797824.sharepoint.com/sites/MigrationFileServer/RH/01_Dossiers_Individuels/FAURE_Romain/Entretiens_annuels/Entretien_annuel_2025.docx,0138FBBB765486855BABB0AC03A95373
RH,01_Dossiers_Individuels/FOURNIER_Hugo/Bulletins_de_paie/2026/Bulletin_2026-01.pdf,/sites/MigrationFileServer/RH/01_Dossiers_Individuels/FOURNIER_Hugo/Bulletins_de_paie/2026/Bulletin_2026-01.pdf,Bulletin_2026-01.pdf,.pdf,1698,2026-09-16T10:08:25,2026-01-28T18:00:00,2026-01-28T18:00:00,MOD Administrator,MOD Administrator,https://m365x71797824.sharepoint.com/sites/MigrationFileServer/RH/01_Dossiers_Individuels/FOURNIER_Hugo/Bulletins_de_paie/2026/Bulletin_2026-01.pdf,016E42F5E1D83616F1B03CBF4A6AA4D8
RH,01_Dossiers_Individuels/FOURNIER_Hugo/Bulletins_de_paie/2026/Bulletin_2026-02.pdf,/sites/MigrationFileServer/RH/01_Dossiers_Individuels/FOURNIER_Hugo/Bulletins_de_paie/2026/Bulletin_2026-02.pdf,Bulletin_2026-02.pdf,.pdf,1697,2026-09-16T10:10:09,2026-02-28T18:00:00,2026-02-28T18:00:00,MOD Administrator,MOD Administrator,https://m365x71797824.sharepoint.com/sites/MigrationFileServer/RH/01_Dossiers_Individuels/FOURNIER_Hugo/Bulletins_de_paie/2026/Bulletin_2026-02.pdf,018B02F1F10E8DE1FE12096DC215B79A
RH,01_Dossiers_Individuels/FOURNIER_Hugo/Bulletins_de_paie/2026/Bulletin_2026-03.pdf,/sites/MigrationFileServer/RH/01_Dossiers_Individuels/FOURNIER_Hugo/Bulletins_de_paie/2026/Bulletin_2026-03.pdf,Bulletin_2026-03.pdf,.pdf,1697,2026-09-16T10:18:16,2026-03-28T18:00:00,2026-03-28T18:00:00,MOD Administrator,MOD Administrator,https://m365x71797824.sharepoint.com/sites/MigrationFileServer/RH/01_Dossiers_Individuels/FOURNIER_Hugo/Bulletins_de_paie/2026/Bulletin_2026-03.pdf,0161E742AE1991BA10A0E1ED39EB81C6
RH,01_Dossiers_Individuels/FOURNIER_Hugo/Bulletins_de_paie/2026/Bulletin_2026-04.pdf,/sites/MigrationFileServer/RH/01_Dossiers_Individuels/FOURNIER_Hugo/Bulletins_de_paie/2026/Bulletin_2026-04.pdf,Bulletin_2026-04.pdf,.pdf,1697,2026-09-16T10:38:43,2026-04-28T18:00:00,2026-04-28T18:00:00,MOD Administrator,MOD Administrator,https://m365x71797824.sharepoint.com/sites/MigrationFileServer/RH/01_Dossiers_Individuels/FOURNIER_Hugo/Bulletins_de_paie/2026/Bulletin_2026-04.pdf,011964FCD931AB36F540C41CF17D0A97
RH,01_Dossiers_Individuels/FOURNIER_Hugo/Bulletins_de_paie/2026/Bulletin_2026-05.pdf,/sites/MigrationFileServer/RH/01_Dossiers_Individuels/FOURNIER_Hugo/Bulletins_de_paie/2026/Bulletin_2026-05.pdf,Bulletin_2026-05.pdf,.pdf,1698,2026-09-16T10:48:59,2026-05-28T18:00:00,2026-05-28T18:00:00,MOD Administrator,MOD Administrator,https://m365x71797824.sharepoint.com/sites/MigrationFileServer/RH/01_Dossiers_Individuels/FOURNIER_Hugo/Bulletins_de_paie/2026/Bulletin_2026-05.pdf,0172A8453DCF0BB87D900E70607EE049
RH,01_Dossiers_Individuels/FOURNIER_Hugo/Bulletins_de_paie/2026/Bulletin_2026-06.pdf,/sites/MigrationFileServer/RH/01_Dossiers_Individuels/FOURNIER_Hugo/Bulletins_de_paie/2026/Bulletin_2026-06.pdf,Bulletin_2026-06.pdf,.pdf,1698,2026-09-16T10:24:04,2026-06-28T18:00:00,2026-06-28T18:00:00,MOD Administrator,MOD Administrator,https://m365x71797824.sharepoint.com/sites/MigrationFileServer/RH/01_Dossiers_Individuels/FOURNIER_Hugo/Bulletins_de_paie/2026/Bulletin_2026-06.pdf,01E450B5E2D085015B96DD6373EF1377
RH,01_Dossiers_Individuels/FOURNIER_Hugo/Bulletins_de_paie/2026/Bulletin_2026-07.pdf,/sites/MigrationFileServer/RH/01_Dossiers_Individuels/FOURNIER_Hugo/Bulletins_de_paie/2026/Bulletin_2026-07.pdf,Bulletin_2026-07.pdf,.pdf,1697,2026-09-16T10:36:08,2026-07-28T18:00:00,2026-07-28T18:00:00,MOD Administrator,MOD Administrator,https://m365x71797824.sharepoint.com/sites/MigrationFileServer/RH/01_Dossiers_Individuels/FOURNIER_Hugo/Bulletins_de_paie/2026/Bulletin_2026-07.pdf,016FF4DB6D7BD23237112E45AB242C24
RH,01_Dossiers_Individuels/FOURNIER_Hugo/Bulletins_de_paie/2026/Bulletin_2026-08.pdf,/sites/MigrationFileServer/RH/01_Dossiers_Individuels/FOURNIER_Hugo/Bulletins_de_paie/2026/Bulletin_2026-08.pdf,Bulletin_2026-08.pdf,.pdf,1698,2026-09-16T10:14:42,2026-08-28T18:00:00,2026-08-28T18:00:00,MOD Administrator,MOD Administrator,https://m365x71797824.sharepoint.com/sites/MigrationFileServer/RH/01_Dossiers_Individuels/FOURNIER_Hugo/Bulletins_de_paie/2026/Bulletin_2026-08.pdf,012F519A74B28D384706702FBFAF8ADC
RH,01_Dossiers_Individuels/FOURNIER_Hugo/Contrat_de_travail_FOURNIER.pdf,/sites/MigrationFileServer/RH/01_Dossiers_Individuels/FOURNIER_Hugo/Contrat_de_travail_FOURNIER.pdf,Contrat_de_travail_FOURNIER.pdf,.pdf,1723,2026-09-16T10:43:46,2012-06-10T22:47:30,2012-06-10T22:47:30,MOD Administrator,MOD Administrator,https://m365x71797824.sharepoint.com/sites/MigrationFileServer/RH/01_Dossiers_Individuels/FOURNIER_Hugo/Contrat_de_travail_FOURNIER.pdf,01CA588673B71C34EACA189E960B93EE
RH,01_Dossiers_Individuels/FOURNIER_Hugo/Entretiens_annuels/Entretien_annuel_2024.docx,/sites/MigrationFileServer/RH/01_Dossiers_Individuels/FOURNIER_Hugo/Entretiens_annuels/Entretien_annuel_2024.docx,Entretien_annuel_2024.docx,.docx,36755,2026-09-16T10:57:04,2024-12-19T00:00:00,2024-12-19T00:00:00,MOD Administrator,MOD Administrator,https://m365x71797824.sharepoint.com/sites/MigrationFileServer/RH/01_Dossiers_Individuels/FOURNIER_Hugo/Entretiens_annuels/Entretien_annuel_2024.docx,013D723EAA52713488CD4055741CE61D
RH,01_Dossiers_Individuels/FOURNIER_Hugo/Entretiens_annuels/Entretien_annuel_2025.docx,/sites/MigrationFileServer/RH/01_Dossiers_Individuels/FOURNIER_Hugo/Entretiens_annuels/Entretien_annuel_2025.docx,Entretien_annuel_2025.docx,.docx,36755,2026-09-16T10:09:14,2025-12-12T00:00:00,2025-12-12T00:00:00,MOD Administrator,MOD Administrator,https://m365x71797824.sharepoint.com/sites/MigrationFileServer/RH/01_Dossiers_Individuels/FOURNIER_Hugo/Entretiens_annuels/Entretien_annuel_2025.docx,0144AC3173B916EEBDF2CBE861953F80
RH,01_Dossiers_Individuels/FOURNIER_Laura/Bulletins_de_paie/2026/Bulletin_2026-01.pdf,/sites/MigrationFileServer/RH/01_Dossiers_Individuels/FOURNIER_Laura/Bulletins_de_paie/2026/Bulletin_2026-01.pdf,Bulletin_2026-01.pdf,.pdf,1698,2026-09-16T10:28:10,2026-01-28T18:00:00,2026-01-28T18:00:00,MOD Administrator,MOD Administrator,https://m365x71797824.sharepoint.com/sites/MigrationFileServer/RH/01_Dossiers_Individuels/FOURNIER_Laura/Bulletins_de_paie/2026/Bulletin_2026-01.pdf,01681A1FAF5DE1618DD4732D0EB20A9D
RH,01_Dossiers_Individuels/FOURNIER_Laura/Bulletins_de_paie/2026/Bulletin_2026-02.pdf,/sites/MigrationFileServer/RH/01_Dossiers_Individuels/FOURNIER_Laura/Bulletins_de_paie/2026/Bulletin_2026-02.pdf,Bulletin_2026-02.pdf,.pdf,1697,2026-09-16T10:51:52,2026-02-28T18:00:00,2026-02-28T18:00:00,MOD Administrator,MOD Administrator,https://m365x71797824.sharepoint.com/sites/MigrationFileServer/RH/01_Dossiers_Individuels/FOURNIER_Laura/Bulletins_de_paie/2026/Bulletin_2026-02.pdf,01701266AAFA689AB4296BBFDA46E4A6
RH,01_Dossiers_Individuels/FOURNIER_Laura/Bulletins_de_paie/2026/Bulletin_2026-03.pdf,/sites/MigrationFileServer/RH/01_Dossiers_Individuels/FOURNIER_Laura/Bulletins_de_paie/2026/Bulletin_2026-03.pdf,Bulletin_2026-03.pdf,.pdf,1700,2026-09-16T10:34:11,2026-03-28T18:00:00,2026-03-28T18:00:00,MOD Administrator,MOD Administrator,https://m365x71797824.sharepoint.com/sites/MigrationFileServer/RH/01_Dossiers_Individuels/FOURNIER_Laura/Bulletins_de_paie/2026/Bulletin_2026-03.pdf,018B3CF5A6176A437121CC4DB900EBE4
RH,01_Dossiers_Individuels/FOURNIER_Laura/Bulletins_de_paie/2026/Bulletin_2026-04.pdf,/sites/MigrationFileServer/RH/01_Dossiers_Individuels/FOURNIER_Laura/Bulletins_de_paie/2026/Bulletin_2026-04.pdf,Bulletin_2026-04.pdf,.pdf,1697,2026-09-16T10:52:27,2026-04-28T18:00:00,2026-04-28T18:00:00,MOD Administrator,MOD Administrator,https://m365x71797824.sharepoint.com/sites/MigrationFileServer/RH/01_Dossiers_Individuels/FOURNIER_Laura/Bulletins_de_paie/2026/Bulletin_2026-04.pdf,01E841AF3FA300DC023C35FDD6DD5E63
RH,01_Dossiers_Individuels/FOURNIER_Laura/Bulletins_de_paie/2026/Bulletin_2026-05.pdf,/sites/MigrationFileServer/RH/01_Dossiers_Individuels/FOURNIER_Laura/Bulletins_de_paie/2026/Bulletin_2026-05.pdf,Bulletin_2026-05.pdf,.pdf,1698,2026-09-16T10:15:42,2026-05-28T18:00:00,2026-05-28T18:00:00,MOD Administrator,MOD Administrator,https://m365x71797824.sharepoint.com/sites/MigrationFileServer/RH/01_Dossiers_Individuels/FOURNIER_Laura/Bulletins_de_paie/2026/Bulletin_2026-05.pdf,011DF2EBADB7830CDA42BBDC2FDF3EFE
RH,01_Dossiers_Individuels/FOURNIER_Laura/Bulletins_de_paie/2026/Bulletin_2026-06.pdf,/sites/MigrationFileServer/RH/01_Dossiers_Individuels/FOURNIER_Laura/Bulletins_de_paie/2026/Bulletin_2026-06.pdf,Bulletin_2026-06.pdf,.pdf,1698,2026-09-16T10:13:51,2026-06-28T18:00:00,2026-06-28T18:00:00,MOD Administrator,MOD Administrator,https://m365x71797824.sharepoint.com/sites/MigrationFileServer/RH/01_Dossiers_Individuels/FOURNIER_Laura/Bulletins_de_paie/2026/Bulletin_2026-06.pdf,0138934C15ABE76007178A910D616E3D
RH,01_Dossiers_Individuels/FOURNIER_Laura/Bulletins_de_paie/2026/Bulletin_2026-07.pdf,/sites/MigrationFileServer/RH/01_Dossiers_Individuels/FOURNIER_Laura/Bulletins_de_paie/2026/Bulletin_2026-07.pdf,Bulletin_2026-07.pdf,.pdf,1697,2026-09-16T10:06:09,2026-07-28T18:00:00,2026-07-28T18:00:00,MOD Administrator,MOD Administrator,https://m365x71797824.sharepoint.com/sites/MigrationFileServer/RH/01_Dossiers_Individuels/FOURNIER_Laura/Bulletins_de_paie/2026/Bulletin_2026-07.pdf,01158EAF425A878770DFC553C20AD570
RH,01_Dossiers_Individuels/FOURNIER_Laura/Bulletins_de_paie/2026/Bulletin_2026-08.pdf,/sites/MigrationFileServer/RH/01_Dossiers_Individuels/FOURNIER_Laura/Bulletins_de_paie/2026/Bulletin_2026-08.pdf,Bulletin_2026-08.pdf,.pdf,1698,2026-09-16T10:25:37,2026-08-28T18:00:00,2026-08-28T18:00:00,MOD Administrator,MOD Administrator,https://m365x71797824.sharepoint.com/sites/MigrationFileServer/RH/01_Dossiers_Individuels/FOURNIER_Laura/Bulletins_de_paie/2026/Bulletin_2026-08.pdf,01BFBA1DB5E8AD3E13D8C37D3C517CF8
RH,01_Dossiers_Individuels/FOURNIER_Laura/Contrat_de_travail_FOURNIER.pdf,/sites/MigrationFileServer/RH/01_Dossiers_Individuels/FOURNIER_Laura/Contrat_de_travail_FOURNIER.pdf,Contrat_de_travail_FOURNIER.pdf,.pdf,1732,2026-09-16T10:56:35,2025-06-21T08:06:56,2025-06-21T08:06:56,MOD Administrator,MOD Administrator,https://m365x71797824.sharepoint.com/sites/MigrationFileServer/RH/01_Dossiers_Individuels/FOURNIER_Laura/Contrat_de_travail_FOURNIER.pdf,01712658DB969604F3EF36573BDD77DF
RH,01_Dossiers_Individuels/FOURNIER_Laura/Entretiens_annuels/Entretien_annuel_2025.docx,/sites/MigrationFileServer/RH/01_Dossiers_Individuels/FOURNIER_Laura/Entretiens_annuels/Entretien_annuel_2025.docx,Entretien_annuel_2025.docx,.docx,36756,2026-09-16T10:47:50,2025-12-19T00:00:00,2025-12-19T00:00:00,MOD Administrator,MOD Administrator,https://m365x71797824.sharepoint.com/sites/MigrationFileServer/RH/01_Dossiers_Individuels/FOURNIER_Laura/Entretiens_annuels/Entretien_annuel_2025.docx,01887EAC1290DBA78DD6E02C68F2A59C
RH,01_Dossiers_Individuels/GARNIER_Adrien/Bulletins_de_paie/2026/Bulletin_2026-01.pdf,/sites/MigrationFileServer/RH/01_Dossiers_Individuels/GARNIER_Adrien/Bulletins_de_paie/2026/Bulletin_2026-01.pdf,Bulletin_2026-01.pdf,.pdf,1700,2026-09-16T10:18:19,2026-01-28T18:00:00,2026-01-28T18:00:00,MOD Administrator,MOD Administrator,https://m365x71797824.sharepoint.com/sites/MigrationFileServer/RH/01_Dossiers_Individuels/GARNIER_Adrien/Bulletins_de_paie/2026/Bulletin_2026-01.pdf,01BA39BBBA7BA3AD8E344473A284CC07
RH,01_Dossiers_Individuels/GARNIER_Adrien/Bulletins_de_paie/2026/Bulletin_2026-02.pdf,/sites/MigrationFileServer/RH/01_Dossiers_Individuels/GARNIER_Adrien/Bulletins_de_paie/2026/Bulletin_2026-02.pdf,Bulletin_2026-02.pdf,.pdf,1699,2026-09-16T10:27:08,2026-02-28T18:00:00,2026-02-28T18:00:00,MOD Administrator,MOD Administrator,https://m365x71797824.sharepoint.com/sites/MigrationFileServer/RH/01_Dossiers_Individuels/GARNIER_Adrien/Bulletins_de_paie/2026/Bulletin_2026-02.pdf,018F210BBF82AFEA615ACFCE735FAAD3
RH,01_Dossiers_Individuels/GARNIER_Adrien/Bulletins_de_paie/2026/Bulletin_2026-03.pdf,/sites/MigrationFileServer/RH/01_Dossiers_Individuels/GARNIER_Adrien/Bulletins_de_paie/2026/Bulletin_2026-03.pdf,Bulletin_2026-03.pdf,.pdf,1700,2026-09-16T10:43:14,2026-03-28T18:00:00,2026-03-28T18:00:00,MOD Administrator,MOD Administrator,https://m365x71797824.sharepoint.com/sites/MigrationFileServer/RH/01_Dossiers_Individuels/GARNIER_Adrien/Bulletins_de_paie/2026/Bulletin_2026-03.pdf,0180BD4964A8D6B9964704CED29E9962
RH,01_Dossiers_Individuels/GARNIER_Adrien/Bulletins_de_paie/2026/Bulletin_2026-04.pdf,/sites/MigrationFileServer/RH/01_Dossiers_Individuels/GARNIER_Adrien/Bulletins_de_paie/2026/Bulletin_2026-04.pdf,Bulletin_2026-04.pdf,.pdf,1700,2026-09-16T10:14:32,2026-04-28T18:00:00,2026-04-28T18:00:00,MOD Administrator,MOD Administrator,https://m365x71797824.sharepoint.com/sites/MigrationFileServer/RH/01_Dossiers_Individuels/GARNIER_Adrien/Bulletins_de_paie/2026/Bulletin_2026-04.pdf,01AA06360C6E032DD56B35390005BAC5
RH,01_Dossiers_Individuels/GARNIER_Adrien/Bulletins_de_paie/2026/Bulletin_2026-05.pdf,/sites/MigrationFileServer/RH/01_Dossiers_Individuels/GARNIER_Adrien/Bulletins_de_paie/2026/Bulletin_2026-05.pdf,Bulletin_2026-05.pdf,.pdf,1700,2026-09-16T10:44:11,2026-05-28T18:00:00,2026-05-28T18:00:00,MOD Administrator,MOD Administrator,https://m365x71797824.sharepoint.com/sites/MigrationFileServer/RH/01_Dossiers_Individuels/GARNIER_Adrien/Bulletins_de_paie/2026/Bulletin_2026-05.pdf,01469A28E44B0C49A58825DFBE0B29E6
RH,01_Dossiers_Individuels/GARNIER_Adrien/Bulletins_de_paie/2026/Bulletin_2026-06.pdf,/sites/MigrationFileServer/RH/01_Dossiers_Individuels/GARNIER_Adrien/Bulletins_de_paie/2026/Bulletin_2026-06.pdf,Bulletin_2026-06.pdf,.pdf,1697,2026-09-16T10:13:49,2026-06-28T18:00:00,2026-06-28T18:00:00,MOD Administrator,MOD Administrator,https://m365x71797824.sharepoint.com/sites/MigrationFileServer/RH/01_Dossiers_Individuels/GARNIER_Adrien/Bulletins_de_paie/2026/Bulletin_2026-06.pdf,01C7F17D287224A7C9B42460B8A0DD89
RH,01_Dossiers_Individuels/GARNIER_Adrien/Bulletins_de_paie/2026/Bulletin_2026-07.pdf,/sites/MigrationFileServer/RH/01_Dossiers_Individuels/GARNIER_Adrien/Bulletins_de_paie/2026/Bulletin_2026-07.pdf,Bulletin_2026-07.pdf,.pdf,1700,2026-09-16T10:29:33,2026-07-28T18:00:00,2026-07-28T18:00:00,MOD Administrator,MOD Administrator,https://m365x71797824.sharepoint.com/sites/MigrationFileServer/RH/01_Dossiers_Individuels/GARNIER_Adrien/Bulletins_de_paie/2026/Bulletin_2026-07.pdf,01ECF48308B451AB403FBC028679F222
RH,01_Dossiers_Individuels/GARNIER_Adrien/Bulletins_de_paie/2026/Bulletin_2026-08.pdf,/sites/MigrationFileServer/RH/01_Dossiers_Individuels/GARNIER_Adrien/Bulletins_de_paie/2026/Bulletin_2026-08.pdf,Bulletin_2026-08.pdf,.pdf,1699,2026-09-16T10:38:34,2026-08-28T18:00:00,2026-08-28T18:00:00,MOD Administrator,MOD Administrator,https://m365x71797824.sharepoint.com/sites/MigrationFileServer/RH/01_Dossiers_Individuels/GARNIER_Adrien/Bulletins_de_paie/2026/Bulletin_2026-08.pdf,014B06D5D94A57722D8B464DCE600B7A
RH,01_Dossiers_Individuels/GARNIER_Adrien/Contrat_de_travail_GARNIER.pdf,/sites/MigrationFileServer/RH/01_Dossiers_Individuels/GARNIER_Adrien/Contrat_de_travail_GARNIER.pdf,Contrat_de_travail_GARNIER.pdf,.pdf,1732,2026-09-16T10:31:53,2022-12-28T00:32:54,2022-12-28T00:32:54,MOD Administrator,MOD Administrator,https://m365x71797824.sharepoint.com/sites/MigrationFileServer/RH/01_Dossiers_Individuels/GARNIER_Adrien/Contrat_de_travail_GARNIER.pdf,0141BD7F8AD18D27890826C53EB56BD7
RH,01_Dossiers_Individuels/GARNIER_Adrien/Entretiens_annuels/Entretien_annuel_2024.docx,/sites/MigrationFileServer/RH/01_Dossiers_Individuels/GARNIER_Adrien/Entretiens_annuels/Entretien_annuel_2024.docx,Entretien_annuel_2024.docx,.docx,36754,2026-09-16T10:36:20,2024-12-09T00:00:00,2024-12-09T00:00:00,MOD Administrator,MOD Administrator,https://m365x71797824.sharepoint.com/sites/MigrationFileServer/RH/01_Dossiers_Individuels/GARNIER_Adrien/Entretiens_annuels/Entretien_annuel_2024.docx,01BAB1EFAF3681C45DAE80A7F6BB2A38
RH,01_Dossiers_Individuels/GARNIER_Adrien/Entretiens_annuels/Entretien_annuel_2025.docx,/sites/MigrationFileServer/RH/01_Dossiers_Individuels/GARNIER_Adrien/Entretiens_annuels/Entretien_annuel_2025.docx,Entretien_annuel_2025.docx,.docx,36754,2026-09-16T10:34:55,2025-12-02T00:00:00,2025-12-02T00:00:00,MOD Administrator,MOD Administrator,https://m365x71797824.sharepoint.com/sites/MigrationFileServer/RH/01_Dossiers_Individuels/GARNIER_Adrien/Entretiens_annuels/Entretien_annuel_2025.docx,01747BC0824E6FE395B591794A5BA251
RH,01_Dossiers_Individuels/GIRARD_Inès/Bulletins_de_paie/2026/Bulletin_2026-01.pdf,/sites/MigrationFileServer/RH/01_Dossiers_Individuels/GIRARD_Inès/Bulletins_de_paie/2026/Bulletin_2026-01.pdf,Bulletin_2026-01.pdf,.pdf,1703,2026-09-16T10:29:05,2026-01-28T18:00:00,2026-01-28T18:00:00,MOD Administrator,MOD Administrator,https://m365x71797824.sharepoint.com/sites/MigrationFileServer/RH/01_Dossiers_Individuels/GIRARD_Inès/Bulletins_de_paie/2026/Bulletin_2026-01.pdf,01A77699D3BBBDF8435C41BCA8C134DA
RH,01_Dossiers_Individuels/GIRARD_Inès/Bulletins_de_paie/2026/Bulletin_2026-02.pdf,/sites/MigrationFileServer/RH/01_Dossiers_Individuels/GIRARD_Inès/Bulletins_de_paie/2026/Bulletin_2026-02.pdf,Bulletin_2026-02.pdf,.pdf,1703,2026-09-16T10:19:52,2026-02-28T18:00:00,2026-02-28T18:00:00,MOD Administrator,MOD Administrator,https://m365x71797824.sharepoint.com/sites/MigrationFileServer/RH/01_Dossiers_Individuels/GIRARD_Inès/Bulletins_de_paie/2026/Bulletin_2026-02.pdf,016EA2EB73C8CDED36FBBB4C9C3BDAA2
RH,01_Dossiers_Individuels/GIRARD_Inès/Bulletins_de_paie/2026/Bulletin_2026-03.pdf,/sites/MigrationFileServer/RH/01_Dossiers_Individuels/GIRARD_Inès/Bulletins_de_paie/2026/Bulletin_2026-03.pdf,Bulletin_2026-03.pdf,.pdf,1703,2026-09-16T10:47:47,2026-03-28T18:00:00,2026-03-28T18:00:00,MOD Administrator,MOD Administrator,https://m365x71797824.sharepoint.com/sites/MigrationFileServer/RH/01_Dossiers_Individuels/GIRARD_Inès/Bulletins_de_paie/2026/Bulletin_2026-03.pdf,015DCF982DA29ED738417CBC0CAD198A
RH,01_Dossiers_Individuels/GIRARD_Inès/Bulletins_de_paie/2026/Bulletin_2026-04.pdf,/sites/MigrationFileServer/RH/01_Dossiers_Individuels/GIRARD_Inès/Bulletins_de_paie/2026/Bulletin_2026-04.pdf,Bulletin_2026-04.pdf,.pdf,1702,2026-09-16T10:50:01,2026-04-28T18:00:00,2026-04-28T18:00:00,MOD Administrator,MOD Administrator,https://m365x71797824.sharepoint.com/sites/MigrationFileServer/RH/01_Dossiers_Individuels/GIRARD_Inès/Bulletins_de_paie/2026/Bulletin_2026-04.pdf,01577DEE3A0F953A6F8C64C72C45D5BB
RH,01_Dossiers_Individuels/GIRARD_Inès/Bulletins_de_paie/2026/Bulletin_2026-05.pdf,/sites/MigrationFileServer/RH/01_Dossiers_Individuels/GIRARD_Inès/Bulletins_de_paie/2026/Bulletin_2026-05.pdf,Bulletin_2026-05.pdf,.pdf,1703,2026-09-16T10:29:26,2026-05-28T18:00:00,2026-05-28T18:00:00,MOD Administrator,MOD Administrator,https://m365x71797824.sharepoint.com/sites/MigrationFileServer/RH/01_Dossiers_Individuels/GIRARD_Inès/Bulletins_de_paie/2026/Bulletin_2026-05.pdf,019BBC3578F64453E66FFDA99B0848EC
RH,01_Dossiers_Individuels/GIRARD_Inès/Bulletins_de_paie/2026/Bulletin_2026-06.pdf,/sites/MigrationFileServer/RH/01_Dossiers_Individuels/GIRARD_Inès/Bulletins_de_paie/2026/Bulletin_2026-06.pdf,Bulletin_2026-06.pdf,.pdf,1703,2026-09-16T10:39:56,2026-06-28T18:00:00,2026-06-28T18:00:00,MOD Administrator,MOD Administrator,https://m365x71797824.sharepoint.com/sites/MigrationFileServer/RH/01_Dossiers_Individuels/GIRARD_Inès/Bulletins_de_paie/2026/Bulletin_2026-06.pdf,014E37474EF76DF8C6DE4B08D6AB9281
RH,01_Dossiers_Individuels/GIRARD_Inès/Bulletins_de_paie/2026/Bulletin_2026-07.pdf,/sites/MigrationFileServer/RH/01_Dossiers_Individuels/GIRARD_Inès/Bulletins_de_paie/2026/Bulletin_2026-07.pdf,Bulletin_2026-07.pdf,.pdf,1702,2026-09-16T10:57:50,2026-07-28T18:00:00,2026-07-28T18:00:00,MOD Administrator,MOD Administrator,https://m365x71797824.sharepoint.com/sites/MigrationFileServer/RH/01_Dossiers_Individuels/GIRARD_Inès/Bulletins_de_paie/2026/Bulletin_2026-07.pdf,0178E4136756400536572464533AB398
RH,01_Dossiers_Individuels/GIRARD_Inès/Bulletins_de_paie/2026/Bulletin_2026-08.pdf,/sites/MigrationFileServer/RH/01_Dossiers_Individuels/GIRARD_Inès/Bulletins_de_paie/2026/Bulletin_2026-08.pdf,Bulletin_2026-08.pdf,.pdf,1703,2026-09-16T10:12:46,2026-08-28T18:00:00,2026-08-28T18:00:00,MOD Administrator,MOD Administrator,https://m365x71797824.sharepoint.com/sites/MigrationFileServer/RH/01_Dossiers_Individuels/GIRARD_Inès/Bulletins_de_paie/2026/Bulletin_2026-08.pdf,012F9F0ABCBCB3296ABCAE5C53CBB05F
RH,01_Dossiers_Individuels/GIRARD_Inès/Contrat_de_travail_GIRARD.pdf,/sites/MigrationFileServer/RH/01_Dossiers_Individuels/GIRARD_Inès/Contrat_de_travail_GIRARD.pdf,Contrat_de_travail_GIRARD.pdf,.pdf,1724,2026-09-16T10:37:06,2025-05-09T01:16:43,2025-05-09T01:16:43,MOD Administrator,MOD Administrator,https://m365x71797824.sharepoint.com/sites/MigrationFileServer/RH/01_Dossiers_Individuels/GIRARD_Inès/Contrat_de_travail_GIRARD.pdf,01E5768F324515759132710E7B5E8806
RH,01_Dossiers_Individuels/GIRARD_Inès/Entretiens_annuels/Entretien_annuel_2025.docx,/sites/MigrationFileServer/RH/01_Dossiers_Individuels/GIRARD_Inès/Entretiens_annuels/Entretien_annuel_2025.docx,Entretien_annuel_2025.docx,.docx,36756,2026-09-16T10:37:02,2025-12-04T00:00:00,2025-12-04T00:00:00,MOD Administrator,MOD Administrator,https://m365x71797824.sharepoint.com/sites/MigrationFileServer/RH/01_Dossiers_Individuels/GIRARD_Inès/Entretiens_annuels/Entretien_annuel_2025.docx,0156C154D2E53786EB2192636CB64987
RH,01_Dossiers_Individuels/GIRARD_Julien/Bulletins_de_paie/2026/Bulletin_2026-01.pdf,/sites/MigrationFileServer/RH/01_Dossiers_Individuels/GIRARD_Julien/Bulletins_de_paie/2026/Bulletin_2026-01.pdf,Bulletin_2026-01.pdf,.pdf,1700,2026-09-16T10:32:55,2026-01-28T18:00:00,2026-01-28T18:00:00,MOD Administrator,MOD Administrator,https://m365x71797824.sharepoint.com/sites/MigrationFileServer/RH/01_Dossiers_Individuels/GIRARD_Julien/Bulletins_de_paie/2026/Bulletin_2026-01.pdf,016BD59A9549DFE79C7072C390F53510
RH,01_Dossiers_Individuels/GIRARD_Julien/Bulletins_de_paie/2026/Bulletin_2026-02.pdf,/sites/MigrationFileServer/RH/01_Dossiers_Individuels/GIRARD_Julien/Bulletins_de_paie/2026/Bulletin_2026-02.pdf,Bulletin_2026-02.pdf,.pdf,1700,2026-09-16T10:15:20,2026-02-28T18:00:00,2026-02-28T18:00:00,MOD Administrator,MOD Administrator,https://m365x71797824.sharepoint.com/sites/MigrationFileServer/RH/01_Dossiers_Individuels/GIRARD_Julien/Bulletins_de_paie/2026/Bulletin_2026-02.pdf,012EF13476A431E604F96515D82766E5
RH,01_Dossiers_Individuels/GIRARD_Julien/Bulletins_de_paie/2026/Bulletin_2026-03.pdf,/sites/MigrationFileServer/RH/01_Dossiers_Individuels/GIRARD_Julien/Bulletins_de_paie/2026/Bulletin_2026-03.pdf,Bulletin_2026-03.pdf,.pdf,1700,2026-09-16T10:51:10,2026-03-28T18:00:00,2026-03-28T18:00:00,MOD Administrator,MOD Administrator,https://m365x71797824.sharepoint.com/sites/MigrationFileServer/RH/01_Dossiers_Individuels/GIRARD_Julien/Bulletins_de_paie/2026/Bulletin_2026-03.pdf,01EC0D0D010F87D76147EB301B5A2B4A
RH,01_Dossiers_Individuels/GIRARD_Julien/Bulletins_de_paie/2026/Bulletin_2026-04.pdf,/sites/MigrationFileServer/RH/01_Dossiers_Individuels/GIRARD_Julien/Bulletins_de_paie/2026/Bulletin_2026-04.pdf,Bulletin_2026-04.pdf,.pdf,1700,2026-09-16T10:49:54,2026-04-28T18:00:00,2026-04-28T18:00:00,MOD Administrator,MOD Administrator,https://m365x71797824.sharepoint.com/sites/MigrationFileServer/RH/01_Dossiers_Individuels/GIRARD_Julien/Bulletins_de_paie/2026/Bulletin_2026-04.pdf,01DA072835096539B754DD014D3ED110
RH,01_Dossiers_Individuels/GIRARD_Julien/Bulletins_de_paie/2026/Bulletin_2026-05.pdf,/sites/MigrationFileServer/RH/01_Dossiers_Individuels/GIRARD_Julien/Bulletins_de_paie/2026/Bulletin_2026-05.pdf,Bulletin_2026-05.pdf,.pdf,1702,2026-09-16T10:17:57,2026-05-28T18:00:00,2026-05-28T18:00:00,MOD Administrator,MOD Administrator,https://m365x71797824.sharepoint.com/sites/MigrationFileServer/RH/01_Dossiers_Individuels/GIRARD_Julien/Bulletins_de_paie/2026/Bulletin_2026-05.pdf,01313AAF5D6C8D781E6D5E7B010DCC4B
RH,01_Dossiers_Individuels/GIRARD_Julien/Bulletins_de_paie/2026/Bulletin_2026-06.pdf,/sites/MigrationFileServer/RH/01_Dossiers_Individuels/GIRARD_Julien/Bulletins_de_paie/2026/Bulletin_2026-06.pdf,Bulletin_2026-06.pdf,.pdf,1700,2026-09-16T10:15:49,2026-06-28T18:00:00,2026-06-28T18:00:00,MOD Administrator,MOD Administrator,https://m365x71797824.sharepoint.com/sites/MigrationFileServer/RH/01_Dossiers_Individuels/GIRARD_Julien/Bulletins_de_paie/2026/Bulletin_2026-06.pdf,011E8CE740825D4B245FE8E328C8C146
RH,01_Dossiers_Individuels/GIRARD_Julien/Bulletins_de_paie/2026/Bulletin_2026-07.pdf,/sites/MigrationFileServer/RH/01_Dossiers_Individuels/GIRARD_Julien/Bulletins_de_paie/2026/Bulletin_2026-07.pdf,Bulletin_2026-07.pdf,.pdf,1700,2026-09-16T10:13:57,2026-07-28T18:00:00,2026-07-28T18:00:00,MOD Administrator,MOD Administrator,https://m365x71797824.sharepoint.com/sites/MigrationFileServer/RH/01_Dossiers_Individuels/GIRARD_Julien/Bulletins_de_paie/2026/Bulletin_2026-07.pdf,0165C1278C82B0DCFC70851CFB458872
RH,01_Dossiers_Individuels/GIRARD_Julien/Bulletins_de_paie/2026/Bulletin_2026-08.pdf,/sites/MigrationFileServer/RH/01_Dossiers_Individuels/GIRARD_Julien/Bulletins_de_paie/2026/Bulletin_2026-08.pdf,Bulletin_2026-08.pdf,.pdf,1702,2026-09-16T10:44:16,2026-08-28T18:00:00,2026-08-28T18:00:00,MOD Administrator,MOD Administrator,https://m365x71797824.sharepoint.com/sites/MigrationFileServer/RH/01_Dossiers_Individuels/GIRARD_Julien/Bulletins_de_paie/2026/Bulletin_2026-08.pdf,0163DAB15F6457202E052EC368FC9F01
RH,01_Dossiers_Individuels/GIRARD_Julien/Contrat_de_travail_GIRARD.pdf,/sites/MigrationFileServer/RH/01_Dossiers_Individuels/GIRARD_Julien/Contrat_de_travail_GIRARD.pdf,Contrat_de_travail_GIRARD.pdf,.pdf,1725,2026-09-16T10:17:24,2016-08-26T15:25:53,2016-08-26T15:25:53,MOD Administrator,MOD Administrator,https://m365x71797824.sharepoint.com/sites/MigrationFileServer/RH/01_Dossiers_Individuels/GIRARD_Julien/Contrat_de_travail_GIRARD.pdf,015F2C126ABC5A0D1402D60749C83676
RH,01_Dossiers_Individuels/GIRARD_Julien/Entretiens_annuels/Entretien_annuel_2024.docx,/sites/MigrationFileServer/RH/01_Dossiers_Individuels/GIRARD_Julien/Entretiens_annuels/Entretien_annuel_2024.docx,Entretien_annuel_2024.docx,.docx,36755,2026-09-16T10:13:48,2024-12-01T00:00:00,2024-12-01T00:00:00,MOD Administrator,MOD Administrator,https://m365x71797824.sharepoint.com/sites/MigrationFileServer/RH/01_Dossiers_Individuels/GIRARD_Julien/Entretiens_annuels/Entretien_annuel_2024.docx,01ADF8F1C7207203A3553C763E523157
RH,01_Dossiers_Individuels/GIRARD_Julien/Entretiens_annuels/Entretien_annuel_2025.docx,/sites/MigrationFileServer/RH/01_Dossiers_Individuels/GIRARD_Julien/Entretiens_annuels/Entretien_annuel_2025.docx,Entretien_annuel_2025.docx,.docx,36754,2026-09-16T10:08:39,2025-12-17T00:00:00,2025-12-17T00:00:00,MOD Administrator,MOD Administrator,https://m365x71797824.sharepoint.com/sites/MigrationFileServer/RH/01_Dossiers_Individuels/GIRARD_Julien/Entretiens_annuels/Entretien_annuel_2025.docx,010537858134F4706B303C5759B76F6D
RH,01_Dossiers_Individuels/LEROY_Marion/Bulletins_de_paie/2026/Bulletin_2026-01.pdf,/sites/MigrationFileServer/RH/01_Dossiers_Individuels/LEROY_Marion/Bulletins_de_paie/2026/Bulletin_2026-01.pdf,Bulletin_2026-01.pdf,.pdf,1698,2026-09-16T10:43:43,2026-01-28T18:00:00,2026-01-28T18:00:00,MOD Administrator,MOD Administrator,https://m365x71797824.sharepoint.com/sites/MigrationFileServer/RH/01_Dossiers_Individuels/LEROY_Marion/Bulletins_de_paie/2026/Bulletin_2026-01.pdf,014B360FF13B52B5E89C69AB78929D41
RH,01_Dossiers_Individuels/LEROY_Marion/Bulletins_de_paie/2026/Bulletin_2026-02.pdf,/sites/MigrationFileServer/RH/01_Dossiers_Individuels/LEROY_Marion/Bulletins_de_paie/2026/Bulletin_2026-02.pdf,Bulletin_2026-02.pdf,.pdf,1698,2026-09-16T10:12:12,2026-02-28T18:00:00,2026-02-28T18:00:00,MOD Administrator,MOD Administrator,https://m365x71797824.sharepoint.com/sites/MigrationFileServer/RH/01_Dossiers_Individuels/LEROY_Marion/Bulletins_de_paie/2026/Bulletin_2026-02.pdf,01E8C5F4F6D953AFC6DAF73D6FB548EF
RH,01_Dossiers_Individuels/LEROY_Marion/Bulletins_de_paie/2026/Bulletin_2026-03.pdf,/sites/MigrationFileServer/RH/01_Dossiers_Individuels/LEROY_Marion/Bulletins_de_paie/2026/Bulletin_2026-03.pdf,Bulletin_2026-03.pdf,.pdf,1697,2026-09-16T10:21:14,2026-03-28T18:00:00,2026-03-28T18:00:00,MOD Administrator,MOD Administrator,https://m365x71797824.sharepoint.com/sites/MigrationFileServer/RH/01_Dossiers_Individuels/LEROY_Marion/Bulletins_de_paie/2026/Bulletin_2026-03.pdf,01931C0807C5B2EA8A9603C77C78A672
RH,01_Dossiers_Individuels/LEROY_Marion/Bulletins_de_paie/2026/Bulletin_2026-04.pdf,/sites/MigrationFileServer/RH/01_Dossiers_Individuels/LEROY_Marion/Bulletins_de_paie/2026/Bulletin_2026-04.pdf,Bulletin_2026-04.pdf,.pdf,1697,2026-09-16T10:26:07,2026-04-28T18:00:00,2026-04-28T18:00:00,MOD Administrator,MOD Administrator,https://m365x71797824.sharepoint.com/sites/MigrationFileServer/RH/01_Dossiers_Individuels/LEROY_Marion/Bulletins_de_paie/2026/Bulletin_2026-04.pdf,01841A60DF53492063925636E5095142
RH,01_Dossiers_Individuels/LEROY_Marion/Bulletins_de_paie/2026/Bulletin_2026-05.pdf,/sites/MigrationFileServer/RH/01_Dossiers_Individuels/LEROY_Marion/Bulletins_de_paie/2026/Bulletin_2026-05.pdf,Bulletin_2026-05.pdf,.pdf,1698,2026-09-16T10:47:54,2026-05-28T18:00:00,2026-05-28T18:00:00,MOD Administrator,MOD Administrator,https://m365x71797824.sharepoint.com/sites/MigrationFileServer/RH/01_Dossiers_Individuels/LEROY_Marion/Bulletins_de_paie/2026/Bulletin_2026-05.pdf,0175D0EB1682917FB3170AB3C09A19BB
RH,01_Dossiers_Individuels/LEROY_Marion/Bulletins_de_paie/2026/Bulletin_2026-06.pdf,/sites/MigrationFileServer/RH/01_Dossiers_Individuels/LEROY_Marion/Bulletins_de_paie/2026/Bulletin_2026-06.pdf,Bulletin_2026-06.pdf,.pdf,1697,2026-09-16T10:13:15,2026-06-28T18:00:00,2026-06-28T18:00:00,MOD Administrator,MOD Administrator,https://m365x71797824.sharepoint.com/sites/MigrationFileServer/RH/01_Dossiers_Individuels/LEROY_Marion/Bulletins_de_paie/2026/Bulletin_2026-06.pdf,01FE40B6E04FB31C3670C524F7367AB7
RH,01_Dossiers_Individuels/LEROY_Marion/Bulletins_de_paie/2026/Bulletin_2026-07.pdf,/sites/MigrationFileServer/RH/01_Dossiers_Individuels/LEROY_Marion/Bulletins_de_paie/2026/Bulletin_2026-07.pdf,Bulletin_2026-07.pdf,.pdf,1697,2026-09-16T10:32:58,2026-07-28T18:00:00,2026-07-28T18:00:00,MOD Administrator,MOD Administrator,https://m365x71797824.sharepoint.com/sites/MigrationFileServer/RH/01_Dossiers_Individuels/LEROY_Marion/Bulletins_de_paie/2026/Bulletin_2026-07.pdf,013A6E265DE6FD780C03F08E575CFB6B
RH,01_Dossiers_Individuels/LEROY_Marion/Bulletins_de_paie/2026/Bulletin_2026-08.pdf,/sites/MigrationFileServer/RH/01_Dossiers_Individuels/LEROY_Marion/Bulletins_de_paie/2026/Bulletin_2026-08.pdf,Bulletin_2026-08.pdf,.pdf,1697,2026-09-16T10:13:21,2026-08-28T18:00:00,2026-08-28T18:00:00,MOD Administrator,MOD Administrator,https://m365x71797824.sharepoint.com/sites/MigrationFileServer/RH/01_Dossiers_Individuels/LEROY_Marion/Bulletins_de_paie/2026/Bulletin_2026-08.pdf,01A764AA723D89765A6641F7CCFC8400
RH,01_Dossiers_Individuels/LEROY_Marion/Contrat_de_travail_LEROY.pdf,/sites/MigrationFileServer/RH/01_Dossiers_Individuels/LEROY_Marion/Contrat_de_travail_LEROY.pdf,Contrat_de_travail_LEROY.pdf,.pdf,1730,2026-09-16T10:33:15,2012-12-18T18:51:09,2012-12-18T18:51:09,MOD Administrator,MOD Administrator,https://m365x71797824.sharepoint.com/sites/MigrationFileServer/RH/01_Dossiers_Individuels/LEROY_Marion/Contrat_de_travail_LEROY.pdf,016090A4583D958FAD965597F155612A
RH,01_Dossiers_Individuels/LEROY_Marion/Entretiens_annuels/Entretien_annuel_2024.docx,/sites/MigrationFileServer/RH/01_Dossiers_Individuels/LEROY_Marion/Entretiens_annuels/Entretien_annuel_2024.docx,Entretien_annuel_2024.docx,.docx,36755,2026-09-16T10:46:02,2024-12-18T00:00:00,2024-12-18T00:00:00,MOD Administrator,MOD Administrator,https://m365x71797824.sharepoint.com/sites/MigrationFileServer/RH/01_Dossiers_Individuels/LEROY_Marion/Entretiens_annuels/Entretien_annuel_2024.docx,01CF7A44218CD52C09CBE0D777850A13
RH,01_Dossiers_Individuels/LEROY_Marion/Entretiens_annuels/Entretien_annuel_2025.docx,/sites/MigrationFileServer/RH/01_Dossiers_Individuels/LEROY_Marion/Entretiens_annuels/Entretien_annuel_2025.docx,Entretien_annuel_2025.docx,.docx,36754,2026-09-16T10:25:17,2025-12-12T00:00:00,2025-12-12T00:00:00,MOD Administrator,MOD Administrator,https://m365x71797824.sharepoint.com/sites/MigrationFileServer/RH/01_Dossiers_Individuels/LEROY_Marion/Entretiens_annuels/Entretien_annuel_2025.docx,017AA985D1B6C9FF2FC6B31A1E7829A1
RH,01_Dossiers_Individuels/MARTIN_Maxime/Bulletins_de_paie/2026/Bulletin_2026-01.pdf,/sites/MigrationFileServer/RH/01_Dossiers_Individuels/MARTIN_Maxime/Bulletins_de_paie/2026/Bulletin_2026-01.pdf,Bulletin_2026-01.pdf,.pdf,1699,2026-09-16T10:35:00,2026-01-28T18:00:00,2026-01-28T18:00:00,MOD Administrator,MOD Administrator,https://m365x71797824.sharepoint.com/sites/MigrationFileServer/RH/01_Dossiers_Individuels/MARTIN_Maxime/Bulletins_de_paie/2026/Bulletin_2026-01.pdf,0176420FC0615C73F3A9D3AFBC0DEBC4
RH,01_Dossiers_Individuels/MARTIN_Maxime/Bulletins_de_paie/2026/Bulletin_2026-02.pdf,/sites/MigrationFileServer/RH/01_Dossiers_Individuels/MARTIN_Maxime/Bulletins_de_paie/2026/Bulletin_2026-02.pdf,Bulletin_2026-02.pdf,.pdf,1697,2026-09-16T10:20:38,2026-02-28T18:00:00,2026-02-28T18:00:00,MOD Administrator,MOD Administrator,https://m365x71797824.sharepoint.com/sites/MigrationFileServer/RH/01_Dossiers_Individuels/MARTIN_Maxime/Bulletins_de_paie/2026/Bulletin_2026-02.pdf,019964C628C72619722CD93D049FFBF2
RH,01_Dossiers_Individuels/MARTIN_Maxime/Bulletins_de_paie/2026/Bulletin_2026-03.pdf,/sites/MigrationFileServer/RH/01_Dossiers_Individuels/MARTIN_Maxime/Bulletins_de_paie/2026/Bulletin_2026-03.pdf,Bulletin_2026-03.pdf,.pdf,1699,2026-09-16T10:59:30,2026-03-28T18:00:00,2026-03-28T18:00:00,MOD Administrator,MOD Administrator,https://m365x71797824.sharepoint.com/sites/MigrationFileServer/RH/01_Dossiers_Individuels/MARTIN_Maxime/Bulletins_de_paie/2026/Bulletin_2026-03.pdf,0128E8EA256321EB18F4CC894C8C60B3
RH,01_Dossiers_Individuels/MARTIN_Maxime/Bulletins_de_paie/2026/Bulletin_2026-04.pdf,/sites/MigrationFileServer/RH/01_Dossiers_Individuels/MARTIN_Maxime/Bulletins_de_paie/2026/Bulletin_2026-04.pdf,Bulletin_2026-04.pdf,.pdf,1698,2026-09-16T10:57:06,2026-04-28T18:00:00,2026-04-28T18:00:00,MOD Administrator,MOD Administrator,https://m365x71797824.sharepoint.com/sites/MigrationFileServer/RH/01_Dossiers_Individuels/MARTIN_Maxime/Bulletins_de_paie/2026/Bulletin_2026-04.pdf,01C0AFF78EC23DAC7D428E8B3FFA9ABD
RH,01_Dossiers_Individuels/MARTIN_Maxime/Bulletins_de_paie/2026/Bulletin_2026-05.pdf,/sites/MigrationFileServer/RH/01_Dossiers_Individuels/MARTIN_Maxime/Bulletins_de_paie/2026/Bulletin_2026-05.pdf,Bulletin_2026-05.pdf,.pdf,1699,2026-09-16T10:53:28,2026-05-28T18:00:00,2026-05-28T18:00:00,MOD Administrator,MOD Administrator,https://m365x71797824.sharepoint.com/sites/MigrationFileServer/RH/01_Dossiers_Individuels/MARTIN_Maxime/Bulletins_de_paie/2026/Bulletin_2026-05.pdf,01174818F4E0C2E240FE34C747F057A7
RH,01_Dossiers_Individuels/MARTIN_Maxime/Bulletins_de_paie/2026/Bulletin_2026-06.pdf,/sites/MigrationFileServer/RH/01_Dossiers_Individuels/MARTIN_Maxime/Bulletins_de_paie/2026/Bulletin_2026-06.pdf,Bulletin_2026-06.pdf,.pdf,1697,2026-09-16T10:25:29,2026-06-28T18:00:00,2026-06-28T18:00:00,MOD Administrator,MOD Administrator,https://m365x71797824.sharepoint.com/sites/MigrationFileServer/RH/01_Dossiers_Individuels/MARTIN_Maxime/Bulletins_de_paie/2026/Bulletin_2026-06.pdf,01008C5C5AB172BB4B3666E673DF05F9
RH,01_Dossiers_Individuels/MARTIN_Maxime/Bulletins_de_paie/2026/Bulletin_2026-07.pdf,/sites/MigrationFileServer/RH/01_Dossiers_Individuels/MARTIN_Maxime/Bulletins_de_paie/2026/Bulletin_2026-07.pdf,Bulletin_2026-07.pdf,.pdf,1699,2026-09-16T10:10:05,2026-07-28T18:00:00,2026-07-28T18:00:00,MOD Administrator,MOD Administrator,https://m365x71797824.sharepoint.com/sites/MigrationFileServer/RH/01_Dossiers_Individuels/MARTIN_Maxime/Bulletins_de_paie/2026/Bulletin_2026-07.pdf,015E7224E32F0EEED1174A686DE7ADB6
RH,01_Dossiers_Individuels/MARTIN_Maxime/Bulletins_de_paie/2026/Bulletin_2026-08.pdf,/sites/MigrationFileServer/RH/01_Dossiers_Individuels/MARTIN_Maxime/Bulletins_de_paie/2026/Bulletin_2026-08.pdf,Bulletin_2026-08.pdf,.pdf,1698,2026-09-16T10:06:27,2026-08-28T18:00:00,2026-08-28T18:00:00,MOD Administrator,MOD Administrator,https://m365x71797824.sharepoint.com/sites/MigrationFileServer/RH/01_Dossiers_Individuels/MARTIN_Maxime/Bulletins_de_paie/2026/Bulletin_2026-08.pdf,014A0EDFC5749FB37B81FE70FE690C27
RH,01_Dossiers_Individuels/MARTIN_Maxime/Contrat_de_travail_MARTIN.pdf,/sites/MigrationFileServer/RH/01_Dossiers_Individuels/MARTIN_Maxime/Contrat_de_travail_MARTIN.pdf,Contrat_de_travail_MARTIN.pdf,.pdf,1733,2026-09-16T10:50:22,2025-10-02T14:24:05,2025-10-02T14:24:05,MOD Administrator,MOD Administrator,https://m365x71797824.sharepoint.com/sites/MigrationFileServer/RH/01_Dossiers_Individuels/MARTIN_Maxime/Contrat_de_travail_MARTIN.pdf,01B68C914BFB58F1AF5E51F48A841F74
RH,01_Dossiers_Individuels/MARTIN_Maxime/Entretiens_annuels/Entretien_annuel_2025.docx,/sites/MigrationFileServer/RH/01_Dossiers_Individuels/MARTIN_Maxime/Entretiens_annuels/Entretien_annuel_2025.docx,Entretien_annuel_2025.docx,.docx,36755,2026-09-16T10:16:06,2025-12-15T00:00:00,2025-12-15T00:00:00,MOD Administrator,MOD Administrator,https://m365x71797824.sharepoint.com/sites/MigrationFileServer/RH/01_Dossiers_Individuels/MARTIN_Maxime/Entretiens_annuels/Entretien_annuel_2025.docx,011D2E98FF7E640B81872373AA82B6BF
RH,01_Dossiers_Individuels/MERCIER_Marion/Bulletins_de_paie/2026/Bulletin_2026-01.pdf,/sites/MigrationFileServer/RH/01_Dossiers_Individuels/MERCIER_Marion/Bulletins_de_paie/2026/Bulletin_2026-01.pdf,Bulletin_2026-01.pdf,.pdf,1699,2026-09-16T10:29:18,2026-01-28T18:00:00,2026-01-28T18:00:00,MOD Administrator,MOD Administrator,https://m365x71797824.sharepoint.com/sites/MigrationFileServer/RH/01_Dossiers_Individuels/MERCIER_Marion/Bulletins_de_paie/2026/Bulletin_2026-01.pdf,0138713C7735A2E7608A83282ADC7753
RH,01_Dossiers_Individuels/MERCIER_Marion/Bulletins_de_paie/2026/Bulletin_2026-02.pdf,/sites/MigrationFileServer/RH/01_Dossiers_Individuels/MERCIER_Marion/Bulletins_de_paie/2026/Bulletin_2026-02.pdf,Bulletin_2026-02.pdf,.pdf,1699,2026-09-16T10:30:22,2026-02-28T18:00:00,2026-02-28T18:00:00,MOD Administrator,MOD Administrator,https://m365x71797824.sharepoint.com/sites/MigrationFileServer/RH/01_Dossiers_Individuels/MERCIER_Marion/Bulletins_de_paie/2026/Bulletin_2026-02.pdf,019D64D7889A1A70B455E1F0B7D90FFA
RH,01_Dossiers_Individuels/MERCIER_Marion/Bulletins_de_paie/2026/Bulletin_2026-03.pdf,/sites/MigrationFileServer/RH/01_Dossiers_Individuels/MERCIER_Marion/Bulletins_de_paie/2026/Bulletin_2026-03.pdf,Bulletin_2026-03.pdf,.pdf,1699,2026-09-16T10:41:36,2026-03-28T18:00:00,2026-03-28T18:00:00,MOD Administrator,MOD Administrator,https://m365x71797824.sharepoint.com/sites/MigrationFileServer/RH/01_Dossiers_Individuels/MERCIER_Marion/Bulletins_de_paie/2026/Bulletin_2026-03.pdf,01159ED066C2EF781148B33D2C46228D
RH,01_Dossiers_Individuels/MERCIER_Marion/Bulletins_de_paie/2026/Bulletin_2026-04.pdf,/sites/MigrationFileServer/RH/01_Dossiers_Individuels/MERCIER_Marion/Bulletins_de_paie/2026/Bulletin_2026-04.pdf,Bulletin_2026-04.pdf,.pdf,1699,2026-09-16T10:45:45,2026-04-28T18:00:00,2026-04-28T18:00:00,MOD Administrator,MOD Administrator,https://m365x71797824.sharepoint.com/sites/MigrationFileServer/RH/01_Dossiers_Individuels/MERCIER_Marion/Bulletins_de_paie/2026/Bulletin_2026-04.pdf,015DB49B011D48A785D7E655EA5E8FF6
RH,01_Dossiers_Individuels/MERCIER_Marion/Bulletins_de_paie/2026/Bulletin_2026-05.pdf,/sites/MigrationFileServer/RH/01_Dossiers_Individuels/MERCIER_Marion/Bulletins_de_paie/2026/Bulletin_2026-05.pdf,Bulletin_2026-05.pdf,.pdf,1700,2026-09-16T10:48:34,2026-05-28T18:00:00,2026-05-28T18:00:00,MOD Administrator,MOD Administrator,https://m365x71797824.sharepoint.com/sites/MigrationFileServer/RH/01_Dossiers_Individuels/MERCIER_Marion/Bulletins_de_paie/2026/Bulletin_2026-05.pdf,015414746D2336DF8953DB4795A446A0
RH,01_Dossiers_Individuels/MERCIER_Marion/Bulletins_de_paie/2026/Bulletin_2026-06.pdf,/sites/MigrationFileServer/RH/01_Dossiers_Individuels/MERCIER_Marion/Bulletins_de_paie/2026/Bulletin_2026-06.pdf,Bulletin_2026-06.pdf,.pdf,1699,2026-09-16T10:49:54,2026-06-28T18:00:00,2026-06-28T18:00:00,MOD Administrator,MOD Administrator,https://m365x71797824.sharepoint.com/sites/MigrationFileServer/RH/01_Dossiers_Individuels/MERCIER_Marion/Bulletins_de_paie/2026/Bulletin_2026-06.pdf,016ADB668B295152A356AFDFCA1D2AF2
RH,01_Dossiers_Individuels/MERCIER_Marion/Bulletins_de_paie/2026/Bulletin_2026-07.pdf,/sites/MigrationFileServer/RH/01_Dossiers_Individuels/MERCIER_Marion/Bulletins_de_paie/2026/Bulletin_2026-07.pdf,Bulletin_2026-07.pdf,.pdf,1699,2026-09-16T10:07:57,2026-07-28T18:00:00,2026-07-28T18:00:00,MOD Administrator,MOD Administrator,https://m365x71797824.sharepoint.com/sites/MigrationFileServer/RH/01_Dossiers_Individuels/MERCIER_Marion/Bulletins_de_paie/2026/Bulletin_2026-07.pdf,0100F03CBB66EB2C4438E584875C60EE
RH,01_Dossiers_Individuels/MERCIER_Marion/Bulletins_de_paie/2026/Bulletin_2026-08.pdf,/sites/MigrationFileServer/RH/01_Dossiers_Individuels/MERCIER_Marion/Bulletins_de_paie/2026/Bulletin_2026-08.pdf,Bulletin_2026-08.pdf,.pdf,1700,2026-09-16T10:16:42,2026-08-28T18:00:00,2026-08-28T18:00:00,MOD Administrator,MOD Administrator,https://m365x71797824.sharepoint.com/sites/MigrationFileServer/RH/01_Dossiers_Individuels/MERCIER_Marion/Bulletins_de_paie/2026/Bulletin_2026-08.pdf,017242D6F788125895AA2FAF57329CCB
RH,01_Dossiers_Individuels/MERCIER_Marion/Contrat_de_travail_MERCIER.pdf,/sites/MigrationFileServer/RH/01_Dossiers_Individuels/MERCIER_Marion/Contrat_de_travail_MERCIER.pdf,Contrat_de_travail_MERCIER.pdf,.pdf,1733,2026-09-16T10:29:25,2024-04-13T14:07:33,2024-04-13T14:07:33,MOD Administrator,MOD Administrator,https://m365x71797824.sharepoint.com/sites/MigrationFileServer/RH/01_Dossiers_Individuels/MERCIER_Marion/Contrat_de_travail_MERCIER.pdf,01CA3B08212C1C6DAA3B93920D42246E
RH,01_Dossiers_Individuels/MERCIER_Marion/Entretiens_annuels/Entretien_annuel_2024.docx,/sites/MigrationFileServer/RH/01_Dossiers_Individuels/MERCIER_Marion/Entretiens_annuels/Entretien_annuel_2024.docx,Entretien_annuel_2024.docx,.docx,36756,2026-09-16T10:51:29,2024-12-07T00:00:00,2024-12-07T00:00:00,MOD Administrator,MOD Administrator,https://m365x71797824.sharepoint.com/sites/MigrationFileServer/RH/01_Dossiers_Individuels/MERCIER_Marion/Entretiens_annuels/Entretien_annuel_2024.docx,015FFC4ADEEAB6B1BFD4F824E72A22FF
RH,01_Dossiers_Individuels/MERCIER_Marion/Entretiens_annuels/Entretien_annuel_2025.docx,/sites/MigrationFileServer/RH/01_Dossiers_Individuels/MERCIER_Marion/Entretiens_annuels/Entretien_annuel_2025.docx,Entretien_annuel_2025.docx,.docx,36756,2026-09-16T10:58:46,2025-12-03T00:00:00,2025-12-03T00:00:00,MOD Administrator,MOD Administrator,https://m365x71797824.sharepoint.com/sites/MigrationFileServer/RH/01_Dossiers_Individuels/MERCIER_Marion/Entretiens_annuels/Entretien_annuel_2025.docx,01383EF85C606BD28A075CC1C50EE95D
RH,01_Dossiers_Individuels/MOREAU_Manon/Bulletins_de_paie/2026/Bulletin_2026-01.pdf,/sites/MigrationFileServer/RH/01_Dossiers_Individuels/MOREAU_Manon/Bulletins_de_paie/2026/Bulletin_2026-01.pdf,Bulletin_2026-01.pdf,.pdf,1700,2026-09-16T10:26:43,2026-01-28T18:00:00,2026-01-28T18:00:00,MOD Administrator,MOD Administrator,https://m365x71797824.sharepoint.com/sites/MigrationFileServer/RH/01_Dossiers_Individuels/MOREAU_Manon/Bulletins_de_paie/2026/Bulletin_2026-01.pdf,017F3CB2820ACC1CEEACFA91B566C7EA
RH,01_Dossiers_Individuels/MOREAU_Manon/Bulletins_de_paie/2026/Bulletin_2026-02.pdf,/sites/MigrationFileServer/RH/01_Dossiers_Individuels/MOREAU_Manon/Bulletins_de_paie/2026/Bulletin_2026-02.pdf,Bulletin_2026-02.pdf,.pdf,1699,2026-09-16T10:40:30,2026-02-28T18:00:00,2026-02-28T18:00:00,MOD Administrator,MOD Administrator,https://m365x71797824.sharepoint.com/sites/MigrationFileServer/RH/01_Dossiers_Individuels/MOREAU_Manon/Bulletins_de_paie/2026/Bulletin_2026-02.pdf,012C492D2D8AA4A760329101FECD04E4
RH,01_Dossiers_Individuels/MOREAU_Manon/Bulletins_de_paie/2026/Bulletin_2026-03.pdf,/sites/MigrationFileServer/RH/01_Dossiers_Individuels/MOREAU_Manon/Bulletins_de_paie/2026/Bulletin_2026-03.pdf,Bulletin_2026-03.pdf,.pdf,1700,2026-09-16T10:10:41,2026-03-28T18:00:00,2026-03-28T18:00:00,MOD Administrator,MOD Administrator,https://m365x71797824.sharepoint.com/sites/MigrationFileServer/RH/01_Dossiers_Individuels/MOREAU_Manon/Bulletins_de_paie/2026/Bulletin_2026-03.pdf,01423B28172FACF844B19FC4922CABC9
RH,01_Dossiers_Individuels/MOREAU_Manon/Bulletins_de_paie/2026/Bulletin_2026-04.pdf,/sites/MigrationFileServer/RH/01_Dossiers_Individuels/MOREAU_Manon/Bulletins_de_paie/2026/Bulletin_2026-04.pdf,Bulletin_2026-04.pdf,.pdf,1699,2026-09-16T10:57:41,2026-04-28T18:00:00,2026-04-28T18:00:00,MOD Administrator,MOD Administrator,https://m365x71797824.sharepoint.com/sites/MigrationFileServer/RH/01_Dossiers_Individuels/MOREAU_Manon/Bulletins_de_paie/2026/Bulletin_2026-04.pdf,019CF0CE0DB3BF428822DB7CEF807381
RH,01_Dossiers_Individuels/MOREAU_Manon/Bulletins_de_paie/2026/Bulletin_2026-05.pdf,/sites/MigrationFileServer/RH/01_Dossiers_Individuels/MOREAU_Manon/Bulletins_de_paie/2026/Bulletin_2026-05.pdf,Bulletin_2026-05.pdf,.pdf,1698,2026-09-16T10:55:10,2026-05-28T18:00:00,2026-05-28T18:00:00,MOD Administrator,MOD Administrator,https://m365x71797824.sharepoint.com/sites/MigrationFileServer/RH/01_Dossiers_Individuels/MOREAU_Manon/Bulletins_de_paie/2026/Bulletin_2026-05.pdf,01506176DEDEA1C5358270C49EA89DC7
RH,01_Dossiers_Individuels/MOREAU_Manon/Bulletins_de_paie/2026/Bulletin_2026-06.pdf,/sites/MigrationFileServer/RH/01_Dossiers_Individuels/MOREAU_Manon/Bulletins_de_paie/2026/Bulletin_2026-06.pdf,Bulletin_2026-06.pdf,.pdf,1698,2026-09-16T10:24:35,2026-06-28T18:00:00,2026-06-28T18:00:00,MOD Administrator,MOD Administrator,https://m365x71797824.sharepoint.com/sites/MigrationFileServer/RH/01_Dossiers_Individuels/MOREAU_Manon/Bulletins_de_paie/2026/Bulletin_2026-06.pdf,017BBEC0B2B76EADA8224E993D88C197
RH,01_Dossiers_Individuels/MOREAU_Manon/Bulletins_de_paie/2026/Bulletin_2026-07.pdf,/sites/MigrationFileServer/RH/01_Dossiers_Individuels/MOREAU_Manon/Bulletins_de_paie/2026/Bulletin_2026-07.pdf,Bulletin_2026-07.pdf,.pdf,1698,2026-09-16T10:52:39,2026-07-28T18:00:00,2026-07-28T18:00:00,MOD Administrator,MOD Administrator,https://m365x71797824.sharepoint.com/sites/MigrationFileServer/RH/01_Dossiers_Individuels/MOREAU_Manon/Bulletins_de_paie/2026/Bulletin_2026-07.pdf,014F054D8946133446227F437F1C7C10
RH,01_Dossiers_Individuels/MOREAU_Manon/Bulletins_de_paie/2026/Bulletin_2026-08.pdf,/sites/MigrationFileServer/RH/01_Dossiers_Individuels/MOREAU_Manon/Bulletins_de_paie/2026/Bulletin_2026-08.pdf,Bulletin_2026-08.pdf,.pdf,1698,2026-09-16T10:25:43,2026-08-28T18:00:00,2026-08-28T18:00:00,MOD Administrator,MOD Administrator,https://m365x71797824.sharepoint.com/sites/MigrationFileServer/RH/01_Dossiers_Individuels/MOREAU_Manon/Bulletins_de_paie/2026/Bulletin_2026-08.pdf,019DE03F5AF93A0F268BD2EF3B337CDB
RH,01_Dossiers_Individuels/MOREAU_Manon/Contrat_de_travail_MOREAU.pdf,/sites/MigrationFileServer/RH/01_Dossiers_Individuels/MOREAU_Manon/Contrat_de_travail_MOREAU.pdf,Contrat_de_travail_MOREAU.pdf,.pdf,1737,2026-09-16T10:56:49,2022-05-10T01:15:04,2022-05-10T01:15:04,MOD Administrator,MOD Administrator,https://m365x71797824.sharepoint.com/sites/MigrationFileServer/RH/01_Dossiers_Individuels/MOREAU_Manon/Contrat_de_travail_MOREAU.pdf,0138E15A18D55EF642924C02CFF0B648
RH,01_Dossiers_Individuels/MOREAU_Manon/Entretiens_annuels/Entretien_annuel_2024.docx,/sites/MigrationFileServer/RH/01_Dossiers_Individuels/MOREAU_Manon/Entretiens_annuels/Entretien_annuel_2024.docx,Entretien_annuel_2024.docx,.docx,36755,2026-09-16T10:48:28,2024-12-05T00:00:00,2024-12-05T00:00:00,MOD Administrator,MOD Administrator,https://m365x71797824.sharepoint.com/sites/MigrationFileServer/RH/01_Dossiers_Individuels/MOREAU_Manon/Entretiens_annuels/Entretien_annuel_2024.docx,0191124D1351DB6463D484BFACBE342C
RH,01_Dossiers_Individuels/MOREAU_Manon/Entretiens_annuels/Entretien_annuel_2025.docx,/sites/MigrationFileServer/RH/01_Dossiers_Individuels/MOREAU_Manon/Entretiens_annuels/Entretien_annuel_2025.docx,Entretien_annuel_2025.docx,.docx,36754,2026-09-16T10:14:48,2025-12-15T00:00:00,2025-12-15T00:00:00,MOD Administrator,MOD Administrator,https://m365x71797824.sharepoint.com/sites/MigrationFileServer/RH/01_Dossiers_Individuels/MOREAU_Manon/Entretiens_annuels/Entretien_annuel_2025.docx,0172CF3FFA7E5BBB255D301D11DA4DC8
RH,01_Dossiers_Individuels/MULLER_Kevin/Bulletins_de_paie/2026/Bulletin_2026-01.pdf,/sites/MigrationFileServer/RH/01_Dossiers_Individuels/MULLER_Kevin/Bulletins_de_paie/2026/Bulletin_2026-01.pdf,Bulletin_2026-01.pdf,.pdf,1697,2026-09-16T10:41:10,2026-01-28T18:00:00,2026-01-28T18:00:00,MOD Administrator,MOD Administrator,https://m365x71797824.sharepoint.com/sites/MigrationFileServer/RH/01_Dossiers_Individuels/MULLER_Kevin/Bulletins_de_paie/2026/Bulletin_2026-01.pdf,01EF7B2C9EA71F6D910F34481FD278CC
RH,01_Dossiers_Individuels/MULLER_Kevin/Bulletins_de_paie/2026/Bulletin_2026-02.pdf,/sites/MigrationFileServer/RH/01_Dossiers_Individuels/MULLER_Kevin/Bulletins_de_paie/2026/Bulletin_2026-02.pdf,Bulletin_2026-02.pdf,.pdf,1695,2026-09-16T10:12:05,2026-02-28T18:00:00,2026-02-28T18:00:00,MOD Administrator,MOD Administrator,https://m365x71797824.sharepoint.com/sites/MigrationFileServer/RH/01_Dossiers_Individuels/MULLER_Kevin/Bulletins_de_paie/2026/Bulletin_2026-02.pdf,0197891EE7087F62339FEAD1AA9CA2AC
RH,01_Dossiers_Individuels/MULLER_Kevin/Bulletins_de_paie/2026/Bulletin_2026-03.pdf,/sites/MigrationFileServer/RH/01_Dossiers_Individuels/MULLER_Kevin/Bulletins_de_paie/2026/Bulletin_2026-03.pdf,Bulletin_2026-03.pdf,.pdf,1697,2026-09-16T10:50:32,2026-03-28T18:00:00,2026-03-28T18:00:00,MOD Administrator,MOD Administrator,https://m365x71797824.sharepoint.com/sites/MigrationFileServer/RH/01_Dossiers_Individuels/MULLER_Kevin/Bulletins_de_paie/2026/Bulletin_2026-03.pdf,01CE70738F447FBB1525C92F99BA6430
RH,01_Dossiers_Individuels/MULLER_Kevin/Bulletins_de_paie/2026/Bulletin_2026-04.pdf,/sites/MigrationFileServer/RH/01_Dossiers_Individuels/MULLER_Kevin/Bulletins_de_paie/2026/Bulletin_2026-04.pdf,Bulletin_2026-04.pdf,.pdf,1695,2026-09-16T10:10:11,2026-04-28T18:00:00,2026-04-28T18:00:00,MOD Administrator,MOD Administrator,https://m365x71797824.sharepoint.com/sites/MigrationFileServer/RH/01_Dossiers_Individuels/MULLER_Kevin/Bulletins_de_paie/2026/Bulletin_2026-04.pdf,01854D8350F3148940D3EFA536E7DCB5
RH,01_Dossiers_Individuels/MULLER_Kevin/Bulletins_de_paie/2026/Bulletin_2026-05.pdf,/sites/MigrationFileServer/RH/01_Dossiers_Individuels/MULLER_Kevin/Bulletins_de_paie/2026/Bulletin_2026-05.pdf,Bulletin_2026-05.pdf,.pdf,1697,2026-09-16T10:07:01,2026-05-28T18:00:00,2026-05-28T18:00:00,MOD Administrator,MOD Administrator,https://m365x71797824.sharepoint.com/sites/MigrationFileServer/RH/01_Dossiers_Individuels/MULLER_Kevin/Bulletins_de_paie/2026/Bulletin_2026-05.pdf,0170A5A5BE3AD22625E3E874EE9E5C1C
RH,01_Dossiers_Individuels/MULLER_Kevin/Bulletins_de_paie/2026/Bulletin_2026-06.pdf,/sites/MigrationFileServer/RH/01_Dossiers_Individuels/MULLER_Kevin/Bulletins_de_paie/2026/Bulletin_2026-06.pdf,Bulletin_2026-06.pdf,.pdf,1697,2026-09-16T10:11:53,2026-06-28T18:00:00,2026-06-28T18:00:00,MOD Administrator,MOD Administrator,https://m365x71797824.sharepoint.com/sites/MigrationFileServer/RH/01_Dossiers_Individuels/MULLER_Kevin/Bulletins_de_paie/2026/Bulletin_2026-06.pdf,0188616545743413EDB0403796D378CC
RH,01_Dossiers_Individuels/MULLER_Kevin/Bulletins_de_paie/2026/Bulletin_2026-07.pdf,/sites/MigrationFileServer/RH/01_Dossiers_Individuels/MULLER_Kevin/Bulletins_de_paie/2026/Bulletin_2026-07.pdf,Bulletin_2026-07.pdf,.pdf,1697,2026-09-16T10:21:55,2026-07-28T18:00:00,2026-07-28T18:00:00,MOD Administrator,MOD Administrator,https://m365x71797824.sharepoint.com/sites/MigrationFileServer/RH/01_Dossiers_Individuels/MULLER_Kevin/Bulletins_de_paie/2026/Bulletin_2026-07.pdf,01E6082C9F5064335433FA3BB52EB687
RH,01_Dossiers_Individuels/MULLER_Kevin/Bulletins_de_paie/2026/Bulletin_2026-08.pdf,/sites/MigrationFileServer/RH/01_Dossiers_Individuels/MULLER_Kevin/Bulletins_de_paie/2026/Bulletin_2026-08.pdf,Bulletin_2026-08.pdf,.pdf,1695,2026-09-16T10:46:21,2026-08-28T18:00:00,2026-08-28T18:00:00,MOD Administrator,MOD Administrator,https://m365x71797824.sharepoint.com/sites/MigrationFileServer/RH/01_Dossiers_Individuels/MULLER_Kevin/Bulletins_de_paie/2026/Bulletin_2026-08.pdf,015629A7E521B6D52B06AA39259A7060
RH,01_Dossiers_Individuels/MULLER_Kevin/Contrat_de_travail_MULLER.pdf,/sites/MigrationFileServer/RH/01_Dossiers_Individuels/MULLER_Kevin/Contrat_de_travail_MULLER.pdf,Contrat_de_travail_MULLER.pdf,.pdf,1720,2026-09-16T10:29:04,2019-10-19T18:12:57,2019-10-19T18:12:57,MOD Administrator,MOD Administrator,https://m365x71797824.sharepoint.com/sites/MigrationFileServer/RH/01_Dossiers_Individuels/MULLER_Kevin/Contrat_de_travail_MULLER.pdf,019FC850AF05C07B3712780040E8DB47
RH,01_Dossiers_Individuels/MULLER_Kevin/Entretiens_annuels/Entretien_annuel_2024.docx,/sites/MigrationFileServer/RH/01_Dossiers_Individuels/MULLER_Kevin/Entretiens_annuels/Entretien_annuel_2024.docx,Entretien_annuel_2024.docx,.docx,36754,2026-09-16T10:52:07,2024-12-09T00:00:00,2024-12-09T00:00:00,MOD Administrator,MOD Administrator,https://m365x71797824.sharepoint.com/sites/MigrationFileServer/RH/01_Dossiers_Individuels/MULLER_Kevin/Entretiens_annuels/Entretien_annuel_2024.docx,014AE6AB6AB384127428E0EF900CF3EB
RH,01_Dossiers_Individuels/MULLER_Kevin/Entretiens_annuels/Entretien_annuel_2025.docx,/sites/MigrationFileServer/RH/01_Dossiers_Individuels/MULLER_Kevin/Entretiens_annuels/Entretien_annuel_2025.docx,Entretien_annuel_2025.docx,.docx,36756,2026-09-16T10:48:17,2025-12-05T00:00:00,2025-12-05T00:00:00,MOD Administrator,MOD Administrator,https://m365x71797824.sharepoint.com/sites/MigrationFileServer/RH/01_Dossiers_Individuels/MULLER_Kevin/Entretiens_annuels/Entretien_annuel_2025.docx,01E7C723F5BC0737DAEB8C18D34CFB01
RH,01_Dossiers_Individuels/ROUSSEAU_Pauline/Bulletins_de_paie/2026/Bulletin_2026-01.pdf,/sites/MigrationFileServer/RH/01_Dossiers_Individuels/ROUSSEAU_Pauline/Bulletins_de_paie/2026/Bulletin_2026-01.pdf,Bulletin_2026-01.pdf,.pdf,1702,2026-09-16T10:11:55,2026-01-28T18:00:00,2026-01-28T18:00:00,MOD Administrator,MOD Administrator,https://m365x71797824.sharepoint.com/sites/MigrationFileServer/RH/01_Dossiers_Individuels/ROUSSEAU_Pauline/Bulletins_de_paie/2026/Bulletin_2026-01.pdf,0170B032C7F62D9500FD63F6C6347426
RH,01_Dossiers_Individuels/ROUSSEAU_Pauline/Bulletins_de_paie/2026/Bulletin_2026-02.pdf,/sites/MigrationFileServer/RH/01_Dossiers_Individuels/ROUSSEAU_Pauline/Bulletins_de_paie/2026/Bulletin_2026-02.pdf,Bulletin_2026-02.pdf,.pdf,1700,2026-09-16T10:44:50,2026-02-28T18:00:00,2026-02-28T18:00:00,MOD Administrator,MOD Administrator,https://m365x71797824.sharepoint.com/sites/MigrationFileServer/RH/01_Dossiers_Individuels/ROUSSEAU_Pauline/Bulletins_de_paie/2026/Bulletin_2026-02.pdf,01ED2EE9AF8D95433247EB649FF8820E
RH,01_Dossiers_Individuels/ROUSSEAU_Pauline/Bulletins_de_paie/2026/Bulletin_2026-03.pdf,/sites/MigrationFileServer/RH/01_Dossiers_Individuels/ROUSSEAU_Pauline/Bulletins_de_paie/2026/Bulletin_2026-03.pdf,Bulletin_2026-03.pdf,.pdf,1702,2026-09-16T10:06:51,2026-03-28T18:00:00,2026-03-28T18:00:00,MOD Administrator,MOD Administrator,https://m365x71797824.sharepoint.com/sites/MigrationFileServer/RH/01_Dossiers_Individuels/ROUSSEAU_Pauline/Bulletins_de_paie/2026/Bulletin_2026-03.pdf,013A47EE76494BCD53BB6F19C20F14DC
RH,01_Dossiers_Individuels/ROUSSEAU_Pauline/Bulletins_de_paie/2026/Bulletin_2026-04.pdf,/sites/MigrationFileServer/RH/01_Dossiers_Individuels/ROUSSEAU_Pauline/Bulletins_de_paie/2026/Bulletin_2026-04.pdf,Bulletin_2026-04.pdf,.pdf,1700,2026-09-16T10:25:05,2026-04-28T18:00:00,2026-04-28T18:00:00,MOD Administrator,MOD Administrator,https://m365x71797824.sharepoint.com/sites/MigrationFileServer/RH/01_Dossiers_Individuels/ROUSSEAU_Pauline/Bulletins_de_paie/2026/Bulletin_2026-04.pdf,018D5A96A5A947C802ECD13592F2EFD1
RH,01_Dossiers_Individuels/ROUSSEAU_Pauline/Bulletins_de_paie/2026/Bulletin_2026-05.pdf,/sites/MigrationFileServer/RH/01_Dossiers_Individuels/ROUSSEAU_Pauline/Bulletins_de_paie/2026/Bulletin_2026-05.pdf,Bulletin_2026-05.pdf,.pdf,1699,2026-09-16T10:36:39,2026-05-28T18:00:00,2026-05-28T18:00:00,MOD Administrator,MOD Administrator,https://m365x71797824.sharepoint.com/sites/MigrationFileServer/RH/01_Dossiers_Individuels/ROUSSEAU_Pauline/Bulletins_de_paie/2026/Bulletin_2026-05.pdf,0124BCBF21E225411DDCAAB16999C559
RH,01_Dossiers_Individuels/ROUSSEAU_Pauline/Bulletins_de_paie/2026/Bulletin_2026-06.pdf,/sites/MigrationFileServer/RH/01_Dossiers_Individuels/ROUSSEAU_Pauline/Bulletins_de_paie/2026/Bulletin_2026-06.pdf,Bulletin_2026-06.pdf,.pdf,1700,2026-09-16T10:30:44,2026-06-28T18:00:00,2026-06-28T18:00:00,MOD Administrator,MOD Administrator,https://m365x71797824.sharepoint.com/sites/MigrationFileServer/RH/01_Dossiers_Individuels/ROUSSEAU_Pauline/Bulletins_de_paie/2026/Bulletin_2026-06.pdf,01C93BA6C0606EFD2F76C895F68AF569
RH,01_Dossiers_Individuels/ROUSSEAU_Pauline/Bulletins_de_paie/2026/Bulletin_2026-07.pdf,/sites/MigrationFileServer/RH/01_Dossiers_Individuels/ROUSSEAU_Pauline/Bulletins_de_paie/2026/Bulletin_2026-07.pdf,Bulletin_2026-07.pdf,.pdf,1700,2026-09-16T10:57:29,2026-07-28T18:00:00,2026-07-28T18:00:00,MOD Administrator,MOD Administrator,https://m365x71797824.sharepoint.com/sites/MigrationFileServer/RH/01_Dossiers_Individuels/ROUSSEAU_Pauline/Bulletins_de_paie/2026/Bulletin_2026-07.pdf,01F4D3717DF07C358B325B5F75D45B83
RH,01_Dossiers_Individuels/ROUSSEAU_Pauline/Bulletins_de_paie/2026/Bulletin_2026-08.pdf,/sites/MigrationFileServer/RH/01_Dossiers_Individuels/ROUSSEAU_Pauline/Bulletins_de_paie/2026/Bulletin_2026-08.pdf,Bulletin_2026-08.pdf,.pdf,1702,2026-09-16T10:20:17,2026-08-28T18:00:00,2026-08-28T18:00:00,MOD Administrator,MOD Administrator,https://m365x71797824.sharepoint.com/sites/MigrationFileServer/RH/01_Dossiers_Individuels/ROUSSEAU_Pauline/Bulletins_de_paie/2026/Bulletin_2026-08.pdf,01D4CBD76DF421318BBEAEAB6B454FF6
RH,01_Dossiers_Individuels/ROUSSEAU_Pauline/Contrat_de_travail_ROUSSEAU.pdf,/sites/MigrationFileServer/RH/01_Dossiers_Individuels/ROUSSEAU_Pauline/Contrat_de_travail_ROUSSEAU.pdf,Contrat_de_travail_ROUSSEAU.pdf,.pdf,1734,2026-09-16T10:38:15,2014-08-23T16:30:05,2014-08-23T16:30:05,MOD Administrator,MOD Administrator,https://m365x71797824.sharepoint.com/sites/MigrationFileServer/RH/01_Dossiers_Individuels/ROUSSEAU_Pauline/Contrat_de_travail_ROUSSEAU.pdf,0165665A964E3CCF1AB1ED97942219B5
RH,01_Dossiers_Individuels/ROUSSEAU_Pauline/Entretiens_annuels/Entretien_annuel_2024.docx,/sites/MigrationFileServer/RH/01_Dossiers_Individuels/ROUSSEAU_Pauline/Entretiens_annuels/Entretien_annuel_2024.docx,Entretien_annuel_2024.docx,.docx,36758,2026-09-16T10:08:14,2024-12-05T00:00:00,2024-12-05T00:00:00,MOD Administrator,MOD Administrator,https://m365x71797824.sharepoint.com/sites/MigrationFileServer/RH/01_Dossiers_Individuels/ROUSSEAU_Pauline/Entretiens_annuels/Entretien_annuel_2024.docx,01F43CE1E47096955B379F0958185037
RH,01_Dossiers_Individuels/ROUSSEAU_Pauline/Entretiens_annuels/Entretien_annuel_2025.docx,/sites/MigrationFileServer/RH/01_Dossiers_Individuels/ROUSSEAU_Pauline/Entretiens_annuels/Entretien_annuel_2025.docx,Entretien_annuel_2025.docx,.docx,36757,2026-09-16T10:56:23,2025-12-12T00:00:00,2025-12-12T00:00:00,MOD Administrator,MOD Administrator,https://m365x71797824.sharepoint.com/sites/MigrationFileServer/RH/01_Dossiers_Individuels/ROUSSEAU_Pauline/Entretiens_annuels/Entretien_annuel_2025.docx,0180534B815912BC12828561767624B4
RH,01_Dossiers_Individuels/ROUX_Camille/Bulletins_de_paie/2026/Bulletin_2026-01.pdf,/sites/MigrationFileServer/RH/01_Dossiers_Individuels/ROUX_Camille/Bulletins_de_paie/2026/Bulletin_2026-01.pdf,Bulletin_2026-01.pdf,.pdf,1699,2026-09-16T10:37:01,2026-01-28T18:00:00,2026-01-28T18:00:00,MOD Administrator,MOD Administrator,https://m365x71797824.sharepoint.com/sites/MigrationFileServer/RH/01_Dossiers_Individuels/ROUX_Camille/Bulletins_de_paie/2026/Bulletin_2026-01.pdf,01BEC1BD29C418757DC0E8AE2D9FCADD
RH,01_Dossiers_Individuels/ROUX_Camille/Bulletins_de_paie/2026/Bulletin_2026-02.pdf,/sites/MigrationFileServer/RH/01_Dossiers_Individuels/ROUX_Camille/Bulletins_de_paie/2026/Bulletin_2026-02.pdf,Bulletin_2026-02.pdf,.pdf,1697,2026-09-16T10:57:56,2026-02-28T18:00:00,2026-02-28T18:00:00,MOD Administrator,MOD Administrator,https://m365x71797824.sharepoint.com/sites/MigrationFileServer/RH/01_Dossiers_Individuels/ROUX_Camille/Bulletins_de_paie/2026/Bulletin_2026-02.pdf,0135B125EB66B566295B607B8EB538B5
RH,01_Dossiers_Individuels/ROUX_Camille/Bulletins_de_paie/2026/Bulletin_2026-03.pdf,/sites/MigrationFileServer/RH/01_Dossiers_Individuels/ROUX_Camille/Bulletins_de_paie/2026/Bulletin_2026-03.pdf,Bulletin_2026-03.pdf,.pdf,1698,2026-09-16T10:16:22,2026-03-28T18:00:00,2026-03-28T18:00:00,MOD Administrator,MOD Administrator,https://m365x71797824.sharepoint.com/sites/MigrationFileServer/RH/01_Dossiers_Individuels/ROUX_Camille/Bulletins_de_paie/2026/Bulletin_2026-03.pdf,01A871DF6FE98AB34BBB70ED897F099E
RH,01_Dossiers_Individuels/ROUX_Camille/Bulletins_de_paie/2026/Bulletin_2026-04.pdf,/sites/MigrationFileServer/RH/01_Dossiers_Individuels/ROUX_Camille/Bulletins_de_paie/2026/Bulletin_2026-04.pdf,Bulletin_2026-04.pdf,.pdf,1695,2026-09-16T10:31:10,2026-04-28T18:00:00,2026-04-28T18:00:00,MOD Administrator,MOD Administrator,https://m365x71797824.sharepoint.com/sites/MigrationFileServer/RH/01_Dossiers_Individuels/ROUX_Camille/Bulletins_de_paie/2026/Bulletin_2026-04.pdf,016CD10DBC27725A6DC3AE1152864F67
RH,01_Dossiers_Individuels/ROUX_Camille/Bulletins_de_paie/2026/Bulletin_2026-05.pdf,/sites/MigrationFileServer/RH/01_Dossiers_Individuels/ROUX_Camille/Bulletins_de_paie/2026/Bulletin_2026-05.pdf,Bulletin_2026-05.pdf,.pdf,1700,2026-09-16T10:17:30,2026-05-28T18:00:00,2026-05-28T18:00:00,MOD Administrator,MOD Administrator,https://m365x71797824.sharepoint.com/sites/MigrationFileServer/RH/01_Dossiers_Individuels/ROUX_Camille/Bulletins_de_paie/2026/Bulletin_2026-05.pdf,01C977B9BF35A975C281BE371BF8781B
RH,01_Dossiers_Individuels/ROUX_Camille/Bulletins_de_paie/2026/Bulletin_2026-06.pdf,/sites/MigrationFileServer/RH/01_Dossiers_Individuels/ROUX_Camille/Bulletins_de_paie/2026/Bulletin_2026-06.pdf,Bulletin_2026-06.pdf,.pdf,1698,2026-09-16T10:18:41,2026-06-28T18:00:00,2026-06-28T18:00:00,MOD Administrator,MOD Administrator,https://m365x71797824.sharepoint.com/sites/MigrationFileServer/RH/01_Dossiers_Individuels/ROUX_Camille/Bulletins_de_paie/2026/Bulletin_2026-06.pdf,019232B58A5A717E8C3FAD229DB8F45D
RH,01_Dossiers_Individuels/ROUX_Camille/Bulletins_de_paie/2026/Bulletin_2026-07.pdf,/sites/MigrationFileServer/RH/01_Dossiers_Individuels/ROUX_Camille/Bulletins_de_paie/2026/Bulletin_2026-07.pdf,Bulletin_2026-07.pdf,.pdf,1698,2026-09-16T10:57:57,2026-07-28T18:00:00,2026-07-28T18:00:00,MOD Administrator,MOD Administrator,https://m365x71797824.sharepoint.com/sites/MigrationFileServer/RH/01_Dossiers_Individuels/ROUX_Camille/Bulletins_de_paie/2026/Bulletin_2026-07.pdf,01593DC54D46A59A434380E8DF182773
RH,01_Dossiers_Individuels/ROUX_Camille/Bulletins_de_paie/2026/Bulletin_2026-08.pdf,/sites/MigrationFileServer/RH/01_Dossiers_Individuels/ROUX_Camille/Bulletins_de_paie/2026/Bulletin_2026-08.pdf,Bulletin_2026-08.pdf,.pdf,1699,2026-09-16T10:46:07,2026-08-28T18:00:00,2026-08-28T18:00:00,MOD Administrator,MOD Administrator,https://m365x71797824.sharepoint.com/sites/MigrationFileServer/RH/01_Dossiers_Individuels/ROUX_Camille/Bulletins_de_paie/2026/Bulletin_2026-08.pdf,0197E06395607B3998482A9D697B7E87
RH,01_Dossiers_Individuels/ROUX_Camille/Contrat_de_travail_ROUX.pdf,/sites/MigrationFileServer/RH/01_Dossiers_Individuels/ROUX_Camille/Contrat_de_travail_ROUX.pdf,Contrat_de_travail_ROUX.pdf,.pdf,1734,2026-09-16T10:43:53,2023-01-05T01:09:04,2023-01-05T01:09:04,MOD Administrator,MOD Administrator,https://m365x71797824.sharepoint.com/sites/MigrationFileServer/RH/01_Dossiers_Individuels/ROUX_Camille/Contrat_de_travail_ROUX.pdf,01CEB737276FF7B8E850D2C92337BE46
RH,01_Dossiers_Individuels/ROUX_Camille/Entretiens_annuels/Entretien_annuel_2024.docx,/sites/MigrationFileServer/RH/01_Dossiers_Individuels/ROUX_Camille/Entretiens_annuels/Entretien_annuel_2024.docx,Entretien_annuel_2024.docx,.docx,36754,2026-09-16T10:06:55,2024-12-16T00:00:00,2024-12-16T00:00:00,MOD Administrator,MOD Administrator,https://m365x71797824.sharepoint.com/sites/MigrationFileServer/RH/01_Dossiers_Individuels/ROUX_Camille/Entretiens_annuels/Entretien_annuel_2024.docx,01CB0A0B0E41012D504D7AB3F7CC75BD
RH,01_Dossiers_Individuels/ROUX_Camille/Entretiens_annuels/Entretien_annuel_2025.docx,/sites/MigrationFileServer/RH/01_Dossiers_Individuels/ROUX_Camille/Entretiens_annuels/Entretien_annuel_2025.docx,Entretien_annuel_2025.docx,.docx,36753,2026-09-16T10:59:08,2025-12-17T00:00:00,2025-12-17T00:00:00,MOD Administrator,MOD Administrator,https://m365x71797824.sharepoint.com/sites/MigrationFileServer/RH/01_Dossiers_Individuels/ROUX_Camille/Entretiens_annuels/Entretien_annuel_2025.docx,01903518AD99FC932B8D723C968D595F
RH,01_Dossiers_Individuels/ROUX_Emma/Bulletins_de_paie/2026/Bulletin_2026-01.pdf,/sites/MigrationFileServer/RH/01_Dossiers_Individuels/ROUX_Emma/Bulletins_de_paie/2026/Bulletin_2026-01.pdf,Bulletin_2026-01.pdf,.pdf,1694,2026-09-16T10:46:57,2026-01-28T18:00:00,2026-01-28T18:00:00,MOD Administrator,MOD Administrator,https://m365x71797824.sharepoint.com/sites/MigrationFileServer/RH/01_Dossiers_Individuels/ROUX_Emma/Bulletins_de_paie/2026/Bulletin_2026-01.pdf,012B804391C6F875F6B36034E7201D58
RH,01_Dossiers_Individuels/ROUX_Emma/Bulletins_de_paie/2026/Bulletin_2026-02.pdf,/sites/MigrationFileServer/RH/01_Dossiers_Individuels/ROUX_Emma/Bulletins_de_paie/2026/Bulletin_2026-02.pdf,Bulletin_2026-02.pdf,.pdf,1693,2026-09-16T10:24:43,2026-02-28T18:00:00,2026-02-28T18:00:00,MOD Administrator,MOD Administrator,https://m365x71797824.sharepoint.com/sites/MigrationFileServer/RH/01_Dossiers_Individuels/ROUX_Emma/Bulletins_de_paie/2026/Bulletin_2026-02.pdf,01F8896818C94F337F187BA423DCDE73
RH,01_Dossiers_Individuels/ROUX_Emma/Bulletins_de_paie/2026/Bulletin_2026-03.pdf,/sites/MigrationFileServer/RH/01_Dossiers_Individuels/ROUX_Emma/Bulletins_de_paie/2026/Bulletin_2026-03.pdf,Bulletin_2026-03.pdf,.pdf,1695,2026-09-16T10:49:27,2026-03-28T18:00:00,2026-03-28T18:00:00,MOD Administrator,MOD Administrator,https://m365x71797824.sharepoint.com/sites/MigrationFileServer/RH/01_Dossiers_Individuels/ROUX_Emma/Bulletins_de_paie/2026/Bulletin_2026-03.pdf,01D59D83DD6FCA2A697791EFA5D0AF96
RH,01_Dossiers_Individuels/ROUX_Emma/Bulletins_de_paie/2026/Bulletin_2026-04.pdf,/sites/MigrationFileServer/RH/01_Dossiers_Individuels/ROUX_Emma/Bulletins_de_paie/2026/Bulletin_2026-04.pdf,Bulletin_2026-04.pdf,.pdf,1694,2026-09-16T10:49:45,2026-04-28T18:00:00,2026-04-28T18:00:00,MOD Administrator,MOD Administrator,https://m365x71797824.sharepoint.com/sites/MigrationFileServer/RH/01_Dossiers_Individuels/ROUX_Emma/Bulletins_de_paie/2026/Bulletin_2026-04.pdf,01D9049D31306889E16FD181C2F3EA97
RH,01_Dossiers_Individuels/ROUX_Emma/Bulletins_de_paie/2026/Bulletin_2026-05.pdf,/sites/MigrationFileServer/RH/01_Dossiers_Individuels/ROUX_Emma/Bulletins_de_paie/2026/Bulletin_2026-05.pdf,Bulletin_2026-05.pdf,.pdf,1694,2026-09-16T10:12:09,2026-05-28T18:00:00,2026-05-28T18:00:00,MOD Administrator,MOD Administrator,https://m365x71797824.sharepoint.com/sites/MigrationFileServer/RH/01_Dossiers_Individuels/ROUX_Emma/Bulletins_de_paie/2026/Bulletin_2026-05.pdf,01E5992629827292652C1C05EC69752C
RH,01_Dossiers_Individuels/ROUX_Emma/Bulletins_de_paie/2026/Bulletin_2026-06.pdf,/sites/MigrationFileServer/RH/01_Dossiers_Individuels/ROUX_Emma/Bulletins_de_paie/2026/Bulletin_2026-06.pdf,Bulletin_2026-06.pdf,.pdf,1694,2026-09-16T10:15:20,2026-06-28T18:00:00,2026-06-28T18:00:00,MOD Administrator,MOD Administrator,https://m365x71797824.sharepoint.com/sites/MigrationFileServer/RH/01_Dossiers_Individuels/ROUX_Emma/Bulletins_de_paie/2026/Bulletin_2026-06.pdf,016F1B0A58DDD6BBD0A4F6D48B389FE4
RH,01_Dossiers_Individuels/ROUX_Emma/Bulletins_de_paie/2026/Bulletin_2026-07.pdf,/sites/MigrationFileServer/RH/01_Dossiers_Individuels/ROUX_Emma/Bulletins_de_paie/2026/Bulletin_2026-07.pdf,Bulletin_2026-07.pdf,.pdf,1695,2026-09-16T10:30:17,2026-07-28T18:00:00,2026-07-28T18:00:00,MOD Administrator,MOD Administrator,https://m365x71797824.sharepoint.com/sites/MigrationFileServer/RH/01_Dossiers_Individuels/ROUX_Emma/Bulletins_de_paie/2026/Bulletin_2026-07.pdf,01B8CF787C2ED672041989D0C2261F24
RH,01_Dossiers_Individuels/ROUX_Emma/Bulletins_de_paie/2026/Bulletin_2026-08.pdf,/sites/MigrationFileServer/RH/01_Dossiers_Individuels/ROUX_Emma/Bulletins_de_paie/2026/Bulletin_2026-08.pdf,Bulletin_2026-08.pdf,.pdf,1693,2026-09-16T10:42:53,2026-08-28T18:00:00,2026-08-28T18:00:00,MOD Administrator,MOD Administrator,https://m365x71797824.sharepoint.com/sites/MigrationFileServer/RH/01_Dossiers_Individuels/ROUX_Emma/Bulletins_de_paie/2026/Bulletin_2026-08.pdf,01961D6BF8799C87482947CA8830A0DB
RH,01_Dossiers_Individuels/ROUX_Emma/Contrat_de_travail_ROUX.pdf,/sites/MigrationFileServer/RH/01_Dossiers_Individuels/ROUX_Emma/Contrat_de_travail_ROUX.pdf,Contrat_de_travail_ROUX.pdf,.pdf,1720,2026-09-16T10:40:12,2024-05-25T14:26:45,2024-05-25T14:26:45,MOD Administrator,MOD Administrator,https://m365x71797824.sharepoint.com/sites/MigrationFileServer/RH/01_Dossiers_Individuels/ROUX_Emma/Contrat_de_travail_ROUX.pdf,017C73D4C680F2D511A5528C98708E49
RH,01_Dossiers_Individuels/ROUX_Emma/Entretiens_annuels/Entretien_annuel_2024.docx,/sites/MigrationFileServer/RH/01_Dossiers_Individuels/ROUX_Emma/Entretiens_annuels/Entretien_annuel_2024.docx,Entretien_annuel_2024.docx,.docx,36752,2026-09-16T10:59:06,2024-12-17T00:00:00,2024-12-17T00:00:00,MOD Administrator,MOD Administrator,https://m365x71797824.sharepoint.com/sites/MigrationFileServer/RH/01_Dossiers_Individuels/ROUX_Emma/Entretiens_annuels/Entretien_annuel_2024.docx,01DF110D91EE114A28FAF58D000447E3
RH,01_Dossiers_Individuels/ROUX_Emma/Entretiens_annuels/Entretien_annuel_2025.docx,/sites/MigrationFileServer/RH/01_Dossiers_Individuels/ROUX_Emma/Entretiens_annuels/Entretien_annuel_2025.docx,Entretien_annuel_2025.docx,.docx,36752,2026-09-16T10:18:28,2025-12-06T00:00:00,2025-12-06T00:00:00,MOD Administrator,MOD Administrator,https://m365x71797824.sharepoint.com/sites/MigrationFileServer/RH/01_Dossiers_Individuels/ROUX_Emma/Entretiens_annuels/Entretien_annuel_2025.docx,01A5628CB0C47DD8EAE3B88ACD09CE99
RH,01_Dossiers_Individuels/SIMON_Bastien/Bulletins_de_paie/2026/Bulletin_2026-01.pdf,/sites/MigrationFileServer/RH/01_Dossiers_Individuels/SIMON_Bastien/Bulletins_de_paie/2026/Bulletin_2026-01.pdf,Bulletin_2026-01.pdf,.pdf,1694,2026-09-16T10:42:06,2026-01-28T18:00:00,2026-01-28T18:00:00,MOD Administrator,MOD Administrator,https://m365x71797824.sharepoint.com/sites/MigrationFileServer/RH/01_Dossiers_Individuels/SIMON_Bastien/Bulletins_de_paie/2026/Bulletin_2026-01.pdf,01D99A5CCA37B6063A6F72B16989B420
RH,01_Dossiers_Individuels/SIMON_Bastien/Bulletins_de_paie/2026/Bulletin_2026-02.pdf,/sites/MigrationFileServer/RH/01_Dossiers_Individuels/SIMON_Bastien/Bulletins_de_paie/2026/Bulletin_2026-02.pdf,Bulletin_2026-02.pdf,.pdf,1694,2026-09-16T10:55:19,2026-02-28T18:00:00,2026-02-28T18:00:00,MOD Administrator,MOD Administrator,https://m365x71797824.sharepoint.com/sites/MigrationFileServer/RH/01_Dossiers_Individuels/SIMON_Bastien/Bulletins_de_paie/2026/Bulletin_2026-02.pdf,013A6F59A498309481BA17F3C7A16336
RH,01_Dossiers_Individuels/SIMON_Bastien/Bulletins_de_paie/2026/Bulletin_2026-03.pdf,/sites/MigrationFileServer/RH/01_Dossiers_Individuels/SIMON_Bastien/Bulletins_de_paie/2026/Bulletin_2026-03.pdf,Bulletin_2026-03.pdf,.pdf,1697,2026-09-16T10:42:11,2026-03-28T18:00:00,2026-03-28T18:00:00,MOD Administrator,MOD Administrator,https://m365x71797824.sharepoint.com/sites/MigrationFileServer/RH/01_Dossiers_Individuels/SIMON_Bastien/Bulletins_de_paie/2026/Bulletin_2026-03.pdf,011AB3B2065F245E2058C52816A5F1CF
RH,01_Dossiers_Individuels/SIMON_Bastien/Bulletins_de_paie/2026/Bulletin_2026-04.pdf,/sites/MigrationFileServer/RH/01_Dossiers_Individuels/SIMON_Bastien/Bulletins_de_paie/2026/Bulletin_2026-04.pdf,Bulletin_2026-04.pdf,.pdf,1695,2026-09-16T10:36:51,2026-04-28T18:00:00,2026-04-28T18:00:00,MOD Administrator,MOD Administrator,https://m365x71797824.sharepoint.com/sites/MigrationFileServer/RH/01_Dossiers_Individuels/SIMON_Bastien/Bulletins_de_paie/2026/Bulletin_2026-04.pdf,01285A2A3EA4B2433AFB1CC97710B369
RH,01_Dossiers_Individuels/SIMON_Bastien/Bulletins_de_paie/2026/Bulletin_2026-05.pdf,/sites/MigrationFileServer/RH/01_Dossiers_Individuels/SIMON_Bastien/Bulletins_de_paie/2026/Bulletin_2026-05.pdf,Bulletin_2026-05.pdf,.pdf,1695,2026-09-16T10:50:19,2026-05-28T18:00:00,2026-05-28T18:00:00,MOD Administrator,MOD Administrator,https://m365x71797824.sharepoint.com/sites/MigrationFileServer/RH/01_Dossiers_Individuels/SIMON_Bastien/Bulletins_de_paie/2026/Bulletin_2026-05.pdf,01CFFE86958CF994BC40A1C44F274459
RH,01_Dossiers_Individuels/SIMON_Bastien/Bulletins_de_paie/2026/Bulletin_2026-06.pdf,/sites/MigrationFileServer/RH/01_Dossiers_Individuels/SIMON_Bastien/Bulletins_de_paie/2026/Bulletin_2026-06.pdf,Bulletin_2026-06.pdf,.pdf,1695,2026-09-16T10:52:51,2026-06-28T18:00:00,2026-06-28T18:00:00,MOD Administrator,MOD Administrator,https://m365x71797824.sharepoint.com/sites/MigrationFileServer/RH/01_Dossiers_Individuels/SIMON_Bastien/Bulletins_de_paie/2026/Bulletin_2026-06.pdf,019292541AD6C364D90F56354419E1E8
RH,01_Dossiers_Individuels/SIMON_Bastien/Bulletins_de_paie/2026/Bulletin_2026-07.pdf,/sites/MigrationFileServer/RH/01_Dossiers_Individuels/SIMON_Bastien/Bulletins_de_paie/2026/Bulletin_2026-07.pdf,Bulletin_2026-07.pdf,.pdf,1695,2026-09-16T10:09:12,2026-07-28T18:00:00,2026-07-28T18:00:00,MOD Administrator,MOD Administrator,https://m365x71797824.sharepoint.com/sites/MigrationFileServer/RH/01_Dossiers_Individuels/SIMON_Bastien/Bulletins_de_paie/2026/Bulletin_2026-07.pdf,014172A18815853DE734B10DCB3F97D9
RH,01_Dossiers_Individuels/SIMON_Bastien/Bulletins_de_paie/2026/Bulletin_2026-08.pdf,/sites/MigrationFileServer/RH/01_Dossiers_Individuels/SIMON_Bastien/Bulletins_de_paie/2026/Bulletin_2026-08.pdf,Bulletin_2026-08.pdf,.pdf,1695,2026-09-16T10:22:53,2026-08-28T18:00:00,2026-08-28T18:00:00,MOD Administrator,MOD Administrator,https://m365x71797824.sharepoint.com/sites/MigrationFileServer/RH/01_Dossiers_Individuels/SIMON_Bastien/Bulletins_de_paie/2026/Bulletin_2026-08.pdf,012EB11FF87D467CF8434CCD9116171E
RH,01_Dossiers_Individuels/SIMON_Bastien/Contrat_de_travail_SIMON.pdf,/sites/MigrationFileServer/RH/01_Dossiers_Individuels/SIMON_Bastien/Contrat_de_travail_SIMON.pdf,Contrat_de_travail_SIMON.pdf,.pdf,1720,2026-09-16T10:22:00,2012-05-04T18:14:55,2012-05-04T18:14:55,MOD Administrator,MOD Administrator,https://m365x71797824.sharepoint.com/sites/MigrationFileServer/RH/01_Dossiers_Individuels/SIMON_Bastien/Contrat_de_travail_SIMON.pdf,01392214177625218AEAFCFB864CD4D5
RH,01_Dossiers_Individuels/SIMON_Bastien/Entretiens_annuels/Entretien_annuel_2024.docx,/sites/MigrationFileServer/RH/01_Dossiers_Individuels/SIMON_Bastien/Entretiens_annuels/Entretien_annuel_2024.docx,Entretien_annuel_2024.docx,.docx,36752,2026-09-16T10:29:15,2024-12-06T00:00:00,2024-12-06T00:00:00,MOD Administrator,MOD Administrator,https://m365x71797824.sharepoint.com/sites/MigrationFileServer/RH/01_Dossiers_Individuels/SIMON_Bastien/Entretiens_annuels/Entretien_annuel_2024.docx,0169DF3E7EB904010AE0DB3020C9DA71
RH,01_Dossiers_Individuels/SIMON_Bastien/Entretiens_annuels/Entretien_annuel_2025.docx,/sites/MigrationFileServer/RH/01_Dossiers_Individuels/SIMON_Bastien/Entretiens_annuels/Entretien_annuel_2025.docx,Entretien_annuel_2025.docx,.docx,36752,2026-09-16T10:13:48,2025-12-07T00:00:00,2025-12-07T00:00:00,MOD Administrator,MOD Administrator,https://m365x71797824.sharepoint.com/sites/MigrationFileServer/RH/01_Dossiers_Individuels/SIMON_Bastien/Entretiens_annuels/Entretien_annuel_2025.docx,011D4C2C02021D76E8DD0505F63934D4
RH,01_Dossiers_Individuels/SIMON_Thomas/Bulletins_de_paie/2026/Bulletin_2026-01.pdf,/sites/MigrationFileServer/RH/01_Dossiers_Individuels/SIMON_Thomas/Bulletins_de_paie/2026/Bulletin_2026-01.pdf,Bulletin_2026-01.pdf,.pdf,1697,2026-09-16T10:27:47,2026-01-28T18:00:00,2026-01-28T18:00:00,MOD Administrator,MOD Administrator,https://m365x71797824.sharepoint.com/sites/MigrationFileServer/RH/01_Dossiers_Individuels/SIMON_Thomas/Bulletins_de_paie/2026/Bulletin_2026-01.pdf,017D849A70B279228173C6661F1BAF0F
RH,01_Dossiers_Individuels/SIMON_Thomas/Bulletins_de_paie/2026/Bulletin_2026-02.pdf,/sites/MigrationFileServer/RH/01_Dossiers_Individuels/SIMON_Thomas/Bulletins_de_paie/2026/Bulletin_2026-02.pdf,Bulletin_2026-02.pdf,.pdf,1697,2026-09-16T10:55:01,2026-02-28T18:00:00,2026-02-28T18:00:00,MOD Administrator,MOD Administrator,https://m365x71797824.sharepoint.com/sites/MigrationFileServer/RH/01_Dossiers_Individuels/SIMON_Thomas/Bulletins_de_paie/2026/Bulletin_2026-02.pdf,0159C83B1D3581DAE239B8E0C3FEEC9E
RH,01_Dossiers_Individuels/SIMON_Thomas/Bulletins_de_paie/2026/Bulletin_2026-03.pdf,/sites/MigrationFileServer/RH/01_Dossiers_Individuels/SIMON_Thomas/Bulletins_de_paie/2026/Bulletin_2026-03.pdf,Bulletin_2026-03.pdf,.pdf,1698,2026-09-16T10:08:20,2026-03-28T18:00:00,2026-03-28T18:00:00,MOD Administrator,MOD Administrator,https://m365x71797824.sharepoint.com/sites/MigrationFileServer/RH/01_Dossiers_Individuels/SIMON_Thomas/Bulletins_de_paie/2026/Bulletin_2026-03.pdf,01A6C0AB006968760A63621A82C1C54E
RH,01_Dossiers_Individuels/SIMON_Thomas/Bulletins_de_paie/2026/Bulletin_2026-04.pdf,/sites/MigrationFileServer/RH/01_Dossiers_Individuels/SIMON_Thomas/Bulletins_de_paie/2026/Bulletin_2026-04.pdf,Bulletin_2026-04.pdf,.pdf,1698,2026-09-16T10:40:25,2026-04-28T18:00:00,2026-04-28T18:00:00,MOD Administrator,MOD Administrator,https://m365x71797824.sharepoint.com/sites/MigrationFileServer/RH/01_Dossiers_Individuels/SIMON_Thomas/Bulletins_de_paie/2026/Bulletin_2026-04.pdf,01129B97B16AFCB2034FFE04B3394941
RH,01_Dossiers_Individuels/SIMON_Thomas/Bulletins_de_paie/2026/Bulletin_2026-05.pdf,/sites/MigrationFileServer/RH/01_Dossiers_Individuels/SIMON_Thomas/Bulletins_de_paie/2026/Bulletin_2026-05.pdf,Bulletin_2026-05.pdf,.pdf,1697,2026-09-16T10:45:51,2026-05-28T18:00:00,2026-05-28T18:00:00,MOD Administrator,MOD Administrator,https://m365x71797824.sharepoint.com/sites/MigrationFileServer/RH/01_Dossiers_Individuels/SIMON_Thomas/Bulletins_de_paie/2026/Bulletin_2026-05.pdf,01AD4199FD70D16095BF81318C831AE6
RH,01_Dossiers_Individuels/SIMON_Thomas/Bulletins_de_paie/2026/Bulletin_2026-06.pdf,/sites/MigrationFileServer/RH/01_Dossiers_Individuels/SIMON_Thomas/Bulletins_de_paie/2026/Bulletin_2026-06.pdf,Bulletin_2026-06.pdf,.pdf,1698,2026-09-16T10:33:37,2026-06-28T18:00:00,2026-06-28T18:00:00,MOD Administrator,MOD Administrator,https://m365x71797824.sharepoint.com/sites/MigrationFileServer/RH/01_Dossiers_Individuels/SIMON_Thomas/Bulletins_de_paie/2026/Bulletin_2026-06.pdf,01C1F3015CD4B0C0BD87E6017DC4C28C
RH,01_Dossiers_Individuels/SIMON_Thomas/Bulletins_de_paie/2026/Bulletin_2026-07.pdf,/sites/MigrationFileServer/RH/01_Dossiers_Individuels/SIMON_Thomas/Bulletins_de_paie/2026/Bulletin_2026-07.pdf,Bulletin_2026-07.pdf,.pdf,1698,2026-09-16T10:36:17,2026-07-28T18:00:00,2026-07-28T18:00:00,MOD Administrator,MOD Administrator,https://m365x71797824.sharepoint.com/sites/MigrationFileServer/RH/01_Dossiers_Individuels/SIMON_Thomas/Bulletins_de_paie/2026/Bulletin_2026-07.pdf,01E7D9CCB868040CF4D3F5133E2D9C37
RH,01_Dossiers_Individuels/SIMON_Thomas/Bulletins_de_paie/2026/Bulletin_2026-08.pdf,/sites/MigrationFileServer/RH/01_Dossiers_Individuels/SIMON_Thomas/Bulletins_de_paie/2026/Bulletin_2026-08.pdf,Bulletin_2026-08.pdf,.pdf,1697,2026-09-16T10:58:26,2026-08-28T18:00:00,2026-08-28T18:00:00,MOD Administrator,MOD Administrator,https://m365x71797824.sharepoint.com/sites/MigrationFileServer/RH/01_Dossiers_Individuels/SIMON_Thomas/Bulletins_de_paie/2026/Bulletin_2026-08.pdf,018F490F320C9200D1A931B952360A6D
RH,01_Dossiers_Individuels/SIMON_Thomas/Contrat_de_travail_SIMON.pdf,/sites/MigrationFileServer/RH/01_Dossiers_Individuels/SIMON_Thomas/Contrat_de_travail_SIMON.pdf,Contrat_de_travail_SIMON.pdf,.pdf,1735,2026-09-16T10:19:29,2021-11-14T22:33:45,2021-11-14T22:33:45,MOD Administrator,MOD Administrator,https://m365x71797824.sharepoint.com/sites/MigrationFileServer/RH/01_Dossiers_Individuels/SIMON_Thomas/Contrat_de_travail_SIMON.pdf,013EBF9309E70575709327929FF3EA8E
RH,01_Dossiers_Individuels/SIMON_Thomas/Entretiens_annuels/Entretien_annuel_2024.docx,/sites/MigrationFileServer/RH/01_Dossiers_Individuels/SIMON_Thomas/Entretiens_annuels/Entretien_annuel_2024.docx,Entretien_annuel_2024.docx,.docx,36753,2026-09-16T10:41:32,2024-12-16T00:00:00,2024-12-16T00:00:00,MOD Administrator,MOD Administrator,https://m365x71797824.sharepoint.com/sites/MigrationFileServer/RH/01_Dossiers_Individuels/SIMON_Thomas/Entretiens_annuels/Entretien_annuel_2024.docx,01AF5BC34314712E9B1E4F77D3DD5F7A
RH,01_Dossiers_Individuels/SIMON_Thomas/Entretiens_annuels/Entretien_annuel_2025.docx,/sites/MigrationFileServer/RH/01_Dossiers_Individuels/SIMON_Thomas/Entretiens_annuels/Entretien_annuel_2025.docx,Entretien_annuel_2025.docx,.docx,36753,2026-09-16T10:29:57,2025-12-11T00:00:00,2025-12-11T00:00:00,MOD Administrator,MOD Administrator,https://m365x71797824.sharepoint.com/sites/MigrationFileServer/RH/01_Dossiers_Individuels/SIMON_Thomas/Entretiens_annuels/Entretien_annuel_2025.docx,0102470F3CFA6E7E886E4FFDFFE170CE
RH,01_Dossiers_Individuels/VINCENT_Florian/Bulletins_de_paie/2026/Bulletin_2026-01.pdf,/sites/MigrationFileServer/RH/01_Dossiers_Individuels/VINCENT_Florian/Bulletins_de_paie/2026/Bulletin_2026-01.pdf,Bulletin_2026-01.pdf,.pdf,1698,2026-09-16T10:06:16,2026-01-28T18:00:00,2026-01-28T18:00:00,MOD Administrator,MOD Administrator,https://m365x71797824.sharepoint.com/sites/MigrationFileServer/RH/01_Dossiers_Individuels/VINCENT_Florian/Bulletins_de_paie/2026/Bulletin_2026-01.pdf,01286630CCA1CD8A0C7CFDA516A085A4
RH,01_Dossiers_Individuels/VINCENT_Florian/Bulletins_de_paie/2026/Bulletin_2026-02.pdf,/sites/MigrationFileServer/RH/01_Dossiers_Individuels/VINCENT_Florian/Bulletins_de_paie/2026/Bulletin_2026-02.pdf,Bulletin_2026-02.pdf,.pdf,1697,2026-09-16T10:59:12,2026-02-28T18:00:00,2026-02-28T18:00:00,MOD Administrator,MOD Administrator,https://m365x71797824.sharepoint.com/sites/MigrationFileServer/RH/01_Dossiers_Individuels/VINCENT_Florian/Bulletins_de_paie/2026/Bulletin_2026-02.pdf,01DFEF49F7218745A8D15E1340785123
RH,01_Dossiers_Individuels/VINCENT_Florian/Bulletins_de_paie/2026/Bulletin_2026-03.pdf,/sites/MigrationFileServer/RH/01_Dossiers_Individuels/VINCENT_Florian/Bulletins_de_paie/2026/Bulletin_2026-03.pdf,Bulletin_2026-03.pdf,.pdf,1698,2026-09-16T10:25:27,2026-03-28T18:00:00,2026-03-28T18:00:00,MOD Administrator,MOD Administrator,https://m365x71797824.sharepoint.com/sites/MigrationFileServer/RH/01_Dossiers_Individuels/VINCENT_Florian/Bulletins_de_paie/2026/Bulletin_2026-03.pdf,01EEF69722BA7342D0A2B3342BB673A6
RH,01_Dossiers_Individuels/VINCENT_Florian/Bulletins_de_paie/2026/Bulletin_2026-04.pdf,/sites/MigrationFileServer/RH/01_Dossiers_Individuels/VINCENT_Florian/Bulletins_de_paie/2026/Bulletin_2026-04.pdf,Bulletin_2026-04.pdf,.pdf,1699,2026-09-16T10:19:09,2026-04-28T18:00:00,2026-04-28T18:00:00,MOD Administrator,MOD Administrator,https://m365x71797824.sharepoint.com/sites/MigrationFileServer/RH/01_Dossiers_Individuels/VINCENT_Florian/Bulletins_de_paie/2026/Bulletin_2026-04.pdf,0100A8049AA820B53E64A124E8A48257
RH,01_Dossiers_Individuels/VINCENT_Florian/Bulletins_de_paie/2026/Bulletin_2026-05.pdf,/sites/MigrationFileServer/RH/01_Dossiers_Individuels/VINCENT_Florian/Bulletins_de_paie/2026/Bulletin_2026-05.pdf,Bulletin_2026-05.pdf,.pdf,1698,2026-09-16T10:48:18,2026-05-28T18:00:00,2026-05-28T18:00:00,MOD Administrator,MOD Administrator,https://m365x71797824.sharepoint.com/sites/MigrationFileServer/RH/01_Dossiers_Individuels/VINCENT_Florian/Bulletins_de_paie/2026/Bulletin_2026-05.pdf,01B85D24B0710E468861C70F53059B2F
RH,01_Dossiers_Individuels/VINCENT_Florian/Bulletins_de_paie/2026/Bulletin_2026-06.pdf,/sites/MigrationFileServer/RH/01_Dossiers_Individuels/VINCENT_Florian/Bulletins_de_paie/2026/Bulletin_2026-06.pdf,Bulletin_2026-06.pdf,.pdf,1699,2026-09-16T10:26:33,2026-06-28T18:00:00,2026-06-28T18:00:00,MOD Administrator,MOD Administrator,https://m365x71797824.sharepoint.com/sites/MigrationFileServer/RH/01_Dossiers_Individuels/VINCENT_Florian/Bulletins_de_paie/2026/Bulletin_2026-06.pdf,0111610C3356336BAE3B43707B98E285
RH,01_Dossiers_Individuels/VINCENT_Florian/Bulletins_de_paie/2026/Bulletin_2026-07.pdf,/sites/MigrationFileServer/RH/01_Dossiers_Individuels/VINCENT_Florian/Bulletins_de_paie/2026/Bulletin_2026-07.pdf,Bulletin_2026-07.pdf,.pdf,1697,2026-09-16T10:14:03,2026-07-28T18:00:00,2026-07-28T18:00:00,MOD Administrator,MOD Administrator,https://m365x71797824.sharepoint.com/sites/MigrationFileServer/RH/01_Dossiers_Individuels/VINCENT_Florian/Bulletins_de_paie/2026/Bulletin_2026-07.pdf,010B05EE9449742DED1438E96AAB9BFC
RH,01_Dossiers_Individuels/VINCENT_Florian/Bulletins_de_paie/2026/Bulletin_2026-08.pdf,/sites/MigrationFileServer/RH/01_Dossiers_Individuels/VINCENT_Florian/Bulletins_de_paie/2026/Bulletin_2026-08.pdf,Bulletin_2026-08.pdf,.pdf,1698,2026-09-16T10:56:18,2026-08-28T18:00:00,2026-08-28T18:00:00,MOD Administrator,MOD Administrator,https://m365x71797824.sharepoint.com/sites/MigrationFileServer/RH/01_Dossiers_Individuels/VINCENT_Florian/Bulletins_de_paie/2026/Bulletin_2026-08.pdf,01B03D08048BBC4E61CBA611914E4382
RH,01_Dossiers_Individuels/VINCENT_Florian/Contrat_de_travail_VINCENT.pdf,/sites/MigrationFileServer/RH/01_Dossiers_Individuels/VINCENT_Florian/Contrat_de_travail_VINCENT.pdf,Contrat_de_travail_VINCENT.pdf,.pdf,1722,2026-09-16T10:57:10,2016-06-04T14:53:03,2016-06-04T14:53:03,MOD Administrator,MOD Administrator,https://m365x71797824.sharepoint.com/sites/MigrationFileServer/RH/01_Dossiers_Individuels/VINCENT_Florian/Contrat_de_travail_VINCENT.pdf,01A473A764BB2B8A4D17799CE51D964E
RH,01_Dossiers_Individuels/VINCENT_Florian/Entretiens_annuels/Entretien_annuel_2024.docx,/sites/MigrationFileServer/RH/01_Dossiers_Individuels/VINCENT_Florian/Entretiens_annuels/Entretien_annuel_2024.docx,Entretien_annuel_2024.docx,.docx,36756,2026-09-16T10:10:59,2024-12-03T00:00:00,2024-12-03T00:00:00,MOD Administrator,MOD Administrator,https://m365x71797824.sharepoint.com/sites/MigrationFileServer/RH/01_Dossiers_Individuels/VINCENT_Florian/Entretiens_annuels/Entretien_annuel_2024.docx,01B95AFF98C77CFE8D0670A8E64C8B91
RH,01_Dossiers_Individuels/VINCENT_Florian/Entretiens_annuels/Entretien_annuel_2025.docx,/sites/MigrationFileServer/RH/01_Dossiers_Individuels/VINCENT_Florian/Entretiens_annuels/Entretien_annuel_2025.docx,Entretien_annuel_2025.docx,.docx,36756,2026-09-16T10:29:45,2025-12-03T00:00:00,2025-12-03T00:00:00,MOD Administrator,MOD Administrator,https://m365x71797824.sharepoint.com/sites/MigrationFileServer/RH/01_Dossiers_Individuels/VINCENT_Florian/Entretiens_annuels/Entretien_annuel_2025.docx,01A2FDAA41651BBFEB9DBD3EAB2DFFC2
RH,02_Recrutement/Assistante_de_direction/CV_Blanc_Hugo.pdf,/sites/MigrationFileServer/RH/02_Recrutement/Assistante_de_direction/CV_Blanc_Hugo.pdf,CV_Blanc_Hugo.pdf,.pdf,1664,2026-09-16T10:38:47,2026-06-10T15:50:33,2026-06-10T15:50:33,MOD Administrator,MOD Administrator,https://m365x71797824.sharepoint.com/sites/MigrationFileServer/RH/02_Recrutement/Assistante_de_direction/CV_Blanc_Hugo.pdf,011E2799261F5280C2E527B7A36A390E
RH,02_Recrutement/Assistante_de_direction/CV_Guérin_Thomas.pdf,/sites/MigrationFileServer/RH/02_Recrutement/Assistante_de_direction/CV_Guérin_Thomas.pdf,CV_Guérin_Thomas.pdf,.pdf,1673,2026-09-16T10:39:29,2025-05-16T16:40:39,2025-05-16T16:40:39,MOD Administrator,MOD Administrator,https://m365x71797824.sharepoint.com/sites/MigrationFileServer/RH/02_Recrutement/Assistante_de_direction/CV_Guérin_Thomas.pdf,0171A57FF2F79D2FAF7CB35DEE4CD3F9
RH,02_Recrutement/Assistante_de_direction/CV_Laurent_Quentin.pdf,/sites/MigrationFileServer/RH/02_Recrutement/Assistante_de_direction/CV_Laurent_Quentin.pdf,CV_Laurent_Quentin.pdf,.pdf,1669,2026-09-16T10:30:06,2026-05-31T05:50:02,2026-05-31T05:50:02,MOD Administrator,MOD Administrator,https://m365x71797824.sharepoint.com/sites/MigrationFileServer/RH/02_Recrutement/Assistante_de_direction/CV_Laurent_Quentin.pdf,01614C48C73A619B22ECF0D69A6F7130
RH,02_Recrutement/Assistante_de_direction/CV_Moreau_Thomas.pdf,/sites/MigrationFileServer/RH/02_Recrutement/Assistante_de_direction/CV_Moreau_Thomas.pdf,CV_Moreau_Thomas.pdf,.pdf,1668,2026-09-16T10:18:20,2026-08-12T21:56:49,2026-08-12T21:56:49,MOD Administrator,MOD Administrator,https://m365x71797824.sharepoint.com/sites/MigrationFileServer/RH/02_Recrutement/Assistante_de_direction/CV_Moreau_Thomas.pdf,01D5235698B646F9CFA570DA757AF01E
RH,02_Recrutement/Chargé_de_communication/CV_Girard_Kevin.pdf,/sites/MigrationFileServer/RH/02_Recrutement/Chargé_de_communication/CV_Girard_Kevin.pdf,CV_Girard_Kevin.pdf,.pdf,1667,2026-09-16T10:30:25,2025-09-22T17:58:58,2025-09-22T17:58:58,MOD Administrator,MOD Administrator,https://m365x71797824.sharepoint.com/sites/MigrationFileServer/RH/02_Recrutement/Chargé_de_communication/CV_Girard_Kevin.pdf,01475E29258E616E38C15C3A8284E2CB
RH,02_Recrutement/Chargé_de_communication/CV_Guérin_Camille.pdf,/sites/MigrationFileServer/RH/02_Recrutement/Chargé_de_communication/CV_Guérin_Camille.pdf,CV_Guérin_Camille.pdf,.pdf,1673,2026-09-16T10:59:07,2025-03-12T14:24:56,2025-03-12T14:24:56,MOD Administrator,MOD Administrator,https://m365x71797824.sharepoint.com/sites/MigrationFileServer/RH/02_Recrutement/Chargé_de_communication/CV_Guérin_Camille.pdf,0172EF183EA6D41ECB0ACD355E961743
RH,02_Recrutement/Chargé_de_communication/CV_Lefèvre_Elodie.pdf,/sites/MigrationFileServer/RH/02_Recrutement/Chargé_de_communication/CV_Lefèvre_Elodie.pdf,CV_Lefèvre_Elodie.pdf,.pdf,1670,2026-09-16T10:22:55,2025-12-19T23:44:53,2025-12-19T23:44:53,MOD Administrator,MOD Administrator,https://m365x71797824.sharepoint.com/sites/MigrationFileServer/RH/02_Recrutement/Chargé_de_communication/CV_Lefèvre_Elodie.pdf,0170C35A3B2746B95C33F9AFA4EC9FC6
RH,02_Recrutement/Chargé_de_communication/CV_Moreau_Inès.pdf,/sites/MigrationFileServer/RH/02_Recrutement/Chargé_de_communication/CV_Moreau_Inès.pdf,CV_Moreau_Inès.pdf,.pdf,1672,2026-09-16T10:30:48,2026-01-22T07:42:40,2026-01-22T07:42:40,MOD Administrator,MOD Administrator,https://m365x71797824.sharepoint.com/sites/MigrationFileServer/RH/02_Recrutement/Chargé_de_communication/CV_Moreau_Inès.pdf,012713E0355C8483D846B318B19C0BAB
RH,02_Recrutement/Chargé_de_communication/CV_Morel_Thomas.pdf,/sites/MigrationFileServer/RH/02_Recrutement/Chargé_de_communication/CV_Morel_Thomas.pdf,CV_Morel_Thomas.pdf,.pdf,1664,2026-09-16T10:44:33,2025-11-17T06:32:51,2025-11-17T06:32:51,MOD Administrator,MOD Administrator,https://m365x71797824.sharepoint.com/sites/MigrationFileServer/RH/02_Recrutement/Chargé_de_communication/CV_Morel_Thomas.pdf,01F0412886260FB2926CE59A662BDAAE
RH,02_Recrutement/Chargé_de_communication/CV_Rousseau_Pierre.pdf,/sites/MigrationFileServer/RH/02_Recrutement/Chargé_de_communication/CV_Rousseau_Pierre.pdf,CV_Rousseau_Pierre.pdf,.pdf,1668,2026-09-16T10:23:57,2026-01-03T11:51:03,2026-01-03T11:51:03,MOD Administrator,MOD Administrator,https://m365x71797824.sharepoint.com/sites/MigrationFileServer/RH/02_Recrutement/Chargé_de_communication/CV_Rousseau_Pierre.pdf,018F93F24D1F6FD9373CF11C7AD6876D
RH,02_Recrutement/Chargé_de_communication/CV_Roux_Anaïs.pdf,/sites/MigrationFileServer/RH/02_Recrutement/Chargé_de_communication/CV_Roux_Anaïs.pdf,CV_Roux_Anaïs.pdf,.pdf,1669,2026-09-16T10:07:26,2026-01-30T20:06:08,2026-01-30T20:06:08,MOD Administrator,MOD Administrator,https://m365x71797824.sharepoint.com/sites/MigrationFileServer/RH/02_Recrutement/Chargé_de_communication/CV_Roux_Anaïs.pdf,0171C07E8B9D27EF0A08AAFAF414EC7C
RH,02_Recrutement/Commercial/CV_Bonnet_Maxime.pdf,/sites/MigrationFileServer/RH/02_Recrutement/Commercial/CV_Bonnet_Maxime.pdf,CV_Bonnet_Maxime.pdf,.pdf,1667,2026-09-16T10:48:58,2025-09-26T13:14:15,2025-09-26T13:14:15,MOD Administrator,MOD Administrator,https://m365x71797824.sharepoint.com/sites/MigrationFileServer/RH/02_Recrutement/Commercial/CV_Bonnet_Maxime.pdf,01960C6CE7E931F2854D831FDDCA2DC2
RH,02_Recrutement/Commercial/CV_David_Anaïs.pdf,/sites/MigrationFileServer/RH/02_Recrutement/Commercial/CV_David_Anaïs.pdf,CV_David_Anaïs.pdf,.pdf,1672,2026-09-16T10:34:45,2025-01-10T14:24:39,2025-01-10T14:24:39,MOD Administrator,MOD Administrator,https://m365x71797824.sharepoint.com/sites/MigrationFileServer/RH/02_Recrutement/Commercial/CV_David_Anaïs.pdf,01EC93FD441A32A5D910252642C34996
RH,02_Recrutement/Commercial/CV_Fournier_Pauline.pdf,/sites/MigrationFileServer/RH/02_Recrutement/Commercial/CV_Fournier_Pauline.pdf,CV_Fournier_Pauline.pdf,.pdf,1672,2026-09-16T10:57:06,2025-12-09T07:01:03,2025-12-09T07:01:03,MOD Administrator,MOD Administrator,https://m365x71797824.sharepoint.com/sites/MigrationFileServer/RH/02_Recrutement/Commercial/CV_Fournier_Pauline.pdf,01B7427C20819162454D31D86267B36B
RH,02_Recrutement/Commercial/CV_Laurent_Pauline.pdf,/sites/MigrationFileServer/RH/02_Recrutement/Commercial/CV_Laurent_Pauline.pdf,CV_Laurent_Pauline.pdf,.pdf,1669,2026-09-16T10:58:01,2026-01-11T05:15:26,2026-01-11T05:15:26,MOD Administrator,MOD Administrator,https://m365x71797824.sharepoint.com/sites/MigrationFileServer/RH/02_Recrutement/Commercial/CV_Laurent_Pauline.pdf,01206BAF345D35B0B9601E21F2CF8442
RH,02_Recrutement/Commercial/CV_Martin_Pierre.pdf,/sites/MigrationFileServer/RH/02_Recrutement/Commercial/CV_Martin_Pierre.pdf,CV_Martin_Pierre.pdf,.pdf,1665,2026-09-16T10:57:30,2026-06-16T15:20:10,2026-06-16T15:20:10,MOD Administrator,MOD Administrator,https://m365x71797824.sharepoint.com/sites/MigrationFileServer/RH/02_Recrutement/Commercial/CV_Martin_Pierre.pdf,0126AF6C3D06EFB301040BB40416B637
RH,02_Recrutement/Commercial/CV_Mercier_Clara.pdf,/sites/MigrationFileServer/RH/02_Recrutement/Commercial/CV_Mercier_Clara.pdf,CV_Mercier_Clara.pdf,.pdf,1665,2026-09-16T10:38:14,2026-08-01T14:09:09,2026-08-01T14:09:09,MOD Administrator,MOD Administrator,https://m365x71797824.sharepoint.com/sites/MigrationFileServer/RH/02_Recrutement/Commercial/CV_Mercier_Clara.pdf,01172D21B9D0AAF24214DCA6ABA36871
RH,02_Recrutement/Commercial/CV_Muller_Maxime.pdf,/sites/MigrationFileServer/RH/02_Recrutement/Commercial/CV_Muller_Maxime.pdf,CV_Muller_Maxime.pdf,.pdf,1667,2026-09-16T10:41:12,2025-09-20T18:22:51,2025-09-20T18:22:51,MOD Administrator,MOD Administrator,https://m365x71797824.sharepoint.com/sites/MigrationFileServer/RH/02_Recrutement/Commercial/CV_Muller_Maxime.pdf,01230F1E81120AE1C284855F9F9AB7ED
RH,02_Recrutement/Commercial/CV_Rousseau_Laura.pdf,/sites/MigrationFileServer/RH/02_Recrutement/Commercial/CV_Rousseau_Laura.pdf,CV_Rousseau_Laura.pdf,.pdf,1667,2026-09-16T10:24:52,2025-03-15T23:26:31,2025-03-15T23:26:31,MOD Administrator,MOD Administrator,https://m365x71797824.sharepoint.com/sites/MigrationFileServer/RH/02_Recrutement/Commercial/CV_Rousseau_Laura.pdf,01407B0A0570EBD5436AB7CEE8F80808
RH,02_Recrutement/Commercial/CV_Simon_Emma.pdf,/sites/MigrationFileServer/RH/02_Recrutement/Commercial/CV_Simon_Emma.pdf,CV_Simon_Emma.pdf,.pdf,1663,2026-09-16T10:43:15,2026-04-20T19:53:22,2026-04-20T19:53:22,MOD Administrator,MOD Administrator,https://m365x71797824.sharepoint.com/sites/MigrationFileServer/RH/02_Recrutement/Commercial/CV_Simon_Emma.pdf,010C023C04F6DE2B7BD6EF1CFF5010DA
RH,02_Recrutement/Comptable/CV_Bonnet_Marion.pdf,/sites/MigrationFileServer/RH/02_Recrutement/Comptable/CV_Bonnet_Marion.pdf,CV_Bonnet_Marion.pdf,.pdf,1667,2026-09-16T10:42:47,2025-09-07T01:02:51,2025-09-07T01:02:51,MOD Administrator,MOD Administrator,https://m365x71797824.sharepoint.com/sites/MigrationFileServer/RH/02_Recrutement/Comptable/CV_Bonnet_Marion.pdf,01F1CE43378B0AD3C218FB660EF9F8B4
RH,02_Recrutement/Comptable/CV_Bonnet_Quentin.pdf,/sites/MigrationFileServer/RH/02_Recrutement/Comptable/CV_Bonnet_Quentin.pdf,CV_Bonnet_Quentin.pdf,.pdf,1667,2026-09-16T10:48:26,2026-01-21T03:01:58,2026-01-21T03:01:58,MOD Administrator,MOD Administrator,https://m365x71797824.sharepoint.com/sites/MigrationFileServer/RH/02_Recrutement/Comptable/CV_Bonnet_Quentin.pdf,01DCFF70160EF3621098FF05364E28FC
RH,02_Recrutement/Comptable/CV_Dupont_Julien.pdf,/sites/MigrationFileServer/RH/02_Recrutement/Comptable/CV_Dupont_Julien.pdf,CV_Dupont_Julien.pdf,.pdf,1668,2026-09-16T10:13:06,2025-06-22T23:33:01,2025-06-22T23:33:01,MOD Administrator,MOD Administrator,https://m365x71797824.sharepoint.com/sites/MigrationFileServer/RH/02_Recrutement/Comptable/CV_Dupont_Julien.pdf,01B18D32D99277F6E81062F9946D89E4
RH,02_Recrutement/Comptable/CV_Fontaine_Bastien.pdf,/sites/MigrationFileServer/RH/02_Recrutement/Comptable/CV_Fontaine_Bastien.pdf,CV_Fontaine_Bastien.pdf,.pdf,1667,2026-09-16T10:19:37,2025-12-15T01:09:47,2025-12-15T01:09:47,MOD Administrator,MOD Administrator,https://m365x71797824.sharepoint.com/sites/MigrationFileServer/RH/02_Recrutement/Comptable/CV_Fontaine_Bastien.pdf,01471EF041DCD06086B8949747D69C32
RH,02_Recrutement/Comptable/CV_Guérin_Léa.pdf,/sites/MigrationFileServer/RH/02_Recrutement/Comptable/CV_Guérin_Léa.pdf,CV_Guérin_Léa.pdf,.pdf,1670,2026-09-16T10:49:31,2026-03-10T16:17:27,2026-03-10T16:17:27,MOD Administrator,MOD Administrator,https://m365x71797824.sharepoint.com/sites/MigrationFileServer/RH/02_Recrutement/Comptable/CV_Guérin_Léa.pdf,016FE56550930DDE322FC8175E4A1641
RH,02_Recrutement/Comptable/CV_Guérin_Sarah.pdf,/sites/MigrationFileServer/RH/02_Recrutement/Comptable/CV_Guérin_Sarah.pdf,CV_Guérin_Sarah.pdf,.pdf,1670,2026-09-16T10:07:18,2025-07-02T12:43:03,2025-07-02T12:43:03,MOD Administrator,MOD Administrator,https://m365x71797824.sharepoint.com/sites/MigrationFileServer/RH/02_Recrutement/Comptable/CV_Guérin_Sarah.pdf,014C90098A53498EA295EF018B74D503
RH,02_Recrutement/Comptable/CV_Martin_Julien.pdf,/sites/MigrationFileServer/RH/02_Recrutement/Comptable/CV_Martin_Julien.pdf,CV_Martin_Julien.pdf,.pdf,1669,2026-09-16T10:41:17,2026-05-15T17:49:16,2026-05-15T17:49:16,MOD Administrator,MOD Administrator,https://m365x71797824.sharepoint.com/sites/MigrationFileServer/RH/02_Recrutement/Comptable/CV_Martin_Julien.pdf,0115E6E1AC825753E0A479EFF5A37183
RH,02_Recrutement/Responsable_RH/CV_Bertrand_Sophie.pdf,/sites/MigrationFileServer/RH/02_Recrutement/Responsable_RH/CV_Bertrand_Sophie.pdf,CV_Bertrand_Sophie.pdf,.pdf,1665,2026-09-16T10:12:51,2025-09-24T04:48:52,2025-09-24T04:48:52,MOD Administrator,MOD Administrator,https://m365x71797824.sharepoint.com/sites/MigrationFileServer/RH/02_Recrutement/Responsable_RH/CV_Bertrand_Sophie.pdf,013A977A985725B1F67EE9CA1984305B
RH,02_Recrutement/Responsable_RH/CV_Bonnet_Quentin.pdf,/sites/MigrationFileServer/RH/02_Recrutement/Responsable_RH/CV_Bonnet_Quentin.pdf,CV_Bonnet_Quentin.pdf,.pdf,1667,2026-09-16T10:29:07,2025-11-24T13:48:00,2025-11-24T13:48:00,MOD Administrator,MOD Administrator,https://m365x71797824.sharepoint.com/sites/MigrationFileServer/RH/02_Recrutement/Responsable_RH/CV_Bonnet_Quentin.pdf,0180FE60BFD51FB67A823F7EC7510D65
RH,02_Recrutement/Responsable_RH/CV_Fournier_Thomas.pdf,/sites/MigrationFileServer/RH/02_Recrutement/Responsable_RH/CV_Fournier_Thomas.pdf,CV_Fournier_Thomas.pdf,.pdf,1667,2026-09-16T10:24:46,2026-04-04T20:23:01,2026-04-04T20:23:01,MOD Administrator,MOD Administrator,https://m365x71797824.sharepoint.com/sites/MigrationFileServer/RH/02_Recrutement/Responsable_RH/CV_Fournier_Thomas.pdf,016988A6BF3F57D9695FB5CEB14EDD6D
RH,02_Recrutement/Responsable_RH/CV_Girard_Pauline.pdf,/sites/MigrationFileServer/RH/02_Recrutement/Responsable_RH/CV_Girard_Pauline.pdf,CV_Girard_Pauline.pdf,.pdf,1669,2026-09-16T10:38:17,2026-04-28T23:19:23,2026-04-28T23:19:23,MOD Administrator,MOD Administrator,https://m365x71797824.sharepoint.com/sites/MigrationFileServer/RH/02_Recrutement/Responsable_RH/CV_Girard_Pauline.pdf,01E47E515E992B17E4FB265F8F9857EE
RH,02_Recrutement/Responsable_RH/CV_Girard_Sarah.pdf,/sites/MigrationFileServer/RH/02_Recrutement/Responsable_RH/CV_Girard_Sarah.pdf,CV_Girard_Sarah.pdf,.pdf,1667,2026-09-16T10:21:27,2025-07-31T03:20:09,2025-07-31T03:20:09,MOD Administrator,MOD Administrator,https://m365x71797824.sharepoint.com/sites/MigrationFileServer/RH/02_Recrutement/Responsable_RH/CV_Girard_Sarah.pdf,01F235C11041D6F2747712AB28F17A48
RH,02_Recrutement/Responsable_RH/CV_Laurent_Thomas.pdf,/sites/MigrationFileServer/RH/02_Recrutement/Responsable_RH/CV_Laurent_Thomas.pdf,CV_Laurent_Thomas.pdf,.pdf,1665,2026-09-16T10:58:54,2026-06-25T17:32:49,2026-06-25T17:32:49,MOD Administrator,MOD Administrator,https://m365x71797824.sharepoint.com/sites/MigrationFileServer/RH/02_Recrutement/Responsable_RH/CV_Laurent_Thomas.pdf,012289966C343938F1CD353B129CA634
RH,03_Formation/Plan_de_formation_2025.xlsx,/sites/MigrationFileServer/RH/03_Formation/Plan_de_formation_2025.xlsx,Plan_de_formation_2025.xlsx,.xlsx,5538,2026-09-16T10:41:41,2025-01-15T23:44:19,2025-01-15T23:44:19,MOD Administrator,MOD Administrator,https://m365x71797824.sharepoint.com/sites/MigrationFileServer/RH/03_Formation/Plan_de_formation_2025.xlsx,018EDB1A5FCF55E2EBCF47D89920C47E
RH,03_Formation/Plan_de_formation_2026.xlsx,/sites/MigrationFileServer/RH/03_Formation/Plan_de_formation_2026.xlsx,Plan_de_formation_2026.xlsx,.xlsx,5544,2026-09-16T10:06:05,2022-12-19T20:11:04,2022-12-19T20:11:04,MOD Administrator,MOD Administrator,https://m365x71797824.sharepoint.com/sites/MigrationFileServer/RH/03_Formation/Plan_de_formation_2026.xlsx,012CEA9842B419D4B5DD01F4DC41E1A9
RH,04_Politiques_RH/Charte_informatique.docx,/sites/MigrationFileServer/RH/04_Politiques_RH/Charte_informatique.docx,Charte_informatique.docx,.docx,36722,2026-09-16T10:29:16,2024-12-21T08:04:34,2024-12-21T08:04:34,MOD Administrator,MOD Administrator,https://m365x71797824.sharepoint.com/sites/MigrationFileServer/RH/04_Politiques_RH/Charte_informatique.docx,0131A8C06CEDF7304F9DBFE9F1B099D1
RH,04_Politiques_RH/Charte_teletravail.docx,/sites/MigrationFileServer/RH/04_Politiques_RH/Charte_teletravail.docx,Charte_teletravail.docx,.docx,36724,2026-09-16T10:31:29,2024-08-09T03:54:35,2024-08-09T03:54:35,MOD Administrator,MOD Administrator,https://m365x71797824.sharepoint.com/sites/MigrationFileServer/RH/04_Politiques_RH/Charte_teletravail.docx,011892141AA6920A32B6AD64CD2C8B01
RH,04_Politiques_RH/Politique_conges.docx,/sites/MigrationFileServer/RH/04_Politiques_RH/Politique_conges.docx,Politique_conges.docx,.docx,36723,2026-09-16T10:25:42,2021-06-26T03:52:21,2021-06-26T03:52:21,MOD Administrator,MOD Administrator,https://m365x71797824.sharepoint.com/sites/MigrationFileServer/RH/04_Politiques_RH/Politique_conges.docx,0179C38F852F37B0211ABFD2CCCD12D8
RH,04_Politiques_RH/Reglement_interieur.docx,/sites/MigrationFileServer/RH/04_Politiques_RH/Reglement_interieur.docx,Reglement_interieur.docx,.docx,36722,2026-09-16T10:47:41,2022-01-08T09:04:53,2022-01-08T09:04:53,MOD Administrator,MOD Administrator,https://m365x71797824.sharepoint.com/sites/MigrationFileServer/RH/04_Politiques_RH/Reglement_interieur.docx,010B0A45EA6B6BDBE2AFF4ACD68757B0
RH,05_Registre_du_personnel.xlsx,/sites/MigrationFileServer/RH/05_Registre_du_personnel.xlsx,05_Registre_du_personnel.xlsx,.xlsx,6370,2026-09-16T10:18:25,2026-09-01T00:00:00,2026-09-01T00:00:00,MOD Administrator,MOD Administrator,https://m365x71797824.sharepoint.com/sites/MigrationFileServer/RH/05_Registre_du_personnel.xlsx,013218D2736CC1BAFFAF666351641B07
Finance,Budget;version2.txt,/sites/MigrationFileServer/Finance/Budget;version2.txt,Budget;version2.txt,.txt,14,2026-09-16T10:29:42,2026-09-16T09:12:00,2026-09-16T09:12:00,MOD Administrator,MOD Administrator,https://m365x71797824.sharepoint.com/sites/MigrationFileServer/Finance/Budget;version2.txt,01F9E5CA1ABD8D0FF58FCF8C64B2391D
Finance,Budgets/2022/Budget_previsionnel_2022.xlsx,/sites/MigrationFileServer/Finance/Budgets/2022/Budget_previsionnel_2022.xlsx,Budget_previsionnel_2022.xlsx,.xlsx,5091,2026-09-16T10:47:18,2022-01-15T00:00:00,2022-01-15T00:00:00,MOD Administrator,MOD Administrator,https://m365x71797824.sharepoint.com/sites/MigrationFileServer/Finance/Budgets/2022/Budget_previsionnel_2022.xlsx,01665AA1BC91CD01D1A88CA738670051
Finance,Budgets/2023/Budget_previsionnel_2023.xlsx,/sites/MigrationFileServer/Finance/Budgets/2023/Budget_previsionnel_2023.xlsx,Budget_previsionnel_2023.xlsx,.xlsx,5088,2026-09-16T10:38:25,2023-01-15T00:00:00,2023-01-15T00:00:00,MOD Administrator,MOD Administrator,https://m365x71797824.sharepoint.com/sites/MigrationFileServer/Finance/Budgets/2023/Budget_previsionnel_2023.xlsx,01240FD1F4F30DBE6463F94F3D301B98
Finance,Budgets/2024/Budget_previsionnel_2024.xlsx,/sites/MigrationFileServer/Finance/Budgets/2024/Budget_previsionnel_2024.xlsx,Budget_previsionnel_2024.xlsx,.xlsx,5093,2026-09-16T10:38:49,2024-01-15T00:00:00,2024-01-15T00:00:00,MOD Administrator,MOD Administrator,https://m365x71797824.sharepoint.com/sites/MigrationFileServer/Finance/Budgets/2024/Budget_previsionnel_2024.xlsx,0177305DB48E62DEB1FE189ECB566F86
Finance,Budgets/2025/Budget_previsionnel_2025.xlsx,/sites/MigrationFileServer/Finance/Budgets/2025/Budget_previsionnel_2025.xlsx,Budget_previsionnel_2025.xlsx,.xlsx,5092,2026-09-16T10:08:53,2025-01-15T00:00:00,2025-01-15T00:00:00,MOD Administrator,MOD Administrator,https://m365x71797824.sharepoint.com/sites/MigrationFileServer/Finance/Budgets/2025/Budget_previsionnel_2025.xlsx,01BE231E23AEDA74743D9B8BF914E35F
Finance,Budgets/2026/Budget_previsionnel_2026.xlsx,/sites/MigrationFileServer/Finance/Budgets/2026/Budget_previsionnel_2026.xlsx,Budget_previsionnel_2026.xlsx,.xlsx,5088,2026-09-16T10:10:45,2026-01-15T00:00:00,2026-01-15T00:00:00,MOD Administrator,MOD Administrator,https://m365x71797824.sharepoint.com/sites/MigrationFileServer/Finance/Budgets/2026/Budget_previsionnel_2026.xlsx,01D558A6742C262874F04697738EF768
Finance,Comptabilite/Grand_livre_2022.xlsx,/sites/MigrationFileServer/Finance/Comptabilite/Grand_livre_2022.xlsx,Grand_livre_2022.xlsx,.xlsx,17650,2026-09-16T10:29:56,2023-03-31T00:00:00,2023-03-31T00:00:00,MOD Administrator,MOD Administrator,https://m365x71797824.sharepoint.com/sites/MigrationFileServer/Finance/Comptabilite/Grand_livre_2022.xlsx,01C99595FFE46160C24485B03FC811AB
Finance,Comptabilite/Grand_livre_2023.xlsx,/sites/MigrationFileServer/Finance/Comptabilite/Grand_livre_2023.xlsx,Grand_livre_2023.xlsx,.xlsx,17581,2026-09-16T10:35:30,2024-03-31T00:00:00,2024-03-31T00:00:00,MOD Administrator,MOD Administrator,https://m365x71797824.sharepoint.com/sites/MigrationFileServer/Finance/Comptabilite/Grand_livre_2023.xlsx,015E52CB7099F33B944FFEF9C7551A46
Finance,Comptabilite/Grand_livre_2024.xlsx,/sites/MigrationFileServer/Finance/Comptabilite/Grand_livre_2024.xlsx,Grand_livre_2024.xlsx,.xlsx,17554,2026-09-16T10:57:56,2025-03-31T00:00:00,2025-03-31T00:00:00,MOD Administrator,MOD Administrator,https://m365x71797824.sharepoint.com/sites/MigrationFileServer/Finance/Comptabilite/Grand_livre_2024.xlsx,018BBFB075D83ACC312F17450CD7BE66
Finance,Comptabilite/Grand_livre_2025.xlsx,/sites/MigrationFileServer/Finance/Comptabilite/Grand_livre_2025.xlsx,Grand_livre_2025.xlsx,.xlsx,17634,2026-09-16T10:48:11,2026-03-31T00:00:00,2026-03-31T00:00:00,MOD Administrator,MOD Administrator,https://m365x71797824.sharepoint.com/sites/MigrationFileServer/Finance/Comptabilite/Grand_livre_2025.xlsx,01E463A48C27DA0C7316ADB49C2B98C7
Finance,Comptabilite/Grand_livre_2026.xlsx,/sites/MigrationFileServer/Finance/Comptabilite/Grand_livre_2026.xlsx,Grand_livre_2026.xlsx,.xlsx,17617,2026-09-16T10:42:33,2026-03-31T00:00:00,2026-03-31T00:00:00,MOD Administrator,MOD Administrator,https://m365x71797824.sharepoint.com/sites/MigrationFileServer/Finance/Comptabilite/Grand_livre_2026.xlsx,01DD654E5E5629135E7A7930133646C9
Finance,Modele_devis - Copie.docx,/sites/MigrationFileServer/Finance/Modele_devis - Copie.docx,Modele_devis - Copie.docx,.docx,36722,2026-09-16T10:12:33,2026-04-18T06:10:16,2026-04-18T06:10:16,MOD Administrator,MOD Administrator,https://m365x71797824.sharepoint.com/sites/MigrationFileServer/Finance/Modele_devis%20-%20Copie.docx,018D0799CEB7901E2D24BDDB94279F8E
Finance,Notes_de_frais/2026/01_Janvier/NDF_BOYER_1.pdf,/sites/MigrationFileServer/Finance/Notes_de_frais/2026/01_Janvier/NDF_BOYER_1.pdf,NDF_BOYER_1.pdf,.pdf,1674,2026-09-16T10:20:54,2026-01-06T00:00:00,2026-01-06T00:00:00,MOD Administrator,MOD Administrator,https://m365x71797824.sharepoint.com/sites/MigrationFileServer/Finance/Notes_de_frais/2026/01_Janvier/NDF_BOYER_1.pdf,01D94DCF4AF8667C38543F32FCCFF2D5
Finance,Notes_de_frais/2026/01_Janvier/NDF_CHEVALIER_2.pdf,/sites/MigrationFileServer/Finance/Notes_de_frais/2026/01_Janvier/NDF_CHEVALIER_2.pdf,NDF_CHEVALIER_2.pdf,.pdf,1678,2026-09-16T10:24:19,2026-01-15T00:00:00,2026-01-15T00:00:00,MOD Administrator,MOD Administrator,https://m365x71797824.sharepoint.com/sites/MigrationFileServer/Finance/Notes_de_frais/2026/01_Janvier/NDF_CHEVALIER_2.pdf,016513220634B927F7447AD51415071D
Finance,Notes_de_frais/2026/01_Janvier/NDF_CHEVALIER_4.pdf,/sites/MigrationFileServer/Finance/Notes_de_frais/2026/01_Janvier/NDF_CHEVALIER_4.pdf,NDF_CHEVALIER_4.pdf,.pdf,1678,2026-09-16T10:06:27,2026-01-22T00:00:00,2026-01-22T00:00:00,MOD Administrator,MOD Administrator,https://m365x71797824.sharepoint.com/sites/MigrationFileServer/Finance/Notes_de_frais/2026/01_Janvier/NDF_CHEVALIER_4.pdf,01033C2CAC7762080261415C74384CFC
Finance,Notes_de_frais/2026/01_Janvier/NDF_DUBOIS_3.pdf,/sites/MigrationFileServer/Finance/Notes_de_frais/2026/01_Janvier/NDF_DUBOIS_3.pdf,NDF_DUBOIS_3.pdf,.pdf,1674,2026-09-16T10:34:55,2026-01-09T00:00:00,2026-01-09T00:00:00,MOD Administrator,MOD Administrator,https://m365x71797824.sharepoint.com/sites/MigrationFileServer/Finance/Notes_de_frais/2026/01_Janvier/NDF_DUBOIS_3.pdf,01001BFDF9C94ED7B4600AA4E2A19E42
Finance,Notes_de_frais/2026/02_Fevrier/NDF_BLANC_4.pdf,/sites/MigrationFileServer/Finance/Notes_de_frais/2026/02_Fevrier/NDF_BLANC_4.pdf,NDF_BLANC_4.pdf,.pdf,1673,2026-09-16T10:12:14,2026-02-21T00:00:00,2026-02-21T00:00:00,MOD Administrator,MOD Administrator,https://m365x71797824.sharepoint.com/sites/MigrationFileServer/Finance/Notes_de_frais/2026/02_Fevrier/NDF_BLANC_4.pdf,010637FD963D911CF840C3F510673581
Finance,Notes_de_frais/2026/02_Fevrier/NDF_DUPONT_1.pdf,/sites/MigrationFileServer/Finance/Notes_de_frais/2026/02_Fevrier/NDF_DUPONT_1.pdf,NDF_DUPONT_1.pdf,.pdf,1673,2026-09-16T10:43:06,2026-02-13T00:00:00,2026-02-13T00:00:00,MOD Administrator,MOD Administrator,https://m365x71797824.sharepoint.com/sites/MigrationFileServer/Finance/Notes_de_frais/2026/02_Fevrier/NDF_DUPONT_1.pdf,0194FE08FF6B651B40B5B3D2C8764646
Finance,Notes_de_frais/2026/02_Fevrier/NDF_FOURNIER_2.pdf,/sites/MigrationFileServer/Finance/Notes_de_frais/2026/02_Fevrier/NDF_FOURNIER_2.pdf,NDF_FOURNIER_2.pdf,.pdf,1672,2026-09-16T10:48:32,2026-02-21T00:00:00,2026-02-21T00:00:00,MOD Administrator,MOD Administrator,https://m365x71797824.sharepoint.com/sites/MigrationFileServer/Finance/Notes_de_frais/2026/02_Fevrier/NDF_FOURNIER_2.pdf,014967924E72CACF8B3F05518F171B92
Finance,Notes_de_frais/2026/02_Fevrier/NDF_FOURNIER_3.pdf,/sites/MigrationFileServer/Finance/Notes_de_frais/2026/02_Fevrier/NDF_FOURNIER_3.pdf,NDF_FOURNIER_3.pdf,.pdf,1673,2026-09-16T10:19:03,2026-02-01T00:00:00,2026-02-01T00:00:00,MOD Administrator,MOD Administrator,https://m365x71797824.sharepoint.com/sites/MigrationFileServer/Finance/Notes_de_frais/2026/02_Fevrier/NDF_FOURNIER_3.pdf,010827B85EFD4C894392EB0F3A5F4AE5
Finance,Notes_de_frais/2026/03_Mars/NDF_BERNARD_6.pdf,/sites/MigrationFileServer/Finance/Notes_de_frais/2026/03_Mars/NDF_BERNARD_6.pdf,NDF_BERNARD_6.pdf,.pdf,1673,2026-09-16T10:59:07,2026-03-18T00:00:00,2026-03-18T00:00:00,MOD Administrator,MOD Administrator,https://m365x71797824.sharepoint.com/sites/MigrationFileServer/Finance/Notes_de_frais/2026/03_Mars/NDF_BERNARD_6.pdf,0105625D3A9743D5E3D92040CCC3BDB2
Finance,Notes_de_frais/2026/03_Mars/NDF_DUBOIS_3.pdf,/sites/MigrationFileServer/Finance/Notes_de_frais/2026/03_Mars/NDF_DUBOIS_3.pdf,NDF_DUBOIS_3.pdf,.pdf,1673,2026-09-16T10:46:45,2026-03-06T00:00:00,2026-03-06T00:00:00,MOD Administrator,MOD Administrator,https://m365x71797824.sharepoint.com/sites/MigrationFileServer/Finance/Notes_de_frais/2026/03_Mars/NDF_DUBOIS_3.pdf,01B20C49EFE267F1A7CF4162DD962D9F
Finance,Notes_de_frais/2026/03_Mars/NDF_DUPONT_1.pdf,/sites/MigrationFileServer/Finance/Notes_de_frais/2026/03_Mars/NDF_DUPONT_1.pdf,NDF_DUPONT_1.pdf,.pdf,1674,2026-09-16T10:37:35,2026-03-15T00:00:00,2026-03-15T00:00:00,MOD Administrator,MOD Administrator,https://m365x71797824.sharepoint.com/sites/MigrationFileServer/Finance/Notes_de_frais/2026/03_Mars/NDF_DUPONT_1.pdf,0127858CBB660A0E90D0175B69257F18
Finance,Notes_de_frais/2026/03_Mars/NDF_DUPONT_2.pdf,/sites/MigrationFileServer/Finance/Notes_de_frais/2026/03_Mars/NDF_DUPONT_2.pdf,NDF_DUPONT_2.pdf,.pdf,1672,2026-09-16T10:40:29,2026-03-09T00:00:00,2026-03-09T00:00:00,MOD Administrator,MOD Administrator,https://m365x71797824.sharepoint.com/sites/MigrationFileServer/Finance/Notes_de_frais/2026/03_Mars/NDF_DUPONT_2.pdf,012926591F662FB95058812B7F440EB3
Finance,Notes_de_frais/2026/03_Mars/NDF_DUPONT_7.pdf,/sites/MigrationFileServer/Finance/Notes_de_frais/2026/03_Mars/NDF_DUPONT_7.pdf,NDF_DUPONT_7.pdf,.pdf,1672,2026-09-16T10:18:05,2026-03-04T00:00:00,2026-03-04T00:00:00,MOD Administrator,MOD Administrator,https://m365x71797824.sharepoint.com/sites/MigrationFileServer/Finance/Notes_de_frais/2026/03_Mars/NDF_DUPONT_7.pdf,01C9368A0F92B7B3C6FBD8C264B55330
Finance,Notes_de_frais/2026/03_Mars/NDF_SIMON_4.pdf,/sites/MigrationFileServer/Finance/Notes_de_frais/2026/03_Mars/NDF_SIMON_4.pdf,NDF_SIMON_4.pdf,.pdf,1672,2026-09-16T10:55:42,2026-03-22T00:00:00,2026-03-22T00:00:00,MOD Administrator,MOD Administrator,https://m365x71797824.sharepoint.com/sites/MigrationFileServer/Finance/Notes_de_frais/2026/03_Mars/NDF_SIMON_4.pdf,016F07D33D99644A6C55FA8E62A0D3DB
Finance,Notes_de_frais/2026/03_Mars/NDF_SIMON_5.pdf,/sites/MigrationFileServer/Finance/Notes_de_frais/2026/03_Mars/NDF_SIMON_5.pdf,NDF_SIMON_5.pdf,.pdf,1672,2026-09-16T10:18:51,2026-03-03T00:00:00,2026-03-03T00:00:00,MOD Administrator,MOD Administrator,https://m365x71797824.sharepoint.com/sites/MigrationFileServer/Finance/Notes_de_frais/2026/03_Mars/NDF_SIMON_5.pdf,01537CBE65AED1DA2B9116CE214A272C
Finance,Notes_de_frais/2026/04_Avril/NDF_BERNARD_3.pdf,/sites/MigrationFileServer/Finance/Notes_de_frais/2026/04_Avril/NDF_BERNARD_3.pdf,NDF_BERNARD_3.pdf,.pdf,1675,2026-09-16T10:09:59,2026-04-22T00:00:00,2026-04-22T00:00:00,MOD Administrator,MOD Administrator,https://m365x71797824.sharepoint.com/sites/MigrationFileServer/Finance/Notes_de_frais/2026/04_Avril/NDF_BERNARD_3.pdf,011A2456D081C0587B5F00B09C803D85
Finance,Notes_de_frais/2026/04_Avril/NDF_BERNARD_4.pdf,/sites/MigrationFileServer/Finance/Notes_de_frais/2026/04_Avril/NDF_BERNARD_4.pdf,NDF_BERNARD_4.pdf,.pdf,1674,2026-09-16T10:08:21,2026-04-12T00:00:00,2026-04-12T00:00:00,MOD Administrator,MOD Administrator,https://m365x71797824.sharepoint.com/sites/MigrationFileServer/Finance/Notes_de_frais/2026/04_Avril/NDF_BERNARD_4.pdf,01EE6A2E5ABE5FCB0DB4D55D6B4112E8
Finance,Notes_de_frais/2026/04_Avril/NDF_BLANC_1.pdf,/sites/MigrationFileServer/Finance/Notes_de_frais/2026/04_Avril/NDF_BLANC_1.pdf,NDF_BLANC_1.pdf,.pdf,1673,2026-09-16T10:47:16,2026-04-15T00:00:00,2026-04-15T00:00:00,MOD Administrator,MOD Administrator,https://m365x71797824.sharepoint.com/sites/MigrationFileServer/Finance/Notes_de_frais/2026/04_Avril/NDF_BLANC_1.pdf,016E183DD8EFF440F3462AF2BAA99A29
Finance,Notes_de_frais/2026/04_Avril/NDF_BLANC_2.pdf,/sites/MigrationFileServer/Finance/Notes_de_frais/2026/04_Avril/NDF_BLANC_2.pdf,NDF_BLANC_2.pdf,.pdf,1673,2026-09-16T10:55:33,2026-04-06T00:00:00,2026-04-06T00:00:00,MOD Administrator,MOD Administrator,https://m365x71797824.sharepoint.com/sites/MigrationFileServer/Finance/Notes_de_frais/2026/04_Avril/NDF_BLANC_2.pdf,017793683B7637E64B7310D2397208AB
Finance,Notes_de_frais/2026/04_Avril/NDF_ROUX_5.pdf,/sites/MigrationFileServer/Finance/Notes_de_frais/2026/04_Avril/NDF_ROUX_5.pdf,NDF_ROUX_5.pdf,.pdf,1674,2026-09-16T10:54:36,2026-04-17T00:00:00,2026-04-17T00:00:00,MOD Administrator,MOD Administrator,https://m365x71797824.sharepoint.com/sites/MigrationFileServer/Finance/Notes_de_frais/2026/04_Avril/NDF_ROUX_5.pdf,01B04CB5811C1BC7ABEB832B4351552B
Finance,Notes_de_frais/2026/05_Mai/NDF_ANDRÉ_4.pdf,/sites/MigrationFileServer/Finance/Notes_de_frais/2026/05_Mai/NDF_ANDRÉ_4.pdf,NDF_ANDRÉ_4.pdf,.pdf,1677,2026-09-16T10:45:11,2026-05-07T00:00:00,2026-05-07T00:00:00,MOD Administrator,MOD Administrator,https://m365x71797824.sharepoint.com/sites/MigrationFileServer/Finance/Notes_de_frais/2026/05_Mai/NDF_ANDRÉ_4.pdf,01BE2EE06A3F8BDBFA1D051C56CF18B0
Finance,Notes_de_frais/2026/05_Mai/NDF_BLANC_5.pdf,/sites/MigrationFileServer/Finance/Notes_de_frais/2026/05_Mai/NDF_BLANC_5.pdf,NDF_BLANC_5.pdf,.pdf,1674,2026-09-16T10:49:43,2026-05-17T00:00:00,2026-05-17T00:00:00,MOD Administrator,MOD Administrator,https://m365x71797824.sharepoint.com/sites/MigrationFileServer/Finance/Notes_de_frais/2026/05_Mai/NDF_BLANC_5.pdf,0135A2822F20AE0802B4CD75FCE47EB2
Finance,Notes_de_frais/2026/05_Mai/NDF_BOYER_3.pdf,/sites/MigrationFileServer/Finance/Notes_de_frais/2026/05_Mai/NDF_BOYER_3.pdf,NDF_BOYER_3.pdf,.pdf,1673,2026-09-16T10:14:13,2026-05-25T00:00:00,2026-05-25T00:00:00,MOD Administrator,MOD Administrator,https://m365x71797824.sharepoint.com/sites/MigrationFileServer/Finance/Notes_de_frais/2026/05_Mai/NDF_BOYER_3.pdf,013025931655973232AADE49FD7E357E
Finance,Notes_de_frais/2026/05_Mai/NDF_DUPONT_6.pdf,/sites/MigrationFileServer/Finance/Notes_de_frais/2026/05_Mai/NDF_DUPONT_6.pdf,NDF_DUPONT_6.pdf,.pdf,1674,2026-09-16T10:27:46,2026-05-24T00:00:00,2026-05-24T00:00:00,MOD Administrator,MOD Administrator,https://m365x71797824.sharepoint.com/sites/MigrationFileServer/Finance/Notes_de_frais/2026/05_Mai/NDF_DUPONT_6.pdf,010BE95467CB097EEE7B6750DA721471
Finance,Notes_de_frais/2026/05_Mai/NDF_GARNIER_2.pdf,/sites/MigrationFileServer/Finance/Notes_de_frais/2026/05_Mai/NDF_GARNIER_2.pdf,NDF_GARNIER_2.pdf,.pdf,1675,2026-09-16T10:46:53,2026-05-21T00:00:00,2026-05-21T00:00:00,MOD Administrator,MOD Administrator,https://m365x71797824.sharepoint.com/sites/MigrationFileServer/Finance/Notes_de_frais/2026/05_Mai/NDF_GARNIER_2.pdf,010ED01C70F8C7E352D046D7592C667A
Finance,Notes_de_frais/2026/05_Mai/NDF_MOREAU_1.pdf,/sites/MigrationFileServer/Finance/Notes_de_frais/2026/05_Mai/NDF_MOREAU_1.pdf,NDF_MOREAU_1.pdf,.pdf,1673,2026-09-16T10:17:28,2026-05-17T00:00:00,2026-05-17T00:00:00,MOD Administrator,MOD Administrator,https://m365x71797824.sharepoint.com/sites/MigrationFileServer/Finance/Notes_de_frais/2026/05_Mai/NDF_MOREAU_1.pdf,0107E7E20173DA3E4A113828DC137548
Finance,Notes_de_frais/2026/06_Juin/NDF_ANDRÉ_2.pdf,/sites/MigrationFileServer/Finance/Notes_de_frais/2026/06_Juin/NDF_ANDRÉ_2.pdf,NDF_ANDRÉ_2.pdf,.pdf,1675,2026-09-16T10:07:56,2026-06-03T00:00:00,2026-06-03T00:00:00,MOD Administrator,MOD Administrator,https://m365x71797824.sharepoint.com/sites/MigrationFileServer/Finance/Notes_de_frais/2026/06_Juin/NDF_ANDRÉ_2.pdf,0181124D9C697CB734BE464D607B1279
Finance,Notes_de_frais/2026/06_Juin/NDF_FOURNIER_1.pdf,/sites/MigrationFileServer/Finance/Notes_de_frais/2026/06_Juin/NDF_FOURNIER_1.pdf,NDF_FOURNIER_1.pdf,.pdf,1673,2026-09-16T10:11:26,2026-06-22T00:00:00,2026-06-22T00:00:00,MOD Administrator,MOD Administrator,https://m365x71797824.sharepoint.com/sites/MigrationFileServer/Finance/Notes_de_frais/2026/06_Juin/NDF_FOURNIER_1.pdf,01C79F06BD236564A6D98A5C673B6318
Finance,Notes_de_frais/2026/06_Juin/NDF_MERCIER_4.pdf,/sites/MigrationFileServer/Finance/Notes_de_frais/2026/06_Juin/NDF_MERCIER_4.pdf,NDF_MERCIER_4.pdf,.pdf,1672,2026-09-16T10:09:37,2026-06-21T00:00:00,2026-06-21T00:00:00,MOD Administrator,MOD Administrator,https://m365x71797824.sharepoint.com/sites/MigrationFileServer/Finance/Notes_de_frais/2026/06_Juin/NDF_MERCIER_4.pdf,014E09F48556E1D0293CE09477692F40
Finance,Notes_de_frais/2026/06_Juin/NDF_ROUX_3.pdf,/sites/MigrationFileServer/Finance/Notes_de_frais/2026/06_Juin/NDF_ROUX_3.pdf,NDF_ROUX_3.pdf,.pdf,1674,2026-09-16T10:46:31,2026-06-27T00:00:00,2026-06-27T00:00:00,MOD Administrator,MOD Administrator,https://m365x71797824.sharepoint.com/sites/MigrationFileServer/Finance/Notes_de_frais/2026/06_Juin/NDF_ROUX_3.pdf,01A545F3C80EA93EF66523EB556A6E0C
Finance,Notes_de_frais/2026/07_Juillet/NDF_BLANC_3.pdf,/sites/MigrationFileServer/Finance/Notes_de_frais/2026/07_Juillet/NDF_BLANC_3.pdf,NDF_BLANC_3.pdf,.pdf,1673,2026-09-16T10:38:00,2026-07-15T00:00:00,2026-07-15T00:00:00,MOD Administrator,MOD Administrator,https://m365x71797824.sharepoint.com/sites/MigrationFileServer/Finance/Notes_de_frais/2026/07_Juillet/NDF_BLANC_3.pdf,01C9B2E6DC9B58448C098C431152B0F1
Finance,Notes_de_frais/2026/07_Juillet/NDF_BOYER_1.pdf,/sites/MigrationFileServer/Finance/Notes_de_frais/2026/07_Juillet/NDF_BOYER_1.pdf,NDF_BOYER_1.pdf,.pdf,1675,2026-09-16T10:33:12,2026-07-03T00:00:00,2026-07-03T00:00:00,MOD Administrator,MOD Administrator,https://m365x71797824.sharepoint.com/sites/MigrationFileServer/Finance/Notes_de_frais/2026/07_Juillet/NDF_BOYER_1.pdf,0103153062FC997A2655ED89FA38B52B
Finance,Notes_de_frais/2026/07_Juillet/NDF_DUBOIS_5.pdf,/sites/MigrationFileServer/Finance/Notes_de_frais/2026/07_Juillet/NDF_DUBOIS_5.pdf,NDF_DUBOIS_5.pdf,.pdf,1675,2026-09-16T10:07:06,2026-07-21T00:00:00,2026-07-21T00:00:00,MOD Administrator,MOD Administrator,https://m365x71797824.sharepoint.com/sites/MigrationFileServer/Finance/Notes_de_frais/2026/07_Juillet/NDF_DUBOIS_5.pdf,016C41F69DDA6D77B10E329053D79F82
Finance,Notes_de_frais/2026/07_Juillet/NDF_ROUX_2.pdf,/sites/MigrationFileServer/Finance/Notes_de_frais/2026/07_Juillet/NDF_ROUX_2.pdf,NDF_ROUX_2.pdf,.pdf,1673,2026-09-16T10:59:31,2026-07-04T00:00:00,2026-07-04T00:00:00,MOD Administrator,MOD Administrator,https://m365x71797824.sharepoint.com/sites/MigrationFileServer/Finance/Notes_de_frais/2026/07_Juillet/NDF_ROUX_2.pdf,015FA5F6EEF7526C087E3815C0B29D60
Finance,Notes_de_frais/2026/07_Juillet/NDF_SIMON_4.pdf,/sites/MigrationFileServer/Finance/Notes_de_frais/2026/07_Juillet/NDF_SIMON_4.pdf,NDF_SIMON_4.pdf,.pdf,1673,2026-09-16T10:59:06,2026-07-21T00:00:00,2026-07-21T00:00:00,MOD Administrator,MOD Administrator,https://m365x71797824.sharepoint.com/sites/MigrationFileServer/Finance/Notes_de_frais/2026/07_Juillet/NDF_SIMON_4.pdf,0150CBF3F894958AF760E66D0795FB90
Finance,Notes_de_frais/2026/08_Aout/NDF_BLANC_1.pdf,/sites/MigrationFileServer/Finance/Notes_de_frais/2026/08_Aout/NDF_BLANC_1.pdf,NDF_BLANC_1.pdf,.pdf,1672,2026-09-16T10:06:24,2026-08-18T00:00:00,2026-08-18T00:00:00,MOD Administrator,MOD Administrator,https://m365x71797824.sharepoint.com/sites/MigrationFileServer/Finance/Notes_de_frais/2026/08_Aout/NDF_BLANC_1.pdf,019EE6AB0E68CC390942FBC9ACA0C907
Finance,Notes_de_frais/2026/08_Aout/NDF_BLANC_7.pdf,/sites/MigrationFileServer/Finance/Notes_de_frais/2026/08_Aout/NDF_BLANC_7.pdf,NDF_BLANC_7.pdf,.pdf,1674,2026-09-16T10:10:31,2026-08-28T00:00:00,2026-08-28T00:00:00,MOD Administrator,MOD Administrator,https://m365x71797824.sharepoint.com/sites/MigrationFileServer/Finance/Notes_de_frais/2026/08_Aout/NDF_BLANC_7.pdf,011A8A194360253AFA86E9094F8AD41A
Finance,Notes_de_frais/2026/08_Aout/NDF_DUBOIS_6.pdf,/sites/MigrationFileServer/Finance/Notes_de_frais/2026/08_Aout/NDF_DUBOIS_6.pdf,NDF_DUBOIS_6.pdf,.pdf,1677,2026-09-16T10:37:06,2026-08-24T00:00:00,2026-08-24T00:00:00,MOD Administrator,MOD Administrator,https://m365x71797824.sharepoint.com/sites/MigrationFileServer/Finance/Notes_de_frais/2026/08_Aout/NDF_DUBOIS_6.pdf,017F7F422B1A284A69A899A128678610
Finance,Notes_de_frais/2026/08_Aout/NDF_FAURE_3.pdf,/sites/MigrationFileServer/Finance/Notes_de_frais/2026/08_Aout/NDF_FAURE_3.pdf,NDF_FAURE_3.pdf,.pdf,1673,2026-09-16T10:52:27,2026-08-02T00:00:00,2026-08-02T00:00:00,MOD Administrator,MOD Administrator,https://m365x71797824.sharepoint.com/sites/MigrationFileServer/Finance/Notes_de_frais/2026/08_Aout/NDF_FAURE_3.pdf,01065EE59399221F1B812FB2A7CCE41A
Finance,Notes_de_frais/2026/08_Aout/NDF_GARNIER_4.pdf,/sites/MigrationFileServer/Finance/Notes_de_frais/2026/08_Aout/NDF_GARNIER_4.pdf,NDF_GARNIER_4.pdf,.pdf,1675,2026-09-16T10:13:46,2026-08-14T00:00:00,2026-08-14T00:00:00,MOD Administrator,MOD Administrator,https://m365x71797824.sharepoint.com/sites/MigrationFileServer/Finance/Notes_de_frais/2026/08_Aout/NDF_GARNIER_4.pdf,01C44EA71DDEF9FD0B783A7BC29961A6
Finance,Notes_de_frais/2026/08_Aout/NDF_LEROY_5.pdf,/sites/MigrationFileServer/Finance/Notes_de_frais/2026/08_Aout/NDF_LEROY_5.pdf,NDF_LEROY_5.pdf,.pdf,1673,2026-09-16T10:54:19,2026-08-16T00:00:00,2026-08-16T00:00:00,MOD Administrator,MOD Administrator,https://m365x71797824.sharepoint.com/sites/MigrationFileServer/Finance/Notes_de_frais/2026/08_Aout/NDF_LEROY_5.pdf,016BD82C81E0E4E0CB9B0BA2070BB747
Finance,Notes_de_frais/2026/08_Aout/NDF_ROUX_2.pdf,/sites/MigrationFileServer/Finance/Notes_de_frais/2026/08_Aout/NDF_ROUX_2.pdf,NDF_ROUX_2.pdf,.pdf,1672,2026-09-16T10:48:38,2026-08-25T00:00:00,2026-08-25T00:00:00,MOD Administrator,MOD Administrator,https://m365x71797824.sharepoint.com/sites/MigrationFileServer/Finance/Notes_de_frais/2026/08_Aout/NDF_ROUX_2.pdf,0100B740EBEB8A1041AB1AFD0246CC48
Direction,Comite_de_direction/2024/CR_CODIR_2024-01.docx,/sites/MigrationFileServer/Direction/Comite_de_direction/2024/CR_CODIR_2024-01.docx,CR_CODIR_2024-01.docx,.docx,36744,2026-09-16T10:58:30,2024-01-24T00:00:00,2024-01-24T00:00:00,MOD Administrator,MOD Administrator,https://m365x71797824.sharepoint.com/sites/MigrationFileServer/Direction/Comite_de_direction/2024/CR_CODIR_2024-01.docx,0159F344413F5CAC96E5C41B01E52747
Direction,Comite_de_direction/2024/CR_CODIR_2024-02.docx,/sites/MigrationFileServer/Direction/Comite_de_direction/2024/CR_CODIR_2024-02.docx,CR_CODIR_2024-02.docx,.docx,36745,2026-09-16T10:42:29,2024-02-03T00:00:00,2024-02-03T00:00:00,MOD Administrator,MOD Administrator,https://m365x71797824.sharepoint.com/sites/MigrationFileServer/Direction/Comite_de_direction/2024/CR_CODIR_2024-02.docx,01A0EF2AFC4BC48D1D1A7EEA9060FEC5
Direction,Comite_de_direction/2024/CR_CODIR_2024-03.docx,/sites/MigrationFileServer/Direction/Comite_de_direction/2024/CR_CODIR_2024-03.docx,CR_CODIR_2024-03.docx,.docx,36744,2026-09-16T10:54:38,2024-03-10T00:00:00,2024-03-10T00:00:00,MOD Administrator,MOD Administrator,https://m365x71797824.sharepoint.com/sites/MigrationFileServer/Direction/Comite_de_direction/2024/CR_CODIR_2024-03.docx,014E9217AB54F1DB3F0D717CEF9DD40C
Direction,Comite_de_direction/2024/CR_CODIR_2024-04.docx,/sites/MigrationFileServer/Direction/Comite_de_direction/2024/CR_CODIR_2024-04.docx,CR_CODIR_2024-04.docx,.docx,36743,2026-09-16T10:40:15,2024-04-10T00:00:00,2024-04-10T00:00:00,MOD Administrator,MOD Administrator,https://m365x71797824.sharepoint.com/sites/MigrationFileServer/Direction/Comite_de_direction/2024/CR_CODIR_2024-04.docx,016646754B91156950D36848D1EDA7C1
Direction,Comite_de_direction/2024/CR_CODIR_2024-05.docx,/sites/MigrationFileServer/Direction/Comite_de_direction/2024/CR_CODIR_2024-05.docx,CR_CODIR_2024-05.docx,.docx,36745,2026-09-16T10:42:51,2024-05-18T00:00:00,2024-05-18T00:00:00,MOD Administrator,MOD Administrator,https://m365x71797824.sharepoint.com/sites/MigrationFileServer/Direction/Comite_de_direction/2024/CR_CODIR_2024-05.docx,016E322B2F077542B8A8ECBB87FE0192
Direction,Comite_de_direction/2024/CR_CODIR_2024-06.docx,/sites/MigrationFileServer/Direction/Comite_de_direction/2024/CR_CODIR_2024-06.docx,CR_CODIR_2024-06.docx,.docx,36745,2026-09-16T10:35:56,2024-06-10T00:00:00,2024-06-10T00:00:00,MOD Administrator,MOD Administrator,https://m365x71797824.sharepoint.com/sites/MigrationFileServer/Direction/Comite_de_direction/2024/CR_CODIR_2024-06.docx,01948DD818BA105D7DA26E4D148D6163
Direction,Comite_de_direction/2024/CR_CODIR_2024-07.docx,/sites/MigrationFileServer/Direction/Comite_de_direction/2024/CR_CODIR_2024-07.docx,CR_CODIR_2024-07.docx,.docx,36745,2026-09-16T10:15:39,2024-07-02T00:00:00,2024-07-02T00:00:00,MOD Administrator,MOD Administrator,https://m365x71797824.sharepoint.com/sites/MigrationFileServer/Direction/Comite_de_direction/2024/CR_CODIR_2024-07.docx,01A25E79914DCFD1DD7A5EF23DBBD1B7
Direction,Comite_de_direction/2024/CR_CODIR_2024-08.docx,/sites/MigrationFileServer/Direction/Comite_de_direction/2024/CR_CODIR_2024-08.docx,CR_CODIR_2024-08.docx,.docx,36745,2026-09-16T10:40:02,2024-08-09T00:00:00,2024-08-09T00:00:00,MOD Administrator,MOD Administrator,https://m365x71797824.sharepoint.com/sites/MigrationFileServer/Direction/Comite_de_direction/2024/CR_CODIR_2024-08.docx,01AA8ED113F26B2EB84A1DC3C7B477A0
Direction,Comite_de_direction/2024/CR_CODIR_2024-09.docx,/sites/MigrationFileServer/Direction/Comite_de_direction/2024/CR_CODIR_2024-09.docx,CR_CODIR_2024-09.docx,.docx,36745,2026-09-16T10:06:09,2024-09-20T00:00:00,2024-09-20T00:00:00,MOD Administrator,MOD Administrator,https://m365x71797824.sharepoint.com/sites/MigrationFileServer/Direction/Comite_de_direction/2024/CR_CODIR_2024-09.docx,01B3819B96E0591DBAB5AF2C455204B1
Direction,Comite_de_direction/2024/CR_CODIR_2024-10.docx,/sites/MigrationFileServer/Direction/Comite_de_direction/2024/CR_CODIR_2024-10.docx,CR_CODIR_2024-10.docx,.docx,36743,2026-09-16T10:09:48,2024-10-05T00:00:00,2024-10-05T00:00:00,MOD Administrator,MOD Administrator,https://m365x71797824.sharepoint.com/sites/MigrationFileServer/Direction/Comite_de_direction/2024/CR_CODIR_2024-10.docx,01E90D5DE207E84B1F3E8D404CCA5054
Direction,Comite_de_direction/2024/CR_CODIR_2024-11.docx,/sites/MigrationFileServer/Direction/Comite_de_direction/2024/CR_CODIR_2024-11.docx,CR_CODIR_2024-11.docx,.docx,36744,2026-09-16T10:47:10,2024-11-17T00:00:00,2024-11-17T00:00:00,MOD Administrator,MOD Administrator,https://m365x71797824.sharepoint.com/sites/MigrationFileServer/Direction/Comite_de_direction/2024/CR_CODIR_2024-11.docx,01BB957DD93CF382E44334F80FCCE1C1
Direction,Comite_de_direction/2024/CR_CODIR_2024-12.docx,/sites/MigrationFileServer/Direction/Comite_de_direction/2024/CR_CODIR_2024-12.docx,CR_CODIR_2024-12.docx,.docx,36744,2026-09-16T10:30:53,2024-12-14T00:00:00,2024-12-14T00:00:00,MOD Administrator,MOD Administrator,https://m365x71797824.sharepoint.com/sites/MigrationFileServer/Direction/Comite_de_direction/2024/CR_CODIR_2024-12.docx,01B7CE7B9EB46B633EBEE20F8D39F64B
Direction,Comite_de_direction/2025/CR_CODIR_2025-01.docx,/sites/MigrationFileServer/Direction/Comite_de_direction/2025/CR_CODIR_2025-01.docx,CR_CODIR_2025-01.docx,.docx,36745,2026-09-16T10:39:38,2025-01-14T00:00:00,2025-01-14T00:00:00,MOD Administrator,MOD Administrator,https://m365x71797824.sharepoint.com/sites/MigrationFileServer/Direction/Comite_de_direction/2025/CR_CODIR_2025-01.docx,0196328DE79D52ADD153536202C50B20
Direction,Comite_de_direction/2025/CR_CODIR_2025-02.docx,/sites/MigrationFileServer/Direction/Comite_de_direction/2025/CR_CODIR_2025-02.docx,CR_CODIR_2025-02.docx,.docx,36745,2026-09-16T10:15:51,2025-02-20T00:00:00,2025-02-20T00:00:00,MOD Administrator,MOD Administrator,https://m365x71797824.sharepoint.com/sites/MigrationFileServer/Direction/Comite_de_direction/2025/CR_CODIR_2025-02.docx,0119DA72FAF3A624C1D1BEBA36C7795E
Direction,Comite_de_direction/2025/CR_CODIR_2025-03.docx,/sites/MigrationFileServer/Direction/Comite_de_direction/2025/CR_CODIR_2025-03.docx,CR_CODIR_2025-03.docx,.docx,36743,2026-09-16T10:21:28,2025-03-05T00:00:00,2025-03-05T00:00:00,MOD Administrator,MOD Administrator,https://m365x71797824.sharepoint.com/sites/MigrationFileServer/Direction/Comite_de_direction/2025/CR_CODIR_2025-03.docx,01F3A5C43462BC9481E2E4FA96841A65
Direction,Comite_de_direction/2025/CR_CODIR_2025-04.docx,/sites/MigrationFileServer/Direction/Comite_de_direction/2025/CR_CODIR_2025-04.docx,CR_CODIR_2025-04.docx,.docx,36743,2026-09-16T10:28:09,2025-04-26T00:00:00,2025-04-26T00:00:00,MOD Administrator,MOD Administrator,https://m365x71797824.sharepoint.com/sites/MigrationFileServer/Direction/Comite_de_direction/2025/CR_CODIR_2025-04.docx,01D81DB9AB2CCB491572C4239DCDAC2C
Direction,Comite_de_direction/2025/CR_CODIR_2025-05.docx,/sites/MigrationFileServer/Direction/Comite_de_direction/2025/CR_CODIR_2025-05.docx,CR_CODIR_2025-05.docx,.docx,36745,2026-09-16T10:41:49,2025-05-23T00:00:00,2025-05-23T00:00:00,MOD Administrator,MOD Administrator,https://m365x71797824.sharepoint.com/sites/MigrationFileServer/Direction/Comite_de_direction/2025/CR_CODIR_2025-05.docx,0104C3F7415EE581CDEF7CF33349F516
Direction,Comite_de_direction/2025/CR_CODIR_2025-06.docx,/sites/MigrationFileServer/Direction/Comite_de_direction/2025/CR_CODIR_2025-06.docx,CR_CODIR_2025-06.docx,.docx,36743,2026-09-16T10:39:17,2025-06-15T00:00:00,2025-06-15T00:00:00,MOD Administrator,MOD Administrator,https://m365x71797824.sharepoint.com/sites/MigrationFileServer/Direction/Comite_de_direction/2025/CR_CODIR_2025-06.docx,01EFB631280D6B267B7E390022CBCC56
Direction,Comite_de_direction/2025/CR_CODIR_2025-07.docx,/sites/MigrationFileServer/Direction/Comite_de_direction/2025/CR_CODIR_2025-07.docx,CR_CODIR_2025-07.docx,.docx,36744,2026-09-16T10:13:10,2025-07-25T00:00:00,2025-07-25T00:00:00,MOD Administrator,MOD Administrator,https://m365x71797824.sharepoint.com/sites/MigrationFileServer/Direction/Comite_de_direction/2025/CR_CODIR_2025-07.docx,0165ADF6F1003E037ED73EDAC2D69C98
Direction,Comite_de_direction/2025/CR_CODIR_2025-08.docx,/sites/MigrationFileServer/Direction/Comite_de_direction/2025/CR_CODIR_2025-08.docx,CR_CODIR_2025-08.docx,.docx,36744,2026-09-16T10:59:35,2025-08-27T00:00:00,2025-08-27T00:00:00,MOD Administrator,MOD Administrator,https://m365x71797824.sharepoint.com/sites/MigrationFileServer/Direction/Comite_de_direction/2025/CR_CODIR_2025-08.docx,011072D131BF3F4A2AED90EE21AE7C14
Direction,Comite_de_direction/2025/CR_CODIR_2025-09.docx,/sites/MigrationFileServer/Direction/Comite_de_direction/2025/CR_CODIR_2025-09.docx,CR_CODIR_2025-09.docx,.docx,36743,2026-09-16T10:26:21,2025-09-20T00:00:00,2025-09-20T00:00:00,MOD Administrator,MOD Administrator,https://m365x71797824.sharepoint.com/sites/MigrationFileServer/Direction/Comite_de_direction/2025/CR_CODIR_2025-09.docx,01224065ED6136DCBF27E20A3D123419
Direction,Comite_de_direction/2025/CR_CODIR_2025-10.docx,/sites/MigrationFileServer/Direction/Comite_de_direction/2025/CR_CODIR_2025-10.docx,CR_CODIR_2025-10.docx,.docx,36744,2026-09-16T10:25:34,2025-10-14T00:00:00,2025-10-14T00:00:00,MOD Administrator,MOD Administrator,https://m365x71797824.sharepoint.com/sites/MigrationFileServer/Direction/Comite_de_direction/2025/CR_CODIR_2025-10.docx,01E0D0278F9495CAA90A595A4FB364A5
Direction,Comite_de_direction/2025/CR_CODIR_2025-11.docx,/sites/MigrationFileServer/Direction/Comite_de_direction/2025/CR_CODIR_2025-11.docx,CR_CODIR_2025-11.docx,.docx,36743,2026-09-16T10:13:54,2025-11-25T00:00:00,2025-11-25T00:00:00,MOD Administrator,MOD Administrator,https://m365x71797824.sharepoint.com/sites/MigrationFileServer/Direction/Comite_de_direction/2025/CR_CODIR_2025-11.docx,01C03B7CF181DE570275A5B3A8CD2DAC
Direction,Comite_de_direction/2025/CR_CODIR_2025-12.docx,/sites/MigrationFileServer/Direction/Comite_de_direction/2025/CR_CODIR_2025-12.docx,CR_CODIR_2025-12.docx,.docx,36744,2026-09-16T10:15:31,2025-12-02T00:00:00,2025-12-02T00:00:00,MOD Administrator,MOD Administrator,https://m365x71797824.sharepoint.com/sites/MigrationFileServer/Direction/Comite_de_direction/2025/CR_CODIR_2025-12.docx,011EE8C948D21EB78FD64AE2DCD20919
Direction,Comite_de_direction/2026/CR_CODIR_2026-01.docx,/sites/MigrationFileServer/Direction/Comite_de_direction/2026/CR_CODIR_2026-01.docx,CR_CODIR_2026-01.docx,.docx,36743,2026-09-16T10:19:56,2026-01-02T00:00:00,2026-01-02T00:00:00,MOD Administrator,MOD Administrator,https://m365x71797824.sharepoint.com/sites/MigrationFileServer/Direction/Comite_de_direction/2026/CR_CODIR_2026-01.docx,014EA6D23ACF74754A27617F4BF087D0
Direction,Comite_de_direction/2026/CR_CODIR_2026-02.docx,/sites/MigrationFileServer/Direction/Comite_de_direction/2026/CR_CODIR_2026-02.docx,CR_CODIR_2026-02.docx,.docx,36745,2026-09-16T10:20:57,2026-02-05T00:00:00,2026-02-05T00:00:00,MOD Administrator,MOD Administrator,https://m365x71797824.sharepoint.com/sites/MigrationFileServer/Direction/Comite_de_direction/2026/CR_CODIR_2026-02.docx,01E9A566A5DE09D7670DE2F80B00419C
Direction,Comite_de_direction/2026/CR_CODIR_2026-03.docx,/sites/MigrationFileServer/Direction/Comite_de_direction/2026/CR_CODIR_2026-03.docx,CR_CODIR_2026-03.docx,.docx,36744,2026-09-16T10:58:16,2026-03-27T00:00:00,2026-03-27T00:00:00,MOD Administrator,MOD Administrator,https://m365x71797824.sharepoint.com/sites/MigrationFileServer/Direction/Comite_de_direction/2026/CR_CODIR_2026-03.docx,012E9369B1C435455CE5F9772E18FB93
Direction,Comite_de_direction/2026/CR_CODIR_2026-04.docx,/sites/MigrationFileServer/Direction/Comite_de_direction/2026/CR_CODIR_2026-04.docx,CR_CODIR_2026-04.docx,.docx,36744,2026-09-16T10:55:28,2026-04-10T00:00:00,2026-04-10T00:00:00,MOD Administrator,MOD Administrator,https://m365x71797824.sharepoint.com/sites/MigrationFileServer/Direction/Comite_de_direction/2026/CR_CODIR_2026-04.docx,01CE98CCA7D51F474C858BB4B4A23C65
Direction,Comite_de_direction/2026/CR_CODIR_2026-05.docx,/sites/MigrationFileServer/Direction/Comite_de_direction/2026/CR_CODIR_2026-05.docx,CR_CODIR_2026-05.docx,.docx,36744,2026-09-16T10:26:53,2026-05-13T00:00:00,2026-05-13T00:00:00,MOD Administrator,MOD Administrator,https://m365x71797824.sharepoint.com/sites/MigrationFileServer/Direction/Comite_de_direction/2026/CR_CODIR_2026-05.docx,015043EA552F656303EBC4F87B211FCA
Direction,Comite_de_direction/2026/CR_CODIR_2026-06.docx,/sites/MigrationFileServer/Direction/Comite_de_direction/2026/CR_CODIR_2026-06.docx,CR_CODIR_2026-06.docx,.docx,36743,2026-09-16T10:51:43,2026-06-10T00:00:00,2026-06-10T00:00:00,MOD Administrator,MOD Administrator,https://m365x71797824.sharepoint.com/sites/MigrationFileServer/Direction/Comite_de_direction/2026/CR_CODIR_2026-06.docx,01D94D425425306165AF32900F64802C
Direction,Comite_de_direction/2026/CR_CODIR_2026-07.docx,/sites/MigrationFileServer/Direction/Comite_de_direction/2026/CR_CODIR_2026-07.docx,CR_CODIR_2026-07.docx,.docx,36744,2026-09-16T10:49:36,2026-07-12T00:00:00,2026-07-12T00:00:00,MOD Administrator,MOD Administrator,https://m365x71797824.sharepoint.com/sites/MigrationFileServer/Direction/Comite_de_direction/2026/CR_CODIR_2026-07.docx,01406BF953CE49DA644690130172B0F1
Direction,Comite_de_direction/2026/CR_CODIR_2026-08.docx,/sites/MigrationFileServer/Direction/Comite_de_direction/2026/CR_CODIR_2026-08.docx,CR_CODIR_2026-08.docx,.docx,36743,2026-09-16T10:44:34,2026-08-10T00:00:00,2026-08-10T00:00:00,MOD Administrator,MOD Administrator,https://m365x71797824.sharepoint.com/sites/MigrationFileServer/Direction/Comite_de_direction/2026/CR_CODIR_2026-08.docx,01DC0AEF629D59E6D822A5B1642EF714
Direction,Raccourci vers Budgets.lnk,/sites/MigrationFileServer/Direction/Raccourci vers Budgets.lnk,Raccourci vers Budgets.lnk,.lnk,1024,2026-09-16T10:29:56,2026-09-16T09:12:00,2026-09-16T09:12:00,MOD Administrator,MOD Administrator,https://m365x71797824.sharepoint.com/sites/MigrationFileServer/Direction/Raccourci%20vers%20Budgets.lnk,01B27DE14FB1D68AFE3E06508926EA3E
Direction,Strategie/Modele_devis - Copie.docx,/sites/MigrationFileServer/Direction/Strategie/Modele_devis - Copie.docx,Modele_devis - Copie.docx,.docx,36722,2026-09-16T10:07:43,2023-02-10T11:28:04,2023-02-10T11:28:04,MOD Administrator,MOD Administrator,https://m365x71797824.sharepoint.com/sites/MigrationFileServer/Direction/Strategie/Modele_devis%20-%20Copie.docx,01C7458F2033A2364E1F3205E4DF8390
Direction,Strategie/Notes_personnelles_DG.txt,/sites/MigrationFileServer/Direction/Strategie/Notes_personnelles_DG.txt,Notes_personnelles_DG.txt,.txt,31,2026-09-16T10:25:49,2026-09-16T09:12:00,2026-09-16T09:12:00,MOD Administrator,MOD Administrator,https://m365x71797824.sharepoint.com/sites/MigrationFileServer/Direction/Strategie/Notes_personnelles_DG.txt,011921748052B296B94E6C07A3019D94
Direction,Strategie/Plan #1 - Transformation 100% cloud.docx,/sites/MigrationFileServer/Direction/Strategie/Plan #1 - Transformation 100% cloud.docx,Plan #1 - Transformation 100% cloud.docx,.docx,36764,2026-09-16T10:53:18,2026-05-03T00:00:00,2026-05-03T00:00:00,MOD Administrator,MOD Administrator,https://m365x71797824.sharepoint.com/sites/MigrationFileServer/Direction/Strategie/Plan%20#1%20-%20Transformation%20100%%20cloud.docx,017779CA78ADA81DD8C5888861EB8732
Direction,Strategie/Présentation – Stratégie & Vision 2027.pptx,/sites/MigrationFileServer/Direction/Strategie/Présentation – Stratégie & Vision 2027.pptx,Présentation – Stratégie & Vision 2027.pptx,.pptx,29185,2026-09-16T10:57:52,2026-06-12T00:00:00,2026-06-12T00:00:00,MOD Administrator,MOD Administrator,https://m365x71797824.sharepoint.com/sites/MigrationFileServer/Direction/Strategie/Présentation%20–%20Stratégie%20&%20Vision%202027.pptx,011B447B557156DC2B28DBD6A18A569B
Commun,Evenements/Seminaire_2025_Annecy/IMG_4000.jpg,/sites/MigrationFileServer/Commun/Evenements/Seminaire_2025_Annecy/IMG_4000.jpg,IMG_4000.jpg,.jpg,305079,2026-09-16T10:11:22,2025-06-14T10:00:00,2025-06-14T10:00:00,MOD Administrator,MOD Administrator,https://m365x71797824.sharepoint.com/sites/MigrationFileServer/Commun/Evenements/Seminaire_2025_Annecy/IMG_4000.jpg,01296FFC0D2E0B50DAE13EA41666E761
Commun,Evenements/Seminaire_2025_Annecy/IMG_4001.jpg,/sites/MigrationFileServer/Commun/Evenements/Seminaire_2025_Annecy/IMG_4001.jpg,IMG_4001.jpg,.jpg,306693,2026-09-16T10:19:04,2025-06-14T11:00:00,2025-06-14T11:00:00,MOD Administrator,MOD Administrator,https://m365x71797824.sharepoint.com/sites/MigrationFileServer/Commun/Evenements/Seminaire_2025_Annecy/IMG_4001.jpg,011760890101B70E9BC0BC2ACCEEC641
Commun,Evenements/Seminaire_2025_Annecy/IMG_4002.jpg,/sites/MigrationFileServer/Commun/Evenements/Seminaire_2025_Annecy/IMG_4002.jpg,IMG_4002.jpg,.jpg,304775,2026-09-16T10:48:25,2025-06-14T12:00:00,2025-06-14T12:00:00,MOD Administrator,MOD Administrator,https://m365x71797824.sharepoint.com/sites/MigrationFileServer/Commun/Evenements/Seminaire_2025_Annecy/IMG_4002.jpg,0174270FD83F3197AC202DF7D4155DB0
Commun,Evenements/Seminaire_2025_Annecy/IMG_4003.jpg,/sites/MigrationFileServer/Commun/Evenements/Seminaire_2025_Annecy/IMG_4003.jpg,IMG_4003.jpg,.jpg,307184,2026-09-16T10:48:03,2025-06-14T13:00:00,2025-06-14T13:00:00,MOD Administrator,MOD Administrator,https://m365x71797824.sharepoint.com/sites/MigrationFileServer/Commun/Evenements/Seminaire_2025_Annecy/IMG_4003.jpg,01A03929B168C0E985F185956BDFA2C9
Commun,Evenements/Seminaire_2025_Annecy/IMG_4004.jpg,/sites/MigrationFileServer/Commun/Evenements/Seminaire_2025_Annecy/IMG_4004.jpg,IMG_4004.jpg,.jpg,306036,2026-09-16T10:34:07,2025-06-14T14:00:00,2025-06-14T14:00:00,MOD Administrator,MOD Administrator,https://m365x71797824.sharepoint.com/sites/MigrationFileServer/Commun/Evenements/Seminaire_2025_Annecy/IMG_4004.jpg,01337C8F1A5734FE9E659A191D07F4D6
Commun,Evenements/Seminaire_2025_Annecy/IMG_4005.jpg,/sites/MigrationFileServer/Commun/Evenements/Seminaire_2025_Annecy/IMG_4005.jpg,IMG_4005.jpg,.jpg,195098,2026-09-16T10:21:37,2025-06-14T15:00:00,2025-06-14T15:00:00,MOD Administrator,MOD Administrator,https://m365x71797824.sharepoint.com/sites/MigrationFileServer/Commun/Evenements/Seminaire_2025_Annecy/IMG_4005.jpg,0158C80E0AB6D82A836F853D3AC9E745
Commun,Evenements/Seminaire_2025_Annecy/IMG_4006.jpg,/sites/MigrationFileServer/Commun/Evenements/Seminaire_2025_Annecy/IMG_4006.jpg,IMG_4006.jpg,.jpg,305913,2026-09-16T10:56:29,2025-06-14T16:00:00,2025-06-14T16:00:00,MOD Administrator,MOD Administrator,https://m365x71797824.sharepoint.com/sites/MigrationFileServer/Commun/Evenements/Seminaire_2025_Annecy/IMG_4006.jpg,01D9C1EF4DB30B76ED5CB498F6881F37
Commun,Evenements/Seminaire_2025_Annecy/IMG_4007.jpg,/sites/MigrationFileServer/Commun/Evenements/Seminaire_2025_Annecy/IMG_4007.jpg,IMG_4007.jpg,.jpg,196560,2026-09-16T10:14:56,2025-06-14T17:00:00,2025-06-14T17:00:00,MOD Administrator,MOD Administrator,https://m365x71797824.sharepoint.com/sites/MigrationFileServer/Commun/Evenements/Seminaire_2025_Annecy/IMG_4007.jpg,016B28DF394AFE3AAF11276E85629399
Commun,Evenements/Seminaire_2025_Annecy/IMG_4008.jpg,/sites/MigrationFileServer/Commun/Evenements/Seminaire_2025_Annecy/IMG_4008.jpg,IMG_4008.jpg,.jpg,110638,2026-09-16T10:24:18,2025-06-14T10:00:00,2025-06-14T10:00:00,MOD Administrator,MOD Administrator,https://m365x71797824.sharepoint.com/sites/MigrationFileServer/Commun/Evenements/Seminaire_2025_Annecy/IMG_4008.jpg,016FCE87E436D28A101E0489E7BD3BC0
Commun,Evenements/Seminaire_2025_Annecy/IMG_4009.jpg,/sites/MigrationFileServer/Commun/Evenements/Seminaire_2025_Annecy/IMG_4009.jpg,IMG_4009.jpg,.jpg,110750,2026-09-16T10:26:28,2025-06-14T11:00:00,2025-06-14T11:00:00,MOD Administrator,MOD Administrator,https://m365x71797824.sharepoint.com/sites/MigrationFileServer/Commun/Evenements/Seminaire_2025_Annecy/IMG_4009.jpg,01E0260288DD305AAF3007AC52484C19
Commun,Evenements/Seminaire_2025_Annecy/IMG_4010.jpg,/sites/MigrationFileServer/Commun/Evenements/Seminaire_2025_Annecy/IMG_4010.jpg,IMG_4010.jpg,.jpg,109410,2026-09-16T10:46:50,2025-06-14T12:00:00,2025-06-14T12:00:00,MOD Administrator,MOD Administrator,https://m365x71797824.sharepoint.com/sites/MigrationFileServer/Commun/Evenements/Seminaire_2025_Annecy/IMG_4010.jpg,019F5C962F613DB4D84DBE44B17B0A43
Commun,Evenements/Seminaire_2025_Annecy/IMG_4011.jpg,/sites/MigrationFileServer/Commun/Evenements/Seminaire_2025_Annecy/IMG_4011.jpg,IMG_4011.jpg,.jpg,308289,2026-09-16T10:11:07,2025-06-14T13:00:00,2025-06-14T13:00:00,MOD Administrator,MOD Administrator,https://m365x71797824.sharepoint.com/sites/MigrationFileServer/Commun/Evenements/Seminaire_2025_Annecy/IMG_4011.jpg,0171AABAA9911BBF141009D625731C37
Commun,Evenements/Seminaire_2025_Annecy/IMG_4012.jpg,/sites/MigrationFileServer/Commun/Evenements/Seminaire_2025_Annecy/IMG_4012.jpg,IMG_4012.jpg,.jpg,110274,2026-09-16T10:33:16,2025-06-14T14:00:00,2025-06-14T14:00:00,MOD Administrator,MOD Administrator,https://m365x71797824.sharepoint.com/sites/MigrationFileServer/Commun/Evenements/Seminaire_2025_Annecy/IMG_4012.jpg,011A65ED816522A23A4235CCCC7E97E3
Commun,Evenements/Seminaire_2025_Annecy/IMG_4013.jpg,/sites/MigrationFileServer/Commun/Evenements/Seminaire_2025_Annecy/IMG_4013.jpg,IMG_4013.jpg,.jpg,196961,2026-09-16T10:20:32,2025-06-14T15:00:00,2025-06-14T15:00:00,MOD Administrator,MOD Administrator,https://m365x71797824.sharepoint.com/sites/MigrationFileServer/Commun/Evenements/Seminaire_2025_Annecy/IMG_4013.jpg,0128134468A41B0F98C4B9CA24B36F11
Commun,Evenements/Seminaire_2025_Annecy/IMG_4014.jpg,/sites/MigrationFileServer/Commun/Evenements/Seminaire_2025_Annecy/IMG_4014.jpg,IMG_4014.jpg,.jpg,109833,2026-09-16T10:38:27,2025-06-14T16:00:00,2025-06-14T16:00:00,MOD Administrator,MOD Administrator,https://m365x71797824.sharepoint.com/sites/MigrationFileServer/Commun/Evenements/Seminaire_2025_Annecy/IMG_4014.jpg,017B2F00CC01919DB2FD9AA7C330D96F
Commun,Evenements/Seminaire_2025_Annecy/IMG_4015.jpg,/sites/MigrationFileServer/Commun/Evenements/Seminaire_2025_Annecy/IMG_4015.jpg,IMG_4015.jpg,.jpg,195564,2026-09-16T10:30:53,2025-06-14T17:00:00,2025-06-14T17:00:00,MOD Administrator,MOD Administrator,https://m365x71797824.sharepoint.com/sites/MigrationFileServer/Commun/Evenements/Seminaire_2025_Annecy/IMG_4015.jpg,0157CC281EE4610557F6DAC3B9D6E567
Commun,Evenements/Seminaire_2025_Annecy/IMG_4016.jpg,/sites/MigrationFileServer/Commun/Evenements/Seminaire_2025_Annecy/IMG_4016.jpg,IMG_4016.jpg,.jpg,196736,2026-09-16T10:30:41,2025-06-14T10:00:00,2025-06-14T10:00:00,MOD Administrator,MOD Administrator,https://m365x71797824.sharepoint.com/sites/MigrationFileServer/Commun/Evenements/Seminaire_2025_Annecy/IMG_4016.jpg,01B92FE79DA2F532B38E9DBE5F1F9E8F
Commun,Evenements/Seminaire_2025_Annecy/IMG_4017.jpg,/sites/MigrationFileServer/Commun/Evenements/Seminaire_2025_Annecy/IMG_4017.jpg,IMG_4017.jpg,.jpg,110785,2026-09-16T10:53:05,2025-06-14T11:00:00,2025-06-14T11:00:00,MOD Administrator,MOD Administrator,https://m365x71797824.sharepoint.com/sites/MigrationFileServer/Commun/Evenements/Seminaire_2025_Annecy/IMG_4017.jpg,0127F05BB2A8FA8F7D6473E8F7EC5893
Commun,Evenements/Seminaire_2025_Annecy/Thumbs.db,/sites/MigrationFileServer/Commun/Evenements/Seminaire_2025_Annecy/Thumbs.db,Thumbs.db,.db,1048576,2026-09-16T10:25:26,2026-09-16T09:12:00,2026-09-16T09:12:00,MOD Administrator,MOD Administrator,https://m365x71797824.sharepoint.com/sites/MigrationFileServer/Commun/Evenements/Seminaire_2025_Annecy/Thumbs.db,015311C97349AB24E520D5A25F83D491
Commun,Evenements/Seminaire_2025_Annecy/Video_teaser.mp4,/sites/MigrationFileServer/Commun/Evenements/Seminaire_2025_Annecy/Video_teaser.mp4,Video_teaser.mp4,.mp4,26214400,2026-09-16T10:34:53,2025-06-20T00:00:00,2025-06-20T00:00:00,MOD Administrator,MOD Administrator,https://m365x71797824.sharepoint.com/sites/MigrationFileServer/Commun/Evenements/Seminaire_2025_Annecy/Video_teaser.mp4,01DEFD79FFE9872E6A49A930B577D7F5
Commun,Evenements/Soiree_fin_annee_2025/IMG_4000.jpg,/sites/MigrationFileServer/Commun/Evenements/Soiree_fin_annee_2025/IMG_4000.jpg,IMG_4000.jpg,.jpg,110809,2026-09-16T10:55:59,2025-12-14T10:00:00,2025-12-14T10:00:00,MOD Administrator,MOD Administrator,https://m365x71797824.sharepoint.com/sites/MigrationFileServer/Commun/Evenements/Soiree_fin_annee_2025/IMG_4000.jpg,01F6E194259CB0B6237A5FEF7796EA7F
Commun,Evenements/Soiree_fin_annee_2025/IMG_4001.jpg,/sites/MigrationFileServer/Commun/Evenements/Soiree_fin_annee_2025/IMG_4001.jpg,IMG_4001.jpg,.jpg,305771,2026-09-16T10:45:08,2025-12-14T11:00:00,2025-12-14T11:00:00,MOD Administrator,MOD Administrator,https://m365x71797824.sharepoint.com/sites/MigrationFileServer/Commun/Evenements/Soiree_fin_annee_2025/IMG_4001.jpg,01A3E8F8564103F1CEEBCC66A42C5BE8
Commun,Evenements/Soiree_fin_annee_2025/IMG_4002.jpg,/sites/MigrationFileServer/Commun/Evenements/Soiree_fin_annee_2025/IMG_4002.jpg,IMG_4002.jpg,.jpg,109273,2026-09-16T10:38:55,2025-12-14T12:00:00,2025-12-14T12:00:00,MOD Administrator,MOD Administrator,https://m365x71797824.sharepoint.com/sites/MigrationFileServer/Commun/Evenements/Soiree_fin_annee_2025/IMG_4002.jpg,01FDAB165EB596667D69D10521040F41
Commun,Evenements/Soiree_fin_annee_2025/IMG_4003.jpg,/sites/MigrationFileServer/Commun/Evenements/Soiree_fin_annee_2025/IMG_4003.jpg,IMG_4003.jpg,.jpg,110222,2026-09-16T10:57:01,2025-12-14T13:00:00,2025-12-14T13:00:00,MOD Administrator,MOD Administrator,https://m365x71797824.sharepoint.com/sites/MigrationFileServer/Commun/Evenements/Soiree_fin_annee_2025/IMG_4003.jpg,01D1C9A6B58947A92AD90B99D2464E65
Commun,Evenements/Soiree_fin_annee_2025/IMG_4004.jpg,/sites/MigrationFileServer/Commun/Evenements/Soiree_fin_annee_2025/IMG_4004.jpg,IMG_4004.jpg,.jpg,308177,2026-09-16T10:37:23,2025-12-14T14:00:00,2025-12-14T14:00:00,MOD Administrator,MOD Administrator,https://m365x71797824.sharepoint.com/sites/MigrationFileServer/Commun/Evenements/Soiree_fin_annee_2025/IMG_4004.jpg,0136B173EDDFBDCC09D4256071E052C4
Commun,Evenements/Soiree_fin_annee_2025/IMG_4005.jpg,/sites/MigrationFileServer/Commun/Evenements/Soiree_fin_annee_2025/IMG_4005.jpg,IMG_4005.jpg,.jpg,306696,2026-09-16T10:33:48,2025-12-14T15:00:00,2025-12-14T15:00:00,MOD Administrator,MOD Administrator,https://m365x71797824.sharepoint.com/sites/MigrationFileServer/Commun/Evenements/Soiree_fin_annee_2025/IMG_4005.jpg,01693E3729FEDF0D8077EC25BA052A83
Commun,Evenements/Soiree_fin_annee_2025/IMG_4006.jpg,/sites/MigrationFileServer/Commun/Evenements/Soiree_fin_annee_2025/IMG_4006.jpg,IMG_4006.jpg,.jpg,109753,2026-09-16T10:52:12,2025-12-14T16:00:00,2025-12-14T16:00:00,MOD Administrator,MOD Administrator,https://m365x71797824.sharepoint.com/sites/MigrationFileServer/Commun/Evenements/Soiree_fin_annee_2025/IMG_4006.jpg,01BB1EC7A1AEAFC568CCD180BDB2AB9E
Commun,Evenements/Soiree_fin_annee_2025/IMG_4007.jpg,/sites/MigrationFileServer/Commun/Evenements/Soiree_fin_annee_2025/IMG_4007.jpg,IMG_4007.jpg,.jpg,109515,2026-09-16T10:11:05,2025-12-14T17:00:00,2025-12-14T17:00:00,MOD Administrator,MOD Administrator,https://m365x71797824.sharepoint.com/sites/MigrationFileServer/Commun/Evenements/Soiree_fin_annee_2025/IMG_4007.jpg,0138A601C8FE074788FA5F91AEA30E7D
Commun,Evenements/Soiree_fin_annee_2025/IMG_4008.jpg,/sites/MigrationFileServer/Commun/Evenements/Soiree_fin_annee_2025/IMG_4008.jpg,IMG_4008.jpg,.jpg,194873,2026-09-16T10:25:24,2025-12-14T10:00:00,2025-12-14T10:00:00,MOD Administrator,MOD Administrator,https://m365x71797824.sharepoint.com/sites/MigrationFileServer/Commun/Evenements/Soiree_fin_annee_2025/IMG_4008.jpg,0193959EFE5F20DF3C6A28A68933EA01
Commun,Evenements/Soiree_fin_annee_2025/IMG_4009.jpg,/sites/MigrationFileServer/Commun/Evenements/Soiree_fin_annee_2025/IMG_4009.jpg,IMG_4009.jpg,.jpg,196219,2026-09-16T10:48:56,2025-12-14T11:00:00,2025-12-14T11:00:00,MOD Administrator,MOD Administrator,https://m365x71797824.sharepoint.com/sites/MigrationFileServer/Commun/Evenements/Soiree_fin_annee_2025/IMG_4009.jpg,01A21A8CBA745202A5F1F4FD4BAF9B59
Commun,Evenements/Soiree_fin_annee_2025/IMG_4010.jpg,/sites/MigrationFileServer/Commun/Evenements/Soiree_fin_annee_2025/IMG_4010.jpg,IMG_4010.jpg,.jpg,197444,2026-09-16T10:33:23,2025-12-14T12:00:00,2025-12-14T12:00:00,MOD Administrator,MOD Administrator,https://m365x71797824.sharepoint.com/sites/MigrationFileServer/Commun/Evenements/Soiree_fin_annee_2025/IMG_4010.jpg,01119E3F9B39CD71171B80A01F639F21
Commun,Evenements/Soiree_fin_annee_2025/IMG_4011.jpg,/sites/MigrationFileServer/Commun/Evenements/Soiree_fin_annee_2025/IMG_4011.jpg,IMG_4011.jpg,.jpg,111037,2026-09-16T10:25:33,2025-12-14T13:00:00,2025-12-14T13:00:00,MOD Administrator,MOD Administrator,https://m365x71797824.sharepoint.com/sites/MigrationFileServer/Commun/Evenements/Soiree_fin_annee_2025/IMG_4011.jpg,01727D4967BFD13339954E0FB21D67EA
Commun,Evenements/Soiree_fin_annee_2025/IMG_4012.jpg,/sites/MigrationFileServer/Commun/Evenements/Soiree_fin_annee_2025/IMG_4012.jpg,IMG_4012.jpg,.jpg,109340,2026-09-16T10:54:59,2025-12-14T14:00:00,2025-12-14T14:00:00,MOD Administrator,MOD Administrator,https://m365x71797824.sharepoint.com/sites/MigrationFileServer/Commun/Evenements/Soiree_fin_annee_2025/IMG_4012.jpg,01920458B159DB9170A94181BC69E333
Commun,Evenements/Soiree_fin_annee_2025/IMG_4013.jpg,/sites/MigrationFileServer/Commun/Evenements/Soiree_fin_annee_2025/IMG_4013.jpg,IMG_4013.jpg,.jpg,194372,2026-09-16T10:32:40,2025-12-14T15:00:00,2025-12-14T15:00:00,MOD Administrator,MOD Administrator,https://m365x71797824.sharepoint.com/sites/MigrationFileServer/Commun/Evenements/Soiree_fin_annee_2025/IMG_4013.jpg,01A0769490F06B81833D677FBB2BF838
Commun,Evenements/Soiree_fin_annee_2025/IMG_4014.jpg,/sites/MigrationFileServer/Commun/Evenements/Soiree_fin_annee_2025/IMG_4014.jpg,IMG_4014.jpg,.jpg,196962,2026-09-16T10:43:32,2025-12-14T16:00:00,2025-12-14T16:00:00,MOD Administrator,MOD Administrator,https://m365x71797824.sharepoint.com/sites/MigrationFileServer/Commun/Evenements/Soiree_fin_annee_2025/IMG_4014.jpg,01545A41A56D03377DFD8EF4D08AF1F7
Commun,Evenements/Soiree_fin_annee_2025/IMG_4015.jpg,/sites/MigrationFileServer/Commun/Evenements/Soiree_fin_annee_2025/IMG_4015.jpg,IMG_4015.jpg,.jpg,197022,2026-09-16T10:22:24,2025-12-14T17:00:00,2025-12-14T17:00:00,MOD Administrator,MOD Administrator,https://m365x71797824.sharepoint.com/sites/MigrationFileServer/Commun/Evenements/Soiree_fin_annee_2025/IMG_4015.jpg,01BB3870827E5B1B60FFDCEEFF50BEB8
Commun,Evenements/Soiree_fin_annee_2025/IMG_4016.jpg,/sites/MigrationFileServer/Commun/Evenements/Soiree_fin_annee_2025/IMG_4016.jpg,IMG_4016.jpg,.jpg,195189,2026-09-16T10:34:02,2025-12-14T10:00:00,2025-12-14T10:00:00,MOD Administrator,MOD Administrator,https://m365x71797824.sharepoint.com/sites/MigrationFileServer/Commun/Evenements/Soiree_fin_annee_2025/IMG_4016.jpg,0182D501669025BA967FE41A9BFAB34E
Commun,Evenements/Soiree_fin_annee_2025/IMG_4017.jpg,/sites/MigrationFileServer/Commun/Evenements/Soiree_fin_annee_2025/IMG_4017.jpg,IMG_4017.jpg,.jpg,111099,2026-09-16T10:19:42,2025-12-14T11:00:00,2025-12-14T11:00:00,MOD Administrator,MOD Administrator,https://m365x71797824.sharepoint.com/sites/MigrationFileServer/Commun/Evenements/Soiree_fin_annee_2025/IMG_4017.jpg,010E6A439528BF7F4AD02E97F10DBE98
Commun,Modeles/Fichier_vide.txt,/sites/MigrationFileServer/Commun/Modeles/Fichier_vide.txt,Fichier_vide.txt,.txt,0,2026-09-16T10:28:19,2026-09-16T09:12:00,2026-09-16T09:12:00,MOD Administrator,MOD Administrator,https://m365x71797824.sharepoint.com/sites/MigrationFileServer/Commun/Modeles/Fichier_vide.txt,01372BAE6EE3A43DA014249AC1C8502A
Commun,Modeles/Installer_modeles.bat,/sites/MigrationFileServer/Commun/Modeles/Installer_modeles.bat,Installer_modeles.bat,.bat,36,2026-09-16T10:21:31,2026-09-16T09:12:00,2026-09-16T09:12:00,MOD Administrator,MOD Administrator,https://m365x71797824.sharepoint.com/sites/MigrationFileServer/Commun/Modeles/Installer_modeles.bat,01E675A29E710ECE834C76B941C7C13D
Commun,Modeles/Modele_compte_rendu.docx,/sites/MigrationFileServer/Commun/Modeles/Modele_compte_rendu.docx,Modele_compte_rendu.docx,.docx,36726,2026-09-16T10:40:26,2020-12-18T20:57:43,2020-12-18T20:57:43,MOD Administrator,MOD Administrator,https://m365x71797824.sharepoint.com/sites/MigrationFileServer/Commun/Modeles/Modele_compte_rendu.docx,01BB61ECA50AE4EB4D13A70F4C886CB5
Commun,Modeles/Modele_courrier.docx,/sites/MigrationFileServer/Commun/Modeles/Modele_courrier.docx,Modele_courrier.docx,.docx,36725,2026-09-16T10:10:11,2020-09-27T01:11:52,2020-09-27T01:11:52,MOD Administrator,MOD Administrator,https://m365x71797824.sharepoint.com/sites/MigrationFileServer/Commun/Modeles/Modele_courrier.docx,0117A7BCA8B0691278350606BBAAE431
Commun,Modeles/Modele_devis.docx,/sites/MigrationFileServer/Commun/Modeles/Modele_devis.docx,Modele_devis.docx,.docx,36722,2026-09-16T10:30:09,2022-04-02T22:30:13,2022-04-02T22:30:13,MOD Administrator,MOD Administrator,https://m365x71797824.sharepoint.com/sites/MigrationFileServer/Commun/Modeles/Modele_devis.docx,01BF4C41EDD1E8982E87113FC5EB46E1
Commun,Modeles/Modele_facture.docx,/sites/MigrationFileServer/Commun/Modeles/Modele_facture.docx,Modele_facture.docx,.docx,36724,2026-09-16T10:25:23,2020-12-29T00:27:34,2020-12-29T00:27:34,MOD Administrator,MOD Administrator,https://m365x71797824.sharepoint.com/sites/MigrationFileServer/Commun/Modeles/Modele_facture.docx,01531FD01F8DA6C27A2441878511228E
Commun,Procedures/Note_liens_serveur.docx,/sites/MigrationFileServer/Commun/Procedures/Note_liens_serveur.docx,Note_liens_serveur.docx,.docx,36901,2026-09-16T10:47:27,2024-03-12T00:00:00,2024-03-12T00:00:00,MOD Administrator,MOD Administrator,https://m365x71797824.sharepoint.com/sites/MigrationFileServer/Commun/Procedures/Note_liens_serveur.docx,01142D7F310B397EEE1FD3A08439711F
Commun,Procedures/Procedure_accueil_nouvel_arrivant.pdf,/sites/MigrationFileServer/Commun/Procedures/Procedure_accueil_nouvel_arrivant.pdf,Procedure_accueil_nouvel_arrivant.pdf,.pdf,1680,2026-09-16T10:37:20,2019-11-11T17:20:18,2019-11-11T17:20:18,MOD Administrator,MOD Administrator,https://m365x71797824.sharepoint.com/sites/MigrationFileServer/Commun/Procedures/Procedure_accueil_nouvel_arrivant.pdf,01672C582FBC9B01A7DC7940E708C027
Commun,Procedures/Procedure_achats.pdf,/sites/MigrationFileServer/Commun/Procedures/Procedure_achats.pdf,Procedure_achats.pdf,.pdf,1668,2026-09-16T10:46:46,2020-12-08T00:55:04,2020-12-08T00:55:04,MOD Administrator,MOD Administrator,https://m365x71797824.sharepoint.com/sites/MigrationFileServer/Commun/Procedures/Procedure_achats.pdf,01FC0B9901721847025F10388647783C
Commun,Procedures/Procedure_gestion_incidents.pdf,/sites/MigrationFileServer/Commun/Procedures/Procedure_gestion_incidents.pdf,Procedure_gestion_incidents.pdf,.pdf,1674,2026-09-16T10:20:17,2024-06-09T18:42:44,2024-06-09T18:42:44,MOD Administrator,MOD Administrator,https://m365x71797824.sharepoint.com/sites/MigrationFileServer/Commun/Procedures/Procedure_gestion_incidents.pdf,0128C929362E72CF1577BD60F22F991E
Commun,Procedures/Procedure_sauvegarde.pdf,/sites/MigrationFileServer/Commun/Procedures/Procedure_sauvegarde.pdf,Procedure_sauvegarde.pdf,.pdf,1672,2026-09-16T10:58:48,2022-06-15T14:25:15,2022-06-15T14:25:15,MOD Administrator,MOD Administrator,https://m365x71797824.sharepoint.com/sites/MigrationFileServer/Commun/Procedures/Procedure_sauvegarde.pdf,01E6A49F47B72A7BCEF21FD81C740B9C
Archives,2009/Dossier_Boulangeries_009.xlsx,/sites/MigrationFileServer/Archives/2009/Dossier_Boulangeries_009.xlsx,Dossier_Boulangeries_009.xlsx,.xlsx,4914,2026-09-16T10:28:48,2009-08-06T11:11:37,2009-08-06T11:11:37,MOD Administrator,MOD Administrator,https://m365x71797824.sharepoint.com/sites/MigrationFileServer/Archives/2009/Dossier_Boulangeries_009.xlsx,01B6FC299C9888FE9F2259C172CE8D05
Archives,2009/Dossier_Boulangeries_012.pdf,/sites/MigrationFileServer/Archives/2009/Dossier_Boulangeries_012.pdf,Dossier_Boulangeries_012.pdf,.pdf,1624,2026-09-16T10:47:51,2009-10-05T03:20:51,2009-10-05T03:20:51,MOD Administrator,MOD Administrator,https://m365x71797824.sharepoint.com/sites/MigrationFileServer/Archives/2009/Dossier_Boulangeries_012.pdf,0110AD50238FD20128C335183E6489AA
Archives,2009/Dossier_Boulangeries_016.pdf,/sites/MigrationFileServer/Archives/2009/Dossier_Boulangeries_016.pdf,Dossier_Boulangeries_016.pdf,.pdf,1624,2026-09-16T10:18:19,2009-08-25T17:49:55,2009-08-25T17:49:55,MOD Administrator,MOD Administrator,https://m365x71797824.sharepoint.com/sites/MigrationFileServer/Archives/2009/Dossier_Boulangeries_016.pdf,014602297DAC13DB905CD37281F94891
Archives,2009/Dossier_Boulangeries_026.pdf,/sites/MigrationFileServer/Archives/2009/Dossier_Boulangeries_026.pdf,Dossier_Boulangeries_026.pdf,.pdf,1625,2026-09-16T10:40:15,2009-12-08T11:40:54,2009-12-08T11:40:54,MOD Administrator,MOD Administrator,https://m365x71797824.sharepoint.com/sites/MigrationFileServer/Archives/2009/Dossier_Boulangeries_026.pdf,018E0EE04919A41D78CF1F2F5FA383E8
Archives,2009/Dossier_Cabinet_000.xlsx,/sites/MigrationFileServer/Archives/2009/Dossier_Cabinet_000.xlsx,Dossier_Cabinet_000.xlsx,.xlsx,4914,2026-09-16T10:27:24,2009-03-14T06:11:11,2009-03-14T06:11:11,MOD Administrator,MOD Administrator,https://m365x71797824.sharepoint.com/sites/MigrationFileServer/Archives/2009/Dossier_Cabinet_000.xlsx,0151A52B60D7D5F10A9E9473043B0C5D
Archives,2009/Dossier_Cabinet_001.txt,/sites/MigrationFileServer/Archives/2009/Dossier_Cabinet_001.txt,Dossier_Cabinet_001.txt,.txt,31,2026-09-16T10:06:00,2009-10-18T00:36:47,2009-10-18T00:36:47,MOD Administrator,MOD Administrator,https://m365x71797824.sharepoint.com/sites/MigrationFileServer/Archives/2009/Dossier_Cabinet_001.txt,016E54EE59DE5B52C6B0CBE7BF71D3D7
Archives,2009/Dossier_Cabinet_002.pdf,/sites/MigrationFileServer/Archives/2009/Dossier_Cabinet_002.pdf,Dossier_Cabinet_002.pdf,.pdf,1625,2026-09-16T10:56:40,2009-05-24T18:46:47,2009-05-24T18:46:47,MOD Administrator,MOD Administrator,https://m365x71797824.sharepoint.com/sites/MigrationFileServer/Archives/2009/Dossier_Cabinet_002.pdf,017FC80DD84D302C805F2D5D0FB8047E
Archives,2009/Dossier_Cabinet_013.xlsx,/sites/MigrationFileServer/Archives/2009/Dossier_Cabinet_013.xlsx,Dossier_Cabinet_013.xlsx,.xlsx,4914,2026-09-16T10:20:36,2009-03-25T13:50:52,2009-03-25T13:50:52,MOD Administrator,MOD Administrator,https://m365x71797824.sharepoint.com/sites/MigrationFileServer/Archives/2009/Dossier_Cabinet_013.xlsx,01355C4DF74C74AFD2386DD49EB44E2C
Archives,2009/Dossier_Cabinet_018.docx,/sites/MigrationFileServer/Archives/2009/Dossier_Cabinet_018.docx,Dossier_Cabinet_018.docx,.docx,36709,2026-09-16T10:52:40,2009-10-11T15:38:17,2009-10-11T15:38:17,MOD Administrator,MOD Administrator,https://m365x71797824.sharepoint.com/sites/MigrationFileServer/Archives/2009/Dossier_Cabinet_018.docx,017A4835D8C2B7A6288FA102A15998E5
Archives,2009/Dossier_Cabinet_021.txt,/sites/MigrationFileServer/Archives/2009/Dossier_Cabinet_021.txt,Dossier_Cabinet_021.txt,.txt,31,2026-09-16T10:42:22,2009-05-29T01:53:13,2009-05-29T01:53:13,MOD Administrator,MOD Administrator,https://m365x71797824.sharepoint.com/sites/MigrationFileServer/Archives/2009/Dossier_Cabinet_021.txt,01EBA52EB7FC535ECBB25C3694D0C027
Archives,2009/Dossier_Clinique_015.txt,/sites/MigrationFileServer/Archives/2009/Dossier_Clinique_015.txt,Dossier_Clinique_015.txt,.txt,31,2026-09-16T10:30:05,2009-10-25T14:26:09,2009-10-25T14:26:09,MOD Administrator,MOD Administrator,https://m365x71797824.sharepoint.com/sites/MigrationFileServer/Archives/2009/Dossier_Clinique_015.txt,019347F5CB028CD41CDD8B6AFFFC8CD8
Archives,2009/Dossier_Clinique_019.xlsx,/sites/MigrationFileServer/Archives/2009/Dossier_Clinique_019.xlsx,Dossier_Clinique_019.xlsx,.xlsx,4913,2026-09-16T10:54:01,2009-11-21T13:39:21,2009-11-21T13:39:21,MOD Administrator,MOD Administrator,https://m365x71797824.sharepoint.com/sites/MigrationFileServer/Archives/2009/Dossier_Clinique_019.xlsx,016365FAD7B14878998B96E69596D5A5
Archives,2009/Dossier_Clinique_022.pdf,/sites/MigrationFileServer/Archives/2009/Dossier_Clinique_022.pdf,Dossier_Clinique_022.pdf,.pdf,1625,2026-09-16T10:46:49,2009-02-07T05:30:38,2009-02-07T05:30:38,MOD Administrator,MOD Administrator,https://m365x71797824.sharepoint.com/sites/MigrationFileServer/Archives/2009/Dossier_Clinique_022.pdf,01354EB3CD7F74C16250A6181DA5C004
Archives,2009/Dossier_Hôtel_004.pdf,/sites/MigrationFileServer/Archives/2009/Dossier_Hôtel_004.pdf,Dossier_Hôtel_004.pdf,.pdf,1624,2026-09-16T10:33:50,2009-11-05T23:07:45,2009-11-05T23:07:45,MOD Administrator,MOD Administrator,https://m365x71797824.sharepoint.com/sites/MigrationFileServer/Archives/2009/Dossier_Hôtel_004.pdf,01C1720446991A31498CE273F4A612D2
Archives,2009/Dossier_Hôtel_024.txt,/sites/MigrationFileServer/Archives/2009/Dossier_Hôtel_024.txt,Dossier_Hôtel_024.txt,.txt,31,2026-09-16T10:19:31,2009-03-30T00:26:23,2009-03-30T00:26:23,MOD Administrator,MOD Administrator,https://m365x71797824.sharepoint.com/sites/MigrationFileServer/Archives/2009/Dossier_Hôtel_024.txt,01C56CB19178351DE5095E5942FB8EDB
Archives,2009/Dossier_Laboratoires_003.pdf,/sites/MigrationFileServer/Archives/2009/Dossier_Laboratoires_003.pdf,Dossier_Laboratoires_003.pdf,.pdf,1624,2026-09-16T10:19:20,2009-01-30T22:04:08,2009-01-30T22:04:08,MOD Administrator,MOD Administrator,https://m365x71797824.sharepoint.com/sites/MigrationFileServer/Archives/2009/Dossier_Laboratoires_003.pdf,01B1F6B9690024057DC707D05778C95C
Archives,2009/Dossier_Laboratoires_006.xlsx,/sites/MigrationFileServer/Archives/2009/Dossier_Laboratoires_006.xlsx,Dossier_Laboratoires_006.xlsx,.xlsx,4912,2026-09-16T10:22:18,2009-10-06T16:11:10,2009-10-06T16:11:10,MOD Administrator,MOD Administrator,https://m365x71797824.sharepoint.com/sites/MigrationFileServer/Archives/2009/Dossier_Laboratoires_006.xlsx,01230E15CEC3A10E2AB033C426AA664E
Archives,2009/Dossier_Laboratoires_010.docx,/sites/MigrationFileServer/Archives/2009/Dossier_Laboratoires_010.docx,Dossier_Laboratoires_010.docx,.docx,36709,2026-09-16T10:46:48,2009-07-05T02:28:49,2009-07-05T02:28:49,MOD Administrator,MOD Administrator,https://m365x71797824.sharepoint.com/sites/MigrationFileServer/Archives/2009/Dossier_Laboratoires_010.docx,019FC83E0FBB956931CD39EAB6717754
Archives,2009/Dossier_Laboratoires_011.docx,/sites/MigrationFileServer/Archives/2009/Dossier_Laboratoires_011.docx,Dossier_Laboratoires_011.docx,.docx,36708,2026-09-16T10:48:54,2009-01-26T09:41:27,2009-01-26T09:41:27,MOD Administrator,MOD Administrator,https://m365x71797824.sharepoint.com/sites/MigrationFileServer/Archives/2009/Dossier_Laboratoires_011.docx,017DE2A5B688FEC49448F9E96D34BC73
Archives,2009/Dossier_Laboratoires_014.pdf,/sites/MigrationFileServer/Archives/2009/Dossier_Laboratoires_014.pdf,Dossier_Laboratoires_014.pdf,.pdf,1624,2026-09-16T10:44:11,2009-04-01T07:39:24,2009-04-01T07:39:24,MOD Administrator,MOD Administrator,https://m365x71797824.sharepoint.com/sites/MigrationFileServer/Archives/2009/Dossier_Laboratoires_014.pdf,01FCE65C0D329EF170E8689168BA9150
Archives,2009/Dossier_Laboratoires_025.docx,/sites/MigrationFileServer/Archives/2009/Dossier_Laboratoires_025.docx,Dossier_Laboratoires_025.docx,.docx,36708,2026-09-16T10:25:25,2009-06-25T10:24:19,2009-06-25T10:24:19,MOD Administrator,MOD Administrator,https://m365x71797824.sharepoint.com/sites/MigrationFileServer/Archives/2009/Dossier_Laboratoires_025.docx,014BFA6B68188EF4F705BE7B0C57CCDF
Archives,2009/Dossier_Laboratoires_027.docx,/sites/MigrationFileServer/Archives/2009/Dossier_Laboratoires_027.docx,Dossier_Laboratoires_027.docx,.docx,36708,2026-09-16T10:28:58,2009-02-07T02:02:03,2009-02-07T02:02:03,MOD Administrator,MOD Administrator,https://m365x71797824.sharepoint.com/sites/MigrationFileServer/Archives/2009/Dossier_Laboratoires_027.docx,012591870693DD77C8317241C2BAC3DB
Archives,2009/Dossier_Menuiserie_023.txt,/sites/MigrationFileServer/Archives/2009/Dossier_Menuiserie_023.txt,Dossier_Menuiserie_023.txt,.txt,31,2026-09-16T10:17:26,2009-07-14T01:22:19,2009-07-14T01:22:19,MOD Administrator,MOD Administrator,https://m365x71797824.sharepoint.com/sites/MigrationFileServer/Archives/2009/Dossier_Menuiserie_023.txt,015F9B96DD1DE47394491070B6BB4DCA
Archives,2009/Dossier_Pharmacie_005.docx,/sites/MigrationFileServer/Archives/2009/Dossier_Pharmacie_005.docx,Dossier_Pharmacie_005.docx,.docx,36708,2026-09-16T10:54:37,2009-07-27T21:54:57,2009-07-27T21:54:57,MOD Administrator,MOD Administrator,https://m365x71797824.sharepoint.com/sites/MigrationFileServer/Archives/2009/Dossier_Pharmacie_005.docx,014DAB449E18AFD2EAF6A3F2D925D0F1
Archives,2009/Dossier_Pharmacie_007.xlsx,/sites/MigrationFileServer/Archives/2009/Dossier_Pharmacie_007.xlsx,Dossier_Pharmacie_007.xlsx,.xlsx,4913,2026-09-16T10:22:48,2009-04-15T12:30:19,2009-04-15T12:30:19,MOD Administrator,MOD Administrator,https://m365x71797824.sharepoint.com/sites/MigrationFileServer/Archives/2009/Dossier_Pharmacie_007.xlsx,01A47465AB4521DF7669D9C55883D6A1
Archives,2009/Dossier_Pharmacie_008.txt,/sites/MigrationFileServer/Archives/2009/Dossier_Pharmacie_008.txt,Dossier_Pharmacie_008.txt,.txt,31,2026-09-16T10:35:57,2009-07-13T01:36:53,2009-07-13T01:36:53,MOD Administrator,MOD Administrator,https://m365x71797824.sharepoint.com/sites/MigrationFileServer/Archives/2009/Dossier_Pharmacie_008.txt,01ADBB9474BFF9689AC3CECC1A488B19
Archives,2009/Dossier_Transports_017.pdf,/sites/MigrationFileServer/Archives/2009/Dossier_Transports_017.pdf,Dossier_Transports_017.pdf,.pdf,1625,2026-09-16T10:50:58,2009-10-28T19:59:24,2009-10-28T19:59:24,MOD Administrator,MOD Administrator,https://m365x71797824.sharepoint.com/sites/MigrationFileServer/Archives/2009/Dossier_Transports_017.pdf,01A889734B41429DEE57F6A3EC8FA772
Archives,2009/Dossier_Transports_020.txt,/sites/MigrationFileServer/Archives/2009/Dossier_Transports_020.txt,Dossier_Transports_020.txt,.txt,31,2026-09-16T10:52:00,2009-05-09T20:30:28,2009-05-09T20:30:28,MOD Administrator,MOD Administrator,https://m365x71797824.sharepoint.com/sites/MigrationFileServer/Archives/2009/Dossier_Transports_020.txt,01522EC1773ABBC1D75481E01038E5B0
Archives,2010/Dossier_Boulangeries_005.docx,/sites/MigrationFileServer/Archives/2010/Dossier_Boulangeries_005.docx,Dossier_Boulangeries_005.docx,.docx,36708,2026-09-16T10:55:12,2010-12-30T05:33:46,2010-12-30T05:33:46,MOD Administrator,MOD Administrator,https://m365x71797824.sharepoint.com/sites/MigrationFileServer/Archives/2010/Dossier_Boulangeries_005.docx,01E5EFB86C43516E316E25C2B2CC2A0B
Archives,2010/Dossier_Cabinet_011.xlsx,/sites/MigrationFileServer/Archives/2010/Dossier_Cabinet_011.xlsx,Dossier_Cabinet_011.xlsx,.xlsx,4915,2026-09-16T10:27:01,2010-01-17T03:39:01,2010-01-17T03:39:01,MOD Administrator,MOD Administrator,https://m365x71797824.sharepoint.com/sites/MigrationFileServer/Archives/2010/Dossier_Cabinet_011.xlsx,014F17E61FA5AB5023D5F5B05BBAC38A
Archives,2010/Dossier_Clinique_002.txt,/sites/MigrationFileServer/Archives/2010/Dossier_Clinique_002.txt,Dossier_Clinique_002.txt,.txt,31,2026-09-16T10:24:00,2010-07-27T20:33:21,2010-07-27T20:33:21,MOD Administrator,MOD Administrator,https://m365x71797824.sharepoint.com/sites/MigrationFileServer/Archives/2010/Dossier_Clinique_002.txt,0145B67D71F432AA35E651F97C834C04
Archives,2010/Dossier_Clinique_003.docx,/sites/MigrationFileServer/Archives/2010/Dossier_Clinique_003.docx,Dossier_Clinique_003.docx,.docx,36708,2026-09-16T10:14:13,2010-08-21T21:46:47,2010-08-21T21:46:47,MOD Administrator,MOD Administrator,https://m365x71797824.sharepoint.com/sites/MigrationFileServer/Archives/2010/Dossier_Clinique_003.docx,015E024872A34FB7BD1DDFC0DC5D847E
Archives,2010/Dossier_Clinique_004.txt,/sites/MigrationFileServer/Archives/2010/Dossier_Clinique_004.txt,Dossier_Clinique_004.txt,.txt,31,2026-09-16T10:27:07,2010-07-17T00:38:47,2010-07-17T00:38:47,MOD Administrator,MOD Administrator,https://m365x71797824.sharepoint.com/sites/MigrationFileServer/Archives/2010/Dossier_Clinique_004.txt,0140052AA16D5DD1F12E008B6A8216BA
Archives,2010/Dossier_Hôtel_013.txt,/sites/MigrationFileServer/Archives/2010/Dossier_Hôtel_013.txt,Dossier_Hôtel_013.txt,.txt,31,2026-09-16T10:11:37,2010-04-20T17:39:52,2010-04-20T17:39:52,MOD Administrator,MOD Administrator,https://m365x71797824.sharepoint.com/sites/MigrationFileServer/Archives/2010/Dossier_Hôtel_013.txt,014E163BDD7FB29FEA7238F5DBECAF03
Archives,2010/Dossier_Laboratoires_000.docx,/sites/MigrationFileServer/Archives/2010/Dossier_Laboratoires_000.docx,Dossier_Laboratoires_000.docx,.docx,36707,2026-09-16T10:29:33,2010-05-30T10:09:45,2010-05-30T10:09:45,MOD Administrator,MOD Administrator,https://m365x71797824.sharepoint.com/sites/MigrationFileServer/Archives/2010/Dossier_Laboratoires_000.docx,01B95B4CE3D23153F1C62D7C3A846EB4
Archives,2010/Dossier_Laboratoires_010.xlsx,/sites/MigrationFileServer/Archives/2010/Dossier_Laboratoires_010.xlsx,Dossier_Laboratoires_010.xlsx,.xlsx,4915,2026-09-16T10:08:21,2010-02-24T21:46:11,2010-02-24T21:46:11,MOD Administrator,MOD Administrator,https://m365x71797824.sharepoint.com/sites/MigrationFileServer/Archives/2010/Dossier_Laboratoires_010.xlsx,01CA90A6F09F7E7014EB0192746BB55B
Archives,2010/Dossier_Menuiserie_006.pdf,/sites/MigrationFileServer/Archives/2010/Dossier_Menuiserie_006.pdf,Dossier_Menuiserie_006.pdf,.pdf,1625,2026-09-16T10:22:35,2010-02-11T20:32:06,2010-02-11T20:32:06,MOD Administrator,MOD Administrator,https://m365x71797824.sharepoint.com/sites/MigrationFileServer/Archives/2010/Dossier_Menuiserie_006.pdf,01545F0D427FB3BF1679BE00AD2E7CB5
Archives,2010/Dossier_Menuiserie_014.xlsx,/sites/MigrationFileServer/Archives/2010/Dossier_Menuiserie_014.xlsx,Dossier_Menuiserie_014.xlsx,.xlsx,4915,2026-09-16T10:14:15,2010-09-01T05:54:18,2010-09-01T05:54:18,MOD Administrator,MOD Administrator,https://m365x71797824.sharepoint.com/sites/MigrationFileServer/Archives/2010/Dossier_Menuiserie_014.xlsx,01B09331019BBBAA07420D2EF9E2B32E
Archives,2010/Dossier_Pharmacie_008.pdf,/sites/MigrationFileServer/Archives/2010/Dossier_Pharmacie_008.pdf,Dossier_Pharmacie_008.pdf,.pdf,1625,2026-09-16T10:12:15,2010-12-27T15:14:22,2010-12-27T15:14:22,MOD Administrator,MOD Administrator,https://m365x71797824.sharepoint.com/sites/MigrationFileServer/Archives/2010/Dossier_Pharmacie_008.pdf,013F34BD9EE31826203F6AE06BECEE80
Archives,2010/Dossier_Transports_001.pdf,/sites/MigrationFileServer/Archives/2010/Dossier_Transports_001.pdf,Dossier_Transports_001.pdf,.pdf,1624,2026-09-16T10:08:12,2010-03-08T22:49:07,2010-03-08T22:49:07,MOD Administrator,MOD Administrator,https://m365x71797824.sharepoint.com/sites/MigrationFileServer/Archives/2010/Dossier_Transports_001.pdf,01217853C93CFA8F3E8600D020B3597E
Archives,2010/Dossier_Transports_007.xlsx,/sites/MigrationFileServer/Archives/2010/Dossier_Transports_007.xlsx,Dossier_Transports_007.xlsx,.xlsx,4916,2026-09-16T10:40:43,2010-07-13T06:26:38,2010-07-13T06:26:38,MOD Administrator,MOD Administrator,https://m365x71797824.sharepoint.com/sites/MigrationFileServer/Archives/2010/Dossier_Transports_007.xlsx,01DC62F40E59BD616C7E83E1C8D58E22
Archives,2010/Dossier_Transports_009.txt,/sites/MigrationFileServer/Archives/2010/Dossier_Transports_009.txt,Dossier_Transports_009.txt,.txt,31,2026-09-16T10:37:23,2010-09-17T16:46:59,2010-09-17T16:46:59,MOD Administrator,MOD Administrator,https://m365x71797824.sharepoint.com/sites/MigrationFileServer/Archives/2010/Dossier_Transports_009.txt,01AA453A57313C4E700ECD827DAA4FA6
Archives,2010/Dossier_Transports_012.docx,/sites/MigrationFileServer/Archives/2010/Dossier_Transports_012.docx,Dossier_Transports_012.docx,.docx,36708,2026-09-16T10:46:14,2010-09-15T16:23:08,2010-09-15T16:23:08,MOD Administrator,MOD Administrator,https://m365x71797824.sharepoint.com/sites/MigrationFileServer/Archives/2010/Dossier_Transports_012.docx,0179E6D464FB860F238487D84C6CDB84
Archives,2011/Dossier_Boulangeries_002.pdf,/sites/MigrationFileServer/Archives/2011/Dossier_Boulangeries_002.pdf,Dossier_Boulangeries_002.pdf,.pdf,1624,2026-09-16T10:18:02,2011-07-24T21:07:24,2011-07-24T21:07:24,MOD Administrator,MOD Administrator,https://m365x71797824.sharepoint.com/sites/MigrationFileServer/Archives/2011/Dossier_Boulangeries_002.pdf,0115E4459A0A8AFCD257FA118DB60657
Archives,2011/Dossier_Boulangeries_007.pdf,/sites/MigrationFileServer/Archives/2011/Dossier_Boulangeries_007.pdf,Dossier_Boulangeries_007.pdf,.pdf,1625,2026-09-16T10:23:22,2011-12-20T15:59:09,2011-12-20T15:59:09,MOD Administrator,MOD Administrator,https://m365x71797824.sharepoint.com/sites/MigrationFileServer/Archives/2011/Dossier_Boulangeries_007.pdf,01835C0BCA261F102E7C43739D1E2368
Archives,2011/Dossier_Boulangeries_010.docx,/sites/MigrationFileServer/Archives/2011/Dossier_Boulangeries_010.docx,Dossier_Boulangeries_010.docx,.docx,36707,2026-09-16T10:39:56,2011-12-25T02:28:03,2011-12-25T02:28:03,MOD Administrator,MOD Administrator,https://m365x71797824.sharepoint.com/sites/MigrationFileServer/Archives/2011/Dossier_Boulangeries_010.docx,01A1A1338CCB76555EF42376242CA8C1
Archives,2011/Dossier_Boulangeries_013.txt,/sites/MigrationFileServer/Archives/2011/Dossier_Boulangeries_013.txt,Dossier_Boulangeries_013.txt,.txt,31,2026-09-16T10:12:33,2011-03-02T13:21:48,2011-03-02T13:21:48,MOD Administrator,MOD Administrator,https://m365x71797824.sharepoint.com/sites/MigrationFileServer/Archives/2011/Dossier_Boulangeries_013.txt,016042A7C2DC6AB32E260B308B9F7CC6
Archives,2011/Dossier_Boulangeries_016.txt,/sites/MigrationFileServer/Archives/2011/Dossier_Boulangeries_016.txt,Dossier_Boulangeries_016.txt,.txt,31,2026-09-16T10:14:19,2011-06-11T12:21:04,2011-06-11T12:21:04,MOD Administrator,MOD Administrator,https://m365x71797824.sharepoint.com/sites/MigrationFileServer/Archives/2011/Dossier_Boulangeries_016.txt,01559942F8C3D0CD0995296C4137ABC9
Archives,2011/Dossier_Cabinet_001.txt,/sites/MigrationFileServer/Archives/2011/Dossier_Cabinet_001.txt,Dossier_Cabinet_001.txt,.txt,31,2026-09-16T10:36:05,2011-04-29T19:10:19,2011-04-29T19:10:19,MOD Administrator,MOD Administrator,https://m365x71797824.sharepoint.com/sites/MigrationFileServer/Archives/2011/Dossier_Cabinet_001.txt,01C9072FE0568321897A88AF21EEA1D9
Archives,2011/Dossier_Cabinet_006.docx,/sites/MigrationFileServer/Archives/2011/Dossier_Cabinet_006.docx,Dossier_Cabinet_006.docx,.docx,36707,2026-09-16T10:31:13,2011-10-14T19:41:33,2011-10-14T19:41:33,MOD Administrator,MOD Administrator,https://m365x71797824.sharepoint.com/sites/MigrationFileServer/Archives/2011/Dossier_Cabinet_006.docx,01051CFAD6580796E4C5F98FD4F5219D
Archives,2011/Dossier_Cabinet_014.pdf,/sites/MigrationFileServer/Archives/2011/Dossier_Cabinet_014.pdf,Dossier_Cabinet_014.pdf,.pdf,1625,2026-09-16T10:37:57,2011-09-22T05:44:51,2011-09-22T05:44:51,MOD Administrator,MOD Administrator,https://m365x71797824.sharepoint.com/sites/MigrationFileServer/Archives/2011/Dossier_Cabinet_014.pdf,018BB925C032F2CD61334619797D03FE
Archives,2011/Dossier_Cabinet_018.docx,/sites/MigrationFileServer/Archives/2011/Dossier_Cabinet_018.docx,Dossier_Cabinet_018.docx,.docx,36709,2026-09-16T10:38:07,2011-01-17T05:35:53,2011-01-17T05:35:53,MOD Administrator,MOD Administrator,https://m365x71797824.sharepoint.com/sites/MigrationFileServer/Archives/2011/Dossier_Cabinet_018.docx,01C632E0B375DFD5D4D9495622B06CF1
Archives,2011/Dossier_Clinique_012.pdf,/sites/MigrationFileServer/Archives/2011/Dossier_Clinique_012.pdf,Dossier_Clinique_012.pdf,.pdf,1625,2026-09-16T10:53:14,2011-06-01T10:16:42,2011-06-01T10:16:42,MOD Administrator,MOD Administrator,https://m365x71797824.sharepoint.com/sites/MigrationFileServer/Archives/2011/Dossier_Clinique_012.pdf,015646B5571998023BC3BB6FDF99CCE6
Archives,2011/Dossier_Clinique_026.txt,/sites/MigrationFileServer/Archives/2011/Dossier_Clinique_026.txt,Dossier_Clinique_026.txt,.txt,31,2026-09-16T10:15:06,2011-02-02T11:16:59,2011-02-02T11:16:59,MOD Administrator,MOD Administrator,https://m365x71797824.sharepoint.com/sites/MigrationFileServer/Archives/2011/Dossier_Clinique_026.txt,01B9259FD88F07A236C897660B30C116
Archives,2011/Dossier_Hôtel_008.xlsx,/sites/MigrationFileServer/Archives/2011/Dossier_Hôtel_008.xlsx,Dossier_Hôtel_008.xlsx,.xlsx,4915,2026-09-16T10:47:20,2011-10-04T16:08:52,2011-10-04T16:08:52,MOD Administrator,MOD Administrator,https://m365x71797824.sharepoint.com/sites/MigrationFileServer/Archives/2011/Dossier_Hôtel_008.xlsx,01691C614C14037FE1AF464DAA5C9968
Archives,2011/Dossier_Hôtel_015.pdf,/sites/MigrationFileServer/Archives/2011/Dossier_Hôtel_015.pdf,Dossier_Hôtel_015.pdf,.pdf,1623,2026-09-16T10:12:48,2011-12-08T05:54:03,2011-12-08T05:54:03,MOD Administrator,MOD Administrator,https://m365x71797824.sharepoint.com/sites/MigrationFileServer/Archives/2011/Dossier_Hôtel_015.pdf,01EEF5ABC94C0CC4AC0B1964AB8A73BD
Archives,2011/Dossier_Hôtel_017.pdf,/sites/MigrationFileServer/Archives/2011/Dossier_Hôtel_017.pdf,Dossier_Hôtel_017.pdf,.pdf,1624,2026-09-16T10:46:24,2011-11-14T04:25:31,2011-11-14T04:25:31,MOD Administrator,MOD Administrator,https://m365x71797824.sharepoint.com/sites/MigrationFileServer/Archives/2011/Dossier_Hôtel_017.pdf,0178B957CF767F8D2CCD9E8CEFCE38F8
Archives,2011/Dossier_Hôtel_019.xlsx,/sites/MigrationFileServer/Archives/2011/Dossier_Hôtel_019.xlsx,Dossier_Hôtel_019.xlsx,.xlsx,4915,2026-09-16T10:23:51,2011-01-28T09:20:04,2011-01-28T09:20:04,MOD Administrator,MOD Administrator,https://m365x71797824.sharepoint.com/sites/MigrationFileServer/Archives/2011/Dossier_Hôtel_019.xlsx,018B8D0634D0A48C984D185EC457BA8E
Archives,2011/Dossier_Laboratoires_004.xlsx,/sites/MigrationFileServer/Archives/2011/Dossier_Laboratoires_004.xlsx,Dossier_Laboratoires_004.xlsx,.xlsx,4915,2026-09-16T10:59:01,2011-10-15T02:22:30,2011-10-15T02:22:30,MOD Administrator,MOD Administrator,https://m365x71797824.sharepoint.com/sites/MigrationFileServer/Archives/2011/Dossier_Laboratoires_004.xlsx,01144571AC2D773D207D40293530036C
Archives,2011/Dossier_Menuiserie_003.docx,/sites/MigrationFileServer/Archives/2011/Dossier_Menuiserie_003.docx,Dossier_Menuiserie_003.docx,.docx,36708,2026-09-16T10:19:54,2011-12-13T10:54:18,2011-12-13T10:54:18,MOD Administrator,MOD Administrator,https://m365x71797824.sharepoint.com/sites/MigrationFileServer/Archives/2011/Dossier_Menuiserie_003.docx,016CD1AE1994E445D7AD63DA105821FE
Archives,2011/Dossier_Menuiserie_005.docx,/sites/MigrationFileServer/Archives/2011/Dossier_Menuiserie_005.docx,Dossier_Menuiserie_005.docx,.docx,36708,2026-09-16T10:18:46,2011-05-30T11:32:27,2011-05-30T11:32:27,MOD Administrator,MOD Administrator,https://m365x71797824.sharepoint.com/sites/MigrationFileServer/Archives/2011/Dossier_Menuiserie_005.docx,01AB568993F4EC01CC10429B13F25E5D
Archives,2011/Dossier_Menuiserie_011.docx,/sites/MigrationFileServer/Archives/2011/Dossier_Menuiserie_011.docx,Dossier_Menuiserie_011.docx,.docx,36709,2026-09-16T10:11:33,2011-01-02T20:10:07,2011-01-02T20:10:07,MOD Administrator,MOD Administrator,https://m365x71797824.sharepoint.com/sites/MigrationFileServer/Archives/2011/Dossier_Menuiserie_011.docx,010B38F7F0BA402894D88CD752B4404C
Archives,2011/Dossier_Menuiserie_021.xlsx,/sites/MigrationFileServer/Archives/2011/Dossier_Menuiserie_021.xlsx,Dossier_Menuiserie_021.xlsx,.xlsx,4915,2026-09-16T10:44:08,2011-09-22T10:30:00,2011-09-22T10:30:00,MOD Administrator,MOD Administrator,https://m365x71797824.sharepoint.com/sites/MigrationFileServer/Archives/2011/Dossier_Menuiserie_021.xlsx,017CFC3F26EC82E57486D86965040B0E
Archives,2011/Dossier_Menuiserie_022.txt,/sites/MigrationFileServer/Archives/2011/Dossier_Menuiserie_022.txt,Dossier_Menuiserie_022.txt,.txt,31,2026-09-16T10:34:38,2011-07-28T06:18:22,2011-07-28T06:18:22,MOD Administrator,MOD Administrator,https://m365x71797824.sharepoint.com/sites/MigrationFileServer/Archives/2011/Dossier_Menuiserie_022.txt,0146741D6F40CCEB97D090F521A920F8
Archives,2011/Dossier_Pharmacie_000.docx,/sites/MigrationFileServer/Archives/2011/Dossier_Pharmacie_000.docx,Dossier_Pharmacie_000.docx,.docx,36708,2026-09-16T10:07:26,2011-01-10T06:09:01,2011-01-10T06:09:01,MOD Administrator,MOD Administrator,https://m365x71797824.sharepoint.com/sites/MigrationFileServer/Archives/2011/Dossier_Pharmacie_000.docx,01873845CA45414AF190CAED77EC6287
Archives,2011/Dossier_Pharmacie_009.xlsx,/sites/MigrationFileServer/Archives/2011/Dossier_Pharmacie_009.xlsx,Dossier_Pharmacie_009.xlsx,.xlsx,4914,2026-09-16T10:08:17,2011-03-22T06:55:40,2011-03-22T06:55:40,MOD Administrator,MOD Administrator,https://m365x71797824.sharepoint.com/sites/MigrationFileServer/Archives/2011/Dossier_Pharmacie_009.xlsx,01350C63C4FEAC72F0761835D422FDA3
Archives,2011/Dossier_Pharmacie_020.xlsx,/sites/MigrationFileServer/Archives/2011/Dossier_Pharmacie_020.xlsx,Dossier_Pharmacie_020.xlsx,.xlsx,4914,2026-09-16T10:53:55,2011-01-26T19:49:40,2011-01-26T19:49:40,MOD Administrator,MOD Administrator,https://m365x71797824.sharepoint.com/sites/MigrationFileServer/Archives/2011/Dossier_Pharmacie_020.xlsx,0107240C6D2580CBBB3E3CE9DB35BBEE
Archives,2011/Dossier_Pharmacie_024.docx,/sites/MigrationFileServer/Archives/2011/Dossier_Pharmacie_024.docx,Dossier_Pharmacie_024.docx,.docx,36708,2026-09-16T10:46:42,2011-03-19T23:28:53,2011-03-19T23:28:53,MOD Administrator,MOD Administrator,https://m365x71797824.sharepoint.com/sites/MigrationFileServer/Archives/2011/Dossier_Pharmacie_024.docx,01219476534507066495410BCAACB898
Archives,2011/Dossier_Pharmacie_025.txt,/sites/MigrationFileServer/Archives/2011/Dossier_Pharmacie_025.txt,Dossier_Pharmacie_025.txt,.txt,31,2026-09-16T10:37:26,2011-02-12T11:09:32,2011-02-12T11:09:32,MOD Administrator,MOD Administrator,https://m365x71797824.sharepoint.com/sites/MigrationFileServer/Archives/2011/Dossier_Pharmacie_025.txt,0100D6E005E5E19979F24E370E5CA2DA
Archives,2011/Dossier_Transports_023.pdf,/sites/MigrationFileServer/Archives/2011/Dossier_Transports_023.pdf,Dossier_Transports_023.pdf,.pdf,1624,2026-09-16T10:33:26,2011-10-23T12:56:03,2011-10-23T12:56:03,MOD Administrator,MOD Administrator,https://m365x71797824.sharepoint.com/sites/MigrationFileServer/Archives/2011/Dossier_Transports_023.pdf,01FF6C1590818BEBE20E99D60FB2885F
Archives,2012/Dossier_Boulangeries_002.docx,/sites/MigrationFileServer/Archives/2012/Dossier_Boulangeries_002.docx,Dossier_Boulangeries_002.docx,.docx,36708,2026-09-16T10:12:31,2012-02-29T07:21:55,2012-02-29T07:21:55,MOD Administrator,MOD Administrator,https://m365x71797824.sharepoint.com/sites/MigrationFileServer/Archives/2012/Dossier_Boulangeries_002.docx,01D922A8E9D7594F1795A13ADEF426DE
Archives,2012/Dossier_Boulangeries_006.txt,/sites/MigrationFileServer/Archives/2012/Dossier_Boulangeries_006.txt,Dossier_Boulangeries_006.txt,.txt,31,2026-09-16T10:52:55,2012-12-04T09:27:08,2012-12-04T09:27:08,MOD Administrator,MOD Administrator,https://m365x71797824.sharepoint.com/sites/MigrationFileServer/Archives/2012/Dossier_Boulangeries_006.txt,0122D30090B20604B367BB4D860AD1F4
Archives,2012/Dossier_Boulangeries_013.docx,/sites/MigrationFileServer/Archives/2012/Dossier_Boulangeries_013.docx,Dossier_Boulangeries_013.docx,.docx,36708,2026-09-16T10:37:49,2012-09-08T23:50:16,2012-09-08T23:50:16,MOD Administrator,MOD Administrator,https://m365x71797824.sharepoint.com/sites/MigrationFileServer/Archives/2012/Dossier_Boulangeries_013.docx,01C70C2207252BEA012CC9847E7DC25D
Archives,2012/Dossier_Cabinet_004.docx,/sites/MigrationFileServer/Archives/2012/Dossier_Cabinet_004.docx,Dossier_Cabinet_004.docx,.docx,36707,2026-09-16T10:38:25,2012-05-27T14:10:36,2012-05-27T14:10:36,MOD Administrator,MOD Administrator,https://m365x71797824.sharepoint.com/sites/MigrationFileServer/Archives/2012/Dossier_Cabinet_004.docx,0180EA089A21A77BD1E04E6F0FCD51E0
Archives,2012/Dossier_Cabinet_011.docx,/sites/MigrationFileServer/Archives/2012/Dossier_Cabinet_011.docx,Dossier_Cabinet_011.docx,.docx,36707,2026-09-16T10:32:17,2012-01-02T07:53:08,2012-01-02T07:53:08,MOD Administrator,MOD Administrator,https://m365x71797824.sharepoint.com/sites/MigrationFileServer/Archives/2012/Dossier_Cabinet_011.docx,011D81B4583D3C5A4515C2DAD544218C
Archives,2012/Dossier_Cabinet_018.xlsx,/sites/MigrationFileServer/Archives/2012/Dossier_Cabinet_018.xlsx,Dossier_Cabinet_018.xlsx,.xlsx,4915,2026-09-16T10:35:59,2012-04-09T21:22:47,2012-04-09T21:22:47,MOD Administrator,MOD Administrator,https://m365x71797824.sharepoint.com/sites/MigrationFileServer/Archives/2012/Dossier_Cabinet_018.xlsx,011913AB8291E218D95D2BEE40A5C148
Archives,2012/Dossier_Cabinet_019.docx,/sites/MigrationFileServer/Archives/2012/Dossier_Cabinet_019.docx,Dossier_Cabinet_019.docx,.docx,36708,2026-09-16T10:38:34,2012-11-08T19:20:33,2012-11-08T19:20:33,MOD Administrator,MOD Administrator,https://m365x71797824.sharepoint.com/sites/MigrationFileServer/Archives/2012/Dossier_Cabinet_019.docx,01848C3778FD29048F2EE18BD1833AB7
Archives,2012/Dossier_Cabinet_020.txt,/sites/MigrationFileServer/Archives/2012/Dossier_Cabinet_020.txt,Dossier_Cabinet_020.txt,.txt,31,2026-09-16T10:19:08,2012-10-03T00:04:19,2012-10-03T00:04:19,MOD Administrator,MOD Administrator,https://m365x71797824.sharepoint.com/sites/MigrationFileServer/Archives/2012/Dossier_Cabinet_020.txt,013B38695A541801F5179FB453043F3D
Archives,2012/Dossier_Clinique_007.pdf,/sites/MigrationFileServer/Archives/2012/Dossier_Clinique_007.pdf,Dossier_Clinique_007.pdf,.pdf,1624,2026-09-16T10:26:14,2012-02-25T16:14:39,2012-02-25T16:14:39,MOD Administrator,MOD Administrator,https://m365x71797824.sharepoint.com/sites/MigrationFileServer/Archives/2012/Dossier_Clinique_007.pdf,012E68FBE36B0C682C0C0D25721FBCA2
Archives,2012/Dossier_Clinique_009.docx,/sites/MigrationFileServer/Archives/2012/Dossier_Clinique_009.docx,Dossier_Clinique_009.docx,.docx,36708,2026-09-16T10:08:05,2012-10-08T04:54:31,2012-10-08T04:54:31,MOD Administrator,MOD Administrator,https://m365x71797824.sharepoint.com/sites/MigrationFileServer/Archives/2012/Dossier_Clinique_009.docx,01DE97A16A7BFEE0617A40EF70EBBB3C
Archives,2012/Dossier_Clinique_010.docx,/sites/MigrationFileServer/Archives/2012/Dossier_Clinique_010.docx,Dossier_Clinique_010.docx,.docx,36708,2026-09-16T10:48:44,2012-12-16T02:46:18,2012-12-16T02:46:18,MOD Administrator,MOD Administrator,https://m365x71797824.sharepoint.com/sites/MigrationFileServer/Archives/2012/Dossier_Clinique_010.docx,01C2309BAE3600981DBAD7606BE02BFD
Archives,2012/Dossier_Clinique_021.txt,/sites/MigrationFileServer/Archives/2012/Dossier_Clinique_021.txt,Dossier_Clinique_021.txt,.txt,31,2026-09-16T10:32:19,2012-11-22T06:37:44,2012-11-22T06:37:44,MOD Administrator,MOD Administrator,https://m365x71797824.sharepoint.com/sites/MigrationFileServer/Archives/2012/Dossier_Clinique_021.txt,0134C055A1A20CA987BAA6F869C02538
Archives,2012/Dossier_Hôtel_001.docx,/sites/MigrationFileServer/Archives/2012/Dossier_Hôtel_001.docx,Dossier_Hôtel_001.docx,.docx,36709,2026-09-16T10:15:35,2012-10-25T11:23:52,2012-10-25T11:23:52,MOD Administrator,MOD Administrator,https://m365x71797824.sharepoint.com/sites/MigrationFileServer/Archives/2012/Dossier_Hôtel_001.docx,01C68B167B76B90F289867CCF9AE6BFA
Archives,2012/Dossier_Hôtel_005.docx,/sites/MigrationFileServer/Archives/2012/Dossier_Hôtel_005.docx,Dossier_Hôtel_005.docx,.docx,36708,2026-09-16T10:36:10,2012-03-12T10:39:39,2012-03-12T10:39:39,MOD Administrator,MOD Administrator,https://m365x71797824.sharepoint.com/sites/MigrationFileServer/Archives/2012/Dossier_Hôtel_005.docx,01D30362128E3A96F85815EC6B0ADD25
Archives,2012/Dossier_Hôtel_012.docx,/sites/MigrationFileServer/Archives/2012/Dossier_Hôtel_012.docx,Dossier_Hôtel_012.docx,.docx,36708,2026-09-16T10:19:51,2012-10-22T23:59:51,2012-10-22T23:59:51,MOD Administrator,MOD Administrator,https://m365x71797824.sharepoint.com/sites/MigrationFileServer/Archives/2012/Dossier_Hôtel_012.docx,011E49E63EE79A032FFA59716B5589C8
Archives,2012/Dossier_Hôtel_017.pdf,/sites/MigrationFileServer/Archives/2012/Dossier_Hôtel_017.pdf,Dossier_Hôtel_017.pdf,.pdf,1625,2026-09-16T10:52:13,2012-02-26T01:58:28,2012-02-26T01:58:28,MOD Administrator,MOD Administrator,https://m365x71797824.sharepoint.com/sites/MigrationFileServer/Archives/2012/Dossier_Hôtel_017.pdf,01B9453C481E07E0641B4BF66370DE31
Archives,2012/Dossier_Laboratoires_000.txt,/sites/MigrationFileServer/Archives/2012/Dossier_Laboratoires_000.txt,Dossier_Laboratoires_000.txt,.txt,31,2026-09-16T10:53:47,2012-06-19T03:28:03,2012-06-19T03:28:03,MOD Administrator,MOD Administrator,https://m365x71797824.sharepoint.com/sites/MigrationFileServer/Archives/2012/Dossier_Laboratoires_000.txt,01C78F3CFB8524A767A5EA0DF1559399
Archives,2012/Dossier_Laboratoires_003.xlsx,/sites/MigrationFileServer/Archives/2012/Dossier_Laboratoires_003.xlsx,Dossier_Laboratoires_003.xlsx,.xlsx,4915,2026-09-16T10:39:37,2012-06-28T10:28:56,2012-06-28T10:28:56,MOD Administrator,MOD Administrator,https://m365x71797824.sharepoint.com/sites/MigrationFileServer/Archives/2012/Dossier_Laboratoires_003.xlsx,01AF1DB6BAEBC8BAF625F8C7878FF264
Archives,2012/Dossier_Menuiserie_014.txt,/sites/MigrationFileServer/Archives/2012/Dossier_Menuiserie_014.txt,Dossier_Menuiserie_014.txt,.txt,31,2026-09-16T10:47:03,2012-09-23T06:20:53,2012-09-23T06:20:53,MOD Administrator,MOD Administrator,https://m365x71797824.sharepoint.com/sites/MigrationFileServer/Archives/2012/Dossier_Menuiserie_014.txt,0101D842A596BA84AF44D903D0A7EF8E
Archives,2012/Dossier_Pharmacie_015.xlsx,/sites/MigrationFileServer/Archives/2012/Dossier_Pharmacie_015.xlsx,Dossier_Pharmacie_015.xlsx,.xlsx,4914,2026-09-16T10:37:36,2012-08-25T21:55:30,2012-08-25T21:55:30,MOD Administrator,MOD Administrator,https://m365x71797824.sharepoint.com/sites/MigrationFileServer/Archives/2012/Dossier_Pharmacie_015.xlsx,010DB904C49294C8C96BCAE971C1C115
Archives,2012/Dossier_Pharmacie_016.txt,/sites/MigrationFileServer/Archives/2012/Dossier_Pharmacie_016.txt,Dossier_Pharmacie_016.txt,.txt,31,2026-09-16T10:14:21,2012-12-23T01:40:34,2012-12-23T01:40:34,MOD Administrator,MOD Administrator,https://m365x71797824.sharepoint.com/sites/MigrationFileServer/Archives/2012/Dossier_Pharmacie_016.txt,01112300066BDC181EA0D6C2676D0524
Archives,2012/Dossier_Transports_008.docx,/sites/MigrationFileServer/Archives/2012/Dossier_Transports_008.docx,Dossier_Transports_008.docx,.docx,36708,2026-09-16T10:33:15,2012-09-22T22:27:07,2012-09-22T22:27:07,MOD Administrator,MOD Administrator,https://m365x71797824.sharepoint.com/sites/MigrationFileServer/Archives/2012/Dossier_Transports_008.docx,01846EFE5A5C991CF784F39BE28F9CA5
Archives,2013/Dossier_Boulangeries_007.txt,/sites/MigrationFileServer/Archives/2013/Dossier_Boulangeries_007.txt,Dossier_Boulangeries_007.txt,.txt,31,2026-09-16T10:31:09,2013-03-19T10:38:00,2013-03-19T10:38:00,MOD Administrator,MOD Administrator,https://m365x71797824.sharepoint.com/sites/MigrationFileServer/Archives/2013/Dossier_Boulangeries_007.txt,014C289C245F162B9642E028816D45A9
Archives,2013/Dossier_Boulangeries_009.txt,/sites/MigrationFileServer/Archives/2013/Dossier_Boulangeries_009.txt,Dossier_Boulangeries_009.txt,.txt,31,2026-09-16T10:44:05,2013-09-27T12:15:56,2013-09-27T12:15:56,MOD Administrator,MOD Administrator,https://m365x71797824.sharepoint.com/sites/MigrationFileServer/Archives/2013/Dossier_Boulangeries_009.txt,01B8B3866B52C7AB7D0455833B70CB12
Archives,2013/Dossier_Boulangeries_015.docx,/sites/MigrationFileServer/Archives/2013/Dossier_Boulangeries_015.docx,Dossier_Boulangeries_015.docx,.docx,36709,2026-09-16T10:13:25,2013-05-09T17:53:03,2013-05-09T17:53:03,MOD Administrator,MOD Administrator,https://m365x71797824.sharepoint.com/sites/MigrationFileServer/Archives/2013/Dossier_Boulangeries_015.docx,019780F7642CCC834C72EB29E27EE8E8
Archives,2013/Dossier_Cabinet_000.txt,/sites/MigrationFileServer/Archives/2013/Dossier_Cabinet_000.txt,Dossier_Cabinet_000.txt,.txt,31,2026-09-16T10:13:23,2013-06-28T20:55:51,2013-06-28T20:55:51,MOD Administrator,MOD Administrator,https://m365x71797824.sharepoint.com/sites/MigrationFileServer/Archives/2013/Dossier_Cabinet_000.txt,0103EE3A5490B410EF3D3B0B74097290
Archives,2013/Dossier_Cabinet_008.xlsx,/sites/MigrationFileServer/Archives/2013/Dossier_Cabinet_008.xlsx,Dossier_Cabinet_008.xlsx,.xlsx,4916,2026-09-16T10:15:55,2013-12-30T22:36:35,2013-12-30T22:36:35,MOD Administrator,MOD Administrator,https://m365x71797824.sharepoint.com/sites/MigrationFileServer/Archives/2013/Dossier_Cabinet_008.xlsx,014931E711B5B2BDB7F0622FA00D2620
Archives,2013/Dossier_Cabinet_011.xlsx,/sites/MigrationFileServer/Archives/2013/Dossier_Cabinet_011.xlsx,Dossier_Cabinet_011.xlsx,.xlsx,4915,2026-09-16T10:35:43,2013-08-12T08:01:58,2013-08-12T08:01:58,MOD Administrator,MOD Administrator,https://m365x71797824.sharepoint.com/sites/MigrationFileServer/Archives/2013/Dossier_Cabinet_011.xlsx,01E896C8000EEFF441E8E886AB52E6D3
Archives,2013/Dossier_Cabinet_012.xlsx,/sites/MigrationFileServer/Archives/2013/Dossier_Cabinet_012.xlsx,Dossier_Cabinet_012.xlsx,.xlsx,4916,2026-09-16T10:21:53,2013-05-03T21:54:25,2013-05-03T21:54:25,MOD Administrator,MOD Administrator,https://m365x71797824.sharepoint.com/sites/MigrationFileServer/Archives/2013/Dossier_Cabinet_012.xlsx,01413C06AF72C4924A3DB64D3BAB52CD
Archives,2013/Dossier_Cabinet_020.xlsx,/sites/MigrationFileServer/Archives/2013/Dossier_Cabinet_020.xlsx,Dossier_Cabinet_020.xlsx,.xlsx,4916,2026-09-16T10:58:44,2013-02-15T23:56:42,2013-02-15T23:56:42,MOD Administrator,MOD Administrator,https://m365x71797824.sharepoint.com/sites/MigrationFileServer/Archives/2013/Dossier_Cabinet_020.xlsx,01783B5D72E737BB11CBF634FDDFF735
Archives,2013/Dossier_Cabinet_024.txt,/sites/MigrationFileServer/Archives/2013/Dossier_Cabinet_024.txt,Dossier_Cabinet_024.txt,.txt,31,2026-09-16T10:34:24,2013-07-05T04:50:39,2013-07-05T04:50:39,MOD Administrator,MOD Administrator,https://m365x71797824.sharepoint.com/sites/MigrationFileServer/Archives/2013/Dossier_Cabinet_024.txt,01CC5B0AE22FAB25F03BC893781DE0F2
Archives,2013/Dossier_Clinique_002.txt,/sites/MigrationFileServer/Archives/2013/Dossier_Clinique_002.txt,Dossier_Clinique_002.txt,.txt,31,2026-09-16T10:57:55,2013-10-08T21:42:59,2013-10-08T21:42:59,MOD Administrator,MOD Administrator,https://m365x71797824.sharepoint.com/sites/MigrationFileServer/Archives/2013/Dossier_Clinique_002.txt,011D4743055D8CA183DBA3C311CA2396
Archives,2013/Dossier_Clinique_021.txt,/sites/MigrationFileServer/Archives/2013/Dossier_Clinique_021.txt,Dossier_Clinique_021.txt,.txt,31,2026-09-16T10:28:37,2013-08-07T03:05:18,2013-08-07T03:05:18,MOD Administrator,MOD Administrator,https://m365x71797824.sharepoint.com/sites/MigrationFileServer/Archives/2013/Dossier_Clinique_021.txt,01B7158A2DB4900E7CFC362B1DD1441B
Archives,2013/Dossier_Hôtel_003.xlsx,/sites/MigrationFileServer/Archives/2013/Dossier_Hôtel_003.xlsx,Dossier_Hôtel_003.xlsx,.xlsx,4915,2026-09-16T10:56:29,2013-08-09T17:44:49,2013-08-09T17:44:49,MOD Administrator,MOD Administrator,https://m365x71797824.sharepoint.com/sites/MigrationFileServer/Archives/2013/Dossier_Hôtel_003.xlsx,010F7D36EAF7D663DD252622A5EA3A07
Archives,2013/Dossier_Hôtel_016.pdf,/sites/MigrationFileServer/Archives/2013/Dossier_Hôtel_016.pdf,Dossier_Hôtel_016.pdf,.pdf,1625,2026-09-16T10:33:46,2013-10-16T18:42:29,2013-10-16T18:42:29,MOD Administrator,MOD Administrator,https://m365x71797824.sharepoint.com/sites/MigrationFileServer/Archives/2013/Dossier_Hôtel_016.pdf,01CF173742B97C89D1118FD00C373A66
Archives,2013/Dossier_Hôtel_022.pdf,/sites/MigrationFileServer/Archives/2013/Dossier_Hôtel_022.pdf,Dossier_Hôtel_022.pdf,.pdf,1625,2026-09-16T10:34:42,2013-02-14T00:35:45,2013-02-14T00:35:45,MOD Administrator,MOD Administrator,https://m365x71797824.sharepoint.com/sites/MigrationFileServer/Archives/2013/Dossier_Hôtel_022.pdf,01E43E66EDC9C6D26379367AB09478DB
Archives,2013/Dossier_Menuiserie_005.pdf,/sites/MigrationFileServer/Archives/2013/Dossier_Menuiserie_005.pdf,Dossier_Menuiserie_005.pdf,.pdf,1625,2026-09-16T10:54:39,2013-03-24T22:05:30,2013-03-24T22:05:30,MOD Administrator,MOD Administrator,https://m365x71797824.sharepoint.com/sites/MigrationFileServer/Archives/2013/Dossier_Menuiserie_005.pdf,0196ACB35AB22819EC1984F5D5215F77
Archives,2013/Dossier_Menuiserie_010.xlsx,/sites/MigrationFileServer/Archives/2013/Dossier_Menuiserie_010.xlsx,Dossier_Menuiserie_010.xlsx,.xlsx,4916,2026-09-16T10:06:26,2013-10-17T16:57:36,2013-10-17T16:57:36,MOD Administrator,MOD Administrator,https://m365x71797824.sharepoint.com/sites/MigrationFileServer/Archives/2013/Dossier_Menuiserie_010.xlsx,01EDBD766E80DCC2073FE46E3C68AF3D
Archives,2013/Dossier_Pharmacie_001.txt,/sites/MigrationFileServer/Archives/2013/Dossier_Pharmacie_001.txt,Dossier_Pharmacie_001.txt,.txt,31,2026-09-16T10:51:46,2013-05-22T04:37:38,2013-05-22T04:37:38,MOD Administrator,MOD Administrator,https://m365x71797824.sharepoint.com/sites/MigrationFileServer/Archives/2013/Dossier_Pharmacie_001.txt,013A9B82CD9668F6B71F2A700EFFDF09
Archives,2013/Dossier_Pharmacie_004.pdf,/sites/MigrationFileServer/Archives/2013/Dossier_Pharmacie_004.pdf,Dossier_Pharmacie_004.pdf,.pdf,1624,2026-09-16T10:34:21,2013-08-01T21:38:44,2013-08-01T21:38:44,MOD Administrator,MOD Administrator,https://m365x71797824.sharepoint.com/sites/MigrationFileServer/Archives/2013/Dossier_Pharmacie_004.pdf,015322452CE4B42D0A92AB4D7137A515
Archives,2013/Dossier_Pharmacie_006.docx,/sites/MigrationFileServer/Archives/2013/Dossier_Pharmacie_006.docx,Dossier_Pharmacie_006.docx,.docx,36709,2026-09-16T10:11:28,2013-04-27T15:11:16,2013-04-27T15:11:16,MOD Administrator,MOD Administrator,https://m365x71797824.sharepoint.com/sites/MigrationFileServer/Archives/2013/Dossier_Pharmacie_006.docx,012E893BEBD856D5EAD039735E9CA828
Archives,2013/Dossier_Pharmacie_013.xlsx,/sites/MigrationFileServer/Archives/2013/Dossier_Pharmacie_013.xlsx,Dossier_Pharmacie_013.xlsx,.xlsx,4916,2026-09-16T10:52:46,2013-05-03T19:20:01,2013-05-03T19:20:01,MOD Administrator,MOD Administrator,https://m365x71797824.sharepoint.com/sites/MigrationFileServer/Archives/2013/Dossier_Pharmacie_013.xlsx,01F1CEA7E6F782827D54A51876849595
Archives,2013/Dossier_Pharmacie_018.txt,/sites/MigrationFileServer/Archives/2013/Dossier_Pharmacie_018.txt,Dossier_Pharmacie_018.txt,.txt,31,2026-09-16T10:52:04,2013-05-12T12:10:27,2013-05-12T12:10:27,MOD Administrator,MOD Administrator,https://m365x71797824.sharepoint.com/sites/MigrationFileServer/Archives/2013/Dossier_Pharmacie_018.txt,0104D85D4B9B26A800DF3F461A53D478
Archives,2013/Dossier_Pharmacie_025.pdf,/sites/MigrationFileServer/Archives/2013/Dossier_Pharmacie_025.pdf,Dossier_Pharmacie_025.pdf,.pdf,1625,2026-09-16T10:13:16,2013-08-16T03:34:52,2013-08-16T03:34:52,MOD Administrator,MOD Administrator,https://m365x71797824.sharepoint.com/sites/MigrationFileServer/Archives/2013/Dossier_Pharmacie_025.pdf,012CD947189F8FFF8CEFA8E5B86911C6
Archives,2013/Dossier_Pharmacie_026.docx,/sites/MigrationFileServer/Archives/2013/Dossier_Pharmacie_026.docx,Dossier_Pharmacie_026.docx,.docx,36708,2026-09-16T10:46:32,2013-09-18T21:16:23,2013-09-18T21:16:23,MOD Administrator,MOD Administrator,https://m365x71797824.sharepoint.com/sites/MigrationFileServer/Archives/2013/Dossier_Pharmacie_026.docx,0172ABE60608AEA966D7CF4E7857B337
Archives,2013/Dossier_Transports_014.docx,/sites/MigrationFileServer/Archives/2013/Dossier_Transports_014.docx,Dossier_Transports_014.docx,.docx,36708,2026-09-16T10:13:20,2013-11-02T15:01:11,2013-11-02T15:01:11,MOD Administrator,MOD Administrator,https://m365x71797824.sharepoint.com/sites/MigrationFileServer/Archives/2013/Dossier_Transports_014.docx,01DD199EC42BCF4A74348D066C8F7BB0
Archives,2013/Dossier_Transports_017.pdf,/sites/MigrationFileServer/Archives/2013/Dossier_Transports_017.pdf,Dossier_Transports_017.pdf,.pdf,1625,2026-09-16T10:25:34,2013-05-21T22:50:47,2013-05-21T22:50:47,MOD Administrator,MOD Administrator,https://m365x71797824.sharepoint.com/sites/MigrationFileServer/Archives/2013/Dossier_Transports_017.pdf,01FAF75B08E6960F2C261A6A859E4E34
Archives,2013/Dossier_Transports_019.pdf,/sites/MigrationFileServer/Archives/2013/Dossier_Transports_019.pdf,Dossier_Transports_019.pdf,.pdf,1625,2026-09-16T10:38:17,2013-11-08T14:18:46,2013-11-08T14:18:46,MOD Administrator,MOD Administrator,https://m365x71797824.sharepoint.com/sites/MigrationFileServer/Archives/2013/Dossier_Transports_019.pdf,01AF0F839F95FD0177E983739E41319E
Archives,2013/Dossier_Transports_023.txt,/sites/MigrationFileServer/Archives/2013/Dossier_Transports_023.txt,Dossier_Transports_023.txt,.txt,31,2026-09-16T10:23:28,2013-10-21T11:23:15,2013-10-21T11:23:15,MOD Administrator,MOD Administrator,https://m365x71797824.sharepoint.com/sites/MigrationFileServer/Archives/2013/Dossier_Transports_023.txt,014B0DF45027F15D31B9CBF014C844E0
Archives,2014/Dossier_Boulangeries_005.pdf,/sites/MigrationFileServer/Archives/2014/Dossier_Boulangeries_005.pdf,Dossier_Boulangeries_005.pdf,.pdf,1624,2026-09-16T10:22:44,2014-07-10T03:29:13,2014-07-10T03:29:13,MOD Administrator,MOD Administrator,https://m365x71797824.sharepoint.com/sites/MigrationFileServer/Archives/2014/Dossier_Boulangeries_005.pdf,019BAFD852E87C4D7536735379704A89
Archives,2014/Dossier_Boulangeries_009.docx,/sites/MigrationFileServer/Archives/2014/Dossier_Boulangeries_009.docx,Dossier_Boulangeries_009.docx,.docx,36709,2026-09-16T10:16:37,2014-04-28T13:27:57,2014-04-28T13:27:57,MOD Administrator,MOD Administrator,https://m365x71797824.sharepoint.com/sites/MigrationFileServer/Archives/2014/Dossier_Boulangeries_009.docx,01E05C815421B6C9C371AEDCE4313EE9
Archives,2014/Dossier_Boulangeries_015.docx,/sites/MigrationFileServer/Archives/2014/Dossier_Boulangeries_015.docx,Dossier_Boulangeries_015.docx,.docx,36708,2026-09-16T10:19:46,2014-11-11T20:47:06,2014-11-11T20:47:06,MOD Administrator,MOD Administrator,https://m365x71797824.sharepoint.com/sites/MigrationFileServer/Archives/2014/Dossier_Boulangeries_015.docx,01D191BBA5652537752C65D8D6550E09
Archives,2014/Dossier_Cabinet_010.txt,/sites/MigrationFileServer/Archives/2014/Dossier_Cabinet_010.txt,Dossier_Cabinet_010.txt,.txt,31,2026-09-16T10:54:19,2014-01-14T23:23:14,2014-01-14T23:23:14,MOD Administrator,MOD Administrator,https://m365x71797824.sharepoint.com/sites/MigrationFileServer/Archives/2014/Dossier_Cabinet_010.txt,01FB12FE52799F6F1EDA55A01E675F10
Archives,2014/Dossier_Clinique_001.txt,/sites/MigrationFileServer/Archives/2014/Dossier_Clinique_001.txt,Dossier_Clinique_001.txt,.txt,31,2026-09-16T10:31:09,2014-02-13T02:19:56,2014-02-13T02:19:56,MOD Administrator,MOD Administrator,https://m365x71797824.sharepoint.com/sites/MigrationFileServer/Archives/2014/Dossier_Clinique_001.txt,010C654356E737076E5D77C394C63312
Archives,2014/Dossier_Clinique_004.txt,/sites/MigrationFileServer/Archives/2014/Dossier_Clinique_004.txt,Dossier_Clinique_004.txt,.txt,31,2026-09-16T10:33:52,2014-05-22T20:03:34,2014-05-22T20:03:34,MOD Administrator,MOD Administrator,https://m365x71797824.sharepoint.com/sites/MigrationFileServer/Archives/2014/Dossier_Clinique_004.txt,012D2264DA402A75C8A50629E7EBD8B7
Archives,2014/Dossier_Hôtel_006.docx,/sites/MigrationFileServer/Archives/2014/Dossier_Hôtel_006.docx,Dossier_Hôtel_006.docx,.docx,36709,2026-09-16T10:39:21,2014-09-30T01:16:19,2014-09-30T01:16:19,MOD Administrator,MOD Administrator,https://m365x71797824.sharepoint.com/sites/MigrationFileServer/Archives/2014/Dossier_Hôtel_006.docx,01FB20E521619E8CCF34F5BC05AE9478
Archives,2014/Dossier_Hôtel_013.pdf,/sites/MigrationFileServer/Archives/2014/Dossier_Hôtel_013.pdf,Dossier_Hôtel_013.pdf,.pdf,1624,2026-09-16T10:23:52,2014-07-09T20:13:47,2014-07-09T20:13:47,MOD Administrator,MOD Administrator,https://m365x71797824.sharepoint.com/sites/MigrationFileServer/Archives/2014/Dossier_Hôtel_013.pdf,01E9DC6724E2A57F8C20E7501A229967
Archives,2014/Dossier_Hôtel_016.docx,/sites/MigrationFileServer/Archives/2014/Dossier_Hôtel_016.docx,Dossier_Hôtel_016.docx,.docx,36707,2026-09-16T10:29:44,2014-01-29T21:35:40,2014-01-29T21:35:40,MOD Administrator,MOD Administrator,https://m365x71797824.sharepoint.com/sites/MigrationFileServer/Archives/2014/Dossier_Hôtel_016.docx,0186D35A3783498A9175F2EE8CD1A49A
Archives,2014/Dossier_Laboratoires_002.xlsx,/sites/MigrationFileServer/Archives/2014/Dossier_Laboratoires_002.xlsx,Dossier_Laboratoires_002.xlsx,.xlsx,4916,2026-09-16T10:44:13,2014-04-24T12:53:40,2014-04-24T12:53:40,MOD Administrator,MOD Administrator,https://m365x71797824.sharepoint.com/sites/MigrationFileServer/Archives/2014/Dossier_Laboratoires_002.xlsx,015614D2E2A4DD86452D553F9F232B88
Archives,2014/Dossier_Laboratoires_007.txt,/sites/MigrationFileServer/Archives/2014/Dossier_Laboratoires_007.txt,Dossier_Laboratoires_007.txt,.txt,31,2026-09-16T10:49:49,2014-01-16T17:04:29,2014-01-16T17:04:29,MOD Administrator,MOD Administrator,https://m365x71797824.sharepoint.com/sites/MigrationFileServer/Archives/2014/Dossier_Laboratoires_007.txt,01AC757147009BC84443E305538B19BC
Archives,2014/Dossier_Laboratoires_011.txt,/sites/MigrationFileServer/Archives/2014/Dossier_Laboratoires_011.txt,Dossier_Laboratoires_011.txt,.txt,31,2026-09-16T10:51:47,2014-05-23T10:46:00,2014-05-23T10:46:00,MOD Administrator,MOD Administrator,https://m365x71797824.sharepoint.com/sites/MigrationFileServer/Archives/2014/Dossier_Laboratoires_011.txt,01F643769411A65BD32FBB64536EE1D3
Archives,2014/Dossier_Laboratoires_012.txt,/sites/MigrationFileServer/Archives/2014/Dossier_Laboratoires_012.txt,Dossier_Laboratoires_012.txt,.txt,31,2026-09-16T10:22:05,2014-02-21T09:29:57,2014-02-21T09:29:57,MOD Administrator,MOD Administrator,https://m365x71797824.sharepoint.com/sites/MigrationFileServer/Archives/2014/Dossier_Laboratoires_012.txt,014BFCBB79D2A6D6431BECAC23362CAE
Archives,2014/Dossier_Pharmacie_003.pdf,/sites/MigrationFileServer/Archives/2014/Dossier_Pharmacie_003.pdf,Dossier_Pharmacie_003.pdf,.pdf,1624,2026-09-16T10:41:31,2014-01-07T04:42:58,2014-01-07T04:42:58,MOD Administrator,MOD Administrator,https://m365x71797824.sharepoint.com/sites/MigrationFileServer/Archives/2014/Dossier_Pharmacie_003.pdf,01FC592D443FA281EE9925A75853A96B
Archives,2014/Dossier_Transports_000.pdf,/sites/MigrationFileServer/Archives/2014/Dossier_Transports_000.pdf,Dossier_Transports_000.pdf,.pdf,1624,2026-09-16T10:24:52,2014-03-10T19:57:15,2014-03-10T19:57:15,MOD Administrator,MOD Administrator,https://m365x71797824.sharepoint.com/sites/MigrationFileServer/Archives/2014/Dossier_Transports_000.pdf,01AD59D37E58A9181AC989499147B5CA
Archives,2014/Dossier_Transports_008.txt,/sites/MigrationFileServer/Archives/2014/Dossier_Transports_008.txt,Dossier_Transports_008.txt,.txt,31,2026-09-16T10:56:44,2014-05-10T07:01:43,2014-05-10T07:01:43,MOD Administrator,MOD Administrator,https://m365x71797824.sharepoint.com/sites/MigrationFileServer/Archives/2014/Dossier_Transports_008.txt,01BEBD9BEDB2B76C610DEE782CC9DCE7
Archives,2014/Dossier_Transports_014.txt,/sites/MigrationFileServer/Archives/2014/Dossier_Transports_014.txt,Dossier_Transports_014.txt,.txt,31,2026-09-16T10:42:41,2014-11-09T19:34:21,2014-11-09T19:34:21,MOD Administrator,MOD Administrator,https://m365x71797824.sharepoint.com/sites/MigrationFileServer/Archives/2014/Dossier_Transports_014.txt,010B65393F929976111D0F8A2EA87FA3
Archives,2015/Dossier_Boulangeries_015.xlsx,/sites/MigrationFileServer/Archives/2015/Dossier_Boulangeries_015.xlsx,Dossier_Boulangeries_015.xlsx,.xlsx,4915,2026-09-16T10:07:10,2015-09-12T07:34:16,2015-09-12T07:34:16,MOD Administrator,MOD Administrator,https://m365x71797824.sharepoint.com/sites/MigrationFileServer/Archives/2015/Dossier_Boulangeries_015.xlsx,01873F8224DDA18D804211BAE790FAD4
Archives,2015/Dossier_Cabinet_005.docx,/sites/MigrationFileServer/Archives/2015/Dossier_Cabinet_005.docx,Dossier_Cabinet_005.docx,.docx,36708,2026-09-16T10:11:52,2015-11-04T10:10:44,2015-11-04T10:10:44,MOD Administrator,MOD Administrator,https://m365x71797824.sharepoint.com/sites/MigrationFileServer/Archives/2015/Dossier_Cabinet_005.docx,016E0084E9DD8C700F95F3716EA10F9D
Archives,2015/Dossier_Clinique_004.docx,/sites/MigrationFileServer/Archives/2015/Dossier_Clinique_004.docx,Dossier_Clinique_004.docx,.docx,36709,2026-09-16T10:18:15,2015-02-05T14:44:31,2015-02-05T14:44:31,MOD Administrator,MOD Administrator,https://m365x71797824.sharepoint.com/sites/MigrationFileServer/Archives/2015/Dossier_Clinique_004.docx,01C0DBDAEB8B56177DFB51D4F77D21B2
Archives,2015/Dossier_Hôtel_010.xlsx,/sites/MigrationFileServer/Archives/2015/Dossier_Hôtel_010.xlsx,Dossier_Hôtel_010.xlsx,.xlsx,4915,2026-09-16T10:57:21,2015-04-13T05:46:33,2015-04-13T05:46:33,MOD Administrator,MOD Administrator,https://m365x71797824.sharepoint.com/sites/MigrationFileServer/Archives/2015/Dossier_Hôtel_010.xlsx,01FB5E31F7D93CA1270BC547D874529E
Archives,2015/Dossier_Hôtel_014.pdf,/sites/MigrationFileServer/Archives/2015/Dossier_Hôtel_014.pdf,Dossier_Hôtel_014.pdf,.pdf,1625,2026-09-16T10:25:16,2015-06-15T15:29:07,2015-06-15T15:29:07,MOD Administrator,MOD Administrator,https://m365x71797824.sharepoint.com/sites/MigrationFileServer/Archives/2015/Dossier_Hôtel_014.pdf,011E05DD36C45B3AF7D90135C6FDB9B3
Archives,2015/Dossier_Laboratoires_001.docx,/sites/MigrationFileServer/Archives/2015/Dossier_Laboratoires_001.docx,Dossier_Laboratoires_001.docx,.docx,36710,2026-09-16T10:31:41,2015-12-04T22:28:30,2015-12-04T22:28:30,MOD Administrator,MOD Administrator,https://m365x71797824.sharepoint.com/sites/MigrationFileServer/Archives/2015/Dossier_Laboratoires_001.docx,01E390433EC8493CFB5B3E279AC79EE2
Archives,2015/Dossier_Laboratoires_012.xlsx,/sites/MigrationFileServer/Archives/2015/Dossier_Laboratoires_012.xlsx,Dossier_Laboratoires_012.xlsx,.xlsx,4915,2026-09-16T10:41:19,2015-10-21T17:05:55,2015-10-21T17:05:55,MOD Administrator,MOD Administrator,https://m365x71797824.sharepoint.com/sites/MigrationFileServer/Archives/2015/Dossier_Laboratoires_012.xlsx,0132E92779BF16E66019CC6802B590EF
Archives,2015/Dossier_Menuiserie_013.txt,/sites/MigrationFileServer/Archives/2015/Dossier_Menuiserie_013.txt,Dossier_Menuiserie_013.txt,.txt,31,2026-09-16T10:57:54,2015-08-22T14:53:21,2015-08-22T14:53:21,MOD Administrator,MOD Administrator,https://m365x71797824.sharepoint.com/sites/MigrationFileServer/Archives/2015/Dossier_Menuiserie_013.txt,01B5F08F95A498554B9AF89207FA85A1
Archives,2015/Dossier_Menuiserie_016.pdf,/sites/MigrationFileServer/Archives/2015/Dossier_Menuiserie_016.pdf,Dossier_Menuiserie_016.pdf,.pdf,1627,2026-09-16T10:49:20,2015-10-20T22:33:30,2015-10-20T22:33:30,MOD Administrator,MOD Administrator,https://m365x71797824.sharepoint.com/sites/MigrationFileServer/Archives/2015/Dossier_Menuiserie_016.pdf,019C2E7CC645C0CE37462CEC424837A7
Archives,2015/Dossier_Pharmacie_002.xlsx,/sites/MigrationFileServer/Archives/2015/Dossier_Pharmacie_002.xlsx,Dossier_Pharmacie_002.xlsx,.xlsx,4914,2026-09-16T10:11:14,2015-09-03T01:22:24,2015-09-03T01:22:24,MOD Administrator,MOD Administrator,https://m365x71797824.sharepoint.com/sites/MigrationFileServer/Archives/2015/Dossier_Pharmacie_002.xlsx,0115BA37FA0B1BC3B3C761B1CEFC1ABD
Archives,2015/Dossier_Pharmacie_007.xlsx,/sites/MigrationFileServer/Archives/2015/Dossier_Pharmacie_007.xlsx,Dossier_Pharmacie_007.xlsx,.xlsx,4915,2026-09-16T10:45:24,2015-11-14T12:07:37,2015-11-14T12:07:37,MOD Administrator,MOD Administrator,https://m365x71797824.sharepoint.com/sites/MigrationFileServer/Archives/2015/Dossier_Pharmacie_007.xlsx,01A77E98F22FCBF884930B8B9B59949C
Archives,2015/Dossier_Pharmacie_008.xlsx,/sites/MigrationFileServer/Archives/2015/Dossier_Pharmacie_008.xlsx,Dossier_Pharmacie_008.xlsx,.xlsx,4915,2026-09-16T10:33:21,2015-04-22T20:56:46,2015-04-22T20:56:46,MOD Administrator,MOD Administrator,https://m365x71797824.sharepoint.com/sites/MigrationFileServer/Archives/2015/Dossier_Pharmacie_008.xlsx,01A017BF653F6C671E44E4DD6EEE464D
Archives,2015/Dossier_Pharmacie_009.docx,/sites/MigrationFileServer/Archives/2015/Dossier_Pharmacie_009.docx,Dossier_Pharmacie_009.docx,.docx,36707,2026-09-16T10:16:55,2015-03-13T19:39:08,2015-03-13T19:39:08,MOD Administrator,MOD Administrator,https://m365x71797824.sharepoint.com/sites/MigrationFileServer/Archives/2015/Dossier_Pharmacie_009.docx,018422A653A8349BB6F5F092C2A12364
Archives,2015/Dossier_Pharmacie_017.docx,/sites/MigrationFileServer/Archives/2015/Dossier_Pharmacie_017.docx,Dossier_Pharmacie_017.docx,.docx,36709,2026-09-16T10:38:18,2015-05-14T16:23:35,2015-05-14T16:23:35,MOD Administrator,MOD Administrator,https://m365x71797824.sharepoint.com/sites/MigrationFileServer/Archives/2015/Dossier_Pharmacie_017.docx,01E54720CFDFC9CB2B93CBDDEF2DFBE4
Archives,2015/Dossier_Transports_000.xlsx,/sites/MigrationFileServer/Archives/2015/Dossier_Transports_000.xlsx,Dossier_Transports_000.xlsx,.xlsx,4915,2026-09-16T10:13:35,2015-12-02T10:10:40,2015-12-02T10:10:40,MOD Administrator,MOD Administrator,https://m365x71797824.sharepoint.com/sites/MigrationFileServer/Archives/2015/Dossier_Transports_000.xlsx,015E27CA783DE458E507DA90332C91BD
Archives,2015/Dossier_Transports_003.docx,/sites/MigrationFileServer/Archives/2015/Dossier_Transports_003.docx,Dossier_Transports_003.docx,.docx,36709,2026-09-16T10:38:32,2015-01-22T19:30:32,2015-01-22T19:30:32,MOD Administrator,MOD Administrator,https://m365x71797824.sharepoint.com/sites/MigrationFileServer/Archives/2015/Dossier_Transports_003.docx,01F36E48388DB99D3922C573EA79F289
Archives,2015/Dossier_Transports_006.docx,/sites/MigrationFileServer/Archives/2015/Dossier_Transports_006.docx,Dossier_Transports_006.docx,.docx,36707,2026-09-16T10:52:26,2015-05-31T06:10:41,2015-05-31T06:10:41,MOD Administrator,MOD Administrator,https://m365x71797824.sharepoint.com/sites/MigrationFileServer/Archives/2015/Dossier_Transports_006.docx,012A576B7A77E3D59994898782E4DEF1
Archives,2015/Dossier_Transports_011.xlsx,/sites/MigrationFileServer/Archives/2015/Dossier_Transports_011.xlsx,Dossier_Transports_011.xlsx,.xlsx,4915,2026-09-16T10:08:23,2015-09-30T23:12:19,2015-09-30T23:12:19,MOD Administrator,MOD Administrator,https://m365x71797824.sharepoint.com/sites/MigrationFileServer/Archives/2015/Dossier_Transports_011.xlsx,01A67621E404B9F9A0160C909DD4B32A
Archives,2015/Dossier_Transports_018.txt,/sites/MigrationFileServer/Archives/2015/Dossier_Transports_018.txt,Dossier_Transports_018.txt,.txt,31,2026-09-16T10:26:53,2015-09-19T18:27:42,2015-09-19T18:27:42,MOD Administrator,MOD Administrator,https://m365x71797824.sharepoint.com/sites/MigrationFileServer/Archives/2015/Dossier_Transports_018.txt,010F5CEFB29A2BFEAF06922A5124A18B
Archives,2016/Dossier_Boulangeries_010.docx,/sites/MigrationFileServer/Archives/2016/Dossier_Boulangeries_010.docx,Dossier_Boulangeries_010.docx,.docx,36708,2026-09-16T10:56:11,2016-05-31T23:06:08,2016-05-31T23:06:08,MOD Administrator,MOD Administrator,https://m365x71797824.sharepoint.com/sites/MigrationFileServer/Archives/2016/Dossier_Boulangeries_010.docx,01D1D24C3E4B5AD6524DEB188820FAA1
Archives,2016/Dossier_Boulangeries_014.txt,/sites/MigrationFileServer/Archives/2016/Dossier_Boulangeries_014.txt,Dossier_Boulangeries_014.txt,.txt,31,2026-09-16T10:50:06,2016-05-17T05:38:29,2016-05-17T05:38:29,MOD Administrator,MOD Administrator,https://m365x71797824.sharepoint.com/sites/MigrationFileServer/Archives/2016/Dossier_Boulangeries_014.txt,01CB4632A7286CB5FBAFB94F6681A9A2
Archives,2016/Dossier_Boulangeries_026.txt,/sites/MigrationFileServer/Archives/2016/Dossier_Boulangeries_026.txt,Dossier_Boulangeries_026.txt,.txt,31,2026-09-16T10:32:41,2016-05-01T17:39:33,2016-05-01T17:39:33,MOD Administrator,MOD Administrator,https://m365x71797824.sharepoint.com/sites/MigrationFileServer/Archives/2016/Dossier_Boulangeries_026.txt,014B941EABA8B449638AE2E24327C140
Archives,2016/Dossier_Cabinet_007.txt,/sites/MigrationFileServer/Archives/2016/Dossier_Cabinet_007.txt,Dossier_Cabinet_007.txt,.txt,31,2026-09-16T10:26:11,2016-01-10T12:10:06,2016-01-10T12:10:06,MOD Administrator,MOD Administrator,https://m365x71797824.sharepoint.com/sites/MigrationFileServer/Archives/2016/Dossier_Cabinet_007.txt,01720110142A2A45DE72F6A0EB224056
Archives,2016/Dossier_Cabinet_013.txt,/sites/MigrationFileServer/Archives/2016/Dossier_Cabinet_013.txt,Dossier_Cabinet_013.txt,.txt,31,2026-09-16T10:31:11,2016-06-17T23:29:47,2016-06-17T23:29:47,MOD Administrator,MOD Administrator,https://m365x71797824.sharepoint.com/sites/MigrationFileServer/Archives/2016/Dossier_Cabinet_013.txt,0122B16FD96296E11D4D92797E207C96
Archives,2016/Dossier_Clinique_004.xlsx,/sites/MigrationFileServer/Archives/2016/Dossier_Clinique_004.xlsx,Dossier_Clinique_004.xlsx,.xlsx,4916,2026-09-16T10:41:20,2016-01-17T13:59:16,2016-01-17T13:59:16,MOD Administrator,MOD Administrator,https://m365x71797824.sharepoint.com/sites/MigrationFileServer/Archives/2016/Dossier_Clinique_004.xlsx,015EACDEB2675C186F3D78B1778D5727
Archives,2016/Dossier_Clinique_008.txt,/sites/MigrationFileServer/Archives/2016/Dossier_Clinique_008.txt,Dossier_Clinique_008.txt,.txt,31,2026-09-16T10:57:50,2016-06-04T02:50:52,2016-06-04T02:50:52,MOD Administrator,MOD Administrator,https://m365x71797824.sharepoint.com/sites/MigrationFileServer/Archives/2016/Dossier_Clinique_008.txt,019B279E2D546D87FB877F6A63167CBA
Archives,2016/Dossier_Clinique_009.xlsx,/sites/MigrationFileServer/Archives/2016/Dossier_Clinique_009.xlsx,Dossier_Clinique_009.xlsx,.xlsx,4915,2026-09-16T10:35:55,2016-08-18T06:34:29,2016-08-18T06:34:29,MOD Administrator,MOD Administrator,https://m365x71797824.sharepoint.com/sites/MigrationFileServer/Archives/2016/Dossier_Clinique_009.xlsx,01C3E8ECE4183C6FE8EBB98B26BF2FA4
Archives,2016/Dossier_Clinique_024.xlsx,/sites/MigrationFileServer/Archives/2016/Dossier_Clinique_024.xlsx,Dossier_Clinique_024.xlsx,.xlsx,4915,2026-09-16T10:54:34,2016-05-04T23:41:55,2016-05-04T23:41:55,MOD Administrator,MOD Administrator,https://m365x71797824.sharepoint.com/sites/MigrationFileServer/Archives/2016/Dossier_Clinique_024.xlsx,019290EA96A0B11353C99D877C8DD701
Archives,2016/Dossier_Clinique_027.txt,/sites/MigrationFileServer/Archives/2016/Dossier_Clinique_027.txt,Dossier_Clinique_027.txt,.txt,31,2026-09-16T10:13:36,2016-08-30T04:26:18,2016-08-30T04:26:18,MOD Administrator,MOD Administrator,https://m365x71797824.sharepoint.com/sites/MigrationFileServer/Archives/2016/Dossier_Clinique_027.txt,0126E6454B18F153089C07AFC04160A8
Archives,2016/Dossier_Hôtel_011.pdf,/sites/MigrationFileServer/Archives/2016/Dossier_Hôtel_011.pdf,Dossier_Hôtel_011.pdf,.pdf,1625,2026-09-16T10:27:20,2016-01-09T10:04:42,2016-01-09T10:04:42,MOD Administrator,MOD Administrator,https://m365x71797824.sharepoint.com/sites/MigrationFileServer/Archives/2016/Dossier_Hôtel_011.pdf,0189C851F304D6D61868514714DD322F
Archives,2016/Dossier_Hôtel_016.txt,/sites/MigrationFileServer/Archives/2016/Dossier_Hôtel_016.txt,Dossier_Hôtel_016.txt,.txt,31,2026-09-16T10:12:06,2016-06-10T16:37:13,2016-06-10T16:37:13,MOD Administrator,MOD Administrator,https://m365x71797824.sharepoint.com/sites/MigrationFileServer/Archives/2016/Dossier_Hôtel_016.txt,01CBAA517CEFE55E9AB4AF92DA2E1B5D
Archives,2016/Dossier_Hôtel_021.txt,/sites/MigrationFileServer/Archives/2016/Dossier_Hôtel_021.txt,Dossier_Hôtel_021.txt,.txt,31,2026-09-16T10:32:50,2016-03-22T08:16:16,2016-03-22T08:16:16,MOD Administrator,MOD Administrator,https://m365x71797824.sharepoint.com/sites/MigrationFileServer/Archives/2016/Dossier_Hôtel_021.txt,01513BB44A428F9036E18BC648F28AC5
Archives,2016/Dossier_Hôtel_025.xlsx,/sites/MigrationFileServer/Archives/2016/Dossier_Hôtel_025.xlsx,Dossier_Hôtel_025.xlsx,.xlsx,4915,2026-09-16T10:09:09,2016-11-11T20:42:34,2016-11-11T20:42:34,MOD Administrator,MOD Administrator,https://m365x71797824.sharepoint.com/sites/MigrationFileServer/Archives/2016/Dossier_Hôtel_025.xlsx,01B174C9F246006FDDC2F7201ABF8EAB
Archives,2016/Dossier_Laboratoires_003.txt,/sites/MigrationFileServer/Archives/2016/Dossier_Laboratoires_003.txt,Dossier_Laboratoires_003.txt,.txt,31,2026-09-16T10:13:23,2016-07-31T00:18:51,2016-07-31T00:18:51,MOD Administrator,MOD Administrator,https://m365x71797824.sharepoint.com/sites/MigrationFileServer/Archives/2016/Dossier_Laboratoires_003.txt,01275679D9A6C4E5BC57E2CCD558F137
Archives,2016/Dossier_Laboratoires_017.xlsx,/sites/MigrationFileServer/Archives/2016/Dossier_Laboratoires_017.xlsx,Dossier_Laboratoires_017.xlsx,.xlsx,4915,2026-09-16T10:59:29,2016-09-01T20:18:14,2016-09-01T20:18:14,MOD Administrator,MOD Administrator,https://m365x71797824.sharepoint.com/sites/MigrationFileServer/Archives/2016/Dossier_Laboratoires_017.xlsx,010B307CE8CFE41C99A70F107175EC11
Archives,2016/Dossier_Laboratoires_019.pdf,/sites/MigrationFileServer/Archives/2016/Dossier_Laboratoires_019.pdf,Dossier_Laboratoires_019.pdf,.pdf,1624,2026-09-16T10:27:19,2016-11-09T10:56:36,2016-11-09T10:56:36,MOD Administrator,MOD Administrator,https://m365x71797824.sharepoint.com/sites/MigrationFileServer/Archives/2016/Dossier_Laboratoires_019.pdf,0119ED734783641F08B580F989523984
Archives,2016/Dossier_Laboratoires_022.xlsx,/sites/MigrationFileServer/Archives/2016/Dossier_Laboratoires_022.xlsx,Dossier_Laboratoires_022.xlsx,.xlsx,4915,2026-09-16T10:53:20,2016-09-03T04:06:35,2016-09-03T04:06:35,MOD Administrator,MOD Administrator,https://m365x71797824.sharepoint.com/sites/MigrationFileServer/Archives/2016/Dossier_Laboratoires_022.xlsx,01B612EF065A6E1A360E3BF9BBE1F9FF
Archives,2016/Dossier_Laboratoires_023.pdf,/sites/MigrationFileServer/Archives/2016/Dossier_Laboratoires_023.pdf,Dossier_Laboratoires_023.pdf,.pdf,1625,2026-09-16T10:50:33,2016-08-12T04:04:42,2016-08-12T04:04:42,MOD Administrator,MOD Administrator,https://m365x71797824.sharepoint.com/sites/MigrationFileServer/Archives/2016/Dossier_Laboratoires_023.pdf,015B28FD2ADC8951C7AF0916D7675866
Archives,2016/Dossier_Menuiserie_001.docx,/sites/MigrationFileServer/Archives/2016/Dossier_Menuiserie_001.docx,Dossier_Menuiserie_001.docx,.docx,36708,2026-09-16T10:54:35,2016-10-09T09:31:09,2016-10-09T09:31:09,MOD Administrator,MOD Administrator,https://m365x71797824.sharepoint.com/sites/MigrationFileServer/Archives/2016/Dossier_Menuiserie_001.docx,01730C73585CCD2FCA973B418B8E26C6
Archives,2016/Dossier_Menuiserie_012.pdf,/sites/MigrationFileServer/Archives/2016/Dossier_Menuiserie_012.pdf,Dossier_Menuiserie_012.pdf,.pdf,1624,2026-09-16T10:23:08,2016-03-29T10:41:02,2016-03-29T10:41:02,MOD Administrator,MOD Administrator,https://m365x71797824.sharepoint.com/sites/MigrationFileServer/Archives/2016/Dossier_Menuiserie_012.pdf,01DE39DA47CD0817BD120059C3E28CD0
Archives,2016/Dossier_Pharmacie_002.pdf,/sites/MigrationFileServer/Archives/2016/Dossier_Pharmacie_002.pdf,Dossier_Pharmacie_002.pdf,.pdf,1624,2026-09-16T10:25:40,2016-05-23T20:46:57,2016-05-23T20:46:57,MOD Administrator,MOD Administrator,https://m365x71797824.sharepoint.com/sites/MigrationFileServer/Archives/2016/Dossier_Pharmacie_002.pdf,01A829306731F178D4B19C849115AF3C
Archives,2016/Dossier_Pharmacie_005.txt,/sites/MigrationFileServer/Archives/2016/Dossier_Pharmacie_005.txt,Dossier_Pharmacie_005.txt,.txt,31,2026-09-16T10:33:02,2016-05-05T23:19:36,2016-05-05T23:19:36,MOD Administrator,MOD Administrator,https://m365x71797824.sharepoint.com/sites/MigrationFileServer/Archives/2016/Dossier_Pharmacie_005.txt,018767ACB3ED561CB9CF5B80770A4D47
Archives,2016/Dossier_Pharmacie_006.txt,/sites/MigrationFileServer/Archives/2016/Dossier_Pharmacie_006.txt,Dossier_Pharmacie_006.txt,.txt,31,2026-09-16T10:24:35,2016-06-24T14:35:22,2016-06-24T14:35:22,MOD Administrator,MOD Administrator,https://m365x71797824.sharepoint.com/sites/MigrationFileServer/Archives/2016/Dossier_Pharmacie_006.txt,01690697982E3B45488A1D9A26EABE58
Archives,2016/Dossier_Pharmacie_015.pdf,/sites/MigrationFileServer/Archives/2016/Dossier_Pharmacie_015.pdf,Dossier_Pharmacie_015.pdf,.pdf,1624,2026-09-16T10:41:34,2016-08-24T01:16:16,2016-08-24T01:16:16,MOD Administrator,MOD Administrator,https://m365x71797824.sharepoint.com/sites/MigrationFileServer/Archives/2016/Dossier_Pharmacie_015.pdf,013FCAA817EB7A54C02222189A1709D9
Archives,2016/Dossier_Pharmacie_020.pdf,/sites/MigrationFileServer/Archives/2016/Dossier_Pharmacie_020.pdf,Dossier_Pharmacie_020.pdf,.pdf,1623,2026-09-16T10:12:43,2016-01-25T12:22:03,2016-01-25T12:22:03,MOD Administrator,MOD Administrator,https://m365x71797824.sharepoint.com/sites/MigrationFileServer/Archives/2016/Dossier_Pharmacie_020.pdf,01712D0B54AC29D94DF424CFBC2385D4
Archives,2016/Dossier_Pharmacie_028.txt,/sites/MigrationFileServer/Archives/2016/Dossier_Pharmacie_028.txt,Dossier_Pharmacie_028.txt,.txt,31,2026-09-16T10:47:39,2016-08-22T00:38:13,2016-08-22T00:38:13,MOD Administrator,MOD Administrator,https://m365x71797824.sharepoint.com/sites/MigrationFileServer/Archives/2016/Dossier_Pharmacie_028.txt,01004DE96EB14EADC7D45E39E3CE843B
Archives,2016/Dossier_Transports_000.docx,/sites/MigrationFileServer/Archives/2016/Dossier_Transports_000.docx,Dossier_Transports_000.docx,.docx,36708,2026-09-16T10:21:03,2016-05-03T15:41:05,2016-05-03T15:41:05,MOD Administrator,MOD Administrator,https://m365x71797824.sharepoint.com/sites/MigrationFileServer/Archives/2016/Dossier_Transports_000.docx,013CA5D6C0B92A1A9002B9D27D39B29C
Archives,2016/Dossier_Transports_018.txt,/sites/MigrationFileServer/Archives/2016/Dossier_Transports_018.txt,Dossier_Transports_018.txt,.txt,31,2026-09-16T10:54:49,2016-08-20T16:09:51,2016-08-20T16:09:51,MOD Administrator,MOD Administrator,https://m365x71797824.sharepoint.com/sites/MigrationFileServer/Archives/2016/Dossier_Transports_018.txt,01880076B4609E3A422714C2A9EDA87C
Archives,2017/Dossier_Boulangeries_006.pdf,/sites/MigrationFileServer/Archives/2017/Dossier_Boulangeries_006.pdf,Dossier_Boulangeries_006.pdf,.pdf,1625,2026-09-16T10:55:09,2017-10-13T15:18:32,2017-10-13T15:18:32,MOD Administrator,MOD Administrator,https://m365x71797824.sharepoint.com/sites/MigrationFileServer/Archives/2017/Dossier_Boulangeries_006.pdf,01DBA7CA9C8708FCDFDA191EEB28007D
Archives,2017/Dossier_Boulangeries_009.docx,/sites/MigrationFileServer/Archives/2017/Dossier_Boulangeries_009.docx,Dossier_Boulangeries_009.docx,.docx,36707,2026-09-16T10:54:47,2017-09-11T01:40:41,2017-09-11T01:40:41,MOD Administrator,MOD Administrator,https://m365x71797824.sharepoint.com/sites/MigrationFileServer/Archives/2017/Dossier_Boulangeries_009.docx,017A9AF307F7EA4DCD65E175E6937F75
Archives,2017/Dossier_Boulangeries_014.pdf,/sites/MigrationFileServer/Archives/2017/Dossier_Boulangeries_014.pdf,Dossier_Boulangeries_014.pdf,.pdf,1624,2026-09-16T10:57:17,2017-02-18T02:58:15,2017-02-18T02:58:15,MOD Administrator,MOD Administrator,https://m365x71797824.sharepoint.com/sites/MigrationFileServer/Archives/2017/Dossier_Boulangeries_014.pdf,01C85943CDD62BEFF0F5E881D1013240
Archives,2017/Dossier_Boulangeries_016.txt,/sites/MigrationFileServer/Archives/2017/Dossier_Boulangeries_016.txt,Dossier_Boulangeries_016.txt,.txt,31,2026-09-16T10:20:43,2017-09-02T05:40:58,2017-09-02T05:40:58,MOD Administrator,MOD Administrator,https://m365x71797824.sharepoint.com/sites/MigrationFileServer/Archives/2017/Dossier_Boulangeries_016.txt,01BB5900378F1825AC4DDFD46A50E33E
Archives,2017/Dossier_Boulangeries_019.docx,/sites/MigrationFileServer/Archives/2017/Dossier_Boulangeries_019.docx,Dossier_Boulangeries_019.docx,.docx,36709,2026-09-16T10:56:31,2017-10-08T16:46:00,2017-10-08T16:46:00,MOD Administrator,MOD Administrator,https://m365x71797824.sharepoint.com/sites/MigrationFileServer/Archives/2017/Dossier_Boulangeries_019.docx,015D254DCB08EAEF88CC58B219EC9916
Archives,2017/Dossier_Cabinet_011.txt,/sites/MigrationFileServer/Archives/2017/Dossier_Cabinet_011.txt,Dossier_Cabinet_011.txt,.txt,31,2026-09-16T10:33:56,2017-08-04T15:26:20,2017-08-04T15:26:20,MOD Administrator,MOD Administrator,https://m365x71797824.sharepoint.com/sites/MigrationFileServer/Archives/2017/Dossier_Cabinet_011.txt,01735D5FE69F9CE40EAF451DB420574A
Archives,2017/Dossier_Clinique_001.pdf,/sites/MigrationFileServer/Archives/2017/Dossier_Clinique_001.pdf,Dossier_Clinique_001.pdf,.pdf,1624,2026-09-16T10:14:36,2017-05-22T06:41:53,2017-05-22T06:41:53,MOD Administrator,MOD Administrator,https://m365x71797824.sharepoint.com/sites/MigrationFileServer/Archives/2017/Dossier_Clinique_001.pdf,018775947AA93DDE1DCE0C4C41997A32
Archives,2017/Dossier_Clinique_017.txt,/sites/MigrationFileServer/Archives/2017/Dossier_Clinique_017.txt,Dossier_Clinique_017.txt,.txt,31,2026-09-16T10:27:41,2017-05-07T20:13:48,2017-05-07T20:13:48,MOD Administrator,MOD Administrator,https://m365x71797824.sharepoint.com/sites/MigrationFileServer/Archives/2017/Dossier_Clinique_017.txt,01F85D7445E5B2A561B63B95F801D8B2
Archives,2017/Dossier_Clinique_021.docx,/sites/MigrationFileServer/Archives/2017/Dossier_Clinique_021.docx,Dossier_Clinique_021.docx,.docx,36708,2026-09-16T10:51:45,2017-10-05T05:35:58,2017-10-05T05:35:58,MOD Administrator,MOD Administrator,https://m365x71797824.sharepoint.com/sites/MigrationFileServer/Archives/2017/Dossier_Clinique_021.docx,018CDE3151D990F1E18D491B257D4946
Archives,2017/Dossier_Hôtel_002.txt,/sites/MigrationFileServer/Archives/2017/Dossier_Hôtel_002.txt,Dossier_Hôtel_002.txt,.txt,31,2026-09-16T10:15:00,2017-03-28T17:37:02,2017-03-28T17:37:02,MOD Administrator,MOD Administrator,https://m365x71797824.sharepoint.com/sites/MigrationFileServer/Archives/2017/Dossier_Hôtel_002.txt,01D402074AB6C2C4D97A63B2D956703E
Archives,2017/Dossier_Hôtel_005.xlsx,/sites/MigrationFileServer/Archives/2017/Dossier_Hôtel_005.xlsx,Dossier_Hôtel_005.xlsx,.xlsx,4916,2026-09-16T10:58:25,2017-12-25T17:35:36,2017-12-25T17:35:36,MOD Administrator,MOD Administrator,https://m365x71797824.sharepoint.com/sites/MigrationFileServer/Archives/2017/Dossier_Hôtel_005.xlsx,01070AA671FE7FE97C911EE72A5F768D
Archives,2017/Dossier_Hôtel_007.pdf,/sites/MigrationFileServer/Archives/2017/Dossier_Hôtel_007.pdf,Dossier_Hôtel_007.pdf,.pdf,1624,2026-09-16T10:47:31,2017-11-04T01:56:41,2017-11-04T01:56:41,MOD Administrator,MOD Administrator,https://m365x71797824.sharepoint.com/sites/MigrationFileServer/Archives/2017/Dossier_Hôtel_007.pdf,0178114EF71F86A32EEA68B0640B98C1
Archives,2017/Dossier_Laboratoires_010.docx,/sites/MigrationFileServer/Archives/2017/Dossier_Laboratoires_010.docx,Dossier_Laboratoires_010.docx,.docx,36707,2026-09-16T10:10:05,2017-06-30T13:33:00,2017-06-30T13:33:00,MOD Administrator,MOD Administrator,https://m365x71797824.sharepoint.com/sites/MigrationFileServer/Archives/2017/Dossier_Laboratoires_010.docx,013B930A3F5267865F6675473B91E889
Archives,2017/Dossier_Laboratoires_015.txt,/sites/MigrationFileServer/Archives/2017/Dossier_Laboratoires_015.txt,Dossier_Laboratoires_015.txt,.txt,31,2026-09-16T10:22:41,2017-02-25T01:13:56,2017-02-25T01:13:56,MOD Administrator,MOD Administrator,https://m365x71797824.sharepoint.com/sites/MigrationFileServer/Archives/2017/Dossier_Laboratoires_015.txt,0171D98A8C1402CBA7A5C711ED7296FE
Archives,2017/Dossier_Laboratoires_022.pdf,/sites/MigrationFileServer/Archives/2017/Dossier_Laboratoires_022.pdf,Dossier_Laboratoires_022.pdf,.pdf,1624,2026-09-16T10:40:53,2017-05-12T07:51:41,2017-05-12T07:51:41,MOD Administrator,MOD Administrator,https://m365x71797824.sharepoint.com/sites/MigrationFileServer/Archives/2017/Dossier_Laboratoires_022.pdf,0171C6B3A6EE886C538F03F3ABD84CED
Archives,2017/Dossier_Menuiserie_008.docx,/sites/MigrationFileServer/Archives/2017/Dossier_Menuiserie_008.docx,Dossier_Menuiserie_008.docx,.docx,36708,2026-09-16T10:43:19,2017-04-12T08:35:00,2017-04-12T08:35:00,MOD Administrator,MOD Administrator,https://m365x71797824.sharepoint.com/sites/MigrationFileServer/Archives/2017/Dossier_Menuiserie_008.docx,0158C7E6688A156B209A4E254587C26B
Archives,2017/Dossier_Menuiserie_018.docx,/sites/MigrationFileServer/Archives/2017/Dossier_Menuiserie_018.docx,Dossier_Menuiserie_018.docx,.docx,36708,2026-09-16T10:37:54,2017-05-06T20:01:51,2017-05-06T20:01:51,MOD Administrator,MOD Administrator,https://m365x71797824.sharepoint.com/sites/MigrationFileServer/Archives/2017/Dossier_Menuiserie_018.docx,0137A3D9FABA09890FFC65B324F4C5E5
Archives,2017/Dossier_Pharmacie_000.docx,/sites/MigrationFileServer/Archives/2017/Dossier_Pharmacie_000.docx,Dossier_Pharmacie_000.docx,.docx,36708,2026-09-16T10:58:27,2017-06-01T07:06:57,2017-06-01T07:06:57,MOD Administrator,MOD Administrator,https://m365x71797824.sharepoint.com/sites/MigrationFileServer/Archives/2017/Dossier_Pharmacie_000.docx,01827BD8E51FA8E0E169D1F9D4134527
Archives,2017/Dossier_Pharmacie_003.pdf,/sites/MigrationFileServer/Archives/2017/Dossier_Pharmacie_003.pdf,Dossier_Pharmacie_003.pdf,.pdf,1624,2026-09-16T10:28:45,2017-08-07T05:04:53,2017-08-07T05:04:53,MOD Administrator,MOD Administrator,https://m365x71797824.sharepoint.com/sites/MigrationFileServer/Archives/2017/Dossier_Pharmacie_003.pdf,01EB62CA876C2AC7FE8AD16981204BF0
Archives,2017/Dossier_Pharmacie_004.pdf,/sites/MigrationFileServer/Archives/2017/Dossier_Pharmacie_004.pdf,Dossier_Pharmacie_004.pdf,.pdf,1624,2026-09-16T10:48:53,2017-05-03T00:15:38,2017-05-03T00:15:38,MOD Administrator,MOD Administrator,https://m365x71797824.sharepoint.com/sites/MigrationFileServer/Archives/2017/Dossier_Pharmacie_004.pdf,0138BCCF523D135512F56F0BE8356586
Archives,2017/Dossier_Pharmacie_013.xlsx,/sites/MigrationFileServer/Archives/2017/Dossier_Pharmacie_013.xlsx,Dossier_Pharmacie_013.xlsx,.xlsx,4916,2026-09-16T10:21:14,2017-04-21T14:10:53,2017-04-21T14:10:53,MOD Administrator,MOD Administrator,https://m365x71797824.sharepoint.com/sites/MigrationFileServer/Archives/2017/Dossier_Pharmacie_013.xlsx,01460F19C866BC6A2305FD6D97575ECF
Archives,2017/Dossier_Transports_012.pdf,/sites/MigrationFileServer/Archives/2017/Dossier_Transports_012.pdf,Dossier_Transports_012.pdf,.pdf,1624,2026-09-16T10:24:03,2017-12-30T20:34:07,2017-12-30T20:34:07,MOD Administrator,MOD Administrator,https://m365x71797824.sharepoint.com/sites/MigrationFileServer/Archives/2017/Dossier_Transports_012.pdf,014CF34C656B2430D687347E6603E3C0
Archives,2017/Dossier_Transports_020.txt,/sites/MigrationFileServer/Archives/2017/Dossier_Transports_020.txt,Dossier_Transports_020.txt,.txt,31,2026-09-16T10:49:50,2017-12-26T23:47:18,2017-12-26T23:47:18,MOD Administrator,MOD Administrator,https://m365x71797824.sharepoint.com/sites/MigrationFileServer/Archives/2017/Dossier_Transports_020.txt,01BA3FC03C98EC02FC63BE43278FA16A
Archives,2018/Dossier_Boulangeries_004.docx,/sites/MigrationFileServer/Archives/2018/Dossier_Boulangeries_004.docx,Dossier_Boulangeries_004.docx,.docx,36708,2026-09-16T10:25:48,2018-09-07T16:17:10,2018-09-07T16:17:10,MOD Administrator,MOD Administrator,https://m365x71797824.sharepoint.com/sites/MigrationFileServer/Archives/2018/Dossier_Boulangeries_004.docx,01A18E2830B06E2FBE92ED7215BC1D03
Archives,2018/Dossier_Boulangeries_005.txt,/sites/MigrationFileServer/Archives/2018/Dossier_Boulangeries_005.txt,Dossier_Boulangeries_005.txt,.txt,31,2026-09-16T10:51:10,2018-01-17T09:06:27,2018-01-17T09:06:27,MOD Administrator,MOD Administrator,https://m365x71797824.sharepoint.com/sites/MigrationFileServer/Archives/2018/Dossier_Boulangeries_005.txt,01DB602A9F76C06054744E246E789A71
Archives,2018/Dossier_Boulangeries_007.txt,/sites/MigrationFileServer/Archives/2018/Dossier_Boulangeries_007.txt,Dossier_Boulangeries_007.txt,.txt,31,2026-09-16T10:24:25,2018-07-18T03:50:46,2018-07-18T03:50:46,MOD Administrator,MOD Administrator,https://m365x71797824.sharepoint.com/sites/MigrationFileServer/Archives/2018/Dossier_Boulangeries_007.txt,01F28197CC774C02D618F7FD680A4357
Archives,2018/Dossier_Cabinet_000.txt,/sites/MigrationFileServer/Archives/2018/Dossier_Cabinet_000.txt,Dossier_Cabinet_000.txt,.txt,31,2026-09-16T10:45:20,2018-07-31T16:48:22,2018-07-31T16:48:22,MOD Administrator,MOD Administrator,https://m365x71797824.sharepoint.com/sites/MigrationFileServer/Archives/2018/Dossier_Cabinet_000.txt,0181C4DDF6DC2A5A2DA2E5B00C2FA527
Archives,2018/Dossier_Cabinet_008.docx,/sites/MigrationFileServer/Archives/2018/Dossier_Cabinet_008.docx,Dossier_Cabinet_008.docx,.docx,36708,2026-09-16T10:07:54,2018-08-02T14:39:40,2018-08-02T14:39:40,MOD Administrator,MOD Administrator,https://m365x71797824.sharepoint.com/sites/MigrationFileServer/Archives/2018/Dossier_Cabinet_008.docx,017D050510EED6083ED0EC1C62B8ECCE
Archives,2018/Dossier_Cabinet_011.xlsx,/sites/MigrationFileServer/Archives/2018/Dossier_Cabinet_011.xlsx,Dossier_Cabinet_011.xlsx,.xlsx,4916,2026-09-16T10:17:14,2018-03-24T15:14:16,2018-03-24T15:14:16,MOD Administrator,MOD Administrator,https://m365x71797824.sharepoint.com/sites/MigrationFileServer/Archives/2018/Dossier_Cabinet_011.xlsx,019C75193EBCD49F795E850E2C45687F
Archives,2018/Dossier_Clinique_001.txt,/sites/MigrationFileServer/Archives/2018/Dossier_Clinique_001.txt,Dossier_Clinique_001.txt,.txt,31,2026-09-16T10:44:07,2018-08-01T20:38:20,2018-08-01T20:38:20,MOD Administrator,MOD Administrator,https://m365x71797824.sharepoint.com/sites/MigrationFileServer/Archives/2018/Dossier_Clinique_001.txt,015A71336194FCD9F70199FE9F5428D9
Archives,2018/Dossier_Clinique_002.txt,/sites/MigrationFileServer/Archives/2018/Dossier_Clinique_002.txt,Dossier_Clinique_002.txt,.txt,31,2026-09-16T10:28:24,2018-02-14T18:11:59,2018-02-14T18:11:59,MOD Administrator,MOD Administrator,https://m365x71797824.sharepoint.com/sites/MigrationFileServer/Archives/2018/Dossier_Clinique_002.txt,01F222E3901CC12D03C06601AB9900F6
Archives,2018/Dossier_Clinique_006.xlsx,/sites/MigrationFileServer/Archives/2018/Dossier_Clinique_006.xlsx,Dossier_Clinique_006.xlsx,.xlsx,4915,2026-09-16T10:27:21,2018-07-14T09:46:47,2018-07-14T09:46:47,MOD Administrator,MOD Administrator,https://m365x71797824.sharepoint.com/sites/MigrationFileServer/Archives/2018/Dossier_Clinique_006.xlsx,01D0E26B6C544A0B3CB7B32F32E89819
Archives,2018/Dossier_Hôtel_003.xlsx,/sites/MigrationFileServer/Archives/2018/Dossier_Hôtel_003.xlsx,Dossier_Hôtel_003.xlsx,.xlsx,4916,2026-09-16T10:25:09,2018-01-22T22:45:01,2018-01-22T22:45:01,MOD Administrator,MOD Administrator,https://m365x71797824.sharepoint.com/sites/MigrationFileServer/Archives/2018/Dossier_Hôtel_003.xlsx,0105EC19F9F7379D1ACA6D1A0F2D03C5
Archives,2018/Dossier_Hôtel_009.docx,/sites/MigrationFileServer/Archives/2018/Dossier_Hôtel_009.docx,Dossier_Hôtel_009.docx,.docx,36709,2026-09-16T10:43:54,2018-03-31T03:09:03,2018-03-31T03:09:03,MOD Administrator,MOD Administrator,https://m365x71797824.sharepoint.com/sites/MigrationFileServer/Archives/2018/Dossier_Hôtel_009.docx,0176337BDA1023D017DC16B804D35B2B
Archives,2018/Dossier_Hôtel_013.xlsx,/sites/MigrationFileServer/Archives/2018/Dossier_Hôtel_013.xlsx,Dossier_Hôtel_013.xlsx,.xlsx,4915,2026-09-16T10:40:46,2018-10-20T21:23:15,2018-10-20T21:23:15,MOD Administrator,MOD Administrator,https://m365x71797824.sharepoint.com/sites/MigrationFileServer/Archives/2018/Dossier_Hôtel_013.xlsx,01EFC5A55238400D42FBDD5B6450547B
Archives,2018/Dossier_Hôtel_016.txt,/sites/MigrationFileServer/Archives/2018/Dossier_Hôtel_016.txt,Dossier_Hôtel_016.txt,.txt,31,2026-09-16T10:38:06,2018-03-13T18:45:34,2018-03-13T18:45:34,MOD Administrator,MOD Administrator,https://m365x71797824.sharepoint.com/sites/MigrationFileServer/Archives/2018/Dossier_Hôtel_016.txt,01FFAE06BE3736E5CF5F8CB277008D88
Archives,2018/Dossier_Laboratoires_014.xlsx,/sites/MigrationFileServer/Archives/2018/Dossier_Laboratoires_014.xlsx,Dossier_Laboratoires_014.xlsx,.xlsx,4915,2026-09-16T10:32:34,2018-12-15T17:17:48,2018-12-15T17:17:48,MOD Administrator,MOD Administrator,https://m365x71797824.sharepoint.com/sites/MigrationFileServer/Archives/2018/Dossier_Laboratoires_014.xlsx,0140E3D28354CE992BF4FA83A2420A82
Archives,2018/Dossier_Menuiserie_012.pdf,/sites/MigrationFileServer/Archives/2018/Dossier_Menuiserie_012.pdf,Dossier_Menuiserie_012.pdf,.pdf,1625,2026-09-16T10:40:01,2018-08-05T00:44:39,2018-08-05T00:44:39,MOD Administrator,MOD Administrator,https://m365x71797824.sharepoint.com/sites/MigrationFileServer/Archives/2018/Dossier_Menuiserie_012.pdf,014387B13588882C28F239DC3B133579
Archives,2018/Dossier_Pharmacie_015.pdf,/sites/MigrationFileServer/Archives/2018/Dossier_Pharmacie_015.pdf,Dossier_Pharmacie_015.pdf,.pdf,1624,2026-09-16T10:50:35,2018-01-12T04:35:54,2018-01-12T04:35:54,MOD Administrator,MOD Administrator,https://m365x71797824.sharepoint.com/sites/MigrationFileServer/Archives/2018/Dossier_Pharmacie_015.pdf,0193DAD4B412A8C10C5C505C89A40ED7
Archives,2018/Dossier_Transports_010.pdf,/sites/MigrationFileServer/Archives/2018/Dossier_Transports_010.pdf,Dossier_Transports_010.pdf,.pdf,1625,2026-09-16T10:41:59,2018-08-14T20:44:54,2018-08-14T20:44:54,MOD Administrator,MOD Administrator,https://m365x71797824.sharepoint.com/sites/MigrationFileServer/Archives/2018/Dossier_Transports_010.pdf,01E085BB8B61EA592BF26769BAB5BD7D
Clients,CL1002_Clinique_Saint-Aubin/01_Contrats/Contrat_cadre_CL1002_2022_signe.pdf,/sites/MigrationFileServer/Clients/CL1002_Clinique_Saint-Aubin/01_Contrats/Contrat_cadre_CL1002_2022_signe.pdf,Contrat_cadre_CL1002_2022_signe.pdf,.pdf,1658,2026-09-16T10:42:16,2022-07-25T10:05:04,2022-07-25T10:05:04,MOD Administrator,MOD Administrator,https://m365x71797824.sharepoint.com/sites/MigrationFileServer/Clients/CL1002_Clinique_Saint-Aubin/01_Contrats/Contrat_cadre_CL1002_2022_signe.pdf,0104B4E421C1E5DDE6D22B98EDE90FDF
Clients,CL1004_Menuiserie_Kerbrat/03_Factures/2025/Facture_CL1004_202512.pdf,/sites/MigrationFileServer/Clients/CL1004_Menuiserie_Kerbrat/03_Factures/2025/Facture_CL1004_202512.pdf,Facture_CL1004_202512.pdf,.pdf,1703,2026-09-16T10:28:26,2025-12-28T10:00:00,2025-12-28T10:00:00,MOD Administrator,MOD Administrator,https://m365x71797824.sharepoint.com/sites/MigrationFileServer/Clients/CL1004_Menuiserie_Kerbrat/03_Factures/2025/Facture_CL1004_202512.pdf,01412BFF034B994E4CF1B2AE1D0646E5
Clients,CL1014_École_Montessori_Les_Lilas/03_Factures/2024/Facture_CL1014_202409.pdf,/sites/MigrationFileServer/Clients/CL1014_École_Montessori_Les_Lilas/03_Factures/2024/Facture_CL1014_202409.pdf,Facture_CL1014_202409.pdf,.pdf,1712,2026-09-16T10:07:23,2024-09-22T10:00:00,2024-09-22T10:00:00,MOD Administrator,MOD Administrator,https://m365x71797824.sharepoint.com/sites/MigrationFileServer/Clients/CL1014_École_Montessori_Les_Lilas/03_Factures/2024/Facture_CL1014_202409.pdf,013C9339C70F08B39D94F0BB100CA18A
Clients,CL1018_Librairie_La_Plume/05_Projets/Deploiement_Teams/Compte_rendu_COPIL.docx,/sites/MigrationFileServer/Clients/CL1018_Librairie_La_Plume/05_Projets/Deploiement_Teams/Compte_rendu_COPIL.docx,Compte_rendu_COPIL.docx,.docx,36731,2026-09-16T10:41:45,2026-05-03T03:23:11,2026-05-03T03:23:11,MOD Administrator,MOD Administrator,https://m365x71797824.sharepoint.com/sites/MigrationFileServer/Clients/CL1018_Librairie_La_Plume/05_Projets/Deploiement_Teams/Compte_rendu_COPIL.docx,011855C77E75682BB2A70A55BC877386
