Source,Destination,Item name,Extension,Item size,Content type,Status,Result category,Message,Error code,Source item ID,Destination item ID,Package number,Migration job ID,Incremental round,Task ID,Device name
\\DEMO-SRV01\FileServer\02_RH_Collaborateurs\01_Dossiers_Individuels\ANDRÉ_Clara\Bulletins_de_paie\2026\Bulletin_2026-01.pdf,https://m365x71797824.sharepoint.com/sites/MigrationFileServer/RH/01_Dossiers_Individuels/ANDRÉ_Clara/Bulletins_de_paie/2026/Bulletin_2026-01.pdf,Bulletin_2026-01.pdf,pdf,1700,Document,Migrated,MIGRATED,,,SRC-39355494,187f132d-7da6-9370-5909-a958011dd8b3,1,0dd09e51-fa55-6835-c021-fa1bc31e4b97,1,d23f0824-128b-2f33-0c5c-7fd0a6a3a450,DEMO-SRV01
\\DEMO-SRV01\FileServer\02_RH_Collaborateurs\01_Dossiers_Individuels\ANDRÉ_Clara\Bulletins_de_paie\2026\Bulletin_2026-02.pdf,https://m365x71797824.sharepoint.com/sites/MigrationFileServer/RH/01_Dossiers_Individuels/ANDRÉ_Clara/Bulletins_de_paie/2026/Bulletin_2026-02.pdf,Bulletin_2026-02.pdf,pdf,1700,Document,Migrated,MIGRATED,,,SRC-99724059,d34979b3-cbf9-3e3f-b1f9-25cb7dd1e6c7,1,0dd09e51-fa55-6835-c021-fa1bc31e4b97,1,d23f0824-128b-2f33-0c5c-7fd0a6a3a450,DEMO-SRV01
\\DEMO-SRV01\FileServer\02_RH_Collaborateurs\01_Dossiers_Individuels\ANDRÉ_Clara\Bulletins_de_paie\2026\Bulletin_2026-03.pdf,https://m365x71797824.sharepoint.com/sites/MigrationFileServer/RH/01_Dossiers_Individuels/ANDRÉ_Clara/Bulletins_de_paie/2026/Bulletin_2026-03.pdf,Bulletin_2026-03.pdf,pdf,1700,Document,Migrated,MIGRATED,,,SRC-2905112,97b1ac9d-7e9c-e77a-f797-8c5f2f3ca661,1,0dd09e51-fa55-6835-c021-fa1bc31e4b97,1,d23f0824-128b-2f33-0c5c-7fd0a6a3a450,DEMO-SRV01
\\DEMO-SRV01\FileServer\02_RH_Collaborateurs\01_Dossiers_Individuels\ANDRÉ_Clara\Bulletins_de_paie\2026\Bulletin_2026-04.pdf,https://m365x71797824.sharepoint.com/sites/MigrationFileServer/RH/01_Dossiers_Individuels/ANDRÉ_Clara/Bulletins_de_paie/2026/Bulletin_2026-04.pdf,Bulletin_2026-04.pdf,pdf,1700,Document,Migrated,MIGRATED,,,SRC-23410031,83e03b8d-d4f3-318e-f50b-7e1d58e1290d,1,0dd09e51-fa55-6835-c021-fa1bc31e4b97,1,d23f0824-128b-2f33-0c5c-7fd0a6a3a450,DEMO-SRV01
\\DEMO-SRV01\FileServer\02_RH_Collaborateurs\01_Dossiers_Individuels\ANDRÉ_Clara\Bulletins_de_paie\2026\Bulletin_2026-05.pdf,https://m365x71797824.sharepoint.com/sites/MigrationFileServer/RH/01_Dossiers_Individuels/ANDRÉ_Clara/Bulletins_de_paie/2026/Bulletin_2026-05.pdf,Bulletin_2026-05.pdf,pdf,1702,Document,Migrated,MIGRATED,,,SRC-31382899,28ad5dc9-f1a1-7500-93f8-4ade42b50c7c,1,0dd09e51-fa55-6835-c021-fa1bc31e4b97,1,d23f0824-128b-2f33-0c5c-7fd0a6a3a450,DEMO-SRV01
\\DEMO-SRV01\FileServer\02_RH_Collaborateurs\01_Dossiers_Individuels\ANDRÉ_Clara\Bulletins_de_paie\2026\Bulletin_2026-06.pdf,https://m365x71797824.sharepoint.com/sites/MigrationFileServer/RH/01_Dossiers_Individuels/ANDRÉ_Clara/Bulletins_de_paie/2026/Bulletin_2026-06.pdf,Bulletin_2026-06.pdf,pdf,1700,Document,Migrated,MIGRATED,,,SRC-64439780,f033b915-36f7-84cc-d0b3-a17548a28354,1,0dd09e51-fa55-6835-c021-fa1bc31e4b97,1,d23f0824-128b-2f33-0c5c-7fd0a6a3a450,DEMO-SRV01
\\DEMO-SRV01\FileServer\02_RH_Collaborateurs\01_Dossiers_Individuels\ANDRÉ_Clara\Bulletins_de_paie\2026\Bulletin_2026-07.pdf,https://m365x71797824.sharepoint.com/sites/MigrationFileServer/RH/01_Dossiers_Individuels/ANDRÉ_Clara/Bulletins_de_paie/2026/Bulletin_2026-07.pdf,Bulletin_2026-07.pdf,pdf,1700,Document,Migrated,MIGRATED,,,SRC-57252594,2a7147ea-7f91-9c89-3b45-63c7b31110c8,1,0dd09e51-fa55-6835-c021-fa1bc31e4b97,1,d23f0824-128b-2f33-0c5c-7fd0a6a3a450,DEMO-SRV01
\\DEMO-SRV01\FileServer\02_RH_Collaborateurs\01_Dossiers_Individuels\ANDRÉ_Clara\Bulletins_de_paie\2026\Bulletin_2026-08.pdf,https://m365x71797824.sharepoint.com/sites/MigrationFileServer/RH/01_Dossiers_Individuels/ANDRÉ_Clara/Bulletins_de_paie/2026/Bulletin_2026-08.pdf,Bulletin_2026-08.pdf,pdf,1700,Document,Migrated,MIGRATED,,,SRC-18688880,c44da161-a2f3-bd5d-f04f-62941c23edee,1,0dd09e51-fa55-6835-c021-fa1bc31e4b97,1,d23f0824-128b-2f33-0c5c-7fd0a6a3a450,DEMO-SRV01
\\DEMO-SRV01\FileServer\02_RH_Collaborateurs\01_Dossiers_Individuels\ANDRÉ_Clara\Contrat_de_travail_ANDRÉ.pdf,https://m365x71797824.sharepoint.com/sites/MigrationFileServer/RH/01_Dossiers_Individuels/ANDRÉ_Clara/Contrat_de_travail_ANDRÉ.pdf,Contrat_de_travail_ANDRÉ.pdf,pdf,1729,Document,Migrated,MIGRATED,,,SRC-48416184,fdb9ba32-c9b4-bc96-7d83-c1df14b4b8d8,1,0dd09e51-fa55-6835-c021-fa1bc31e4b97,1,d23f0824-128b-2f33-0c5c-7fd0a6a3a450,DEMO-SRV01
\\DEMO-SRV01\FileServer\02_RH_Collaborateurs\01_Dossiers_Individuels\ANDRÉ_Clara\Entretiens_annuels\Entretien_annuel_2024.docx,https://m365x71797824.sharepoint.com/sites/MigrationFileServer/RH/01_Dossiers_Individuels/ANDRÉ_Clara/Entretiens_annuels/Entretien_annuel_2024.docx,Entretien_annuel_2024.docx,docx,36752,Document,Migrated,MIGRATED,,,SRC-43624597,1ac44e92-c974-732b-8fae-625eb278f801,1,0dd09e51-fa55-6835-c021-fa1bc31e4b97,1,d23f0824-128b-2f33-0c5c-7fd0a6a3a450,DEMO-SRV01
\\DEMO-SRV01\FileServer\02_RH_Collaborateurs\01_Dossiers_Individuels\ANDRÉ_Clara\Entretiens_annuels\Entretien_annuel_2025.docx,https://m365x71797824.sharepoint.com/sites/MigrationFileServer/RH/01_Dossiers_Individuels/ANDRÉ_Clara/Entretiens_annuels/Entretien_annuel_2025.docx,Entretien_annuel_2025.docx,docx,36753,Document,Migrated,MIGRATED,,,SRC-17225378,185ba663-5b09-b845-539e-f49ca0c02a35,1,0dd09e51-fa55-6835-c021-fa1bc31e4b97,1,d23f0824-128b-2f33-0c5c-7fd0a6a3a450,DEMO-SRV01
\\DEMO-SRV01\FileServer\02_RH_Collaborateurs\01_Dossiers_Individuels\BERNARD_Camille\Bulletins_de_paie\2026\Bulletin_2026-01.pdf,https://m365x71797824.sharepoint.com/sites/MigrationFileServer/RH/01_Dossiers_Individuels/BERNARD_Camille/Bulletins_de_paie/2026/Bulletin_2026-01.pdf,Bulletin_2026-01.pdf,pdf,1700,Document,Migrated,MIGRATED,,,SRC-20625781,e44fbd3e-6504-7845-edb2-7a0f66b9aaf9,1,0dd09e51-fa55-6835-c021-fa1bc31e4b97,1,d23f0824-128b-2f33-0c5c-7fd0a6a3a450,DEMO-SRV01
\\DEMO-SRV01\FileServer\02_RH_Collaborateurs\01_Dossiers_Individuels\BERNARD_Camille\Bulletins_de_paie\2026\Bulletin_2026-02.pdf,https://m365x71797824.sharepoint.com/sites/MigrationFileServer/RH/01_Dossiers_Individuels/BERNARD_Camille/Bulletins_de_paie/2026/Bulletin_2026-02.pdf,Bulletin_2026-02.pdf,pdf,1700,Document,Migrated,MIGRATED,,,SRC-64915233,6c10b601-160f-6d6e-bec6-b7ece3f1bdf6,1,0dd09e51-fa55-6835-c021-fa1bc31e4b97,1,d23f0824-128b-2f33-0c5c-7fd0a6a3a450,DEMO-SRV01
\\DEMO-SRV01\FileServer\02_RH_Collaborateurs\01_Dossiers_Individuels\BERNARD_Camille\Bulletins_de_paie\2026\Bulletin_2026-03.pdf,https://m365x71797824.sharepoint.com/sites/MigrationFileServer/RH/01_Dossiers_Individuels/BERNARD_Camille/Bulletins_de_paie/2026/Bulletin_2026-03.pdf,Bulletin_2026-03.pdf,pdf,1700,Document,Migrated,MIGRATED,,,SRC-59938438,5f381d79-0671-ce23-a557-41cbe371613e,1,0dd09e51-fa55-6835-c021-fa1bc31e4b97,1,d23f0824-128b-2f33-0c5c-7fd0a6a3a450,DEMO-SRV01
\\DEMO-SRV01\FileServer\02_RH_Collaborateurs\01_Dossiers_Individuels\BERNARD_Camille\Bulletins_de_paie\2026\Bulletin_2026-04.pdf,https://m365x71797824.sharepoint.com/sites/MigrationFileServer/RH/01_Dossiers_Individuels/BERNARD_Camille/Bulletins_de_paie/2026/Bulletin_2026-04.pdf,Bulletin_2026-04.pdf,pdf,1699,Document,Migrated,MIGRATED,,,SRC-25963269,6d956563-4360-c66a-4d9a-a69634c411c3,1,0dd09e51-fa55-6835-c021-fa1bc31e4b97,1,d23f0824-128b-2f33-0c5c-7fd0a6a3a450,DEMO-SRV01
\\DEMO-SRV01\FileServer\02_RH_Collaborateurs\01_Dossiers_Individuels\BERNARD_Camille\Bulletins_de_paie\2026\Bulletin_2026-05.pdf,https://m365x71797824.sharepoint.com/sites/MigrationFileServer/RH/01_Dossiers_Individuels/BERNARD_Camille/Bulletins_de_paie/2026/Bulletin_2026-05.pdf,Bulletin_2026-05.pdf,pdf,1700,Document,Migrated,MIGRATED,,,SRC-24956425,2bcd85d2-804d-ffe8-8b80-fd3ae6b6122f,1,0dd09e51-fa55-6835-c021-fa1bc31e4b97,1,d23f0824-128b-2f33-0c5c-7fd0a6a3a450,DEMO-SRV01
\\DEMO-SRV01\FileServer\02_RH_Collaborateurs\01_Dossiers_Individuels\BERNARD_Camille\Bulletins_de_paie\2026\Bulletin_2026-06.pdf,https://m365x71797824.sharepoint.com/sites/MigrationFileServer/RH/01_Dossiers_Individuels/BERNARD_Camille/Bulletins_de_paie/2026/Bulletin_2026-06.pdf,Bulletin_2026-06.pdf,pdf,1702,Document,Migrated,MIGRATED,,,SRC-27758280,a17870d5-e24c-6c60-fb7f-36ee611a245e,1,0dd09e51-fa55-6835-c021-fa1bc31e4b97,1,d23f0824-128b-2f33-0c5c-7fd0a6a3a450,DEMO-SRV01
\\DEMO-SRV01\FileServer\02_RH_Collaborateurs\01_Dossiers_Individuels\BERNARD_Camille\Bulletins_de_paie\2026\Bulletin_2026-07.pdf,https://m365x71797824.sharepoint.com/sites/MigrationFileServer/RH/01_Dossiers_Individuels/BERNARD_Camille/Bulletins_de_paie/2026/Bulletin_2026-07.pdf,Bulletin_2026-07.pdf,pdf,1700,Document,Migrated,MIGRATED,,,SRC-17500148,207b3de0-75fe-1142-f1a4-bf3b3bcb9bce,1,0dd09e51-fa55-6835-c021-fa1bc31e4b97,1,d23f0824-128b-2f33-0c5c-7fd0a6a3a450,DEMO-SRV01
\\DEMO-SRV01\FileServer\02_RH_Collaborateurs\01_Dossiers_Individuels\BERNARD_Camille\Bulletins_de_paie\2026\Bulletin_2026-08.pdf,https://m365x71797824.sharepoint.com/sites/MigrationFileServer/RH/01_Dossiers_Individuels/BERNARD_Camille/Bulletins_de_paie/2026/Bulletin_2026-08.pdf,Bulletin_2026-08.pdf,pdf,1700,Document,Migrated,MIGRATED,,,SRC-72480158,b071b0da-c125-516b-9816-2c6788134e5e,1,0dd09e51-fa55-6835-c021-fa1bc31e4b97,1,d23f0824-128b-2f33-0c5c-7fd0a6a3a450,DEMO-SRV01
\\DEMO-SRV01\FileServer\02_RH_Collaborateurs\01_Dossiers_Individuels\BERNARD_Camille\Contrat_de_travail_BERNARD.pdf,https://m365x71797824.sharepoint.com/sites/MigrationFileServer/RH/01_Dossiers_Individuels/BERNARD_Camille/Contrat_de_travail_BERNARD.pdf,Contrat_de_travail_BERNARD.pdf,pdf,1723,Document,Migrated,MIGRATED,,,SRC-47365171,08aca106-a573-e8ca-9af8-255ec0c3ea0c,1,0dd09e51-fa55-6835-c021-fa1bc31e4b97,1,d23f0824-128b-2f33-0c5c-7fd0a6a3a450,DEMO-SRV01
\\DEMO-SRV01\FileServer\02_RH_Collaborateurs\01_Dossiers_Individuels\BERNARD_Camille\Entretiens_annuels\Entretien_annuel_2024.docx,https://m365x71797824.sharepoint.com/sites/MigrationFileServer/RH/01_Dossiers_Individuels/BERNARD_Camille/Entretiens_annuels/Entretien_annuel_2024.docx,Entretien_annuel_2024.docx,docx,36754,Document,Migrated,MIGRATED,,,SRC-72413042,85903d97-53a0-00dc-94e2-7f7759365783,1,0dd09e51-fa55-6835-c021-fa1bc31e4b97,1,d23f0824-128b-2f33-0c5c-7fd0a6a3a450,DEMO-SRV01
\\DEMO-SRV01\FileServer\02_RH_Collaborateurs\01_Dossiers_Individuels\BERNARD_Camille\Entretiens_annuels\Entretien_annuel_2025.docx,https://m365x71797824.sharepoint.com/sites/MigrationFileServer/RH/01_Dossiers_Individuels/BERNARD_Camille/Entretiens_annuels/Entretien_annuel_2025.docx,Entretien_annuel_2025.docx,docx,36755,Document,Migrated,MIGRATED,,,SRC-11720127,73474aa9-d7d5-ccbe-de35-21af27c37e56,1,0dd09e51-fa55-6835-c021-fa1bc31e4b97,1,d23f0824-128b-2f33-0c5c-7fd0a6a3a450,DEMO-SRV01
\\DEMO-SRV01\FileServer\02_RH_Collaborateurs\01_Dossiers_Individuels\BERNARD_Sophie\Bulletins_de_paie\2026\Bulletin_2026-01.pdf,https://m365x71797824.sharepoint.com/sites/MigrationFileServer/RH/01_Dossiers_Individuels/BERNARD_Sophie/Bulletins_de_paie/2026/Bulletin_2026-01.pdf,Bulletin_2026-01.pdf,pdf,1702,Document,Migrated,MIGRATED,,,SRC-61330858,52c602e2-bdf2-e077-8dc1-a43ea97f65bd,1,0dd09e51-fa55-6835-c021-fa1bc31e4b97,1,d23f0824-128b-2f33-0c5c-7fd0a6a3a450,DEMO-SRV01
\\DEMO-SRV01\FileServer\02_RH_Collaborateurs\01_Dossiers_Individuels\BERNARD_Sophie\Bulletins_de_paie\2026\Bulletin_2026-02.pdf,https://m365x71797824.sharepoint.com/sites/MigrationFileServer/RH/01_Dossiers_Individuels/BERNARD_Sophie/Bulletins_de_paie/2026/Bulletin_2026-02.pdf,Bulletin_2026-02.pdf,pdf,1703,Document,Migrated,MIGRATED,,,SRC-75392453,b0665350-7055-114e-7691-77522b67a9fd,1,0dd09e51-fa55-6835-c021-fa1bc31e4b97,1,d23f0824-128b-2f33-0c5c-7fd0a6a3a450,DEMO-SRV01
\\DEMO-SRV01\FileServer\02_RH_Collaborateurs\01_Dossiers_Individuels\BERNARD_Sophie\Bulletins_de_paie\2026\Bulletin_2026-03.pdf,https://m365x71797824.sharepoint.com/sites/MigrationFileServer/RH/01_Dossiers_Individuels/BERNARD_Sophie/Bulletins_de_paie/2026/Bulletin_2026-03.pdf,Bulletin_2026-03.pdf,pdf,1700,Document,Migrated,MIGRATED,,,SRC-24649697,3b246b47-9444-7857-41d8-b452c5ffd933,1,0dd09e51-fa55-6835-c021-fa1bc31e4b97,1,d23f0824-128b-2f33-0c5c-7fd0a6a3a450,DEMO-SRV01
\\DEMO-SRV01\FileServer\02_RH_Collaborateurs\01_Dossiers_Individuels\BERNARD_Sophie\Bulletins_de_paie\2026\Bulletin_2026-04.pdf,https://m365x71797824.sharepoint.com/sites/MigrationFileServer/RH/01_Dossiers_Individuels/BERNARD_Sophie/Bulletins_de_paie/2026/Bulletin_2026-04.pdf,Bulletin_2026-04.pdf,pdf,1699,Document,Migrated,MIGRATED,,,SRC-22615319,a4880c45-7646-cf57-5584-8bff20454643,1,0dd09e51-fa55-6835-c021-fa1bc31e4b97,1,d23f0824-128b-2f33-0c5c-7fd0a6a3a450,DEMO-SRV01
\\DEMO-SRV01\FileServer\02_RH_Collaborateurs\01_Dossiers_Individuels\BERNARD_Sophie\Bulletins_de_paie\2026\Bulletin_2026-05.pdf,https://m365x71797824.sharepoint.com/sites/MigrationFileServer/RH/01_Dossiers_Individuels/BERNARD_Sophie/Bulletins_de_paie/2026/Bulletin_2026-05.pdf,Bulletin_2026-05.pdf,pdf,1702,Document,Migrated,MIGRATED,,,SRC-97597550,81f8d9df-3ce9-a9af-b252-01e9e2979619,1,0dd09e51-fa55-6835-c021-fa1bc31e4b97,1,d23f0824-128b-2f33-0c5c-7fd0a6a3a450,DEMO-SRV01
\\DEMO-SRV01\FileServer\02_RH_Collaborateurs\01_Dossiers_Individuels\BERNARD_Sophie\Bulletins_de_paie\2026\Bulletin_2026-06.pdf,https://m365x71797824.sharepoint.com/sites/MigrationFileServer/RH/01_Dossiers_Individuels/BERNARD_Sophie/Bulletins_de_paie/2026/Bulletin_2026-06.pdf,Bulletin_2026-06.pdf,pdf,1700,Document,Migrated,MIGRATED,,,SRC-87054499,c1364fe5-4d2f-9bba-4479-c074310afae0,1,0dd09e51-fa55-6835-c021-fa1bc31e4b97,1,d23f0824-128b-2f33-0c5c-7fd0a6a3a450,DEMO-SRV01
\\DEMO-SRV01\FileServer\02_RH_Collaborateurs\01_Dossiers_Individuels\BERNARD_Sophie\Bulletins_de_paie\2026\Bulletin_2026-07.pdf,https://m365x71797824.sharepoint.com/sites/MigrationFileServer/RH/01_Dossiers_Individuels/BERNARD_Sophie/Bulletins_de_paie/2026/Bulletin_2026-07.pdf,Bulletin_2026-07.pdf,pdf,1703,Document,Migrated,MIGRATED,,,SRC-36185771,9e097fe3-d7fa-41b8-d397-1494b402b288,1,0dd09e51-fa55-6835-c021-fa1bc31e4b97,1,d23f0824-128b-2f33-0c5c-7fd0a6a3a450,DEMO-SRV01
\\DEMO-SRV01\FileServer\02_RH_Collaborateurs\01_Dossiers_Individuels\BERNARD_Sophie\Bulletins_de_paie\2026\Bulletin_2026-08.pdf,https://m365x71797824.sharepoint.com/sites/MigrationFileServer/RH/01_Dossiers_Individuels/BERNARD_Sophie/Bulletins_de_paie/2026/Bulletin_2026-08.pdf,Bulletin_2026-08.pdf,pdf,1702,Document,Migrated,MIGRATED,,,SRC-97518320,f98a5a34-27ee-ae0a-b92c-8dec27937e85,1,0dd09e51-fa55-6835-c021-fa1bc31e4b97,1,d23f0824-128b-2f33-0c5c-7fd0a6a3a450,DEMO-SRV01
\\DEMO-SRV01\FileServer\02_RH_Collaborateurs\01_Dossiers_Individuels\BERNARD_Sophie\Contrat_de_travail_BERNARD.pdf,https://m365x71797824.sharepoint.com/sites/MigrationFileServer/RH/01_Dossiers_Individuels/BERNARD_Sophie/Contrat_de_travail_BERNARD.pdf,Contrat_de_travail_BERNARD.pdf,pdf,1727,Document,Migrated,MIGRATED,,,SRC-10325123,9a575555-5399-9ac8-b921-01a23f617877,1,0dd09e51-fa55-6835-c021-fa1bc31e4b97,1,d23f0824-128b-2f33-0c5c-7fd0a6a3a450,DEMO-SRV01
\\DEMO-SRV01\FileServer\02_RH_Collaborateurs\01_Dossiers_Individuels\BERNARD_Sophie\Entretiens_annuels\Entretien_annuel_2024.docx,https://m365x71797824.sharepoint.com/sites/MigrationFileServer/RH/01_Dossiers_Individuels/BERNARD_Sophie/Entretiens_annuels/Entretien_annuel_2024.docx,Entretien_annuel_2024.docx,docx,36756,Document,Migrated,MIGRATED,,,SRC-62183469,3c787566-2932-56b6-593f-f3df85ad81d7,1,0dd09e51-fa55-6835-c021-fa1bc31e4b97,1,d23f0824-128b-2f33-0c5c-7fd0a6a3a450,DEMO-SRV01
\\DEMO-SRV01\FileServer\02_RH_Collaborateurs\01_Dossiers_Individuels\BERNARD_Sophie\Entretiens_annuels\Entretien_annuel_2025.docx,https://m365x71797824.sharepoint.com/sites/MigrationFileServer/RH/01_Dossiers_Individuels/BERNARD_Sophie/Entretiens_annuels/Entretien_annuel_2025.docx,Entretien_annuel_2025.docx,docx,36756,Document,Migrated,MIGRATED,,,SRC-16378341,42396323-3074-38e6-f4ae-dd0253fcba58,1,0dd09e51-fa55-6835-c021-fa1bc31e4b97,1,d23f0824-128b-2f33-0c5c-7fd0a6a3a450,DEMO-SRV01
\\DEMO-SRV01\FileServer\02_RH_Collaborateurs\01_Dossiers_Individuels\BLANC_Léa\Bulletins_de_paie\2026\Bulletin_2026-01.pdf,https://m365x71797824.sharepoint.com/sites/MigrationFileServer/RH/01_Dossiers_Individuels/BLANC_Léa/Bulletins_de_paie/2026/Bulletin_2026-01.pdf,Bulletin_2026-01.pdf,pdf,1700,Document,Migrated,MIGRATED,,,SRC-85440752,feb36d43-ba8e-3338-f478-d090f9a3500b,1,0dd09e51-fa55-6835-c021-fa1bc31e4b97,1,d23f0824-128b-2f33-0c5c-7fd0a6a3a450,DEMO-SRV01
\\DEMO-SRV01\FileServer\02_RH_Collaborateurs\01_Dossiers_Individuels\BLANC_Léa\Bulletins_de_paie\2026\Bulletin_2026-02.pdf,https://m365x71797824.sharepoint.com/sites/MigrationFileServer/RH/01_Dossiers_Individuels/BLANC_Léa/Bulletins_de_paie/2026/Bulletin_2026-02.pdf,Bulletin_2026-02.pdf,pdf,1699,Document,Migrated,MIGRATED,,,SRC-55236424,a86c1fcf-f65e-e8fc-2a23-534a1a0ffed5,1,0dd09e51-fa55-6835-c021-fa1bc31e4b97,1,d23f0824-128b-2f33-0c5c-7fd0a6a3a450,DEMO-SRV01
\\DEMO-SRV01\FileServer\02_RH_Collaborateurs\01_Dossiers_Individuels\BLANC_Léa\Bulletins_de_paie\2026\Bulletin_2026-03.pdf,https://m365x71797824.sharepoint.com/sites/MigrationFileServer/RH/01_Dossiers_Individuels/BLANC_Léa/Bulletins_de_paie/2026/Bulletin_2026-03.pdf,Bulletin_2026-03.pdf,pdf,1698,Document,Migrated,MIGRATED,,,SRC-88445519,26a55215-625d-165b-3207-d5a31a04f280,1,0dd09e51-fa55-6835-c021-fa1bc31e4b97,1,d23f0824-128b-2f33-0c5c-7fd0a6a3a450,DEMO-SRV01
\\DEMO-SRV01\FileServer\02_RH_Collaborateurs\01_Dossiers_Individuels\BLANC_Léa\Bulletins_de_paie\2026\Bulletin_2026-04.pdf,https://m365x71797824.sharepoint.com/sites/MigrationFileServer/RH/01_Dossiers_Individuels/BLANC_Léa/Bulletins_de_paie/2026/Bulletin_2026-04.pdf,Bulletin_2026-04.pdf,pdf,1698,Document,Migrated,MIGRATED,,,SRC-19218946,4d56c5ae-cb7d-c45a-25f8-3e61fbdc773b,1,0dd09e51-fa55-6835-c021-fa1bc31e4b97,1,d23f0824-128b-2f33-0c5c-7fd0a6a3a450,DEMO-SRV01
\\DEMO-SRV01\FileServer\02_RH_Collaborateurs\01_Dossiers_Individuels\BLANC_Léa\Bulletins_de_paie\2026\Bulletin_2026-05.pdf,https://m365x71797824.sharepoint.com/sites/MigrationFileServer/RH/01_Dossiers_Individuels/BLANC_Léa/Bulletins_de_paie/2026/Bulletin_2026-05.pdf,Bulletin_2026-05.pdf,pdf,1699,Document,Migrated,MIGRATED,,,SRC-18568986,46191aa0-6f57-1d36-4c22-b1f4bbb91047,1,0dd09e51-fa55-6835-c021-fa1bc31e4b97,1,d23f0824-128b-2f33-0c5c-7fd0a6a3a450,DEMO-SRV01
\\DEMO-SRV01\FileServer\02_RH_Collaborateurs\01_Dossiers_Individuels\BLANC_Léa\Bulletins_de_paie\2026\Bulletin_2026-06.pdf,https://m365x71797824.sharepoint.com/sites/MigrationFileServer/RH/01_Dossiers_Individuels/BLANC_Léa/Bulletins_de_paie/2026/Bulletin_2026-06.pdf,Bulletin_2026-06.pdf,pdf,1698,Document,Migrated,MIGRATED,,,SRC-23732972,e951acba-a352-b6b5-1bf9-b683323991af,1,0dd09e51-fa55-6835-c021-fa1bc31e4b97,1,d23f0824-128b-2f33-0c5c-7fd0a6a3a450,DEMO-SRV01
\\DEMO-SRV01\FileServer\02_RH_Collaborateurs\01_Dossiers_Individuels\BLANC_Léa\Bulletins_de_paie\2026\Bulletin_2026-07.pdf,https://m365x71797824.sharepoint.com/sites/MigrationFileServer/RH/01_Dossiers_Individuels/BLANC_Léa/Bulletins_de_paie/2026/Bulletin_2026-07.pdf,Bulletin_2026-07.pdf,pdf,1699,Document,Migrated,MIGRATED,,,SRC-94901725,e29f9ecb-34d9-82fb-47e2-cc361b5bd042,1,0dd09e51-fa55-6835-c021-fa1bc31e4b97,1,d23f0824-128b-2f33-0c5c-7fd0a6a3a450,DEMO-SRV01
\\DEMO-SRV01\FileServer\02_RH_Collaborateurs\01_Dossiers_Individuels\BLANC_Léa\Bulletins_de_paie\2026\Bulletin_2026-08.pdf,https://m365x71797824.sharepoint.com/sites/MigrationFileServer/RH/01_Dossiers_Individuels/BLANC_Léa/Bulletins_de_paie/2026/Bulletin_2026-08.pdf,Bulletin_2026-08.pdf,pdf,1699,Document,Migrated,MIGRATED,,,SRC-38790472,033ae330-08af-bded-76c3-38fa636a5479,1,0dd09e51-fa55-6835-c021-fa1bc31e4b97,1,d23f0824-128b-2f33-0c5c-7fd0a6a3a450,DEMO-SRV01
\\DEMO-SRV01\FileServer\02_RH_Collaborateurs\01_Dossiers_Individuels\BLANC_Léa\Contrat_de_travail_BLANC.pdf,https://m365x71797824.sharepoint.com/sites/MigrationFileServer/RH/01_Dossiers_Individuels/BLANC_Léa/Contrat_de_travail_BLANC.pdf,Contrat_de_travail_BLANC.pdf,pdf,1723,Document,Migrated,MIGRATED,,,SRC-30332325,6fc04d79-ca7f-41e3-dab5-373866263f9f,1,0dd09e51-fa55-6835-c021-fa1bc31e4b97,1,d23f0824-128b-2f33-0c5c-7fd0a6a3a450,DEMO-SRV01
\\DEMO-SRV01\FileServer\02_RH_Collaborateurs\01_Dossiers_Individuels\BLANC_Léa\Entretiens_annuels\Entretien_annuel_2024.docx,https://m365x71797824.sharepoint.com/sites/MigrationFileServer/RH/01_Dossiers_Individuels/BLANC_Léa/Entretiens_annuels/Entretien_annuel_2024.docx,Entretien_annuel_2024.docx,docx,36754,Document,Migrated,MIGRATED,,,SRC-26571533,fb1b0902-801f-e30b-38f2-a031b1853dc0,1,0dd09e51-fa55-6835-c021-fa1bc31e4b97,1,d23f0824-128b-2f33-0c5c-7fd0a6a3a450,DEMO-SRV01
\\DEMO-SRV01\FileServer\02_RH_Collaborateurs\01_Dossiers_Individuels\BLANC_Léa\Entretiens_annuels\Entretien_annuel_2025.docx,https://m365x71797824.sharepoint.com/sites/MigrationFileServer/RH/01_Dossiers_Individuels/BLANC_Léa/Entretiens_annuels/Entretien_annuel_2025.docx,Entretien_annuel_2025.docx,docx,36754,Document,Migrated,MIGRATED,,,SRC-53667509,05a97aab-7699-7819-4bd4-a21ca1e381f9,1,0dd09e51-fa55-6835-c021-fa1bc31e4b97,1,d23f0824-128b-2f33-0c5c-7fd0a6a3a450,DEMO-SRV01
\\DEMO-SRV01\FileServer\02_RH_Collaborateurs\01_Dossiers_Individuels\BLANC_Pauline\Bulletins_de_paie\2026\Bulletin_2026-01.pdf,https://m365x71797824.sharepoint.com/sites/MigrationFileServer/RH/01_Dossiers_Individuels/BLANC_Pauline/Bulletins_de_paie/2026/Bulletin_2026-01.pdf,Bulletin_2026-01.pdf,pdf,1697,Document,Migrated,MIGRATED,,,SRC-56283961,bcfd527b-9a8c-a891-41d8-bf61244dd37f,1,0dd09e51-fa55-6835-c021-fa1bc31e4b97,1,d23f0824-128b-2f33-0c5c-7fd0a6a3a450,DEMO-SRV01
\\DEMO-SRV01\FileServer\02_RH_Collaborateurs\01_Dossiers_Individuels\BLANC_Pauline\Bulletins_de_paie\2026\Bulletin_2026-02.pdf,https://m365x71797824.sharepoint.com/sites/MigrationFileServer/RH/01_Dossiers_Individuels/BLANC_Pauline/Bulletins_de_paie/2026/Bulletin_2026-02.pdf,Bulletin_2026-02.pdf,pdf,1695,Document,Migrated,MIGRATED,,,SRC-34494397,3e06571b-bdae-9f93-0169-9af8679b4bba,1,0dd09e51-fa55-6835-c021-fa1bc31e4b97,1,d23f0824-128b-2f33-0c5c-7fd0a6a3a450,DEMO-SRV01
\\DEMO-SRV01\FileServer\02_RH_Collaborateurs\01_Dossiers_Individuels\BLANC_Pauline\Bulletins_de_paie\2026\Bulletin_2026-03.pdf,https://m365x71797824.sharepoint.com/sites/MigrationFileServer/RH/01_Dossiers_Individuels/BLANC_Pauline/Bulletins_de_paie/2026/Bulletin_2026-03.pdf,Bulletin_2026-03.pdf,pdf,1698,Document,Migrated,MIGRATED,,,SRC-56532283,b37f58f4-6e16-56d0-da57-15e4e872f15c,1,0dd09e51-fa55-6835-c021-fa1bc31e4b97,1,d23f0824-128b-2f33-0c5c-7fd0a6a3a450,DEMO-SRV01
\\DEMO-SRV01\FileServer\02_RH_Collaborateurs\01_Dossiers_Individuels\BLANC_Pauline\Bulletins_de_paie\2026\Bulletin_2026-04.pdf,https://m365x71797824.sharepoint.com/sites/MigrationFileServer/RH/01_Dossiers_Individuels/BLANC_Pauline/Bulletins_de_paie/2026/Bulletin_2026-04.pdf,Bulletin_2026-04.pdf,pdf,1698,Document,Migrated,MIGRATED,,,SRC-54953166,a5aef8a6-bfc5-056e-9661-9afb92f03975,1,0dd09e51-fa55-6835-c021-fa1bc31e4b97,1,d23f0824-128b-2f33-0c5c-7fd0a6a3a450,DEMO-SRV01
\\DEMO-SRV01\FileServer\02_RH_Collaborateurs\01_Dossiers_Individuels\BLANC_Pauline\Bulletins_de_paie\2026\Bulletin_2026-05.pdf,https://m365x71797824.sharepoint.com/sites/MigrationFileServer/RH/01_Dossiers_Individuels/BLANC_Pauline/Bulletins_de_paie/2026/Bulletin_2026-05.pdf,Bulletin_2026-05.pdf,pdf,1697,Document,Migrated,MIGRATED,,,SRC-46495107,aafb3717-3a83-35f8-d893-08826bd0cd12,1,0dd09e51-fa55-6835-c021-fa1bc31e4b97,1,d23f0824-128b-2f33-0c5c-7fd0a6a3a450,DEMO-SRV01
\\DEMO-SRV01\FileServer\02_RH_Collaborateurs\01_Dossiers_Individuels\BLANC_Pauline\Bulletins_de_paie\2026\Bulletin_2026-06.pdf,https://m365x71797824.sharepoint.com/sites/MigrationFileServer/RH/01_Dossiers_Individuels/BLANC_Pauline/Bulletins_de_paie/2026/Bulletin_2026-06.pdf,Bulletin_2026-06.pdf,pdf,1698,Document,Migrated,MIGRATED,,,SRC-75519904,e0aadaba-e14c-bde5-a709-4548b8e3621b,2,0dd09e51-fa55-6835-c021-fa1bc31e4b97,1,d23f0824-128b-2f33-0c5c-7fd0a6a3a450,DEMO-SRV01
\\DEMO-SRV01\FileServer\02_RH_Collaborateurs\01_Dossiers_Individuels\BLANC_Pauline\Bulletins_de_paie\2026\Bulletin_2026-07.pdf,https://m365x71797824.sharepoint.com/sites/MigrationFileServer/RH/01_Dossiers_Individuels/BLANC_Pauline/Bulletins_de_paie/2026/Bulletin_2026-07.pdf,Bulletin_2026-07.pdf,pdf,1698,Document,Migrated,MIGRATED,,,SRC-8676430,9571623c-b338-58a1-a445-f305c628087d,2,0dd09e51-fa55-6835-c021-fa1bc31e4b97,1,d23f0824-128b-2f33-0c5c-7fd0a6a3a450,DEMO-SRV01
\\DEMO-SRV01\FileServer\02_RH_Collaborateurs\01_Dossiers_Individuels\BLANC_Pauline\Bulletins_de_paie\2026\Bulletin_2026-08.pdf,https://m365x71797824.sharepoint.com/sites/MigrationFileServer/RH/01_Dossiers_Individuels/BLANC_Pauline/Bulletins_de_paie/2026/Bulletin_2026-08.pdf,Bulletin_2026-08.pdf,pdf,1699,Document,Migrated,MIGRATED,,,SRC-2752488,2e771bd6-adfa-09b0-3a85-eed0da39c4ea,2,0dd09e51-fa55-6835-c021-fa1bc31e4b97,1,d23f0824-128b-2f33-0c5c-7fd0a6a3a450,DEMO-SRV01
\\DEMO-SRV01\FileServer\02_RH_Collaborateurs\01_Dossiers_Individuels\BLANC_Pauline\Contrat_de_travail_BLANC.pdf,https://m365x71797824.sharepoint.com/sites/MigrationFileServer/RH/01_Dossiers_Individuels/BLANC_Pauline/Contrat_de_travail_BLANC.pdf,Contrat_de_travail_BLANC.pdf,pdf,1730,Document,Migrated,MIGRATED,,,SRC-74915548,6eba35e0-7432-f79d-1fcc-9634a43be368,2,0dd09e51-fa55-6835-c021-fa1bc31e4b97,1,d23f0824-128b-2f33-0c5c-7fd0a6a3a450,DEMO-SRV01
\\DEMO-SRV01\FileServer\02_RH_Collaborateurs\01_Dossiers_Individuels\BLANC_Pauline\Entretiens_annuels\Entretien_annuel_2024.docx,https://m365x71797824.sharepoint.com/sites/MigrationFileServer/RH/01_Dossiers_Individuels/BLANC_Pauline/Entretiens_annuels/Entretien_annuel_2024.docx,Entretien_annuel_2024.docx,docx,36755,Document,Migrated,MIGRATED,,,SRC-66839974,b35dcf68-a0d6-c1fe-4282-c8435021b420,2,0dd09e51-fa55-6835-c021-fa1bc31e4b97,1,d23f0824-128b-2f33-0c5c-7fd0a6a3a450,DEMO-SRV01
\\DEMO-SRV01\FileServer\02_RH_Collaborateurs\01_Dossiers_Individuels\BLANC_Pauline\Entretiens_annuels\Entretien_annuel_2025.docx,https://m365x71797824.sharepoint.com/sites/MigrationFileServer/RH/01_Dossiers_Individuels/BLANC_Pauline/Entretiens_annuels/Entretien_annuel_2025.docx,Entretien_annuel_2025.docx,docx,36754,Document,Migrated,MIGRATED,,,SRC-2267113,3e0dac1c-6b69-9f07-e50d-f523190dcc94,2,0dd09e51-fa55-6835-c021-fa1bc31e4b97,1,d23f0824-128b-2f33-0c5c-7fd0a6a3a450,DEMO-SRV01
\\DEMO-SRV01\FileServer\02_RH_Collaborateurs\01_Dossiers_Individuels\BLANC_Sarah\Bulletins_de_paie\2026\Bulletin_2026-01.pdf,https://m365x71797824.sharepoint.com/sites/MigrationFileServer/RH/01_Dossiers_Individuels/BLANC_Sarah/Bulletins_de_paie/2026/Bulletin_2026-01.pdf,Bulletin_2026-01.pdf,pdf,1697,Document,Migrated,MIGRATED,,,SRC-37963649,b66f47ac-b691-0780-666f-0c32c849ed81,2,0dd09e51-fa55-6835-c021-fa1bc31e4b97,1,d23f0824-128b-2f33-0c5c-7fd0a6a3a450,DEMO-SRV01
\\DEMO-SRV01\FileServer\02_RH_Collaborateurs\01_Dossiers_Individuels\BLANC_Sarah\Bulletins_de_paie\2026\Bulletin_2026-02.pdf,https://m365x71797824.sharepoint.com/sites/MigrationFileServer/RH/01_Dossiers_Individuels/BLANC_Sarah/Bulletins_de_paie/2026/Bulletin_2026-02.pdf,Bulletin_2026-02.pdf,pdf,1695,Document,Migrated,MIGRATED,,,SRC-92626473,d974fec5-4003-ff33-280d-a853a12e6df3,2,0dd09e51-fa55-6835-c021-fa1bc31e4b97,1,d23f0824-128b-2f33-0c5c-7fd0a6a3a450,DEMO-SRV01
\\DEMO-SRV01\FileServer\02_RH_Collaborateurs\01_Dossiers_Individuels\BLANC_Sarah\Bulletins_de_paie\2026\Bulletin_2026-03.pdf,https://m365x71797824.sharepoint.com/sites/MigrationFileServer/RH/01_Dossiers_Individuels/BLANC_Sarah/Bulletins_de_paie/2026/Bulletin_2026-03.pdf,Bulletin_2026-03.pdf,pdf,1695,Document,Migrated,MIGRATED,,,SRC-58516629,050842f5-7487-a00c-7b95-15936c6fba96,2,0dd09e51-fa55-6835-c021-fa1bc31e4b97,1,d23f0824-128b-2f33-0c5c-7fd0a6a3a450,DEMO-SRV01
\\DEMO-SRV01\FileServer\02_RH_Collaborateurs\01_Dossiers_Individuels\BLANC_Sarah\Bulletins_de_paie\2026\Bulletin_2026-04.pdf,https://m365x71797824.sharepoint.com/sites/MigrationFileServer/RH/01_Dossiers_Individuels/BLANC_Sarah/Bulletins_de_paie/2026/Bulletin_2026-04.pdf,Bulletin_2026-04.pdf,pdf,1694,Document,Migrated,MIGRATED,,,SRC-78397697,84ac2e30-68ca-cfe6-dbc9-1d049f1f2193,2,0dd09e51-fa55-6835-c021-fa1bc31e4b97,1,d23f0824-128b-2f33-0c5c-7fd0a6a3a450,DEMO-SRV01
\\DEMO-SRV01\FileServer\02_RH_Collaborateurs\01_Dossiers_Individuels\BLANC_Sarah\Bulletins_de_paie\2026\Bulletin_2026-05.pdf,https://m365x71797824.sharepoint.com/sites/MigrationFileServer/RH/01_Dossiers_Individuels/BLANC_Sarah/Bulletins_de_paie/2026/Bulletin_2026-05.pdf,Bulletin_2026-05.pdf,pdf,1697,Document,Migrated,MIGRATED,,,SRC-22385154,df7c758b-ee21-6a55-a93e-0f6facdcdb5f,2,0dd09e51-fa55-6835-c021-fa1bc31e4b97,1,d23f0824-128b-2f33-0c5c-7fd0a6a3a450,DEMO-SRV01
\\DEMO-SRV01\FileServer\02_RH_Collaborateurs\01_Dossiers_Individuels\BLANC_Sarah\Bulletins_de_paie\2026\Bulletin_2026-06.pdf,https://m365x71797824.sharepoint.com/sites/MigrationFileServer/RH/01_Dossiers_Individuels/BLANC_Sarah/Bulletins_de_paie/2026/Bulletin_2026-06.pdf,Bulletin_2026-06.pdf,pdf,1695,Document,Migrated,MIGRATED,,,SRC-1265098,53fb51b9-a78c-a31e-e4fd-960e2edd27f7,2,0dd09e51-fa55-6835-c021-fa1bc31e4b97,1,d23f0824-128b-2f33-0c5c-7fd0a6a3a450,DEMO-SRV01
\\DEMO-SRV01\FileServer\02_RH_Collaborateurs\01_Dossiers_Individuels\BLANC_Sarah\Bulletins_de_paie\2026\Bulletin_2026-07.pdf,https://m365x71797824.sharepoint.com/sites/MigrationFileServer/RH/01_Dossiers_Individuels/BLANC_Sarah/Bulletins_de_paie/2026/Bulletin_2026-07.pdf,Bulletin_2026-07.pdf,pdf,1694,Document,Migrated,MIGRATED,,,SRC-14954657,d4f58692-6382-6536-02b8-c92ac736c452,2,0dd09e51-fa55-6835-c021-fa1bc31e4b97,1,d23f0824-128b-2f33-0c5c-7fd0a6a3a450,DEMO-SRV01
\\DEMO-SRV01\FileServer\02_RH_Collaborateurs\01_Dossiers_Individuels\BLANC_Sarah\Bulletins_de_paie\2026\Bulletin_2026-08.pdf,https://m365x71797824.sharepoint.com/sites/MigrationFileServer/RH/01_Dossiers_Individuels/BLANC_Sarah/Bulletins_de_paie/2026/Bulletin_2026-08.pdf,Bulletin_2026-08.pdf,pdf,1698,Document,Migrated,MIGRATED,,,SRC-41246522,1b3bb890-f980-aae3-e87f-44b17d662a32,2,0dd09e51-fa55-6835-c021-fa1bc31e4b97,1,d23f0824-128b-2f33-0c5c-7fd0a6a3a450,DEMO-SRV01
\\DEMO-SRV01\FileServer\02_RH_Collaborateurs\01_Dossiers_Individuels\BLANC_Sarah\Contrat_de_travail_BLANC.pdf,https://m365x71797824.sharepoint.com/sites/MigrationFileServer/RH/01_Dossiers_Individuels/BLANC_Sarah/Contrat_de_travail_BLANC.pdf,Contrat_de_travail_BLANC.pdf,pdf,1735,Document,Migrated,MIGRATED,,,SRC-99479712,37c714cf-8b19-a2b6-4050-284509c3e7c0,2,0dd09e51-fa55-6835-c021-fa1bc31e4b97,1,d23f0824-128b-2f33-0c5c-7fd0a6a3a450,DEMO-SRV01
\\DEMO-SRV01\FileServer\02_RH_Collaborateurs\01_Dossiers_Individuels\BLANC_Sarah\Entretiens_annuels\Entretien_annuel_2024.docx,https://m365x71797824.sharepoint.com/sites/MigrationFileServer/RH/01_Dossiers_Individuels/BLANC_Sarah/Entretiens_annuels/Entretien_annuel_2024.docx,Entretien_annuel_2024.docx,docx,36753,Document,Migrated,MIGRATED,,,SRC-74075616,f38a1e14-c823-802f-b759-efcf292cfb34,2,0dd09e51-fa55-6835-c021-fa1bc31e4b97,1,d23f0824-128b-2f33-0c5c-7fd0a6a3a450,DEMO-SRV01
\\DEMO-SRV01\FileServer\02_RH_Collaborateurs\01_Dossiers_Individuels\BLANC_Sarah\Entretiens_annuels\Entretien_annuel_2025.docx,https://m365x71797824.sharepoint.com/sites/MigrationFileServer/RH/01_Dossiers_Individuels/BLANC_Sarah/Entretiens_annuels/Entretien_annuel_2025.docx,Entretien_annuel_2025.docx,docx,36753,Document,Migrated,MIGRATED,,,SRC-36325602,59242043-84eb-99bd-3326-d90ff0ca5b41,2,0dd09e51-fa55-6835-c021-fa1bc31e4b97,1,d23f0824-128b-2f33-0c5c-7fd0a6a3a450,DEMO-SRV01
\\DEMO-SRV01\FileServer\02_RH_Collaborateurs\01_Dossiers_Individuels\BOYER_Bastien\Bulletins_de_paie\2026\Bulletin_2026-01.pdf,https://m365x71797824.sharepoint.com/sites/MigrationFileServer/RH/01_Dossiers_Individuels/BOYER_Bastien/Bulletins_de_paie/2026/Bulletin_2026-01.pdf,Bulletin_2026-01.pdf,pdf,1699,Document,Migrated,MIGRATED,,,SRC-78464710,74efd764-9316-6586-d8df-71f419e0d64a,2,0dd09e51-fa55-6835-c021-fa1bc31e4b97,1,d23f0824-128b-2f33-0c5c-7fd0a6a3a450,DEMO-SRV01
\\DEMO-SRV01\FileServer\02_RH_Collaborateurs\01_Dossiers_Individuels\BOYER_Bastien\Bulletins_de_paie\2026\Bulletin_2026-02.pdf,https://m365x71797824.sharepoint.com/sites/MigrationFileServer/RH/01_Dossiers_Individuels/BOYER_Bastien/Bulletins_de_paie/2026/Bulletin_2026-02.pdf,Bulletin_2026-02.pdf,pdf,1697,Document,Migrated,MIGRATED,,,SRC-37851305,79c9cdb6-b7a0-b785-3479-b1f08a814a78,2,0dd09e51-fa55-6835-c021-fa1bc31e4b97,1,d23f0824-128b-2f33-0c5c-7fd0a6a3a450,DEMO-SRV01
\\DEMO-SRV01\FileServer\02_RH_Collaborateurs\01_Dossiers_Individuels\BOYER_Bastien\Bulletins_de_paie\2026\Bulletin_2026-03.pdf,https://m365x71797824.sharepoint.com/sites/MigrationFileServer/RH/01_Dossiers_Individuels/BOYER_Bastien/Bulletins_de_paie/2026/Bulletin_2026-03.pdf,Bulletin_2026-03.pdf,pdf,1697,Document,Migrated,MIGRATED,,,SRC-54807633,cae5a871-a3a6-a0a9-041f-8d71831ef5c3,2,0dd09e51-fa55-6835-c021-fa1bc31e4b97,1,d23f0824-128b-2f33-0c5c-7fd0a6a3a450,DEMO-SRV01
\\DEMO-SRV01\FileServer\02_RH_Collaborateurs\01_Dossiers_Individuels\BOYER_Bastien\Bulletins_de_paie\2026\Bulletin_2026-04.pdf,https://m365x71797824.sharepoint.com/sites/MigrationFileServer/RH/01_Dossiers_Individuels/BOYER_Bastien/Bulletins_de_paie/2026/Bulletin_2026-04.pdf,Bulletin_2026-04.pdf,pdf,1698,Document,Migrated,MIGRATED,,,SRC-62597921,57c52302-858d-5cd2-5eb2-ad7ed43861ce,2,0dd09e51-fa55-6835-c021-fa1bc31e4b97,1,d23f0824-128b-2f33-0c5c-7fd0a6a3a450,DEMO-SRV01
\\DEMO-SRV01\FileServer\02_RH_Collaborateurs\01_Dossiers_Individuels\BOYER_Bastien\Bulletins_de_paie\2026\Bulletin_2026-05.pdf,https://m365x71797824.sharepoint.com/sites/MigrationFileServer/RH/01_Dossiers_Individuels/BOYER_Bastien/Bulletins_de_paie/2026/Bulletin_2026-05.pdf,Bulletin_2026-05.pdf,pdf,1699,Document,Migrated,MIGRATED,,,SRC-27133266,74f806f2-f2ae-556f-bdfa-ea88690c9bf8,2,0dd09e51-fa55-6835-c021-fa1bc31e4b97,1,d23f0824-128b-2f33-0c5c-7fd0a6a3a450,DEMO-SRV01
\\DEMO-SRV01\FileServer\02_RH_Collaborateurs\01_Dossiers_Individuels\BOYER_Bastien\Bulletins_de_paie\2026\Bulletin_2026-06.pdf,https://m365x71797824.sharepoint.com/sites/MigrationFileServer/RH/01_Dossiers_Individuels/BOYER_Bastien/Bulletins_de_paie/2026/Bulletin_2026-06.pdf,Bulletin_2026-06.pdf,pdf,1698,Document,Migrated,MIGRATED,,,SRC-35944251,2f0db088-af32-3c2d-fd82-db7635c86b78,2,0dd09e51-fa55-6835-c021-fa1bc31e4b97,1,d23f0824-128b-2f33-0c5c-7fd0a6a3a450,DEMO-SRV01
\\DEMO-SRV01\FileServer\02_RH_Collaborateurs\01_Dossiers_Individuels\BOYER_Bastien\Bulletins_de_paie\2026\Bulletin_2026-07.pdf,https://m365x71797824.sharepoint.com/sites/MigrationFileServer/RH/01_Dossiers_Individuels/BOYER_Bastien/Bulletins_de_paie/2026/Bulletin_2026-07.pdf,Bulletin_2026-07.pdf,pdf,1698,Document,Migrated,MIGRATED,,,SRC-81925931,eec4e799-c340-6a1a-8387-e0e4647a6c08,2,0dd09e51-fa55-6835-c021-fa1bc31e4b97,1,d23f0824-128b-2f33-0c5c-7fd0a6a3a450,DEMO-SRV01
\\DEMO-SRV01\FileServer\02_RH_Collaborateurs\01_Dossiers_Individuels\BOYER_Bastien\Bulletins_de_paie\2026\Bulletin_2026-08.pdf,https://m365x71797824.sharepoint.com/sites/MigrationFileServer/RH/01_Dossiers_Individuels/BOYER_Bastien/Bulletins_de_paie/2026/Bulletin_2026-08.pdf,Bulletin_2026-08.pdf,pdf,1698,Document,Migrated,MIGRATED,,,SRC-54842000,9d2f4116-fc06-1e1f-baa6-b8e61f55411e,2,0dd09e51-fa55-6835-c021-fa1bc31e4b97,1,d23f0824-128b-2f33-0c5c-7fd0a6a3a450,DEMO-SRV01
\\DEMO-SRV01\FileServer\02_RH_Collaborateurs\01_Dossiers_Individuels\BOYER_Bastien\Contrat_de_travail_BOYER.pdf,https://m365x71797824.sharepoint.com/sites/MigrationFileServer/RH/01_Dossiers_Individuels/BOYER_Bastien/Contrat_de_travail_BOYER.pdf,Contrat_de_travail_BOYER.pdf,pdf,1733,Document,Migrated,MIGRATED,,,SRC-84657532,40a111b9-0e7e-8994-a337-b5a65b004753,2,0dd09e51-fa55-6835-c021-fa1bc31e4b97,1,d23f0824-128b-2f33-0c5c-7fd0a6a3a450,DEMO-SRV01
\\DEMO-SRV01\FileServer\02_RH_Collaborateurs\01_Dossiers_Individuels\BOYER_Bastien\Entretiens_annuels\Entretien_annuel_2025.docx,https://m365x71797824.sharepoint.com/sites/MigrationFileServer/RH/01_Dossiers_Individuels/BOYER_Bastien/Entretiens_annuels/Entretien_annuel_2025.docx,Entretien_annuel_2025.docx,docx,36753,Document,Migrated,MIGRATED,,,SRC-49053400,0fbeb716-6651-b3c4-61c0-0cbe463c4650,2,0dd09e51-fa55-6835-c021-fa1bc31e4b97,1,d23f0824-128b-2f33-0c5c-7fd0a6a3a450,DEMO-SRV01
\\DEMO-SRV01\FileServer\02_RH_Collaborateurs\01_Dossiers_Individuels\BOYER_Maxime\Bulletins_de_paie\2026\Bulletin_2026-01.pdf,https://m365x71797824.sharepoint.com/sites/MigrationFileServer/RH/01_Dossiers_Individuels/BOYER_Maxime/Bulletins_de_paie/2026/Bulletin_2026-01.pdf,Bulletin_2026-01.pdf,pdf,1699,Document,Migrated,MIGRATED,,,SRC-42747544,ea59fdda-6b28-38e0-133f-524303682cec,2,0dd09e51-fa55-6835-c021-fa1bc31e4b97,1,d23f0824-128b-2f33-0c5c-7fd0a6a3a450,DEMO-SRV01
\\DEMO-SRV01\FileServer\02_RH_Collaborateurs\01_Dossiers_Individuels\BOYER_Maxime\Bulletins_de_paie\2026\Bulletin_2026-02.pdf,https://m365x71797824.sharepoint.com/sites/MigrationFileServer/RH/01_Dossiers_Individuels/BOYER_Maxime/Bulletins_de_paie/2026/Bulletin_2026-02.pdf,Bulletin_2026-02.pdf,pdf,1699,Document,Migrated,MIGRATED,,,SRC-8019663,acc53466-b2c0-b0bc-a0e9-9efb6ba8f8ee,2,0dd09e51-fa55-6835-c021-fa1bc31e4b97,1,d23f0824-128b-2f33-0c5c-7fd0a6a3a450,DEMO-SRV01
\\DEMO-SRV01\FileServer\02_RH_Collaborateurs\01_Dossiers_Individuels\BOYER_Maxime\Bulletins_de_paie\2026\Bulletin_2026-03.pdf,https://m365x71797824.sharepoint.com/sites/MigrationFileServer/RH/01_Dossiers_Individuels/BOYER_Maxime/Bulletins_de_paie/2026/Bulletin_2026-03.pdf,Bulletin_2026-03.pdf,pdf,1700,Document,Migrated,MIGRATED,,,SRC-8808206,1bf85d11-43e1-5c55-9486-5d855a24dd36,2,0dd09e51-fa55-6835-c021-fa1bc31e4b97,1,d23f0824-128b-2f33-0c5c-7fd0a6a3a450,DEMO-SRV01
\\DEMO-SRV01\FileServer\02_RH_Collaborateurs\01_Dossiers_Individuels\BOYER_Maxime\Bulletins_de_paie\2026\Bulletin_2026-04.pdf,https://m365x71797824.sharepoint.com/sites/MigrationFileServer/RH/01_Dossiers_Individuels/BOYER_Maxime/Bulletins_de_paie/2026/Bulletin_2026-04.pdf,Bulletin_2026-04.pdf,pdf,1699,Document,Migrated,MIGRATED,,,SRC-77433981,6685b4b8-bdd1-04d7-4db1-df9339741156,2,0dd09e51-fa55-6835-c021-fa1bc31e4b97,1,d23f0824-128b-2f33-0c5c-7fd0a6a3a450,DEMO-SRV01
\\DEMO-SRV01\FileServer\02_RH_Collaborateurs\01_Dossiers_Individuels\BOYER_Maxime\Bulletins_de_paie\2026\Bulletin_2026-05.pdf,https://m365x71797824.sharepoint.com/sites/MigrationFileServer/RH/01_Dossiers_Individuels/BOYER_Maxime/Bulletins_de_paie/2026/Bulletin_2026-05.pdf,Bulletin_2026-05.pdf,pdf,1700,Document,Migrated,MIGRATED,,,SRC-9498759,f8b44bc2-86ee-7b4f-f41e-74e6f09f5791,2,0dd09e51-fa55-6835-c021-fa1bc31e4b97,1,d23f0824-128b-2f33-0c5c-7fd0a6a3a450,DEMO-SRV01
\\DEMO-SRV01\FileServer\02_RH_Collaborateurs\01_Dossiers_Individuels\BOYER_Maxime\Bulletins_de_paie\2026\Bulletin_2026-06.pdf,https://m365x71797824.sharepoint.com/sites/MigrationFileServer/RH/01_Dossiers_Individuels/BOYER_Maxime/Bulletins_de_paie/2026/Bulletin_2026-06.pdf,Bulletin_2026-06.pdf,pdf,1700,Document,Migrated,MIGRATED,,,SRC-50137366,f5fa5d74-cd2e-4676-fe85-dfb1380ab1d7,2,0dd09e51-fa55-6835-c021-fa1bc31e4b97,1,d23f0824-128b-2f33-0c5c-7fd0a6a3a450,DEMO-SRV01
\\DEMO-SRV01\FileServer\02_RH_Collaborateurs\01_Dossiers_Individuels\BOYER_Maxime\Bulletins_de_paie\2026\Bulletin_2026-07.pdf,https://m365x71797824.sharepoint.com/sites/MigrationFileServer/RH/01_Dossiers_Individuels/BOYER_Maxime/Bulletins_de_paie/2026/Bulletin_2026-07.pdf,Bulletin_2026-07.pdf,pdf,1700,Document,Migrated,MIGRATED,,,SRC-91245000,2a1edb8c-3646-7838-764d-45296457abc6,2,0dd09e51-fa55-6835-c021-fa1bc31e4b97,1,d23f0824-128b-2f33-0c5c-7fd0a6a3a450,DEMO-SRV01
\\DEMO-SRV01\FileServer\02_RH_Collaborateurs\01_Dossiers_Individuels\BOYER_Maxime\Bulletins_de_paie\2026\Bulletin_2026-08.pdf,https://m365x71797824.sharepoint.com/sites/MigrationFileServer/RH/01_Dossiers_Individuels/BOYER_Maxime/Bulletins_de_paie/2026/Bulletin_2026-08.pdf,Bulletin_2026-08.pdf,pdf,1700,Document,Migrated,MIGRATED,,,SRC-39463898,11a3199d-c6cf-bfe5-edee-65ef2119c05c,2,0dd09e51-fa55-6835-c021-fa1bc31e4b97,1,d23f0824-128b-2f33-0c5c-7fd0a6a3a450,DEMO-SRV01
\\DEMO-SRV01\FileServer\02_RH_Collaborateurs\01_Dossiers_Individuels\BOYER_Maxime\Contrat_de_travail_BOYER.pdf,https://m365x71797824.sharepoint.com/sites/MigrationFileServer/RH/01_Dossiers_Individuels/BOYER_Maxime/Contrat_de_travail_BOYER.pdf,Contrat_de_travail_BOYER.pdf,pdf,1727,Document,Migrated,MIGRATED,,,SRC-26331112,3173b8d9-a261-621f-cc63-858acf402339,2,0dd09e51-fa55-6835-c021-fa1bc31e4b97,1,d23f0824-128b-2f33-0c5c-7fd0a6a3a450,DEMO-SRV01
\\DEMO-SRV01\FileServer\02_RH_Collaborateurs\01_Dossiers_Individuels\BOYER_Maxime\Entretiens_annuels\Entretien_annuel_2024.docx,https://m365x71797824.sharepoint.com/sites/MigrationFileServer/RH/01_Dossiers_Individuels/BOYER_Maxime/Entretiens_annuels/Entretien_annuel_2024.docx,Entretien_annuel_2024.docx,docx,36754,Document,Migrated,MIGRATED,,,SRC-56693372,b8801b29-8fe2-c3f4-a467-2c0c781ac78f,2,0dd09e51-fa55-6835-c021-fa1bc31e4b97,1,d23f0824-128b-2f33-0c5c-7fd0a6a3a450,DEMO-SRV01
\\DEMO-SRV01\FileServer\02_RH_Collaborateurs\01_Dossiers_Individuels\BOYER_Maxime\Entretiens_annuels\Entretien_annuel_2025.docx,https://m365x71797824.sharepoint.com/sites/MigrationFileServer/RH/01_Dossiers_Individuels/BOYER_Maxime/Entretiens_annuels/Entretien_annuel_2025.docx,Entretien_annuel_2025.docx,docx,36754,Document,Migrated,MIGRATED,,,SRC-35513495,257185b5-f6bf-ce1a-d08c-33c839da457a,2,0dd09e51-fa55-6835-c021-fa1bc31e4b97,1,d23f0824-128b-2f33-0c5c-7fd0a6a3a450,DEMO-SRV01
\\DEMO-SRV01\FileServer\02_RH_Collaborateurs\01_Dossiers_Individuels\CHEVALIER_Pauline\Bulletins_de_paie\2026\Bulletin_2026-01.pdf,https://m365x71797824.sharepoint.com/sites/MigrationFileServer/RH/01_Dossiers_Individuels/CHEVALIER_Pauline/Bulletins_de_paie/2026/Bulletin_2026-01.pdf,Bulletin_2026-01.pdf,pdf,1702,Document,Migrated,MIGRATED,,,SRC-9387504,d4a8b1a7-a388-2a8a-aa81-73cf5a66d71a,2,0dd09e51-fa55-6835-c021-fa1bc31e4b97,1,d23f0824-128b-2f33-0c5c-7fd0a6a3a450,DEMO-SRV01
\\DEMO-SRV01\FileServer\02_RH_Collaborateurs\01_Dossiers_Individuels\CHEVALIER_Pauline\Bulletins_de_paie\2026\Bulletin_2026-02.pdf,https://m365x71797824.sharepoint.com/sites/MigrationFileServer/RH/01_Dossiers_Individuels/CHEVALIER_Pauline/Bulletins_de_paie/2026/Bulletin_2026-02.pdf,Bulletin_2026-02.pdf,pdf,1703,Document,Migrated,MIGRATED,,,SRC-42651236,69cd2483-d0f1-1e05-cb95-f372d198e3b8,2,0dd09e51-fa55-6835-c021-fa1bc31e4b97,1,d23f0824-128b-2f33-0c5c-7fd0a6a3a450,DEMO-SRV01
\\DEMO-SRV01\FileServer\02_RH_Collaborateurs\01_Dossiers_Individuels\CHEVALIER_Pauline\Bulletins_de_paie\2026\Bulletin_2026-03.pdf,https://m365x71797824.sharepoint.com/sites/MigrationFileServer/RH/01_Dossiers_Individuels/CHEVALIER_Pauline/Bulletins_de_paie/2026/Bulletin_2026-03.pdf,Bulletin_2026-03.pdf,pdf,1703,Document,Migrated,MIGRATED,,,SRC-42368134,c28803f8-4b5a-04b0-ff02-f2b177d5759d,2,0dd09e51-fa55-6835-c021-fa1bc31e4b97,1,d23f0824-128b-2f33-0c5c-7fd0a6a3a450,DEMO-SRV01
\\DEMO-SRV01\FileServer\02_RH_Collaborateurs\01_Dossiers_Individuels\CHEVALIER_Pauline\Bulletins_de_paie\2026\Bulletin_2026-04.pdf,https://m365x71797824.sharepoint.com/sites/MigrationFileServer/RH/01_Dossiers_Individuels/CHEVALIER_Pauline/Bulletins_de_paie/2026/Bulletin_2026-04.pdf,Bulletin_2026-04.pdf,pdf,1703,Document,Migrated,MIGRATED,,,SRC-37217351,c7a4084b-200a-e258-a64c-add58c5b45df,2,0dd09e51-fa55-6835-c021-fa1bc31e4b97,1,d23f0824-128b-2f33-0c5c-7fd0a6a3a450,DEMO-SRV01
\\DEMO-SRV01\FileServer\02_RH_Collaborateurs\01_Dossiers_Individuels\CHEVALIER_Pauline\Bulletins_de_paie\2026\Bulletin_2026-05.pdf,https://m365x71797824.sharepoint.com/sites/MigrationFileServer/RH/01_Dossiers_Individuels/CHEVALIER_Pauline/Bulletins_de_paie/2026/Bulletin_2026-05.pdf,Bulletin_2026-05.pdf,pdf,1703,Document,Migrated,MIGRATED,,,SRC-81343651,c89994cc-5ad0-a51c-782a-b465d5704724,2,0dd09e51-fa55-6835-c021-fa1bc31e4b97,1,d23f0824-128b-2f33-0c5c-7fd0a6a3a450,DEMO-SRV01
\\DEMO-SRV01\FileServer\02_RH_Collaborateurs\01_Dossiers_Individuels\CHEVALIER_Pauline\Bulletins_de_paie\2026\Bulletin_2026-06.pdf,https://m365x71797824.sharepoint.com/sites/MigrationFileServer/RH/01_Dossiers_Individuels/CHEVALIER_Pauline/Bulletins_de_paie/2026/Bulletin_2026-06.pdf,Bulletin_2026-06.pdf,pdf,1704,Document,Migrated,MIGRATED,,,SRC-5354257,b44678f9-4475-ee53-3aff-076fd9c57c3c,2,0dd09e51-fa55-6835-c021-fa1bc31e4b97,1,d23f0824-128b-2f33-0c5c-7fd0a6a3a450,DEMO-SRV01
\\DEMO-SRV01\FileServer\02_RH_Collaborateurs\01_Dossiers_Individuels\CHEVALIER_Pauline\Bulletins_de_paie\2026\Bulletin_2026-07.pdf,https://m365x71797824.sharepoint.com/sites/MigrationFileServer/RH/01_Dossiers_Individuels/CHEVALIER_Pauline/Bulletins_de_paie/2026/Bulletin_2026-07.pdf,Bulletin_2026-07.pdf,pdf,1704,Document,Migrated,MIGRATED,,,SRC-15352787,fb9ebfb8-40e8-98f2-affc-d247604b4496,2,0dd09e51-fa55-6835-c021-fa1bc31e4b97,1,d23f0824-128b-2f33-0c5c-7fd0a6a3a450,DEMO-SRV01
\\DEMO-SRV01\FileServer\02_RH_Collaborateurs\01_Dossiers_Individuels\CHEVALIER_Pauline\Bulletins_de_paie\2026\Bulletin_2026-08.pdf,https://m365x71797824.sharepoint.com/sites/MigrationFileServer/RH/01_Dossiers_Individuels/CHEVALIER_Pauline/Bulletins_de_paie/2026/Bulletin_2026-08.pdf,Bulletin_2026-08.pdf,pdf,1704,Document,Migrated,MIGRATED,,,SRC-96043136,7b481ae2-2f96-781f-adc7-0e946d152eaa,2,0dd09e51-fa55-6835-c021-fa1bc31e4b97,1,d23f0824-128b-2f33-0c5c-7fd0a6a3a450,DEMO-SRV01
\\DEMO-SRV01\FileServer\02_RH_Collaborateurs\01_Dossiers_Individuels\CHEVALIER_Pauline\Contrat_de_travail_CHEVALIER.pdf,https://m365x71797824.sharepoint.com/sites/MigrationFileServer/RH/01_Dossiers_Individuels/CHEVALIER_Pauline/Contrat_de_travail_CHEVALIER.pdf,Contrat_de_travail_CHEVALIER.pdf,pdf,1727,Document,Migrated,MIGRATED,,,SRC-1819053,cc858ee3-b8c7-30cd-ce31-175200b09f63,2,0dd09e51-fa55-6835-c021-fa1bc31e4b97,1,d23f0824-128b-2f33-0c5c-7fd0a6a3a450,DEMO-SRV01
\\DEMO-SRV01\FileServer\02_RH_Collaborateurs\01_Dossiers_Individuels\CHEVALIER_Pauline\Entretiens_annuels\Entretien_annuel_2025.docx,https://m365x71797824.sharepoint.com/sites/MigrationFileServer/RH/01_Dossiers_Individuels/CHEVALIER_Pauline/Entretiens_annuels/Entretien_annuel_2025.docx,Entretien_annuel_2025.docx,docx,36757,Document,Migrated,MIGRATED,,,SRC-29180245,a786effc-3eb6-2c1c-5ba4-688147fd7d46,2,0dd09e51-fa55-6835-c021-fa1bc31e4b97,1,d23f0824-128b-2f33-0c5c-7fd0a6a3a450,DEMO-SRV01
\\DEMO-SRV01\FileServer\02_RH_Collaborateurs\01_Dossiers_Individuels\DUBOIS_Emma\Bulletins_de_paie\2026\Bulletin_2026-01.pdf,https://m365x71797824.sharepoint.com/sites/MigrationFileServer/RH/01_Dossiers_Individuels/DUBOIS_Emma/Bulletins_de_paie/2026/Bulletin_2026-01.pdf,Bulletin_2026-01.pdf,pdf,1694,Document,Migrated,MIGRATED,,,SRC-77915449,7c23aa42-7ac3-caf8-5200-866c4d4417ea,2,0dd09e51-fa55-6835-c021-fa1bc31e4b97,1,d23f0824-128b-2f33-0c5c-7fd0a6a3a450,DEMO-SRV01
\\DEMO-SRV01\FileServer\02_RH_Collaborateurs\01_Dossiers_Individuels\DUBOIS_Emma\Bulletins_de_paie\2026\Bulletin_2026-02.pdf,https://m365x71797824.sharepoint.com/sites/MigrationFileServer/RH/01_Dossiers_Individuels/DUBOIS_Emma/Bulletins_de_paie/2026/Bulletin_2026-02.pdf,Bulletin_2026-02.pdf,pdf,1694,Document,Migrated,MIGRATED,,,SRC-32104708,15de2f14-a326-2bd0-9f94-c7556db1bc28,2,0dd09e51-fa55-6835-c021-fa1bc31e4b97,1,d23f0824-128b-2f33-0c5c-7fd0a6a3a450,DEMO-SRV01
\\DEMO-SRV01\FileServer\02_RH_Collaborateurs\01_Dossiers_Individuels\DUBOIS_Emma\Bulletins_de_paie\2026\Bulletin_2026-03.pdf,https://m365x71797824.sharepoint.com/sites/MigrationFileServer/RH/01_Dossiers_Individuels/DUBOIS_Emma/Bulletins_de_paie/2026/Bulletin_2026-03.pdf,Bulletin_2026-03.pdf,pdf,1693,Document,Migrated,MIGRATED,,,SRC-95033092,271ad4c0-5cc8-512e-e5a2-ae93a8c58dac,3,0dd09e51-fa55-6835-c021-fa1bc31e4b97,1,d23f0824-128b-2f33-0c5c-7fd0a6a3a450,DEMO-SRV01
\\DEMO-SRV01\FileServer\02_RH_Collaborateurs\01_Dossiers_Individuels\DUBOIS_Emma\Bulletins_de_paie\2026\Bulletin_2026-04.pdf,https://m365x71797824.sharepoint.com/sites/MigrationFileServer/RH/01_Dossiers_Individuels/DUBOIS_Emma/Bulletins_de_paie/2026/Bulletin_2026-04.pdf,Bulletin_2026-04.pdf,pdf,1695,Document,Migrated,MIGRATED,,,SRC-82975216,62969d5a-dabc-f004-4d9c-7671edc10021,3,0dd09e51-fa55-6835-c021-fa1bc31e4b97,1,d23f0824-128b-2f33-0c5c-7fd0a6a3a450,DEMO-SRV01
\\DEMO-SRV01\FileServer\02_RH_Collaborateurs\01_Dossiers_Individuels\DUBOIS_Emma\Bulletins_de_paie\2026\Bulletin_2026-05.pdf,https://m365x71797824.sharepoint.com/sites/MigrationFileServer/RH/01_Dossiers_Individuels/DUBOIS_Emma/Bulletins_de_paie/2026/Bulletin_2026-05.pdf,Bulletin_2026-05.pdf,pdf,1695,Document,Migrated,MIGRATED,,,SRC-64432060,9088ec8a-d3f1-3f19-15d4-e7c20e9bac31,3,0dd09e51-fa55-6835-c021-fa1bc31e4b97,1,d23f0824-128b-2f33-0c5c-7fd0a6a3a450,DEMO-SRV01
\\DEMO-SRV01\FileServer\02_RH_Collaborateurs\01_Dossiers_Individuels\DUBOIS_Emma\Bulletins_de_paie\2026\Bulletin_2026-06.pdf,https://m365x71797824.sharepoint.com/sites/MigrationFileServer/RH/01_Dossiers_Individuels/DUBOIS_Emma/Bulletins_de_paie/2026/Bulletin_2026-06.pdf,Bulletin_2026-06.pdf,pdf,1694,Document,Migrated,MIGRATED,,,SRC-50228609,f14f10cb-c8b6-be1f-531f-98d1e7e2e607,3,0dd09e51-fa55-6835-c021-fa1bc31e4b97,1,d23f0824-128b-2f33-0c5c-7fd0a6a3a450,DEMO-SRV01
\\DEMO-SRV01\FileServer\02_RH_Collaborateurs\01_Dossiers_Individuels\DUBOIS_Emma\Bulletins_de_paie\2026\Bulletin_2026-07.pdf,https://m365x71797824.sharepoint.com/sites/MigrationFileServer/RH/01_Dossiers_Individuels/DUBOIS_Emma/Bulletins_de_paie/2026/Bulletin_2026-07.pdf,Bulletin_2026-07.pdf,pdf,1695,Document,Migrated,MIGRATED,,,SRC-24126438,585bc3ad-d4d1-e969-87d8-891723f15ddf,3,0dd09e51-fa55-6835-c021-fa1bc31e4b97,1,d23f0824-128b-2f33-0c5c-7fd0a6a3a450,DEMO-SRV01
\\DEMO-SRV01\FileServer\02_RH_Collaborateurs\01_Dossiers_Individuels\DUBOIS_Emma\Bulletins_de_paie\2026\Bulletin_2026-08.pdf,https://m365x71797824.sharepoint.com/sites/MigrationFileServer/RH/01_Dossiers_Individuels/DUBOIS_Emma/Bulletins_de_paie/2026/Bulletin_2026-08.pdf,Bulletin_2026-08.pdf,pdf,1694,Document,Migrated,MIGRATED,,,SRC-13006965,a845063a-03d6-1cbf-951b-cb26a216ed03,3,0dd09e51-fa55-6835-c021-fa1bc31e4b97,1,d23f0824-128b-2f33-0c5c-7fd0a6a3a450,DEMO-SRV01
\\DEMO-SRV01\FileServer\02_RH_Collaborateurs\01_Dossiers_Individuels\DUBOIS_Emma\Contrat_de_travail_DUBOIS.pdf,https://m365x71797824.sharepoint.com/sites/MigrationFileServer/RH/01_Dossiers_Individuels/DUBOIS_Emma/Contrat_de_travail_DUBOIS.pdf,Contrat_de_travail_DUBOIS.pdf,pdf,1722,Document,Migrated,MIGRATED,,,SRC-80074300,126e90a3-f3a7-1b00-35b2-242702f04abf,3,0dd09e51-fa55-6835-c021-fa1bc31e4b97,1,d23f0824-128b-2f33-0c5c-7fd0a6a3a450,DEMO-SRV01
\\DEMO-SRV01\FileServer\02_RH_Collaborateurs\01_Dossiers_Individuels\DUBOIS_Emma\Entretiens_annuels\Entretien_annuel_2024.docx,https://m365x71797824.sharepoint.com/sites/MigrationFileServer/RH/01_Dossiers_Individuels/DUBOIS_Emma/Entretiens_annuels/Entretien_annuel_2024.docx,Entretien_annuel_2024.docx,docx,36754,Document,Migrated,MIGRATED,,,SRC-72871357,9bb308bd-4001-bd9b-4b01-8c9fa7ecc7ee,3,0dd09e51-fa55-6835-c021-fa1bc31e4b97,1,d23f0824-128b-2f33-0c5c-7fd0a6a3a450,DEMO-SRV01
\\DEMO-SRV01\FileServer\02_RH_Collaborateurs\01_Dossiers_Individuels\DUBOIS_Emma\Entretiens_annuels\Entretien_annuel_2025.docx,https://m365x71797824.sharepoint.com/sites/MigrationFileServer/RH/01_Dossiers_Individuels/DUBOIS_Emma/Entretiens_annuels/Entretien_annuel_2025.docx,Entretien_annuel_2025.docx,docx,36755,Document,Migrated,MIGRATED,,,SRC-71173139,daab2302-248a-1edf-9417-bb4319fcafba,3,0dd09e51-fa55-6835-c021-fa1bc31e4b97,1,d23f0824-128b-2f33-0c5c-7fd0a6a3a450,DEMO-SRV01
\\DEMO-SRV01\FileServer\02_RH_Collaborateurs\01_Dossiers_Individuels\DUBOIS_Julie\Bulletins_de_paie\2026\Bulletin_2026-01.pdf,https://m365x71797824.sharepoint.com/sites/MigrationFileServer/RH/01_Dossiers_Individuels/DUBOIS_Julie/Bulletins_de_paie/2026/Bulletin_2026-01.pdf,Bulletin_2026-01.pdf,pdf,1700,Document,Migrated,MIGRATED,,,SRC-22938216,73b3a2cf-c6bb-f658-2f87-a4293bcfecf9,3,0dd09e51-fa55-6835-c021-fa1bc31e4b97,1,d23f0824-128b-2f33-0c5c-7fd0a6a3a450,DEMO-SRV01
\\DEMO-SRV01\FileServer\02_RH_Collaborateurs\01_Dossiers_Individuels\DUBOIS_Julie\Bulletins_de_paie\2026\Bulletin_2026-02.pdf,https://m365x71797824.sharepoint.com/sites/MigrationFileServer/RH/01_Dossiers_Individuels/DUBOIS_Julie/Bulletins_de_paie/2026/Bulletin_2026-02.pdf,Bulletin_2026-02.pdf,pdf,1699,Document,Migrated,MIGRATED,,,SRC-68781034,3562efe9-2715-818d-c8ee-3c6e58b08f1f,3,0dd09e51-fa55-6835-c021-fa1bc31e4b97,1,d23f0824-128b-2f33-0c5c-7fd0a6a3a450,DEMO-SRV01
\\DEMO-SRV01\FileServer\02_RH_Collaborateurs\01_Dossiers_Individuels\DUBOIS_Julie\Bulletins_de_paie\2026\Bulletin_2026-03.pdf,https://m365x71797824.sharepoint.com/sites/MigrationFileServer/RH/01_Dossiers_Individuels/DUBOIS_Julie/Bulletins_de_paie/2026/Bulletin_2026-03.pdf,Bulletin_2026-03.pdf,pdf,1699,Document,Migrated,MIGRATED,,,SRC-60014085,88d66a76-caab-2b8d-6709-3677e772436e,3,0dd09e51-fa55-6835-c021-fa1bc31e4b97,1,d23f0824-128b-2f33-0c5c-7fd0a6a3a450,DEMO-SRV01
\\DEMO-SRV01\FileServer\02_RH_Collaborateurs\01_Dossiers_Individuels\DUBOIS_Julie\Bulletins_de_paie\2026\Bulletin_2026-04.pdf,https://m365x71797824.sharepoint.com/sites/MigrationFileServer/RH/01_Dossiers_Individuels/DUBOIS_Julie/Bulletins_de_paie/2026/Bulletin_2026-04.pdf,Bulletin_2026-04.pdf,pdf,1699,Document,Migrated,MIGRATED,,,SRC-83497710,b0227a15-e421-7251-9c09-119a2afc54b0,3,0dd09e51-fa55-6835-c021-fa1bc31e4b97,1,d23f0824-128b-2f33-0c5c-7fd0a6a3a450,DEMO-SRV01
\\DEMO-SRV01\FileServer\02_RH_Collaborateurs\01_Dossiers_Individuels\DUBOIS_Julie\Bulletins_de_paie\2026\Bulletin_2026-05.pdf,https://m365x71797824.sharepoint.com/sites/MigrationFileServer/RH/01_Dossiers_Individuels/DUBOIS_Julie/Bulletins_de_paie/2026/Bulletin_2026-05.pdf,Bulletin_2026-05.pdf,pdf,1699,Document,Migrated,MIGRATED,,,SRC-87463393,1724d5b3-c802-0ffd-fa28-16489bbdf2ea,3,0dd09e51-fa55-6835-c021-fa1bc31e4b97,1,d23f0824-128b-2f33-0c5c-7fd0a6a3a450,DEMO-SRV01
\\DEMO-SRV01\FileServer\02_RH_Collaborateurs\01_Dossiers_Individuels\DUBOIS_Julie\Bulletins_de_paie\2026\Bulletin_2026-06.pdf,https://m365x71797824.sharepoint.com/sites/MigrationFileServer/RH/01_Dossiers_Individuels/DUBOIS_Julie/Bulletins_de_paie/2026/Bulletin_2026-06.pdf,Bulletin_2026-06.pdf,pdf,1698,Document,Migrated,MIGRATED,,,SRC-7533756,8c6a8fcf-e4d7-738a-e6d2-0df9ab200eff,3,0dd09e51-fa55-6835-c021-fa1bc31e4b97,1,d23f0824-128b-2f33-0c5c-7fd0a6a3a450,DEMO-SRV01
\\DEMO-SRV01\FileServer\02_RH_Collaborateurs\01_Dossiers_Individuels\DUBOIS_Julie\Bulletins_de_paie\2026\Bulletin_2026-07.pdf,https://m365x71797824.sharepoint.com/sites/MigrationFileServer/RH/01_Dossiers_Individuels/DUBOIS_Julie/Bulletins_de_paie/2026/Bulletin_2026-07.pdf,Bulletin_2026-07.pdf,pdf,1699,Document,Migrated,MIGRATED,,,SRC-28088232,4c0b0f70-d6bb-cb67-a2f7-e7f9c9bf34ca,3,0dd09e51-fa55-6835-c021-fa1bc31e4b97,1,d23f0824-128b-2f33-0c5c-7fd0a6a3a450,DEMO-SRV01
\\DEMO-SRV01\FileServer\02_RH_Collaborateurs\01_Dossiers_Individuels\DUBOIS_Julie\Bulletins_de_paie\2026\Bulletin_2026-08.pdf,https://m365x71797824.sharepoint.com/sites/MigrationFileServer/RH/01_Dossiers_Individuels/DUBOIS_Julie/Bulletins_de_paie/2026/Bulletin_2026-08.pdf,Bulletin_2026-08.pdf,pdf,1699,Document,Migrated,MIGRATED,,,SRC-9760481,368dc5bf-b15a-dcf2-7e95-08cb3286dfae,3,0dd09e51-fa55-6835-c021-fa1bc31e4b97,1,d23f0824-128b-2f33-0c5c-7fd0a6a3a450,DEMO-SRV01
\\DEMO-SRV01\FileServer\02_RH_Collaborateurs\01_Dossiers_Individuels\DUBOIS_Julie\Contrat_de_travail_DUBOIS.pdf,https://m365x71797824.sharepoint.com/sites/MigrationFileServer/RH/01_Dossiers_Individuels/DUBOIS_Julie/Contrat_de_travail_DUBOIS.pdf,Contrat_de_travail_DUBOIS.pdf,pdf,1735,Document,Migrated,MIGRATED,,,SRC-3243483,d6db0106-bded-f0d4-1420-1d4d87e23671,3,0dd09e51-fa55-6835-c021-fa1bc31e4b97,1,d23f0824-128b-2f33-0c5c-7fd0a6a3a450,DEMO-SRV01
\\DEMO-SRV01\FileServer\02_RH_Collaborateurs\01_Dossiers_Individuels\DUBOIS_Julie\Entretiens_annuels\Entretien_annuel_2024.docx,https://m365x71797824.sharepoint.com/sites/MigrationFileServer/RH/01_Dossiers_Individuels/DUBOIS_Julie/Entretiens_annuels/Entretien_annuel_2024.docx,Entretien_annuel_2024.docx,docx,36757,Document,Migrated,MIGRATED,,,SRC-58066725,1df2712d-e1f7-7a88-abd5-a1ae70472ec8,3,0dd09e51-fa55-6835-c021-fa1bc31e4b97,1,d23f0824-128b-2f33-0c5c-7fd0a6a3a450,DEMO-SRV01
\\DEMO-SRV01\FileServer\02_RH_Collaborateurs\01_Dossiers_Individuels\DUBOIS_Julie\Entretiens_annuels\Entretien_annuel_2025.docx,https://m365x71797824.sharepoint.com/sites/MigrationFileServer/RH/01_Dossiers_Individuels/DUBOIS_Julie/Entretiens_annuels/Entretien_annuel_2025.docx,Entretien_annuel_2025.docx,docx,36756,Document,Migrated,MIGRATED,,,SRC-92478872,6b46159a-43b5-e670-1e50-f1348e18a929,3,0dd09e51-fa55-6835-c021-fa1bc31e4b97,1,d23f0824-128b-2f33-0c5c-7fd0a6a3a450,DEMO-SRV01
\\DEMO-SRV01\FileServer\02_RH_Collaborateurs\01_Dossiers_Individuels\DUPONT_Antoine\Bulletins_de_paie\2026\Bulletin_2026-01.pdf,https://m365x71797824.sharepoint.com/sites/MigrationFileServer/RH/01_Dossiers_Individuels/DUPONT_Antoine/Bulletins_de_paie/2026/Bulletin_2026-01.pdf,Bulletin_2026-01.pdf,pdf,1700,Document,Migrated,MIGRATED,,,SRC-6432860,79265fef-23ab-ac2e-d3b9-cd983bf2f108,3,0dd09e51-fa55-6835-c021-fa1bc31e4b97,1,d23f0824-128b-2f33-0c5c-7fd0a6a3a450,DEMO-SRV01
\\DEMO-SRV01\FileServer\02_RH_Collaborateurs\01_Dossiers_Individuels\DUPONT_Antoine\Bulletins_de_paie\2026\Bulletin_2026-02.pdf,https://m365x71797824.sharepoint.com/sites/MigrationFileServer/RH/01_Dossiers_Individuels/DUPONT_Antoine/Bulletins_de_paie/2026/Bulletin_2026-02.pdf,Bulletin_2026-02.pdf,pdf,1699,Document,Migrated,MIGRATED,,,SRC-92758067,7bffb6a4-0ef6-df4f-8ea4-dc667e3a46a3,3,0dd09e51-fa55-6835-c021-fa1bc31e4b97,1,d23f0824-128b-2f33-0c5c-7fd0a6a3a450,DEMO-SRV01
\\DEMO-SRV01\FileServer\02_RH_Collaborateurs\01_Dossiers_Individuels\DUPONT_Antoine\Bulletins_de_paie\2026\Bulletin_2026-03.pdf,https://m365x71797824.sharepoint.com/sites/MigrationFileServer/RH/01_Dossiers_Individuels/DUPONT_Antoine/Bulletins_de_paie/2026/Bulletin_2026-03.pdf,Bulletin_2026-03.pdf,pdf,1700,Document,Migrated,MIGRATED,,,SRC-39867402,b34ed4fa-24f8-c385-e7cc-721577937b86,3,0dd09e51-fa55-6835-c021-fa1bc31e4b97,1,d23f0824-128b-2f33-0c5c-7fd0a6a3a450,DEMO-SRV01
\\DEMO-SRV01\FileServer\02_RH_Collaborateurs\01_Dossiers_Individuels\DUPONT_Antoine\Bulletins_de_paie\2026\Bulletin_2026-04.pdf,https://m365x71797824.sharepoint.com/sites/MigrationFileServer/RH/01_Dossiers_Individuels/DUPONT_Antoine/Bulletins_de_paie/2026/Bulletin_2026-04.pdf,Bulletin_2026-04.pdf,pdf,1699,Document,Migrated,MIGRATED,,,SRC-95091347,2a244cae-7f88-70a9-3f1e-fd5b7dca9202,3,0dd09e51-fa55-6835-c021-fa1bc31e4b97,1,d23f0824-128b-2f33-0c5c-7fd0a6a3a450,DEMO-SRV01
\\DEMO-SRV01\FileServer\02_RH_Collaborateurs\01_Dossiers_Individuels\DUPONT_Antoine\Bulletins_de_paie\2026\Bulletin_2026-05.pdf,https://m365x71797824.sharepoint.com/sites/MigrationFileServer/RH/01_Dossiers_Individuels/DUPONT_Antoine/Bulletins_de_paie/2026/Bulletin_2026-05.pdf,Bulletin_2026-05.pdf,pdf,1698,Document,Migrated,MIGRATED,,,SRC-95025578,bc0e0865-dce5-8d7d-997f-7df08a1f7883,3,0dd09e51-fa55-6835-c021-fa1bc31e4b97,1,d23f0824-128b-2f33-0c5c-7fd0a6a3a450,DEMO-SRV01
\\DEMO-SRV01\FileServer\02_RH_Collaborateurs\01_Dossiers_Individuels\DUPONT_Antoine\Bulletins_de_paie\2026\Bulletin_2026-06.pdf,https://m365x71797824.sharepoint.com/sites/MigrationFileServer/RH/01_Dossiers_Individuels/DUPONT_Antoine/Bulletins_de_paie/2026/Bulletin_2026-06.pdf,Bulletin_2026-06.pdf,pdf,1699,Document,Migrated,MIGRATED,,,SRC-77760721,521858f4-d73c-8a36-290d-2ec301b0fb6a,3,0dd09e51-fa55-6835-c021-fa1bc31e4b97,1,d23f0824-128b-2f33-0c5c-7fd0a6a3a450,DEMO-SRV01
\\DEMO-SRV01\FileServer\02_RH_Collaborateurs\01_Dossiers_Individuels\DUPONT_Antoine\Bulletins_de_paie\2026\Bulletin_2026-07.pdf,https://m365x71797824.sharepoint.com/sites/MigrationFileServer/RH/01_Dossiers_Individuels/DUPONT_Antoine/Bulletins_de_paie/2026/Bulletin_2026-07.pdf,Bulletin_2026-07.pdf,pdf,1698,Document,Migrated,MIGRATED,,,SRC-96678482,7f6323a3-9004-8542-b225-8e5777cc40da,3,0dd09e51-fa55-6835-c021-fa1bc31e4b97,1,d23f0824-128b-2f33-0c5c-7fd0a6a3a450,DEMO-SRV01
\\DEMO-SRV01\FileServer\02_RH_Collaborateurs\01_Dossiers_Individuels\DUPONT_Antoine\Bulletins_de_paie\2026\Bulletin_2026-08.pdf,https://m365x71797824.sharepoint.com/sites/MigrationFileServer/RH/01_Dossiers_Individuels/DUPONT_Antoine/Bulletins_de_paie/2026/Bulletin_2026-08.pdf,Bulletin_2026-08.pdf,pdf,1699,Document,Migrated,MIGRATED,,,SRC-15239295,773c2b1a-d72f-537c-4bfc-3a30aa5122f7,3,0dd09e51-fa55-6835-c021-fa1bc31e4b97,1,d23f0824-128b-2f33-0c5c-7fd0a6a3a450,DEMO-SRV01
\\DEMO-SRV01\FileServer\02_RH_Collaborateurs\01_Dossiers_Individuels\DUPONT_Antoine\Contrat_de_travail_DUPONT.pdf,https://m365x71797824.sharepoint.com/sites/MigrationFileServer/RH/01_Dossiers_Individuels/DUPONT_Antoine/Contrat_de_travail_DUPONT.pdf,Contrat_de_travail_DUPONT.pdf,pdf,1734,Document,Migrated,MIGRATED,,,SRC-71959973,fffcbff7-6b37-9413-6d02-27c25ffd3d40,3,0dd09e51-fa55-6835-c021-fa1bc31e4b97,1,d23f0824-128b-2f33-0c5c-7fd0a6a3a450,DEMO-SRV01
\\DEMO-SRV01\FileServer\02_RH_Collaborateurs\01_Dossiers_Individuels\DUPONT_Antoine\Entretiens_annuels\Entretien_annuel_2024.docx,https://m365x71797824.sharepoint.com/sites/MigrationFileServer/RH/01_Dossiers_Individuels/DUPONT_Antoine/Entretiens_annuels/Entretien_annuel_2024.docx,Entretien_annuel_2024.docx,docx,36755,Document,Migrated,MIGRATED,,,SRC-79870045,2e367dcb-134d-2c81-ad0a-d387f5eac4c1,3,0dd09e51-fa55-6835-c021-fa1bc31e4b97,1,d23f0824-128b-2f33-0c5c-7fd0a6a3a450,DEMO-SRV01
\\DEMO-SRV01\FileServer\02_RH_Collaborateurs\01_Dossiers_Individuels\DUPONT_Antoine\Entretiens_annuels\Entretien_annuel_2025.docx,https://m365x71797824.sharepoint.com/sites/MigrationFileServer/RH/01_Dossiers_Individuels/DUPONT_Antoine/Entretiens_annuels/Entretien_annuel_2025.docx,Entretien_annuel_2025.docx,docx,36755,Document,Migrated,MIGRATED,,,SRC-1306310,a5826fb2-a2d9-2973-5c41-8d05a3151d0c,3,0dd09e51-fa55-6835-c021-fa1bc31e4b97,1,d23f0824-128b-2f33-0c5c-7fd0a6a3a450,DEMO-SRV01
\\DEMO-SRV01\FileServer\02_RH_Collaborateurs\01_Dossiers_Individuels\DUPONT_Thomas\Bulletins_de_paie\2026\Bulletin_2026-01.pdf,https://m365x71797824.sharepoint.com/sites/MigrationFileServer/RH/01_Dossiers_Individuels/DUPONT_Thomas/Bulletins_de_paie/2026/Bulletin_2026-01.pdf,Bulletin_2026-01.pdf,pdf,1699,Document,Migrated,MIGRATED,,,SRC-67125851,0bbe27a8-9c13-aef3-0543-67ba074db5fe,3,0dd09e51-fa55-6835-c021-fa1bc31e4b97,1,d23f0824-128b-2f33-0c5c-7fd0a6a3a450,DEMO-SRV01
\\DEMO-SRV01\FileServer\02_RH_Collaborateurs\01_Dossiers_Individuels\DUPONT_Thomas\Bulletins_de_paie\2026\Bulletin_2026-02.pdf,https://m365x71797824.sharepoint.com/sites/MigrationFileServer/RH/01_Dossiers_Individuels/DUPONT_Thomas/Bulletins_de_paie/2026/Bulletin_2026-02.pdf,Bulletin_2026-02.pdf,pdf,1698,Document,Migrated,MIGRATED,,,SRC-73871396,ffbd8d4a-ee76-53c9-bc8d-f872aebe1773,3,0dd09e51-fa55-6835-c021-fa1bc31e4b97,1,d23f0824-128b-2f33-0c5c-7fd0a6a3a450,DEMO-SRV01
\\DEMO-SRV01\FileServer\02_RH_Collaborateurs\01_Dossiers_Individuels\DUPONT_Thomas\Bulletins_de_paie\2026\Bulletin_2026-03.pdf,https://m365x71797824.sharepoint.com/sites/MigrationFileServer/RH/01_Dossiers_Individuels/DUPONT_Thomas/Bulletins_de_paie/2026/Bulletin_2026-03.pdf,Bulletin_2026-03.pdf,pdf,1700,Document,Migrated,MIGRATED,,,SRC-35047379,180ecb0d-fb51-8504-cf00-61ca5498c004,3,0dd09e51-fa55-6835-c021-fa1bc31e4b97,1,d23f0824-128b-2f33-0c5c-7fd0a6a3a450,DEMO-SRV01
\\DEMO-SRV01\FileServer\02_RH_Collaborateurs\01_Dossiers_Individuels\DUPONT_Thomas\Bulletins_de_paie\2026\Bulletin_2026-04.pdf,https://m365x71797824.sharepoint.com/sites/MigrationFileServer/RH/01_Dossiers_Individuels/DUPONT_Thomas/Bulletins_de_paie/2026/Bulletin_2026-04.pdf,Bulletin_2026-04.pdf,pdf,1698,Document,Migrated,MIGRATED,,,SRC-1547018,c1d6023d-7c13-b267-7bf2-a7f582b85bb8,3,0dd09e51-fa55-6835-c021-fa1bc31e4b97,1,d23f0824-128b-2f33-0c5c-7fd0a6a3a450,DEMO-SRV01
\\DEMO-SRV01\FileServer\02_RH_Collaborateurs\01_Dossiers_Individuels\DUPONT_Thomas\Bulletins_de_paie\2026\Bulletin_2026-05.pdf,https://m365x71797824.sharepoint.com/sites/MigrationFileServer/RH/01_Dossiers_Individuels/DUPONT_Thomas/Bulletins_de_paie/2026/Bulletin_2026-05.pdf,Bulletin_2026-05.pdf,pdf,1700,Document,Migrated,MIGRATED,,,SRC-33604588,369ee145-08ad-794c-24fd-4172e5c69b8e,3,0dd09e51-fa55-6835-c021-fa1bc31e4b97,1,d23f0824-128b-2f33-0c5c-7fd0a6a3a450,DEMO-SRV01
\\DEMO-SRV01\FileServer\02_RH_Collaborateurs\01_Dossiers_Individuels\DUPONT_Thomas\Bulletins_de_paie\2026\Bulletin_2026-06.pdf,https://m365x71797824.sharepoint.com/sites/MigrationFileServer/RH/01_Dossiers_Individuels/DUPONT_Thomas/Bulletins_de_paie/2026/Bulletin_2026-06.pdf,Bulletin_2026-06.pdf,pdf,1699,Document,Migrated,MIGRATED,,,SRC-84741997,207c9f6c-a012-35b8-6a64-3531b7daea11,3,0dd09e51-fa55-6835-c021-fa1bc31e4b97,1,d23f0824-128b-2f33-0c5c-7fd0a6a3a450,DEMO-SRV01
\\DEMO-SRV01\FileServer\02_RH_Collaborateurs\01_Dossiers_Individuels\DUPONT_Thomas\Bulletins_de_paie\2026\Bulletin_2026-07.pdf,https://m365x71797824.sharepoint.com/sites/MigrationFileServer/RH/01_Dossiers_Individuels/DUPONT_Thomas/Bulletins_de_paie/2026/Bulletin_2026-07.pdf,Bulletin_2026-07.pdf,pdf,1698,Document,Migrated,MIGRATED,,,SRC-71356860,a8b5c45d-dc97-b77e-182e-e0e556aeeb42,3,0dd09e51-fa55-6835-c021-fa1bc31e4b97,1,d23f0824-128b-2f33-0c5c-7fd0a6a3a450,DEMO-SRV01
\\DEMO-SRV01\FileServer\02_RH_Collaborateurs\01_Dossiers_Individuels\DUPONT_Thomas\Bulletins_de_paie\2026\Bulletin_2026-08.pdf,https://m365x71797824.sharepoint.com/sites/MigrationFileServer/RH/01_Dossiers_Individuels/DUPONT_Thomas/Bulletins_de_paie/2026/Bulletin_2026-08.pdf,Bulletin_2026-08.pdf,pdf,1699,Document,Migrated,MIGRATED,,,SRC-86046425,c74d5921-797b-0779-5760-2f215dbc8d63,3,0dd09e51-fa55-6835-c021-fa1bc31e4b97,1,d23f0824-128b-2f33-0c5c-7fd0a6a3a450,DEMO-SRV01
\\DEMO-SRV01\FileServer\02_RH_Collaborateurs\01_Dossiers_Individuels\DUPONT_Thomas\Contrat_de_travail_DUPONT.pdf,https://m365x71797824.sharepoint.com/sites/MigrationFileServer/RH/01_Dossiers_Individuels/DUPONT_Thomas/Contrat_de_travail_DUPONT.pdf,Contrat_de_travail_DUPONT.pdf,pdf,1733,Document,Migrated,MIGRATED,,,SRC-97649898,e98e99de-c544-5ce8-8ddb-2bc18689a21e,3,0dd09e51-fa55-6835-c021-fa1bc31e4b97,1,d23f0824-128b-2f33-0c5c-7fd0a6a3a450,DEMO-SRV01
\\DEMO-SRV01\FileServer\02_RH_Collaborateurs\01_Dossiers_Individuels\DUPONT_Thomas\Entretiens_annuels\Entretien_annuel_2024.docx,https://m365x71797824.sharepoint.com/sites/MigrationFileServer/RH/01_Dossiers_Individuels/DUPONT_Thomas/Entretiens_annuels/Entretien_annuel_2024.docx,Entretien_annuel_2024.docx,docx,36754,Document,Migrated,MIGRATED,,,SRC-6345368,578a628f-6f68-94cc-48be-1fa635f217b0,3,0dd09e51-fa55-6835-c021-fa1bc31e4b97,1,d23f0824-128b-2f33-0c5c-7fd0a6a3a450,DEMO-SRV01
\\DEMO-SRV01\FileServer\02_RH_Collaborateurs\01_Dossiers_Individuels\DUPONT_Thomas\Entretiens_annuels\Entretien_annuel_2025.docx,https://m365x71797824.sharepoint.com/sites/MigrationFileServer/RH/01_Dossiers_Individuels/DUPONT_Thomas/Entretiens_annuels/Entretien_annuel_2025.docx,Entretien_annuel_2025.docx,docx,36754,Document,Migrated,MIGRATED,,,SRC-45772879,0d7f139b-8dd4-c0f7-4067-05076c21a8d6,3,0dd09e51-fa55-6835-c021-fa1bc31e4b97,1,d23f0824-128b-2f33-0c5c-7fd0a6a3a450,DEMO-SRV01
\\DEMO-SRV01\FileServer\02_RH_Collaborateurs\01_Dossiers_Individuels\FAURE_Romain\Bulletins_de_paie\2026\Bulletin_2026-01.pdf,https://m365x71797824.sharepoint.com/sites/MigrationFileServer/RH/01_Dossiers_Individuels/FAURE_Romain/Bulletins_de_paie/2026/Bulletin_2026-01.pdf,Bulletin_2026-01.pdf,pdf,1698,Document,Migrated,MIGRATED,,,SRC-10573987,5aecfabb-4afa-5e69-4a05-9e92d3a43d90,3,0dd09e51-fa55-6835-c021-fa1bc31e4b97,1,d23f0824-128b-2f33-0c5c-7fd0a6a3a450,DEMO-SRV01
\\DEMO-SRV01\FileServer\02_RH_Collaborateurs\01_Dossiers_Individuels\FAURE_Romain\Bulletins_de_paie\2026\Bulletin_2026-02.pdf,https://m365x71797824.sharepoint.com/sites/MigrationFileServer/RH/01_Dossiers_Individuels/FAURE_Romain/Bulletins_de_paie/2026/Bulletin_2026-02.pdf,Bulletin_2026-02.pdf,pdf,1698,Document,Migrated,MIGRATED,,,SRC-4746450,556ecb72-675a-d461-7e65-1ba5d3e66159,3,0dd09e51-fa55-6835-c021-fa1bc31e4b97,1,d23f0824-128b-2f33-0c5c-7fd0a6a3a450,DEMO-SRV01
\\DEMO-SRV01\FileServer\02_RH_Collaborateurs\01_Dossiers_Individuels\FAURE_Romain\Bulletins_de_paie\2026\Bulletin_2026-03.pdf,https://m365x71797824.sharepoint.com/sites/MigrationFileServer/RH/01_Dossiers_Individuels/FAURE_Romain/Bulletins_de_paie/2026/Bulletin_2026-03.pdf,Bulletin_2026-03.pdf,pdf,1698,Document,Migrated,MIGRATED,,,SRC-37291099,df7a9c99-458d-ff2d-fbfa-379780f5b4a3,3,0dd09e51-fa55-6835-c021-fa1bc31e4b97,1,d23f0824-128b-2f33-0c5c-7fd0a6a3a450,DEMO-SRV01
\\DEMO-SRV01\FileServer\02_RH_Collaborateurs\01_Dossiers_Individuels\FAURE_Romain\Bulletins_de_paie\2026\Bulletin_2026-04.pdf,https://m365x71797824.sharepoint.com/sites/MigrationFileServer/RH/01_Dossiers_Individuels/FAURE_Romain/Bulletins_de_paie/2026/Bulletin_2026-04.pdf,Bulletin_2026-04.pdf,pdf,1697,Document,Migrated,MIGRATED,,,SRC-82160906,341aa3ee-f999-4f18-5845-7b3a81a5008a,3,0dd09e51-fa55-6835-c021-fa1bc31e4b97,1,d23f0824-128b-2f33-0c5c-7fd0a6a3a450,DEMO-SRV01
\\DEMO-SRV01\FileServer\02_RH_Collaborateurs\01_Dossiers_Individuels\FAURE_Romain\Bulletins_de_paie\2026\Bulletin_2026-05.pdf,https://m365x71797824.sharepoint.com/sites/MigrationFileServer/RH/01_Dossiers_Individuels/FAURE_Romain/Bulletins_de_paie/2026/Bulletin_2026-05.pdf,Bulletin_2026-05.pdf,pdf,1698,Document,Migrated,MIGRATED,,,SRC-37198708,1e308b51-cabd-4f53-7e00-5bd9a7913051,3,0dd09e51-fa55-6835-c021-fa1bc31e4b97,1,d23f0824-128b-2f33-0c5c-7fd0a6a3a450,DEMO-SRV01
\\DEMO-SRV01\FileServer\02_RH_Collaborateurs\01_Dossiers_Individuels\FAURE_Romain\Bulletins_de_paie\2026\Bulletin_2026-06.pdf,https://m365x71797824.sharepoint.com/sites/MigrationFileServer/RH/01_Dossiers_Individuels/FAURE_Romain/Bulletins_de_paie/2026/Bulletin_2026-06.pdf,Bulletin_2026-06.pdf,pdf,1698,Document,Migrated,MIGRATED,,,SRC-65642928,b69307f8-512d-126e-313b-259a54b59e2d,3,0dd09e51-fa55-6835-c021-fa1bc31e4b97,1,d23f0824-128b-2f33-0c5c-7fd0a6a3a450,DEMO-SRV01
\\DEMO-SRV01\FileServer\02_RH_Collaborateurs\01_Dossiers_Individuels\FAURE_Romain\Bulletins_de_paie\2026\Bulletin_2026-07.pdf,https://m365x71797824.sharepoint.com/sites/MigrationFileServer/RH/01_Dossiers_Individuels/FAURE_Romain/Bulletins_de_paie/2026/Bulletin_2026-07.pdf,Bulletin_2026-07.pdf,pdf,1698,Document,Migrated,MIGRATED,,,SRC-91676448,f9061ffb-9621-a9d3-20a8-79324c99a6af,3,0dd09e51-fa55-6835-c021-fa1bc31e4b97,1,d23f0824-128b-2f33-0c5c-7fd0a6a3a450,DEMO-SRV01
\\DEMO-SRV01\FileServer\02_RH_Collaborateurs\01_Dossiers_Individuels\FAURE_Romain\Bulletins_de_paie\2026\Bulletin_2026-08.pdf,https://m365x71797824.sharepoint.com/sites/MigrationFileServer/RH/01_Dossiers_Individuels/FAURE_Romain/Bulletins_de_paie/2026/Bulletin_2026-08.pdf,Bulletin_2026-08.pdf,pdf,1695,Document,Migrated,MIGRATED,,,SRC-8764751,ff1a5c0c-c8c2-59a2-166b-6525a2839f31,3,0dd09e51-fa55-6835-c021-fa1bc31e4b97,1,d23f0824-128b-2f33-0c5c-7fd0a6a3a450,DEMO-SRV01
\\DEMO-SRV01\FileServer\02_RH_Collaborateurs\01_Dossiers_Individuels\FAURE_Romain\Contrat_de_travail_FAURE.pdf,https://m365x71797824.sharepoint.com/sites/MigrationFileServer/RH/01_Dossiers_Individuels/FAURE_Romain/Contrat_de_travail_FAURE.pdf,Contrat_de_travail_FAURE.pdf,pdf,1724,Document,Migrated,MIGRATED,,,SRC-62046892,8de63750-b901-5459-661c-e41c0a40c9e8,4,0dd09e51-fa55-6835-c021-fa1bc31e4b97,1,d23f0824-128b-2f33-0c5c-7fd0a6a3a450,DEMO-SRV01
\\DEMO-SRV01\FileServer\02_RH_Collaborateurs\01_Dossiers_Individuels\FAURE_Romain\Entretiens_annuels\Entretien_annuel_2024.docx,https://m365x71797824.sharepoint.com/sites/MigrationFileServer/RH/01_Dossiers_Individuels/FAURE_Romain/Entretiens_annuels/Entretien_annuel_2024.docx,Entretien_annuel_2024.docx,docx,36753,Document,Migrated,MIGRATED,,,SRC-96026856,92f48d21-8b9f-684a-67f1-86a2e2b6c50c,4,0dd09e51-fa55-6835-c021-fa1bc31e4b97,1,d23f0824-128b-2f33-0c5c-7fd0a6a3a450,DEMO-SRV01
\\DEMO-SRV01\FileServer\02_RH_Collaborateurs\01_Dossiers_Individuels\FAURE_Romain\Entretiens_annuels\Entretien_annuel_2025.docx,https://m365x71797824.sharepoint.com/sites/MigrationFileServer/RH/01_Dossiers_Individuels/FAURE_Romain/Entretiens_annuels/Entretien_annuel_2025.docx,Entretien_annuel_2025.docx,docx,36754,Document,Migrated,MIGRATED,,,SRC-6456746,1bc6b08b-4ce7-6f14-6602-ec120cb91cbe,4,0dd09e51-fa55-6835-c021-fa1bc31e4b97,1,d23f0824-128b-2f33-0c5c-7fd0a6a3a450,DEMO-SRV01
\\DEMO-SRV01\FileServer\02_RH_Collaborateurs\01_Dossiers_Individuels\FOURNIER_Hugo\Bulletins_de_paie\2026\Bulletin_2026-01.pdf,https://m365x71797824.sharepoint.com/sites/MigrationFileServer/RH/01_Dossiers_Individuels/FOURNIER_Hugo/Bulletins_de_paie/2026/Bulletin_2026-01.pdf,Bulletin_2026-01.pdf,pdf,1698,Document,Migrated,MIGRATED,,,SRC-19635020,d26c0cf8-309f-f5b2-0be0-a71d019705ee,4,0dd09e51-fa55-6835-c021-fa1bc31e4b97,1,d23f0824-128b-2f33-0c5c-7fd0a6a3a450,DEMO-SRV01
\\DEMO-SRV01\FileServer\02_RH_Collaborateurs\01_Dossiers_Individuels\FOURNIER_Hugo\Bulletins_de_paie\2026\Bulletin_2026-02.pdf,https://m365x71797824.sharepoint.com/sites/MigrationFileServer/RH/01_Dossiers_Individuels/FOURNIER_Hugo/Bulletins_de_paie/2026/Bulletin_2026-02.pdf,Bulletin_2026-02.pdf,pdf,1697,Document,Migrated,MIGRATED,,,SRC-33970949,c417857d-9bd2-d202-799d-149eebe2eb3b,4,0dd09e51-fa55-6835-c021-fa1bc31e4b97,1,d23f0824-128b-2f33-0c5c-7fd0a6a3a450,DEMO-SRV01
\\DEMO-SRV01\FileServer\02_RH_Collaborateurs\01_Dossiers_Individuels\FOURNIER_Hugo\Bulletins_de_paie\2026\Bulletin_2026-03.pdf,https://m365x71797824.sharepoint.com/sites/MigrationFileServer/RH/01_Dossiers_Individuels/FOURNIER_Hugo/Bulletins_de_paie/2026/Bulletin_2026-03.pdf,Bulletin_2026-03.pdf,pdf,1697,Document,Migrated,MIGRATED,,,SRC-92417176,80373ba8-c9fd-ac3d-0f65-e8f4a873af26,4,0dd09e51-fa55-6835-c021-fa1bc31e4b97,1,d23f0824-128b-2f33-0c5c-7fd0a6a3a450,DEMO-SRV01
\\DEMO-SRV01\FileServer\02_RH_Collaborateurs\01_Dossiers_Individuels\FOURNIER_Hugo\Bulletins_de_paie\2026\Bulletin_2026-04.pdf,https://m365x71797824.sharepoint.com/sites/MigrationFileServer/RH/01_Dossiers_Individuels/FOURNIER_Hugo/Bulletins_de_paie/2026/Bulletin_2026-04.pdf,Bulletin_2026-04.pdf,pdf,1697,Document,Migrated,MIGRATED,,,SRC-91926111,60446ef6-9c9a-ffde-8b2c-a282e8ea1b43,4,0dd09e51-fa55-6835-c021-fa1bc31e4b97,1,d23f0824-128b-2f33-0c5c-7fd0a6a3a450,DEMO-SRV01
\\DEMO-SRV01\FileServer\02_RH_Collaborateurs\01_Dossiers_Individuels\FOURNIER_Hugo\Bulletins_de_paie\2026\Bulletin_2026-05.pdf,https://m365x71797824.sharepoint.com/sites/MigrationFileServer/RH/01_Dossiers_Individuels/FOURNIER_Hugo/Bulletins_de_paie/2026/Bulletin_2026-05.pdf,Bulletin_2026-05.pdf,pdf,1698,Document,Migrated,MIGRATED,,,SRC-38726073,ac77a055-a076-e64b-25a5-2d399ddffec8,4,0dd09e51-fa55-6835-c021-fa1bc31e4b97,1,d23f0824-128b-2f33-0c5c-7fd0a6a3a450,DEMO-SRV01
\\DEMO-SRV01\FileServer\02_RH_Collaborateurs\01_Dossiers_Individuels\FOURNIER_Hugo\Bulletins_de_paie\2026\Bulletin_2026-06.pdf,https://m365x71797824.sharepoint.com/sites/MigrationFileServer/RH/01_Dossiers_Individuels/FOURNIER_Hugo/Bulletins_de_paie/2026/Bulletin_2026-06.pdf,Bulletin_2026-06.pdf,pdf,1698,Document,Migrated,MIGRATED,,,SRC-81372242,e056a8d5-98a7-a86f-b06a-7c91b247801d,4,0dd09e51-fa55-6835-c021-fa1bc31e4b97,1,d23f0824-128b-2f33-0c5c-7fd0a6a3a450,DEMO-SRV01
\\DEMO-SRV01\FileServer\02_RH_Collaborateurs\01_Dossiers_Individuels\FOURNIER_Hugo\Bulletins_de_paie\2026\Bulletin_2026-07.pdf,https://m365x71797824.sharepoint.com/sites/MigrationFileServer/RH/01_Dossiers_Individuels/FOURNIER_Hugo/Bulletins_de_paie/2026/Bulletin_2026-07.pdf,Bulletin_2026-07.pdf,pdf,1697,Document,Migrated,MIGRATED,,,SRC-11173734,0a1afaea-3666-7dc9-153f-b2cdae54a836,4,0dd09e51-fa55-6835-c021-fa1bc31e4b97,1,d23f0824-128b-2f33-0c5c-7fd0a6a3a450,DEMO-SRV01
\\DEMO-SRV01\FileServer\02_RH_Collaborateurs\01_Dossiers_Individuels\FOURNIER_Hugo\Bulletins_de_paie\2026\Bulletin_2026-08.pdf,https://m365x71797824.sharepoint.com/sites/MigrationFileServer/RH/01_Dossiers_Individuels/FOURNIER_Hugo/Bulletins_de_paie/2026/Bulletin_2026-08.pdf,Bulletin_2026-08.pdf,pdf,1698,Document,Migrated,MIGRATED,,,SRC-54144413,a0123246-7537-9466-a233-0a67aac0a780,4,0dd09e51-fa55-6835-c021-fa1bc31e4b97,1,d23f0824-128b-2f33-0c5c-7fd0a6a3a450,DEMO-SRV01
\\DEMO-SRV01\FileServer\02_RH_Collaborateurs\01_Dossiers_Individuels\FOURNIER_Hugo\Contrat_de_travail_FOURNIER.pdf,https://m365x71797824.sharepoint.com/sites/MigrationFileServer/RH/01_Dossiers_Individuels/FOURNIER_Hugo/Contrat_de_travail_FOURNIER.pdf,Contrat_de_travail_FOURNIER.pdf,pdf,1723,Document,Migrated,MIGRATED,,,SRC-21735721,a9e2fa40-19f2-d5ff-2c84-fe81c33ea73e,4,0dd09e51-fa55-6835-c021-fa1bc31e4b97,1,d23f0824-128b-2f33-0c5c-7fd0a6a3a450,DEMO-SRV01
\\DEMO-SRV01\FileServer\02_RH_Collaborateurs\01_Dossiers_Individuels\FOURNIER_Hugo\Entretiens_annuels\Entretien_annuel_2024.docx,https://m365x71797824.sharepoint.com/sites/MigrationFileServer/RH/01_Dossiers_Individuels/FOURNIER_Hugo/Entretiens_annuels/Entretien_annuel_2024.docx,Entretien_annuel_2024.docx,docx,36755,Document,Migrated,MIGRATED,,,SRC-60097250,6bec1ab7-0977-5df3-de84-465a2e698e5f,4,0dd09e51-fa55-6835-c021-fa1bc31e4b97,1,d23f0824-128b-2f33-0c5c-7fd0a6a3a450,DEMO-SRV01
\\DEMO-SRV01\FileServer\02_RH_Collaborateurs\01_Dossiers_Individuels\FOURNIER_Hugo\Entretiens_annuels\Entretien_annuel_2025.docx,https://m365x71797824.sharepoint.com/sites/MigrationFileServer/RH/01_Dossiers_Individuels/FOURNIER_Hugo/Entretiens_annuels/Entretien_annuel_2025.docx,Entretien_annuel_2025.docx,docx,36755,Document,Migrated,MIGRATED,,,SRC-82618520,ee36196b-ea01-5583-19c1-4c26c647ebd1,4,0dd09e51-fa55-6835-c021-fa1bc31e4b97,1,d23f0824-128b-2f33-0c5c-7fd0a6a3a450,DEMO-SRV01
\\DEMO-SRV01\FileServer\02_RH_Collaborateurs\01_Dossiers_Individuels\FOURNIER_Laura\Bulletins_de_paie\2026\Bulletin_2026-01.pdf,https://m365x71797824.sharepoint.com/sites/MigrationFileServer/RH/01_Dossiers_Individuels/FOURNIER_Laura/Bulletins_de_paie/2026/Bulletin_2026-01.pdf,Bulletin_2026-01.pdf,pdf,1698,Document,Migrated,MIGRATED,,,SRC-99314279,df3648fb-5e6e-383a-036f-eab9a7dd192b,4,0dd09e51-fa55-6835-c021-fa1bc31e4b97,1,d23f0824-128b-2f33-0c5c-7fd0a6a3a450,DEMO-SRV01
\\DEMO-SRV01\FileServer\02_RH_Collaborateurs\01_Dossiers_Individuels\FOURNIER_Laura\Bulletins_de_paie\2026\Bulletin_2026-02.pdf,https://m365x71797824.sharepoint.com/sites/MigrationFileServer/RH/01_Dossiers_Individuels/FOURNIER_Laura/Bulletins_de_paie/2026/Bulletin_2026-02.pdf,Bulletin_2026-02.pdf,pdf,1697,Document,Migrated,MIGRATED,,,SRC-75122067,4f314b00-c95a-b050-2381-91e9d2969d35,4,0dd09e51-fa55-6835-c021-fa1bc31e4b97,1,d23f0824-128b-2f33-0c5c-7fd0a6a3a450,DEMO-SRV01
\\DEMO-SRV01\FileServer\02_RH_Collaborateurs\01_Dossiers_Individuels\FOURNIER_Laura\Bulletins_de_paie\2026\Bulletin_2026-03.pdf,https://m365x71797824.sharepoint.com/sites/MigrationFileServer/RH/01_Dossiers_Individuels/FOURNIER_Laura/Bulletins_de_paie/2026/Bulletin_2026-03.pdf,Bulletin_2026-03.pdf,pdf,1700,Document,Migrated,MIGRATED,,,SRC-94668687,dcc98e43-420c-7738-b5cb-42f68fe5e1ab,4,0dd09e51-fa55-6835-c021-fa1bc31e4b97,1,d23f0824-128b-2f33-0c5c-7fd0a6a3a450,DEMO-SRV01
\\DEMO-SRV01\FileServer\02_RH_Collaborateurs\01_Dossiers_Individuels\FOURNIER_Laura\Bulletins_de_paie\2026\Bulletin_2026-04.pdf,https://m365x71797824.sharepoint.com/sites/MigrationFileServer/RH/01_Dossiers_Individuels/FOURNIER_Laura/Bulletins_de_paie/2026/Bulletin_2026-04.pdf,Bulletin_2026-04.pdf,pdf,1697,Document,Migrated,MIGRATED,,,SRC-99987324,08c401a1-6bfa-1535-2f4d-80514d5284b5,4,0dd09e51-fa55-6835-c021-fa1bc31e4b97,1,d23f0824-128b-2f33-0c5c-7fd0a6a3a450,DEMO-SRV01
\\DEMO-SRV01\FileServer\02_RH_Collaborateurs\01_Dossiers_Individuels\FOURNIER_Laura\Bulletins_de_paie\2026\Bulletin_2026-05.pdf,https://m365x71797824.sharepoint.com/sites/MigrationFileServer/RH/01_Dossiers_Individuels/FOURNIER_Laura/Bulletins_de_paie/2026/Bulletin_2026-05.pdf,Bulletin_2026-05.pdf,pdf,1698,Document,Migrated,MIGRATED,,,SRC-66661839,90fb2d7d-6e40-b885-0538-69eb5187b6ec,4,0dd09e51-fa55-6835-c021-fa1bc31e4b97,1,d23f0824-128b-2f33-0c5c-7fd0a6a3a450,DEMO-SRV01
\\DEMO-SRV01\FileServer\02_RH_Collaborateurs\01_Dossiers_Individuels\FOURNIER_Laura\Bulletins_de_paie\2026\Bulletin_2026-06.pdf,https://m365x71797824.sharepoint.com/sites/MigrationFileServer/RH/01_Dossiers_Individuels/FOURNIER_Laura/Bulletins_de_paie/2026/Bulletin_2026-06.pdf,Bulletin_2026-06.pdf,pdf,1698,Document,Migrated,MIGRATED,,,SRC-24793754,e9f0ef41-ef11-5a1b-940a-1624a44ab3ad,4,0dd09e51-fa55-6835-c021-fa1bc31e4b97,1,d23f0824-128b-2f33-0c5c-7fd0a6a3a450,DEMO-SRV01
\\DEMO-SRV01\FileServer\02_RH_Collaborateurs\01_Dossiers_Individuels\FOURNIER_Laura\Bulletins_de_paie\2026\Bulletin_2026-07.pdf,https://m365x71797824.sharepoint.com/sites/MigrationFileServer/RH/01_Dossiers_Individuels/FOURNIER_Laura/Bulletins_de_paie/2026/Bulletin_2026-07.pdf,Bulletin_2026-07.pdf,pdf,1697,Document,Migrated,MIGRATED,,,SRC-87201028,85abe2ed-9148-29fa-7f6d-88390dfb6f3a,4,0dd09e51-fa55-6835-c021-fa1bc31e4b97,1,d23f0824-128b-2f33-0c5c-7fd0a6a3a450,DEMO-SRV01
\\DEMO-SRV01\FileServer\02_RH_Collaborateurs\01_Dossiers_Individuels\FOURNIER_Laura\Bulletins_de_paie\2026\Bulletin_2026-08.pdf,https://m365x71797824.sharepoint.com/sites/MigrationFileServer/RH/01_Dossiers_Individuels/FOURNIER_Laura/Bulletins_de_paie/2026/Bulletin_2026-08.pdf,Bulletin_2026-08.pdf,pdf,1698,Document,Migrated,MIGRATED,,,SRC-63260267,c6164261-1e6c-c084-d323-39ae0a14c579,4,0dd09e51-fa55-6835-c021-fa1bc31e4b97,1,d23f0824-128b-2f33-0c5c-7fd0a6a3a450,DEMO-SRV01
\\DEMO-SRV01\FileServer\02_RH_Collaborateurs\01_Dossiers_Individuels\FOURNIER_Laura\Contrat_de_travail_FOURNIER.pdf,https://m365x71797824.sharepoint.com/sites/MigrationFileServer/RH/01_Dossiers_Individuels/FOURNIER_Laura/Contrat_de_travail_FOURNIER.pdf,Contrat_de_travail_FOURNIER.pdf,pdf,1732,Document,Migrated,MIGRATED,,,SRC-10803847,b21a30cc-9348-4239-6bcb-5706cf71e7f5,4,0dd09e51-fa55-6835-c021-fa1bc31e4b97,1,d23f0824-128b-2f33-0c5c-7fd0a6a3a450,DEMO-SRV01
\\DEMO-SRV01\FileServer\02_RH_Collaborateurs\01_Dossiers_Individuels\FOURNIER_Laura\Entretiens_annuels\Entretien_annuel_2025.docx,https://m365x71797824.sharepoint.com/sites/MigrationFileServer/RH/01_Dossiers_Individuels/FOURNIER_Laura/Entretiens_annuels/Entretien_annuel_2025.docx,Entretien_annuel_2025.docx,docx,36756,Document,Migrated,MIGRATED,,,SRC-41453155,11354113-724b-f80b-6797-0ab1eb2b50b5,4,0dd09e51-fa55-6835-c021-fa1bc31e4b97,1,d23f0824-128b-2f33-0c5c-7fd0a6a3a450,DEMO-SRV01
\\DEMO-SRV01\FileServer\02_RH_Collaborateurs\01_Dossiers_Individuels\GARNIER_Adrien\Bulletins_de_paie\2026\Bulletin_2026-01.pdf,https://m365x71797824.sharepoint.com/sites/MigrationFileServer/RH/01_Dossiers_Individuels/GARNIER_Adrien/Bulletins_de_paie/2026/Bulletin_2026-01.pdf,Bulletin_2026-01.pdf,pdf,1700,Document,Migrated,MIGRATED,,,SRC-19814939,9807633c-631b-cb09-ae12-0a3c039e0d8b,4,0dd09e51-fa55-6835-c021-fa1bc31e4b97,1,d23f0824-128b-2f33-0c5c-7fd0a6a3a450,DEMO-SRV01
\\DEMO-SRV01\FileServer\02_RH_Collaborateurs\01_Dossiers_Individuels\GARNIER_Adrien\Bulletins_de_paie\2026\Bulletin_2026-02.pdf,https://m365x71797824.sharepoint.com/sites/MigrationFileServer/RH/01_Dossiers_Individuels/GARNIER_Adrien/Bulletins_de_paie/2026/Bulletin_2026-02.pdf,Bulletin_2026-02.pdf,pdf,1699,Document,Migrated,MIGRATED,,,SRC-85659409,a8ce4082-f00e-60f8-fe3d-856b978b6641,4,0dd09e51-fa55-6835-c021-fa1bc31e4b97,1,d23f0824-128b-2f33-0c5c-7fd0a6a3a450,DEMO-SRV01
\\DEMO-SRV01\FileServer\02_RH_Collaborateurs\01_Dossiers_Individuels\GARNIER_Adrien\Bulletins_de_paie\2026\Bulletin_2026-03.pdf,https://m365x71797824.sharepoint.com/sites/MigrationFileServer/RH/01_Dossiers_Individuels/GARNIER_Adrien/Bulletins_de_paie/2026/Bulletin_2026-03.pdf,Bulletin_2026-03.pdf,pdf,1700,Document,Migrated,MIGRATED,,,SRC-46155678,c5174a9f-79b6-fcb9-27c1-7a26fb14b195,4,0dd09e51-fa55-6835-c021-fa1bc31e4b97,1,d23f0824-128b-2f33-0c5c-7fd0a6a3a450,DEMO-SRV01
\\DEMO-SRV01\FileServer\02_RH_Collaborateurs\01_Dossiers_Individuels\GARNIER_Adrien\Bulletins_de_paie\2026\Bulletin_2026-04.pdf,https://m365x71797824.sharepoint.com/sites/MigrationFileServer/RH/01_Dossiers_Individuels/GARNIER_Adrien/Bulletins_de_paie/2026/Bulletin_2026-04.pdf,Bulletin_2026-04.pdf,pdf,1700,Document,Migrated,MIGRATED,,,SRC-24856849,153a8e30-1a1f-80d1-8c7e-80c169942abd,4,0dd09e51-fa55-6835-c021-fa1bc31e4b97,1,d23f0824-128b-2f33-0c5c-7fd0a6a3a450,DEMO-SRV01
\\DEMO-SRV01\FileServer\02_RH_Collaborateurs\01_Dossiers_Individuels\GARNIER_Adrien\Bulletins_de_paie\2026\Bulletin_2026-05.pdf,https://m365x71797824.sharepoint.com/sites/MigrationFileServer/RH/01_Dossiers_Individuels/GARNIER_Adrien/Bulletins_de_paie/2026/Bulletin_2026-05.pdf,Bulletin_2026-05.pdf,pdf,1700,Document,Migrated,MIGRATED,,,SRC-53295986,e551550e-3657-c7bb-78e1-9be6a4fe5561,4,0dd09e51-fa55-6835-c021-fa1bc31e4b97,1,d23f0824-128b-2f33-0c5c-7fd0a6a3a450,DEMO-SRV01
\\DEMO-SRV01\FileServer\02_RH_Collaborateurs\01_Dossiers_Individuels\GARNIER_Adrien\Bulletins_de_paie\2026\Bulletin_2026-06.pdf,https://m365x71797824.sharepoint.com/sites/MigrationFileServer/RH/01_Dossiers_Individuels/GARNIER_Adrien/Bulletins_de_paie/2026/Bulletin_2026-06.pdf,Bulletin_2026-06.pdf,pdf,1697,Document,Migrated,MIGRATED,,,SRC-3516199,6d4fdbf8-03f9-c73e-a07c-30a826da053e,4,0dd09e51-fa55-6835-c021-fa1bc31e4b97,1,d23f0824-128b-2f33-0c5c-7fd0a6a3a450,DEMO-SRV01
\\DEMO-SRV01\FileServer\02_RH_Collaborateurs\01_Dossiers_Individuels\GARNIER_Adrien\Bulletins_de_paie\2026\Bulletin_2026-07.pdf,https://m365x71797824.sharepoint.com/sites/MigrationFileServer/RH/01_Dossiers_Individuels/GARNIER_Adrien/Bulletins_de_paie/2026/Bulletin_2026-07.pdf,Bulletin_2026-07.pdf,pdf,1700,Document,Migrated,MIGRATED,,,SRC-1573709,ab5b95f4-af0a-f748-0263-48f701397a29,4,0dd09e51-fa55-6835-c021-fa1bc31e4b97,1,d23f0824-128b-2f33-0c5c-7fd0a6a3a450,DEMO-SRV01
\\DEMO-SRV01\FileServer\02_RH_Collaborateurs\01_Dossiers_Individuels\GARNIER_Adrien\Bulletins_de_paie\2026\Bulletin_2026-08.pdf,https://m365x71797824.sharepoint.com/sites/MigrationFileServer/RH/01_Dossiers_Individuels/GARNIER_Adrien/Bulletins_de_paie/2026/Bulletin_2026-08.pdf,Bulletin_2026-08.pdf,pdf,1699,Document,Migrated,MIGRATED,,,SRC-71595375,dbc47e5e-f762-9cb0-fc94-fa421f25d23d,4,0dd09e51-fa55-6835-c021-fa1bc31e4b97,1,d23f0824-128b-2f33-0c5c-7fd0a6a3a450,DEMO-SRV01
\\DEMO-SRV01\FileServer\02_RH_Collaborateurs\01_Dossiers_Individuels\GARNIER_Adrien\Contrat_de_travail_GARNIER.pdf,https://m365x71797824.sharepoint.com/sites/MigrationFileServer/RH/01_Dossiers_Individuels/GARNIER_Adrien/Contrat_de_travail_GARNIER.pdf,Contrat_de_travail_GARNIER.pdf,pdf,1732,Document,Migrated,MIGRATED,,,SRC-67320363,1f10a0b3-de9a-c5ee-37de-eaed16904beb,4,0dd09e51-fa55-6835-c021-fa1bc31e4b97,1,d23f0824-128b-2f33-0c5c-7fd0a6a3a450,DEMO-SRV01
\\DEMO-SRV01\FileServer\02_RH_Collaborateurs\01_Dossiers_Individuels\GARNIER_Adrien\Entretiens_annuels\Entretien_annuel_2024.docx,https://m365x71797824.sharepoint.com/sites/MigrationFileServer/RH/01_Dossiers_Individuels/GARNIER_Adrien/Entretiens_annuels/Entretien_annuel_2024.docx,Entretien_annuel_2024.docx,docx,36754,Document,Migrated,MIGRATED,,,SRC-89718580,46839f5b-048d-09c8-78ea-bc3a21041428,4,0dd09e51-fa55-6835-c021-fa1bc31e4b97,1,d23f0824-128b-2f33-0c5c-7fd0a6a3a450,DEMO-SRV01
\\DEMO-SRV01\FileServer\02_RH_Collaborateurs\01_Dossiers_Individuels\GARNIER_Adrien\Entretiens_annuels\Entretien_annuel_2025.docx,https://m365x71797824.sharepoint.com/sites/MigrationFileServer/RH/01_Dossiers_Individuels/GARNIER_Adrien/Entretiens_annuels/Entretien_annuel_2025.docx,Entretien_annuel_2025.docx,docx,36754,Document,Migrated,MIGRATED,,,SRC-85890983,736619a2-3e05-6e80-91a9-4facb82763ba,4,0dd09e51-fa55-6835-c021-fa1bc31e4b97,1,d23f0824-128b-2f33-0c5c-7fd0a6a3a450,DEMO-SRV01
\\DEMO-SRV01\FileServer\02_RH_Collaborateurs\01_Dossiers_Individuels\GIRARD_Inès\Bulletins_de_paie\2026\Bulletin_2026-01.pdf,https://m365x71797824.sharepoint.com/sites/MigrationFileServer/RH/01_Dossiers_Individuels/GIRARD_Inès/Bulletins_de_paie/2026/Bulletin_2026-01.pdf,Bulletin_2026-01.pdf,pdf,1703,Document,Migrated,MIGRATED,,,SRC-50668385,ec3cd40d-2ffa-1f86-be84-5f95bbca6b41,4,0dd09e51-fa55-6835-c021-fa1bc31e4b97,1,d23f0824-128b-2f33-0c5c-7fd0a6a3a450,DEMO-SRV01
\\DEMO-SRV01\FileServer\02_RH_Collaborateurs\01_Dossiers_Individuels\GIRARD_Inès\Bulletins_de_paie\2026\Bulletin_2026-02.pdf,https://m365x71797824.sharepoint.com/sites/MigrationFileServer/RH/01_Dossiers_Individuels/GIRARD_Inès/Bulletins_de_paie/2026/Bulletin_2026-02.pdf,Bulletin_2026-02.pdf,pdf,1703,Document,Migrated,MIGRATED,,,SRC-47150165,bf4b3d45-c626-6064-5da9-e5c90cd5e3e3,4,0dd09e51-fa55-6835-c021-fa1bc31e4b97,1,d23f0824-128b-2f33-0c5c-7fd0a6a3a450,DEMO-SRV01
\\DEMO-SRV01\FileServer\02_RH_Collaborateurs\01_Dossiers_Individuels\GIRARD_Inès\Bulletins_de_paie\2026\Bulletin_2026-03.pdf,https://m365x71797824.sharepoint.com/sites/MigrationFileServer/RH/01_Dossiers_Individuels/GIRARD_Inès/Bulletins_de_paie/2026/Bulletin_2026-03.pdf,Bulletin_2026-03.pdf,pdf,1703,Document,Migrated,MIGRATED,,,SRC-73965966,2511957e-db01-b9f2-b1e1-3663b6ab58ca,4,0dd09e51-fa55-6835-c021-fa1bc31e4b97,1,d23f0824-128b-2f33-0c5c-7fd0a6a3a450,DEMO-SRV01
\\DEMO-SRV01\FileServer\02_RH_Collaborateurs\01_Dossiers_Individuels\GIRARD_Inès\Bulletins_de_paie\2026\Bulletin_2026-04.pdf,https://m365x71797824.sharepoint.com/sites/MigrationFileServer/RH/01_Dossiers_Individuels/GIRARD_Inès/Bulletins_de_paie/2026/Bulletin_2026-04.pdf,Bulletin_2026-04.pdf,pdf,1702,Document,Migrated,MIGRATED,,,SRC-7289091,4b0b708d-1594-011e-c264-ab93bacf0bd8,4,0dd09e51-fa55-6835-c021-fa1bc31e4b97,1,d23f0824-128b-2f33-0c5c-7fd0a6a3a450,DEMO-SRV01
\\DEMO-SRV01\FileServer\02_RH_Collaborateurs\01_Dossiers_Individuels\GIRARD_Inès\Bulletins_de_paie\2026\Bulletin_2026-05.pdf,https://m365x71797824.sharepoint.com/sites/MigrationFileServer/RH/01_Dossiers_Individuels/GIRARD_Inès/Bulletins_de_paie/2026/Bulletin_2026-05.pdf,Bulletin_2026-05.pdf,pdf,1703,Document,Migrated,MIGRATED,,,SRC-16849434,7f834533-b590-6f57-8eb7-980da0ed7277,4,0dd09e51-fa55-6835-c021-fa1bc31e4b97,1,d23f0824-128b-2f33-0c5c-7fd0a6a3a450,DEMO-SRV01
\\DEMO-SRV01\FileServer\02_RH_Collaborateurs\01_Dossiers_Individuels\GIRARD_Inès\Bulletins_de_paie\2026\Bulletin_2026-06.pdf,https://m365x71797824.sharepoint.com/sites/MigrationFileServer/RH/01_Dossiers_Individuels/GIRARD_Inès/Bulletins_de_paie/2026/Bulletin_2026-06.pdf,Bulletin_2026-06.pdf,pdf,1703,Document,Migrated,MIGRATED,,,SRC-55691114,e3d77f01-eeae-4612-ab67-0e4d75e88d7e,4,0dd09e51-fa55-6835-c021-fa1bc31e4b97,1,d23f0824-128b-2f33-0c5c-7fd0a6a3a450,DEMO-SRV01
\\DEMO-SRV01\FileServer\02_RH_Collaborateurs\01_Dossiers_Individuels\GIRARD_Inès\Bulletins_de_paie\2026\Bulletin_2026-07.pdf,https://m365x71797824.sharepoint.com/sites/MigrationFileServer/RH/01_Dossiers_Individuels/GIRARD_Inès/Bulletins_de_paie/2026/Bulletin_2026-07.pdf,Bulletin_2026-07.pdf,pdf,1702,Document,Migrated,MIGRATED,,,SRC-16171724,0d7b2ea8-f6dd-6015-e9dc-85614109752a,4,0dd09e51-fa55-6835-c021-fa1bc31e4b97,1,d23f0824-128b-2f33-0c5c-7fd0a6a3a450,DEMO-SRV01
\\DEMO-SRV01\FileServer\02_RH_Collaborateurs\01_Dossiers_Individuels\GIRARD_Inès\Bulletins_de_paie\2026\Bulletin_2026-08.pdf,https://m365x71797824.sharepoint.com/sites/MigrationFileServer/RH/01_Dossiers_Individuels/GIRARD_Inès/Bulletins_de_paie/2026/Bulletin_2026-08.pdf,Bulletin_2026-08.pdf,pdf,1703,Document,Migrated,MIGRATED,,,SRC-2946908,0f8044a8-02eb-2c86-082f-1a43b79b14f3,4,0dd09e51-fa55-6835-c021-fa1bc31e4b97,1,d23f0824-128b-2f33-0c5c-7fd0a6a3a450,DEMO-SRV01
\\DEMO-SRV01\FileServer\02_RH_Collaborateurs\01_Dossiers_Individuels\GIRARD_Inès\Contrat_de_travail_GIRARD.pdf,https://m365x71797824.sharepoint.com/sites/MigrationFileServer/RH/01_Dossiers_Individuels/GIRARD_Inès/Contrat_de_travail_GIRARD.pdf,Contrat_de_travail_GIRARD.pdf,pdf,1724,Document,Migrated,MIGRATED,,,SRC-81579760,afc79745-a694-1c22-e222-0a7f03c55116,4,0dd09e51-fa55-6835-c021-fa1bc31e4b97,1,d23f0824-128b-2f33-0c5c-7fd0a6a3a450,DEMO-SRV01
\\DEMO-SRV01\FileServer\02_RH_Collaborateurs\01_Dossiers_Individuels\GIRARD_Inès\Entretiens_annuels\Entretien_annuel_2025.docx,https://m365x71797824.sharepoint.com/sites/MigrationFileServer/RH/01_Dossiers_Individuels/GIRARD_Inès/Entretiens_annuels/Entretien_annuel_2025.docx,Entretien_annuel_2025.docx,docx,36756,Document,Migrated,MIGRATED,,,SRC-96288607,63922438-1465-f233-9e43-e933d13d6b96,4,0dd09e51-fa55-6835-c021-fa1bc31e4b97,1,d23f0824-128b-2f33-0c5c-7fd0a6a3a450,DEMO-SRV01
\\DEMO-SRV01\FileServer\02_RH_Collaborateurs\01_Dossiers_Individuels\GIRARD_Julien\Bulletins_de_paie\2026\Bulletin_2026-01.pdf,https://m365x71797824.sharepoint.com/sites/MigrationFileServer/RH/01_Dossiers_Individuels/GIRARD_Julien/Bulletins_de_paie/2026/Bulletin_2026-01.pdf,Bulletin_2026-01.pdf,pdf,1700,Document,Migrated,MIGRATED,,,SRC-19764033,99a16b9e-babc-b4aa-4fff-a8e14fa1cc6f,4,0dd09e51-fa55-6835-c021-fa1bc31e4b97,1,d23f0824-128b-2f33-0c5c-7fd0a6a3a450,DEMO-SRV01
\\DEMO-SRV01\FileServer\02_RH_Collaborateurs\01_Dossiers_Individuels\GIRARD_Julien\Bulletins_de_paie\2026\Bulletin_2026-02.pdf,https://m365x71797824.sharepoint.com/sites/MigrationFileServer/RH/01_Dossiers_Individuels/GIRARD_Julien/Bulletins_de_paie/2026/Bulletin_2026-02.pdf,Bulletin_2026-02.pdf,pdf,1700,Document,Migrated,MIGRATED,,,SRC-56175881,d5bd0132-dc68-5e91-f52b-c6552a7ec806,4,0dd09e51-fa55-6835-c021-fa1bc31e4b97,1,d23f0824-128b-2f33-0c5c-7fd0a6a3a450,DEMO-SRV01
\\DEMO-SRV01\FileServer\02_RH_Collaborateurs\01_Dossiers_Individuels\GIRARD_Julien\Bulletins_de_paie\2026\Bulletin_2026-03.pdf,https://m365x71797824.sharepoint.com/sites/MigrationFileServer/RH/01_Dossiers_Individuels/GIRARD_Julien/Bulletins_de_paie/2026/Bulletin_2026-03.pdf,Bulletin_2026-03.pdf,pdf,1700,Document,Migrated,MIGRATED,,,SRC-89491135,50f7b168-0f4d-ad88-9be4-078c7c8005c5,4,0dd09e51-fa55-6835-c021-fa1bc31e4b97,1,d23f0824-128b-2f33-0c5c-7fd0a6a3a450,DEMO-SRV01
\\DEMO-SRV01\FileServer\02_RH_Collaborateurs\01_Dossiers_Individuels\GIRARD_Julien\Bulletins_de_paie\2026\Bulletin_2026-04.pdf,https://m365x71797824.sharepoint.com/sites/MigrationFileServer/RH/01_Dossiers_Individuels/GIRARD_Julien/Bulletins_de_paie/2026/Bulletin_2026-04.pdf,Bulletin_2026-04.pdf,pdf,1700,Document,Migrated,MIGRATED,,,SRC-91731480,ba4ee77a-9330-ca45-f2e1-eecd5e18c712,4,0dd09e51-fa55-6835-c021-fa1bc31e4b97,1,d23f0824-128b-2f33-0c5c-7fd0a6a3a450,DEMO-SRV01
\\DEMO-SRV01\FileServer\02_RH_Collaborateurs\01_Dossiers_Individuels\GIRARD_Julien\Bulletins_de_paie\2026\Bulletin_2026-05.pdf,https://m365x71797824.sharepoint.com/sites/MigrationFileServer/RH/01_Dossiers_Individuels/GIRARD_Julien/Bulletins_de_paie/2026/Bulletin_2026-05.pdf,Bulletin_2026-05.pdf,pdf,1702,Document,Migrated,MIGRATED,,,SRC-93321640,2a9dcb87-ad47-f8fa-7844-f24070503308,4,0dd09e51-fa55-6835-c021-fa1bc31e4b97,1,d23f0824-128b-2f33-0c5c-7fd0a6a3a450,DEMO-SRV01
\\DEMO-SRV01\FileServer\02_RH_Collaborateurs\01_Dossiers_Individuels\GIRARD_Julien\Bulletins_de_paie\2026\Bulletin_2026-06.pdf,https://m365x71797824.sharepoint.com/sites/MigrationFileServer/RH/01_Dossiers_Individuels/GIRARD_Julien/Bulletins_de_paie/2026/Bulletin_2026-06.pdf,Bulletin_2026-06.pdf,pdf,1700,Document,Migrated,MIGRATED,,,SRC-47886464,1de067d0-cc1f-d5c7-f763-0f7025189807,5,0dd09e51-fa55-6835-c021-fa1bc31e4b97,1,d23f0824-128b-2f33-0c5c-7fd0a6a3a450,DEMO-SRV01
\\DEMO-SRV01\FileServer\02_RH_Collaborateurs\01_Dossiers_Individuels\GIRARD_Julien\Bulletins_de_paie\2026\Bulletin_2026-07.pdf,https://m365x71797824.sharepoint.com/sites/MigrationFileServer/RH/01_Dossiers_Individuels/GIRARD_Julien/Bulletins_de_paie/2026/Bulletin_2026-07.pdf,Bulletin_2026-07.pdf,pdf,1700,Document,Migrated,MIGRATED,,,SRC-94523978,29fd96b2-a517-6da0-f432-4d925cfef954,5,0dd09e51-fa55-6835-c021-fa1bc31e4b97,1,d23f0824-128b-2f33-0c5c-7fd0a6a3a450,DEMO-SRV01
\\DEMO-SRV01\FileServer\02_RH_Collaborateurs\01_Dossiers_Individuels\GIRARD_Julien\Bulletins_de_paie\2026\Bulletin_2026-08.pdf,https://m365x71797824.sharepoint.com/sites/MigrationFileServer/RH/01_Dossiers_Individuels/GIRARD_Julien/Bulletins_de_paie/2026/Bulletin_2026-08.pdf,Bulletin_2026-08.pdf,pdf,1702,Document,Migrated,MIGRATED,,,SRC-63201094,7a1a3293-6aff-bc9a-cd45-f31aa13475fe,5,0dd09e51-fa55-6835-c021-fa1bc31e4b97,1,d23f0824-128b-2f33-0c5c-7fd0a6a3a450,DEMO-SRV01
\\DEMO-SRV01\FileServer\02_RH_Collaborateurs\01_Dossiers_Individuels\GIRARD_Julien\Contrat_de_travail_GIRARD.pdf,https://m365x71797824.sharepoint.com/sites/MigrationFileServer/RH/01_Dossiers_Individuels/GIRARD_Julien/Contrat_de_travail_GIRARD.pdf,Contrat_de_travail_GIRARD.pdf,pdf,1725,Document,Migrated,MIGRATED,,,SRC-33087448,73e7c95d-c947-2c59-c731-1fda62bfb10e,5,0dd09e51-fa55-6835-c021-fa1bc31e4b97,1,d23f0824-128b-2f33-0c5c-7fd0a6a3a450,DEMO-SRV01
\\DEMO-SRV01\FileServer\02_RH_Collaborateurs\01_Dossiers_Individuels\GIRARD_Julien\Entretiens_annuels\Entretien_annuel_2024.docx,https://m365x71797824.sharepoint.com/sites/MigrationFileServer/RH/01_Dossiers_Individuels/GIRARD_Julien/Entretiens_annuels/Entretien_annuel_2024.docx,Entretien_annuel_2024.docx,docx,36755,Document,Migrated,MIGRATED,,,SRC-78494603,c13897b4-c8dd-21cd-45a0-87c2f1e66795,5,0dd09e51-fa55-6835-c021-fa1bc31e4b97,1,d23f0824-128b-2f33-0c5c-7fd0a6a3a450,DEMO-SRV01
\\DEMO-SRV01\FileServer\02_RH_Collaborateurs\01_Dossiers_Individuels\GIRARD_Julien\Entretiens_annuels\Entretien_annuel_2025.docx,https://m365x71797824.sharepoint.com/sites/MigrationFileServer/RH/01_Dossiers_Individuels/GIRARD_Julien/Entretiens_annuels/Entretien_annuel_2025.docx,Entretien_annuel_2025.docx,docx,36754,Document,Migrated,MIGRATED,,,SRC-94423884,47a7fde0-4ad9-f598-5579-85e0911ae38d,5,0dd09e51-fa55-6835-c021-fa1bc31e4b97,1,d23f0824-128b-2f33-0c5c-7fd0a6a3a450,DEMO-SRV01
\\DEMO-SRV01\FileServer\02_RH_Collaborateurs\01_Dossiers_Individuels\LEROY_Marion\Bulletins_de_paie\2026\Bulletin_2026-01.pdf,https://m365x71797824.sharepoint.com/sites/MigrationFileServer/RH/01_Dossiers_Individuels/LEROY_Marion/Bulletins_de_paie/2026/Bulletin_2026-01.pdf,Bulletin_2026-01.pdf,pdf,1698,Document,Migrated,MIGRATED,,,SRC-13546414,a6a476a3-f954-dd9e-9f31-63050f85f59b,5,0dd09e51-fa55-6835-c021-fa1bc31e4b97,1,d23f0824-128b-2f33-0c5c-7fd0a6a3a450,DEMO-SRV01
\\DEMO-SRV01\FileServer\02_RH_Collaborateurs\01_Dossiers_Individuels\LEROY_Marion\Bulletins_de_paie\2026\Bulletin_2026-02.pdf,https://m365x71797824.sharepoint.com/sites/MigrationFileServer/RH/01_Dossiers_Individuels/LEROY_Marion/Bulletins_de_paie/2026/Bulletin_2026-02.pdf,Bulletin_2026-02.pdf,pdf,1698,Document,Migrated,MIGRATED,,,SRC-37471821,99933bf7-d3d1-0e24-cd4b-9ff5b4093893,5,0dd09e51-fa55-6835-c021-fa1bc31e4b97,1,d23f0824-128b-2f33-0c5c-7fd0a6a3a450,DEMO-SRV01
\\DEMO-SRV01\FileServer\02_RH_Collaborateurs\01_Dossiers_Individuels\LEROY_Marion\Bulletins_de_paie\2026\Bulletin_2026-03.pdf,https://m365x71797824.sharepoint.com/sites/MigrationFileServer/RH/01_Dossiers_Individuels/LEROY_Marion/Bulletins_de_paie/2026/Bulletin_2026-03.pdf,Bulletin_2026-03.pdf,pdf,1697,Document,Migrated,MIGRATED,,,SRC-59674070,b9c81818-9b17-37bc-de9b-5dec5500932f,5,0dd09e51-fa55-6835-c021-fa1bc31e4b97,1,d23f0824-128b-2f33-0c5c-7fd0a6a3a450,DEMO-SRV01
\\DEMO-SRV01\FileServer\02_RH_Collaborateurs\01_Dossiers_Individuels\LEROY_Marion\Bulletins_de_paie\2026\Bulletin_2026-04.pdf,https://m365x71797824.sharepoint.com/sites/MigrationFileServer/RH/01_Dossiers_Individuels/LEROY_Marion/Bulletins_de_paie/2026/Bulletin_2026-04.pdf,Bulletin_2026-04.pdf,pdf,1697,Document,Migrated,MIGRATED,,,SRC-82364357,26afd434-d4cf-50a7-03f7-d891fa3a0776,5,0dd09e51-fa55-6835-c021-fa1bc31e4b97,1,d23f0824-128b-2f33-0c5c-7fd0a6a3a450,DEMO-SRV01
\\DEMO-SRV01\FileServer\02_RH_Collaborateurs\01_Dossiers_Individuels\LEROY_Marion\Bulletins_de_paie\2026\Bulletin_2026-05.pdf,https://m365x71797824.sharepoint.com/sites/MigrationFileServer/RH/01_Dossiers_Individuels/LEROY_Marion/Bulletins_de_paie/2026/Bulletin_2026-05.pdf,Bulletin_2026-05.pdf,pdf,1698,Document,Migrated,MIGRATED,,,SRC-48031780,95acd14a-4f00-42f5-d526-e8f999e42264,5,0dd09e51-fa55-6835-c021-fa1bc31e4b97,1,d23f0824-128b-2f33-0c5c-7fd0a6a3a450,DEMO-SRV01
\\DEMO-SRV01\FileServer\02_RH_Collaborateurs\01_Dossiers_Individuels\LEROY_Marion\Bulletins_de_paie\2026\Bulletin_2026-06.pdf,https://m365x71797824.sharepoint.com/sites/MigrationFileServer/RH/01_Dossiers_Individuels/LEROY_Marion/Bulletins_de_paie/2026/Bulletin_2026-06.pdf,Bulletin_2026-06.pdf,pdf,1697,Document,Migrated,MIGRATED,,,SRC-1475582,3f0121f3-e35c-18a0-f9f4-886c6db63aed,5,0dd09e51-fa55-6835-c021-fa1bc31e4b97,1,d23f0824-128b-2f33-0c5c-7fd0a6a3a450,DEMO-SRV01
\\DEMO-SRV01\FileServer\02_RH_Collaborateurs\01_Dossiers_Individuels\LEROY_Marion\Bulletins_de_paie\2026\Bulletin_2026-07.pdf,https://m365x71797824.sharepoint.com/sites/MigrationFileServer/RH/01_Dossiers_Individuels/LEROY_Marion/Bulletins_de_paie/2026/Bulletin_2026-07.pdf,Bulletin_2026-07.pdf,pdf,1697,Document,Migrated,MIGRATED,,,SRC-75200732,604ea2ff-af50-7de3-6329-cfd3606de4eb,5,0dd09e51-fa55-6835-c021-fa1bc31e4b97,1,d23f0824-128b-2f33-0c5c-7fd0a6a3a450,DEMO-SRV01
\\DEMO-SRV01\FileServer\02_RH_Collaborateurs\01_Dossiers_Individuels\LEROY_Marion\Bulletins_de_paie\2026\Bulletin_2026-08.pdf,https://m365x71797824.sharepoint.com/sites/MigrationFileServer/RH/01_Dossiers_Individuels/LEROY_Marion/Bulletins_de_paie/2026/Bulletin_2026-08.pdf,Bulletin_2026-08.pdf,pdf,1697,Document,Migrated,MIGRATED,,,SRC-4118014,3bfe938f-e567-dabb-c57d-72fe9a0e63e2,5,0dd09e51-fa55-6835-c021-fa1bc31e4b97,1,d23f0824-128b-2f33-0c5c-7fd0a6a3a450,DEMO-SRV01
\\DEMO-SRV01\FileServer\02_RH_Collaborateurs\01_Dossiers_Individuels\LEROY_Marion\Contrat_de_travail_LEROY.pdf,https://m365x71797824.sharepoint.com/sites/MigrationFileServer/RH/01_Dossiers_Individuels/LEROY_Marion/Contrat_de_travail_LEROY.pdf,Contrat_de_travail_LEROY.pdf,pdf,1730,Document,Migrated,MIGRATED,,,SRC-42698047,b04516b7-4886-f572-7386-6561ceb71a8f,5,0dd09e51-fa55-6835-c021-fa1bc31e4b97,1,d23f0824-128b-2f33-0c5c-7fd0a6a3a450,DEMO-SRV01
\\DEMO-SRV01\FileServer\02_RH_Collaborateurs\01_Dossiers_Individuels\LEROY_Marion\Entretiens_annuels\Entretien_annuel_2024.docx,https://m365x71797824.sharepoint.com/sites/MigrationFileServer/RH/01_Dossiers_Individuels/LEROY_Marion/Entretiens_annuels/Entretien_annuel_2024.docx,Entretien_annuel_2024.docx,docx,36755,Document,Migrated,MIGRATED,,,SRC-30644694,449d27f9-4356-e358-524f-853f006e6da2,5,0dd09e51-fa55-6835-c021-fa1bc31e4b97,1,d23f0824-128b-2f33-0c5c-7fd0a6a3a450,DEMO-SRV01
\\DEMO-SRV01\FileServer\02_RH_Collaborateurs\01_Dossiers_Individuels\LEROY_Marion\Entretiens_annuels\Entretien_annuel_2025.docx,https://m365x71797824.sharepoint.com/sites/MigrationFileServer/RH/01_Dossiers_Individuels/LEROY_Marion/Entretiens_annuels/Entretien_annuel_2025.docx,Entretien_annuel_2025.docx,docx,36754,Document,Migrated,MIGRATED,,,SRC-10363314,ebac31fb-962e-3c84-2843-87ee6c28f618,5,0dd09e51-fa55-6835-c021-fa1bc31e4b97,1,d23f0824-128b-2f33-0c5c-7fd0a6a3a450,DEMO-SRV01
\\DEMO-SRV01\FileServer\02_RH_Collaborateurs\01_Dossiers_Individuels\MARTIN_Maxime\Bulletins_de_paie\2026\Bulletin_2026-01.pdf,https://m365x71797824.sharepoint.com/sites/MigrationFileServer/RH/01_Dossiers_Individuels/MARTIN_Maxime/Bulletins_de_paie/2026/Bulletin_2026-01.pdf,Bulletin_2026-01.pdf,pdf,1699,Document,Migrated,MIGRATED,,,SRC-41699434,c8789ae0-e32e-f1ea-c369-3486d0e47843,5,0dd09e51-fa55-6835-c021-fa1bc31e4b97,1,d23f0824-128b-2f33-0c5c-7fd0a6a3a450,DEMO-SRV01
\\DEMO-SRV01\FileServer\02_RH_Collaborateurs\01_Dossiers_Individuels\MARTIN_Maxime\Bulletins_de_paie\2026\Bulletin_2026-02.pdf,https://m365x71797824.sharepoint.com/sites/MigrationFileServer/RH/01_Dossiers_Individuels/MARTIN_Maxime/Bulletins_de_paie/2026/Bulletin_2026-02.pdf,Bulletin_2026-02.pdf,pdf,1697,Document,Migrated,MIGRATED,,,SRC-91317567,2402eeb0-d54e-a035-49dc-8a9f0ad3f2d6,5,0dd09e51-fa55-6835-c021-fa1bc31e4b97,1,d23f0824-128b-2f33-0c5c-7fd0a6a3a450,DEMO-SRV01
\\DEMO-SRV01\FileServer\02_RH_Collaborateurs\01_Dossiers_Individuels\MARTIN_Maxime\Bulletins_de_paie\2026\Bulletin_2026-03.pdf,https://m365x71797824.sharepoint.com/sites/MigrationFileServer/RH/01_Dossiers_Individuels/MARTIN_Maxime/Bulletins_de_paie/2026/Bulletin_2026-03.pdf,Bulletin_2026-03.pdf,pdf,1699,Document,Migrated,MIGRATED,,,SRC-92146481,fe2a7b12-de01-282a-e3ff-2dd0cfcf0196,5,0dd09e51-fa55-6835-c021-fa1bc31e4b97,1,d23f0824-128b-2f33-0c5c-7fd0a6a3a450,DEMO-SRV01
\\DEMO-SRV01\FileServer\02_RH_Collaborateurs\01_Dossiers_Individuels\MARTIN_Maxime\Bulletins_de_paie\2026\Bulletin_2026-04.pdf,https://m365x71797824.sharepoint.com/sites/MigrationFileServer/RH/01_Dossiers_Individuels/MARTIN_Maxime/Bulletins_de_paie/2026/Bulletin_2026-04.pdf,Bulletin_2026-04.pdf,pdf,1698,Document,Migrated,MIGRATED,,,SRC-62339899,f9b1de86-461a-f27f-25a1-ba53926893ed,5,0dd09e51-fa55-6835-c021-fa1bc31e4b97,1,d23f0824-128b-2f33-0c5c-7fd0a6a3a450,DEMO-SRV01
\\DEMO-SRV01\FileServer\02_RH_Collaborateurs\01_Dossiers_Individuels\MARTIN_Maxime\Bulletins_de_paie\2026\Bulletin_2026-05.pdf,https://m365x71797824.sharepoint.com/sites/MigrationFileServer/RH/01_Dossiers_Individuels/MARTIN_Maxime/Bulletins_de_paie/2026/Bulletin_2026-05.pdf,Bulletin_2026-05.pdf,pdf,1699,Document,Migrated,MIGRATED,,,SRC-87995925,8c3fc5e6-ce99-b522-cc19-393dd9e71957,5,0dd09e51-fa55-6835-c021-fa1bc31e4b97,1,d23f0824-128b-2f33-0c5c-7fd0a6a3a450,DEMO-SRV01
\\DEMO-SRV01\FileServer\02_RH_Collaborateurs\01_Dossiers_Individuels\MARTIN_Maxime\Bulletins_de_paie\2026\Bulletin_2026-06.pdf,https://m365x71797824.sharepoint.com/sites/MigrationFileServer/RH/01_Dossiers_Individuels/MARTIN_Maxime/Bulletins_de_paie/2026/Bulletin_2026-06.pdf,Bulletin_2026-06.pdf,pdf,1697,Document,Migrated,MIGRATED,,,SRC-78894156,7ffe6c7d-e9eb-7933-c6ec-6e3eaf447cf2,5,0dd09e51-fa55-6835-c021-fa1bc31e4b97,1,d23f0824-128b-2f33-0c5c-7fd0a6a3a450,DEMO-SRV01
\\DEMO-SRV01\FileServer\02_RH_Collaborateurs\01_Dossiers_Individuels\MARTIN_Maxime\Bulletins_de_paie\2026\Bulletin_2026-07.pdf,https://m365x71797824.sharepoint.com/sites/MigrationFileServer/RH/01_Dossiers_Individuels/MARTIN_Maxime/Bulletins_de_paie/2026/Bulletin_2026-07.pdf,Bulletin_2026-07.pdf,pdf,1699,Document,Migrated,MIGRATED,,,SRC-70958278,8a3c3502-15c6-b9a6-88d8-c0a558cb5fde,5,0dd09e51-fa55-6835-c021-fa1bc31e4b97,1,d23f0824-128b-2f33-0c5c-7fd0a6a3a450,DEMO-SRV01
\\DEMO-SRV01\FileServer\02_RH_Collaborateurs\01_Dossiers_Individuels\MARTIN_Maxime\Bulletins_de_paie\2026\Bulletin_2026-08.pdf,https://m365x71797824.sharepoint.com/sites/MigrationFileServer/RH/01_Dossiers_Individuels/MARTIN_Maxime/Bulletins_de_paie/2026/Bulletin_2026-08.pdf,Bulletin_2026-08.pdf,pdf,1698,Document,Migrated,MIGRATED,,,SRC-20044034,61b99161-cc21-a87a-7c19-64bb8dbd9a53,5,0dd09e51-fa55-6835-c021-fa1bc31e4b97,1,d23f0824-128b-2f33-0c5c-7fd0a6a3a450,DEMO-SRV01
\\DEMO-SRV01\FileServer\02_RH_Collaborateurs\01_Dossiers_Individuels\MARTIN_Maxime\Contrat_de_travail_MARTIN.pdf,https://m365x71797824.sharepoint.com/sites/MigrationFileServer/RH/01_Dossiers_Individuels/MARTIN_Maxime/Contrat_de_travail_MARTIN.pdf,Contrat_de_travail_MARTIN.pdf,pdf,1733,Document,Migrated,MIGRATED,,,SRC-54565981,b8e17bae-c00c-116d-c9a6-1015334f6a84,5,0dd09e51-fa55-6835-c021-fa1bc31e4b97,1,d23f0824-128b-2f33-0c5c-7fd0a6a3a450,DEMO-SRV01
\\DEMO-SRV01\FileServer\02_RH_Collaborateurs\01_Dossiers_Individuels\MARTIN_Maxime\Entretiens_annuels\Entretien_annuel_2025.docx,https://m365x71797824.sharepoint.com/sites/MigrationFileServer/RH/01_Dossiers_Individuels/MARTIN_Maxime/Entretiens_annuels/Entretien_annuel_2025.docx,Entretien_annuel_2025.docx,docx,36755,Document,Migrated,MIGRATED,,,SRC-61365710,4f397397-3be9-8937-fb76-78d3ee85616e,5,0dd09e51-fa55-6835-c021-fa1bc31e4b97,1,d23f0824-128b-2f33-0c5c-7fd0a6a3a450,DEMO-SRV01
\\DEMO-SRV01\FileServer\02_RH_Collaborateurs\01_Dossiers_Individuels\MERCIER_Marion\Bulletins_de_paie\2026\Bulletin_2026-01.pdf,https://m365x71797824.sharepoint.com/sites/MigrationFileServer/RH/01_Dossiers_Individuels/MERCIER_Marion/Bulletins_de_paie/2026/Bulletin_2026-01.pdf,Bulletin_2026-01.pdf,pdf,1699,Document,Migrated,MIGRATED,,,SRC-49257008,653f387f-ad7b-4176-0ebc-4be59b5dae4e,5,0dd09e51-fa55-6835-c021-fa1bc31e4b97,1,d23f0824-128b-2f33-0c5c-7fd0a6a3a450,DEMO-SRV01
\\DEMO-SRV01\FileServer\02_RH_Collaborateurs\01_Dossiers_Individuels\MERCIER_Marion\Bulletins_de_paie\2026\Bulletin_2026-02.pdf,https://m365x71797824.sharepoint.com/sites/MigrationFileServer/RH/01_Dossiers_Individuels/MERCIER_Marion/Bulletins_de_paie/2026/Bulletin_2026-02.pdf,Bulletin_2026-02.pdf,pdf,1699,Document,Migrated,MIGRATED,,,SRC-77131871,ed0e4528-34e2-d3b9-b555-b9fa771f672a,5,0dd09e51-fa55-6835-c021-fa1bc31e4b97,1,d23f0824-128b-2f33-0c5c-7fd0a6a3a450,DEMO-SRV01
\\DEMO-SRV01\FileServer\02_RH_Collaborateurs\01_Dossiers_Individuels\MERCIER_Marion\Bulletins_de_paie\2026\Bulletin_2026-03.pdf,https://m365x71797824.sharepoint.com/sites/MigrationFileServer/RH/01_Dossiers_Individuels/MERCIER_Marion/Bulletins_de_paie/2026/Bulletin_2026-03.pdf,Bulletin_2026-03.pdf,pdf,1699,Document,Migrated,MIGRATED,,,SRC-17223998,02660c0a-c04a-4a4c-961d-8bc0413649b2,5,0dd09e51-fa55-6835-c021-fa1bc31e4b97,1,d23f0824-128b-2f33-0c5c-7fd0a6a3a450,DEMO-SRV01
\\DEMO-SRV01\FileServer\02_RH_Collaborateurs\01_Dossiers_Individuels\MERCIER_Marion\Bulletins_de_paie\2026\Bulletin_2026-04.pdf,https://m365x71797824.sharepoint.com/sites/MigrationFileServer/RH/01_Dossiers_Individuels/MERCIER_Marion/Bulletins_de_paie/2026/Bulletin_2026-04.pdf,Bulletin_2026-04.pdf,pdf,1699,Document,Migrated,MIGRATED,,,SRC-91574173,8a6243fd-75b0-0b15-628d-a935caaa8e50,5,0dd09e51-fa55-6835-c021-fa1bc31e4b97,1,d23f0824-128b-2f33-0c5c-7fd0a6a3a450,DEMO-SRV01
\\DEMO-SRV01\FileServer\02_RH_Collaborateurs\01_Dossiers_Individuels\MERCIER_Marion\Bulletins_de_paie\2026\Bulletin_2026-05.pdf,https://m365x71797824.sharepoint.com/sites/MigrationFileServer/RH/01_Dossiers_Individuels/MERCIER_Marion/Bulletins_de_paie/2026/Bulletin_2026-05.pdf,Bulletin_2026-05.pdf,pdf,1700,Document,Migrated,MIGRATED,,,SRC-62529299,5ae82b36-ce7b-b22b-8941-411316739251,5,0dd09e51-fa55-6835-c021-fa1bc31e4b97,1,d23f0824-128b-2f33-0c5c-7fd0a6a3a450,DEMO-SRV01
\\DEMO-SRV01\FileServer\02_RH_Collaborateurs\01_Dossiers_Individuels\MERCIER_Marion\Bulletins_de_paie\2026\Bulletin_2026-06.pdf,https://m365x71797824.sharepoint.com/sites/MigrationFileServer/RH/01_Dossiers_Individuels/MERCIER_Marion/Bulletins_de_paie/2026/Bulletin_2026-06.pdf,Bulletin_2026-06.pdf,pdf,1699,Document,Migrated,MIGRATED,,,SRC-68726059,65ef8db0-3b9d-226a-1008-99d1c5acb068,5,0dd09e51-fa55-6835-c021-fa1bc31e4b97,1,d23f0824-128b-2f33-0c5c-7fd0a6a3a450,DEMO-SRV01
\\DEMO-SRV01\FileServer\02_RH_Collaborateurs\01_Dossiers_Individuels\MERCIER_Marion\Bulletins_de_paie\2026\Bulletin_2026-07.pdf,https://m365x71797824.sharepoint.com/sites/MigrationFileServer/RH/01_Dossiers_Individuels/MERCIER_Marion/Bulletins_de_paie/2026/Bulletin_2026-07.pdf,Bulletin_2026-07.pdf,pdf,1699,Document,Migrated,MIGRATED,,,SRC-2409763,42715046-e59d-2552-8562-da19946009c1,5,0dd09e51-fa55-6835-c021-fa1bc31e4b97,1,d23f0824-128b-2f33-0c5c-7fd0a6a3a450,DEMO-SRV01
\\DEMO-SRV01\FileServer\02_RH_Collaborateurs\01_Dossiers_Individuels\MERCIER_Marion\Bulletins_de_paie\2026\Bulletin_2026-08.pdf,https://m365x71797824.sharepoint.com/sites/MigrationFileServer/RH/01_Dossiers_Individuels/MERCIER_Marion/Bulletins_de_paie/2026/Bulletin_2026-08.pdf,Bulletin_2026-08.pdf,pdf,1700,Document,Migrated,MIGRATED,,,SRC-21210238,522c9583-8598-853a-d554-fc05e2958512,5,0dd09e51-fa55-6835-c021-fa1bc31e4b97,1,d23f0824-128b-2f33-0c5c-7fd0a6a3a450,DEMO-SRV01
\\DEMO-SRV01\FileServer\02_RH_Collaborateurs\01_Dossiers_Individuels\MERCIER_Marion\Contrat_de_travail_MERCIER.pdf,https://m365x71797824.sharepoint.com/sites/MigrationFileServer/RH/01_Dossiers_Individuels/MERCIER_Marion/Contrat_de_travail_MERCIER.pdf,Contrat_de_travail_MERCIER.pdf,pdf,1733,Document,Migrated,MIGRATED,,,SRC-96868630,33adba6f-96de-3dda-8194-455d7a018e0c,5,0dd09e51-fa55-6835-c021-fa1bc31e4b97,1,d23f0824-128b-2f33-0c5c-7fd0a6a3a450,DEMO-SRV01
\\DEMO-SRV01\FileServer\02_RH_Collaborateurs\01_Dossiers_Individuels\MERCIER_Marion\Entretiens_annuels\Entretien_annuel_2024.docx,https://m365x71797824.sharepoint.com/sites/MigrationFileServer/RH/01_Dossiers_Individuels/MERCIER_Marion/Entretiens_annuels/Entretien_annuel_2024.docx,Entretien_annuel_2024.docx,docx,36756,Document,Migrated,MIGRATED,,,SRC-97091895,1799a7da-313b-7e29-3673-174d306c3a5a,5,0dd09e51-fa55-6835-c021-fa1bc31e4b97,1,d23f0824-128b-2f33-0c5c-7fd0a6a3a450,DEMO-SRV01
\\DEMO-SRV01\FileServer\02_RH_Collaborateurs\01_Dossiers_Individuels\MERCIER_Marion\Entretiens_annuels\Entretien_annuel_2025.docx,https://m365x71797824.sharepoint.com/sites/MigrationFileServer/RH/01_Dossiers_Individuels/MERCIER_Marion/Entretiens_annuels/Entretien_annuel_2025.docx,Entretien_annuel_2025.docx,docx,36756,Document,Migrated,MIGRATED,,,SRC-7327994,4a30189b-b378-f0cb-ce4d-2a2a2e41ea06,5,0dd09e51-fa55-6835-c021-fa1bc31e4b97,1,d23f0824-128b-2f33-0c5c-7fd0a6a3a450,DEMO-SRV01
\\DEMO-SRV01\FileServer\02_RH_Collaborateurs\01_Dossiers_Individuels\MOREAU_Manon\Bulletins_de_paie\2026\Bulletin_2026-01.pdf,https://m365x71797824.sharepoint.com/sites/MigrationFileServer/RH/01_Dossiers_Individuels/MOREAU_Manon/Bulletins_de_paie/2026/Bulletin_2026-01.pdf,Bulletin_2026-01.pdf,pdf,1700,Document,Migrated,MIGRATED,,,SRC-17093866,5be04057-907e-897c-93ef-07045ce22657,5,0dd09e51-fa55-6835-c021-fa1bc31e4b97,1,d23f0824-128b-2f33-0c5c-7fd0a6a3a450,DEMO-SRV01
\\DEMO-SRV01\FileServer\02_RH_Collaborateurs\01_Dossiers_Individuels\MOREAU_Manon\Bulletins_de_paie\2026\Bulletin_2026-02.pdf,https://m365x71797824.sharepoint.com/sites/MigrationFileServer/RH/01_Dossiers_Individuels/MOREAU_Manon/Bulletins_de_paie/2026/Bulletin_2026-02.pdf,Bulletin_2026-02.pdf,pdf,1699,Document,Migrated,MIGRATED,,,SRC-50275140,db611f75-8468-5b61-c796-64706709ab4c,5,0dd09e51-fa55-6835-c021-fa1bc31e4b97,1,d23f0824-128b-2f33-0c5c-7fd0a6a3a450,DEMO-SRV01
\\DEMO-SRV01\FileServer\02_RH_Collaborateurs\01_Dossiers_Individuels\MOREAU_Manon\Bulletins_de_paie\2026\Bulletin_2026-03.pdf,https://m365x71797824.sharepoint.com/sites/MigrationFileServer/RH/01_Dossiers_Individuels/MOREAU_Manon/Bulletins_de_paie/2026/Bulletin_2026-03.pdf,Bulletin_2026-03.pdf,pdf,1700,Document,Migrated,MIGRATED,,,SRC-75819354,ec30b3c2-0b6a-8ad2-3f0d-d5832625748a,5,0dd09e51-fa55-6835-c021-fa1bc31e4b97,1,d23f0824-128b-2f33-0c5c-7fd0a6a3a450,DEMO-SRV01
\\DEMO-SRV01\FileServer\02_RH_Collaborateurs\01_Dossiers_Individuels\MOREAU_Manon\Bulletins_de_paie\2026\Bulletin_2026-04.pdf,https://m365x71797824.sharepoint.com/sites/MigrationFileServer/RH/01_Dossiers_Individuels/MOREAU_Manon/Bulletins_de_paie/2026/Bulletin_2026-04.pdf,Bulletin_2026-04.pdf,pdf,1699,Document,Migrated,MIGRATED,,,SRC-6183908,ddca8b0c-5fc1-1cc0-7e46-da13ff44abde,5,0dd09e51-fa55-6835-c021-fa1bc31e4b97,1,d23f0824-128b-2f33-0c5c-7fd0a6a3a450,DEMO-SRV01
\\DEMO-SRV01\FileServer\02_RH_Collaborateurs\01_Dossiers_Individuels\MOREAU_Manon\Bulletins_de_paie\2026\Bulletin_2026-05.pdf,https://m365x71797824.sharepoint.com/sites/MigrationFileServer/RH/01_Dossiers_Individuels/MOREAU_Manon/Bulletins_de_paie/2026/Bulletin_2026-05.pdf,Bulletin_2026-05.pdf,pdf,1698,Document,Migrated,MIGRATED,,,SRC-29041454,76a399f8-a1fb-68f1-5f25-a7fe1b2a9134,5,0dd09e51-fa55-6835-c021-fa1bc31e4b97,1,d23f0824-128b-2f33-0c5c-7fd0a6a3a450,DEMO-SRV01
\\DEMO-SRV01\FileServer\02_RH_Collaborateurs\01_Dossiers_Individuels\MOREAU_Manon\Bulletins_de_paie\2026\Bulletin_2026-06.pdf,https://m365x71797824.sharepoint.com/sites/MigrationFileServer/RH/01_Dossiers_Individuels/MOREAU_Manon/Bulletins_de_paie/2026/Bulletin_2026-06.pdf,Bulletin_2026-06.pdf,pdf,1698,Document,Migrated,MIGRATED,,,SRC-48350204,50d7941d-27f9-c55d-14ec-e04cc98f9bf5,5,0dd09e51-fa55-6835-c021-fa1bc31e4b97,1,d23f0824-128b-2f33-0c5c-7fd0a6a3a450,DEMO-SRV01
\\DEMO-SRV01\FileServer\02_RH_Collaborateurs\01_Dossiers_Individuels\MOREAU_Manon\Bulletins_de_paie\2026\Bulletin_2026-07.pdf,https://m365x71797824.sharepoint.com/sites/MigrationFileServer/RH/01_Dossiers_Individuels/MOREAU_Manon/Bulletins_de_paie/2026/Bulletin_2026-07.pdf,Bulletin_2026-07.pdf,pdf,1698,Document,Migrated,MIGRATED,,,SRC-86411797,47d1ffb9-584c-c92f-07c5-97f798e2e954,5,0dd09e51-fa55-6835-c021-fa1bc31e4b97,1,d23f0824-128b-2f33-0c5c-7fd0a6a3a450,DEMO-SRV01
\\DEMO-SRV01\FileServer\02_RH_Collaborateurs\01_Dossiers_Individuels\MOREAU_Manon\Bulletins_de_paie\2026\Bulletin_2026-08.pdf,https://m365x71797824.sharepoint.com/sites/MigrationFileServer/RH/01_Dossiers_Individuels/MOREAU_Manon/Bulletins_de_paie/2026/Bulletin_2026-08.pdf,Bulletin_2026-08.pdf,pdf,1698,Document,Migrated,MIGRATED,,,SRC-25657800,1815f07d-0544-152f-9b6d-4eb584fb1f3f,5,0dd09e51-fa55-6835-c021-fa1bc31e4b97,1,d23f0824-128b-2f33-0c5c-7fd0a6a3a450,DEMO-SRV01
\\DEMO-SRV01\FileServer\02_RH_Collaborateurs\01_Dossiers_Individuels\MOREAU_Manon\Contrat_de_travail_MOREAU.pdf,https://m365x71797824.sharepoint.com/sites/MigrationFileServer/RH/01_Dossiers_Individuels/MOREAU_Manon/Contrat_de_travail_MOREAU.pdf,Contrat_de_travail_MOREAU.pdf,pdf,1737,Document,Migrated,MIGRATED,,,SRC-99145252,deead1d3-fd8b-289c-3463-88d10898a37e,5,0dd09e51-fa55-6835-c021-fa1bc31e4b97,1,d23f0824-128b-2f33-0c5c-7fd0a6a3a450,DEMO-SRV01
\\DEMO-SRV01\FileServer\02_RH_Collaborateurs\01_Dossiers_Individuels\MOREAU_Manon\Entretiens_annuels\Entretien_annuel_2024.docx,https://m365x71797824.sharepoint.com/sites/MigrationFileServer/RH/01_Dossiers_Individuels/MOREAU_Manon/Entretiens_annuels/Entretien_annuel_2024.docx,Entretien_annuel_2024.docx,docx,36755,Document,Migrated,MIGRATED,,,SRC-20640586,9632b091-7c7f-2cba-90c2-ed6dddb79513,5,0dd09e51-fa55-6835-c021-fa1bc31e4b97,1,d23f0824-128b-2f33-0c5c-7fd0a6a3a450,DEMO-SRV01
\\DEMO-SRV01\FileServer\02_RH_Collaborateurs\01_Dossiers_Individuels\MOREAU_Manon\Entretiens_annuels\Entretien_annuel_2025.docx,https://m365x71797824.sharepoint.com/sites/MigrationFileServer/RH/01_Dossiers_Individuels/MOREAU_Manon/Entretiens_annuels/Entretien_annuel_2025.docx,Entretien_annuel_2025.docx,docx,36754,Document,Migrated,MIGRATED,,,SRC-25535733,eced4301-42f8-03f4-36ad-61dd9132f7ad,5,0dd09e51-fa55-6835-c021-fa1bc31e4b97,1,d23f0824-128b-2f33-0c5c-7fd0a6a3a450,DEMO-SRV01
\\DEMO-SRV01\FileServer\02_RH_Collaborateurs\01_Dossiers_Individuels\MULLER_Kevin\Bulletins_de_paie\2026\Bulletin_2026-01.pdf,https://m365x71797824.sharepoint.com/sites/MigrationFileServer/RH/01_Dossiers_Individuels/MULLER_Kevin/Bulletins_de_paie/2026/Bulletin_2026-01.pdf,Bulletin_2026-01.pdf,pdf,1697,Document,Migrated,MIGRATED,,,SRC-67499725,18dc0ddb-6d0b-0efe-47a2-93f3c7790c37,5,0dd09e51-fa55-6835-c021-fa1bc31e4b97,1,d23f0824-128b-2f33-0c5c-7fd0a6a3a450,DEMO-SRV01
\\DEMO-SRV01\FileServer\02_RH_Collaborateurs\01_Dossiers_Individuels\MULLER_Kevin\Bulletins_de_paie\2026\Bulletin_2026-02.pdf,https://m365x71797824.sharepoint.com/sites/MigrationFileServer/RH/01_Dossiers_Individuels/MULLER_Kevin/Bulletins_de_paie/2026/Bulletin_2026-02.pdf,Bulletin_2026-02.pdf,pdf,1695,Document,Migrated,MIGRATED,,,SRC-24528700,97d6b91b-c46a-6d88-7265-8833f24dcbf1,6,0dd09e51-fa55-6835-c021-fa1bc31e4b97,1,d23f0824-128b-2f33-0c5c-7fd0a6a3a450,DEMO-SRV01
\\DEMO-SRV01\FileServer\02_RH_Collaborateurs\01_Dossiers_Individuels\MULLER_Kevin\Bulletins_de_paie\2026\Bulletin_2026-03.pdf,https://m365x71797824.sharepoint.com/sites/MigrationFileServer/RH/01_Dossiers_Individuels/MULLER_Kevin/Bulletins_de_paie/2026/Bulletin_2026-03.pdf,Bulletin_2026-03.pdf,pdf,1697,Document,Migrated,MIGRATED,,,SRC-11976742,2182e980-f6a5-da24-9bd5-41ebd19ee43f,6,0dd09e51-fa55-6835-c021-fa1bc31e4b97,1,d23f0824-128b-2f33-0c5c-7fd0a6a3a450,DEMO-SRV01
\\DEMO-SRV01\FileServer\02_RH_Collaborateurs\01_Dossiers_Individuels\MULLER_Kevin\Bulletins_de_paie\2026\Bulletin_2026-04.pdf,https://m365x71797824.sharepoint.com/sites/MigrationFileServer/RH/01_Dossiers_Individuels/MULLER_Kevin/Bulletins_de_paie/2026/Bulletin_2026-04.pdf,Bulletin_2026-04.pdf,pdf,1695,Document,Migrated,MIGRATED,,,SRC-86198410,56be6d2a-09b1-e1fb-d7ff-c8cd4105d9f9,6,0dd09e51-fa55-6835-c021-fa1bc31e4b97,1,d23f0824-128b-2f33-0c5c-7fd0a6a3a450,DEMO-SRV01
\\DEMO-SRV01\FileServer\02_RH_Collaborateurs\01_Dossiers_Individuels\MULLER_Kevin\Bulletins_de_paie\2026\Bulletin_2026-05.pdf,https://m365x71797824.sharepoint.com/sites/MigrationFileServer/RH/01_Dossiers_Individuels/MULLER_Kevin/Bulletins_de_paie/2026/Bulletin_2026-05.pdf,Bulletin_2026-05.pdf,pdf,1697,Document,Migrated,MIGRATED,,,SRC-10943553,60d1d905-2e44-accb-fe9f-0bb4337405bf,6,0dd09e51-fa55-6835-c021-fa1bc31e4b97,1,d23f0824-128b-2f33-0c5c-7fd0a6a3a450,DEMO-SRV01
\\DEMO-SRV01\FileServer\02_RH_Collaborateurs\01_Dossiers_Individuels\MULLER_Kevin\Bulletins_de_paie\2026\Bulletin_2026-06.pdf,https://m365x71797824.sharepoint.com/sites/MigrationFileServer/RH/01_Dossiers_Individuels/MULLER_Kevin/Bulletins_de_paie/2026/Bulletin_2026-06.pdf,Bulletin_2026-06.pdf,pdf,1697,Document,Migrated,MIGRATED,,,SRC-18767796,08e9500c-0d0e-2c33-070b-80f4156a8110,6,0dd09e51-fa55-6835-c021-fa1bc31e4b97,1,d23f0824-128b-2f33-0c5c-7fd0a6a3a450,DEMO-SRV01
\\DEMO-SRV01\FileServer\02_RH_Collaborateurs\01_Dossiers_Individuels\MULLER_Kevin\Bulletins_de_paie\2026\Bulletin_2026-07.pdf,https://m365x71797824.sharepoint.com/sites/MigrationFileServer/RH/01_Dossiers_Individuels/MULLER_Kevin/Bulletins_de_paie/2026/Bulletin_2026-07.pdf,Bulletin_2026-07.pdf,pdf,1697,Document,Migrated,MIGRATED,,,SRC-71445795,b4a041f3-dee4-06e8-5ea0-49a48eb078c8,6,0dd09e51-fa55-6835-c021-fa1bc31e4b97,1,d23f0824-128b-2f33-0c5c-7fd0a6a3a450,DEMO-SRV01
\\DEMO-SRV01\FileServer\02_RH_Collaborateurs\01_Dossiers_Individuels\MULLER_Kevin\Bulletins_de_paie\2026\Bulletin_2026-08.pdf,https://m365x71797824.sharepoint.com/sites/MigrationFileServer/RH/01_Dossiers_Individuels/MULLER_Kevin/Bulletins_de_paie/2026/Bulletin_2026-08.pdf,Bulletin_2026-08.pdf,pdf,1695,Document,Migrated,MIGRATED,,,SRC-34911073,d8799bfe-f27c-07f5-7ca1-3fc47551e638,6,0dd09e51-fa55-6835-c021-fa1bc31e4b97,1,d23f0824-128b-2f33-0c5c-7fd0a6a3a450,DEMO-SRV01
\\DEMO-SRV01\FileServer\02_RH_Collaborateurs\01_Dossiers_Individuels\MULLER_Kevin\Contrat_de_travail_MULLER.pdf,https://m365x71797824.sharepoint.com/sites/MigrationFileServer/RH/01_Dossiers_Individuels/MULLER_Kevin/Contrat_de_travail_MULLER.pdf,Contrat_de_travail_MULLER.pdf,pdf,1720,Document,Migrated,MIGRATED,,,SRC-83483416,dceb9e13-106e-7b8c-e511-b411e8f07f9f,6,0dd09e51-fa55-6835-c021-fa1bc31e4b97,1,d23f0824-128b-2f33-0c5c-7fd0a6a3a450,DEMO-SRV01
\\DEMO-SRV01\FileServer\02_RH_Collaborateurs\01_Dossiers_Individuels\MULLER_Kevin\Entretiens_annuels\Entretien_annuel_2024.docx,https://m365x71797824.sharepoint.com/sites/MigrationFileServer/RH/01_Dossiers_Individuels/MULLER_Kevin/Entretiens_annuels/Entretien_annuel_2024.docx,Entretien_annuel_2024.docx,docx,36754,Document,Migrated,MIGRATED,,,SRC-79727055,ec125488-65bb-c9f7-a3cc-b0a4991aff0a,6,0dd09e51-fa55-6835-c021-fa1bc31e4b97,1,d23f0824-128b-2f33-0c5c-7fd0a6a3a450,DEMO-SRV01
\\DEMO-SRV01\FileServer\02_RH_Collaborateurs\01_Dossiers_Individuels\MULLER_Kevin\Entretiens_annuels\Entretien_annuel_2025.docx,https://m365x71797824.sharepoint.com/sites/MigrationFileServer/RH/01_Dossiers_Individuels/MULLER_Kevin/Entretiens_annuels/Entretien_annuel_2025.docx,Entretien_annuel_2025.docx,docx,36756,Document,Migrated,MIGRATED,,,SRC-94402146,17076e31-f594-7675-b4d5-14c01eb2d125,6,0dd09e51-fa55-6835-c021-fa1bc31e4b97,1,d23f0824-128b-2f33-0c5c-7fd0a6a3a450,DEMO-SRV01
\\DEMO-SRV01\FileServer\02_RH_Collaborateurs\01_Dossiers_Individuels\ROUSSEAU_Pauline\Bulletins_de_paie\2026\Bulletin_2026-01.pdf,https://m365x71797824.sharepoint.com/sites/MigrationFileServer/RH/01_Dossiers_Individuels/ROUSSEAU_Pauline/Bulletins_de_paie/2026/Bulletin_2026-01.pdf,Bulletin_2026-01.pdf,pdf,1702,Document,Migrated,MIGRATED,,,SRC-14104280,3bb3830a-9081-82d0-5197-044a41d77253,6,0dd09e51-fa55-6835-c021-fa1bc31e4b97,1,d23f0824-128b-2f33-0c5c-7fd0a6a3a450,DEMO-SRV01
\\DEMO-SRV01\FileServer\02_RH_Collaborateurs\01_Dossiers_Individuels\ROUSSEAU_Pauline\Bulletins_de_paie\2026\Bulletin_2026-02.pdf,https://m365x71797824.sharepoint.com/sites/MigrationFileServer/RH/01_Dossiers_Individuels/ROUSSEAU_Pauline/Bulletins_de_paie/2026/Bulletin_2026-02.pdf,Bulletin_2026-02.pdf,pdf,1700,Document,Migrated,MIGRATED,,,SRC-18171603,ebbf2dac-f4d7-f153-16fc-08e0a40085d3,6,0dd09e51-fa55-6835-c021-fa1bc31e4b97,1,d23f0824-128b-2f33-0c5c-7fd0a6a3a450,DEMO-SRV01
\\DEMO-SRV01\FileServer\02_RH_Collaborateurs\01_Dossiers_Individuels\ROUSSEAU_Pauline\Bulletins_de_paie\2026\Bulletin_2026-03.pdf,https://m365x71797824.sharepoint.com/sites/MigrationFileServer/RH/01_Dossiers_Individuels/ROUSSEAU_Pauline/Bulletins_de_paie/2026/Bulletin_2026-03.pdf,Bulletin_2026-03.pdf,pdf,1702,Document,Migrated,MIGRATED,,,SRC-38713316,2ec37ac9-64a3-6674-81aa-0cf0ab72de07,6,0dd09e51-fa55-6835-c021-fa1bc31e4b97,1,d23f0824-128b-2f33-0c5c-7fd0a6a3a450,DEMO-SRV01
\\DEMO-SRV01\FileServer\02_RH_Collaborateurs\01_Dossiers_Individuels\ROUSSEAU_Pauline\Bulletins_de_paie\2026\Bulletin_2026-04.pdf,https://m365x71797824.sharepoint.com/sites/MigrationFileServer/RH/01_Dossiers_Individuels/ROUSSEAU_Pauline/Bulletins_de_paie/2026/Bulletin_2026-04.pdf,Bulletin_2026-04.pdf,pdf,1700,Document,Migrated,MIGRATED,,,SRC-37398724,5ef4078e-28e3-f65a-d985-92ee72c6a297,6,0dd09e51-fa55-6835-c021-fa1bc31e4b97,1,d23f0824-128b-2f33-0c5c-7fd0a6a3a450,DEMO-SRV01
\\DEMO-SRV01\FileServer\02_RH_Collaborateurs\01_Dossiers_Individuels\ROUSSEAU_Pauline\Bulletins_de_paie\2026\Bulletin_2026-05.pdf,https://m365x71797824.sharepoint.com/sites/MigrationFileServer/RH/01_Dossiers_Individuels/ROUSSEAU_Pauline/Bulletins_de_paie/2026/Bulletin_2026-05.pdf,Bulletin_2026-05.pdf,pdf,1699,Document,Migrated,MIGRATED,,,SRC-52874863,b8808c83-fde1-1576-3c31-6362f73c9a82,6,0dd09e51-fa55-6835-c021-fa1bc31e4b97,1,d23f0824-128b-2f33-0c5c-7fd0a6a3a450,DEMO-SRV01
\\DEMO-SRV01\FileServer\02_RH_Collaborateurs\01_Dossiers_Individuels\ROUSSEAU_Pauline\Bulletins_de_paie\2026\Bulletin_2026-06.pdf,https://m365x71797824.sharepoint.com/sites/MigrationFileServer/RH/01_Dossiers_Individuels/ROUSSEAU_Pauline/Bulletins_de_paie/2026/Bulletin_2026-06.pdf,Bulletin_2026-06.pdf,pdf,1700,Document,Migrated,MIGRATED,,,SRC-22189334,f11425e4-09e3-c3c3-2c10-514f38c2c39e,6,0dd09e51-fa55-6835-c021-fa1bc31e4b97,1,d23f0824-128b-2f33-0c5c-7fd0a6a3a450,DEMO-SRV01
\\DEMO-SRV01\FileServer\02_RH_Collaborateurs\01_Dossiers_Individuels\ROUSSEAU_Pauline\Bulletins_de_paie\2026\Bulletin_2026-07.pdf,https://m365x71797824.sharepoint.com/sites/MigrationFileServer/RH/01_Dossiers_Individuels/ROUSSEAU_Pauline/Bulletins_de_paie/2026/Bulletin_2026-07.pdf,Bulletin_2026-07.pdf,pdf,1700,Document,Migrated,MIGRATED,,,SRC-95336531,0f2cc346-5a1d-6349-f0f0-58c541802f2f,6,0dd09e51-fa55-6835-c021-fa1bc31e4b97,1,d23f0824-128b-2f33-0c5c-7fd0a6a3a450,DEMO-SRV01
\\DEMO-SRV01\FileServer\02_RH_Collaborateurs\01_Dossiers_Individuels\ROUSSEAU_Pauline\Bulletins_de_paie\2026\Bulletin_2026-08.pdf,https://m365x71797824.sharepoint.com/sites/MigrationFileServer/RH/01_Dossiers_Individuels/ROUSSEAU_Pauline/Bulletins_de_paie/2026/Bulletin_2026-08.pdf,Bulletin_2026-08.pdf,pdf,1702,Document,Migrated,MIGRATED,,,SRC-98814907,071cfbc9-e792-0c6d-8d86-9707e71aeba5,6,0dd09e51-fa55-6835-c021-fa1bc31e4b97,1,d23f0824-128b-2f33-0c5c-7fd0a6a3a450,DEMO-SRV01
\\DEMO-SRV01\FileServer\02_RH_Collaborateurs\01_Dossiers_Individuels\ROUSSEAU_Pauline\Contrat_de_travail_ROUSSEAU.pdf,https://m365x71797824.sharepoint.com/sites/MigrationFileServer/RH/01_Dossiers_Individuels/ROUSSEAU_Pauline/Contrat_de_travail_ROUSSEAU.pdf,Contrat_de_travail_ROUSSEAU.pdf,pdf,1734,Document,Migrated,MIGRATED,,,SRC-84637559,4205f27a-0c0a-f636-eb4a-cb49d653e980,6,0dd09e51-fa55-6835-c021-fa1bc31e4b97,1,d23f0824-128b-2f33-0c5c-7fd0a6a3a450,DEMO-SRV01
\\DEMO-SRV01\FileServer\02_RH_Collaborateurs\01_Dossiers_Individuels\ROUSSEAU_Pauline\Entretiens_annuels\Entretien_annuel_2024.docx,https://m365x71797824.sharepoint.com/sites/MigrationFileServer/RH/01_Dossiers_Individuels/ROUSSEAU_Pauline/Entretiens_annuels/Entretien_annuel_2024.docx,Entretien_annuel_2024.docx,docx,36758,Document,Migrated,MIGRATED,,,SRC-78656057,bd5480a6-b5a8-e33b-8369-e01ac94fc1ab,6,0dd09e51-fa55-6835-c021-fa1bc31e4b97,1,d23f0824-128b-2f33-0c5c-7fd0a6a3a450,DEMO-SRV01
\\DEMO-SRV01\FileServer\02_RH_Collaborateurs\01_Dossiers_Individuels\ROUSSEAU_Pauline\Entretiens_annuels\Entretien_annuel_2025.docx,https://m365x71797824.sharepoint.com/sites/MigrationFileServer/RH/01_Dossiers_Individuels/ROUSSEAU_Pauline/Entretiens_annuels/Entretien_annuel_2025.docx,Entretien_annuel_2025.docx,docx,36757,Document,Migrated,MIGRATED,,,SRC-52239385,7bc1bdc0-fc44-e14b-c2fb-7bc3a58d41a4,6,0dd09e51-fa55-6835-c021-fa1bc31e4b97,1,d23f0824-128b-2f33-0c5c-7fd0a6a3a450,DEMO-SRV01
\\DEMO-SRV01\FileServer\02_RH_Collaborateurs\01_Dossiers_Individuels\ROUX_Camille\Bulletins_de_paie\2026\Bulletin_2026-01.pdf,https://m365x71797824.sharepoint.com/sites/MigrationFileServer/RH/01_Dossiers_Individuels/ROUX_Camille/Bulletins_de_paie/2026/Bulletin_2026-01.pdf,Bulletin_2026-01.pdf,pdf,1699,Document,Migrated,MIGRATED,,,SRC-86879620,5153a4e3-2511-7412-19de-db490e46ccb3,6,0dd09e51-fa55-6835-c021-fa1bc31e4b97,1,d23f0824-128b-2f33-0c5c-7fd0a6a3a450,DEMO-SRV01
\\DEMO-SRV01\FileServer\02_RH_Collaborateurs\01_Dossiers_Individuels\ROUX_Camille\Bulletins_de_paie\2026\Bulletin_2026-02.pdf,https://m365x71797824.sharepoint.com/sites/MigrationFileServer/RH/01_Dossiers_Individuels/ROUX_Camille/Bulletins_de_paie/2026/Bulletin_2026-02.pdf,Bulletin_2026-02.pdf,pdf,1697,Document,Migrated,MIGRATED,,,SRC-18380841,32ee7f64-f07b-3e87-017a-a281c14473ca,6,0dd09e51-fa55-6835-c021-fa1bc31e4b97,1,d23f0824-128b-2f33-0c5c-7fd0a6a3a450,DEMO-SRV01
\\DEMO-SRV01\FileServer\02_RH_Collaborateurs\01_Dossiers_Individuels\ROUX_Camille\Bulletins_de_paie\2026\Bulletin_2026-03.pdf,https://m365x71797824.sharepoint.com/sites/MigrationFileServer/RH/01_Dossiers_Individuels/ROUX_Camille/Bulletins_de_paie/2026/Bulletin_2026-03.pdf,Bulletin_2026-03.pdf,pdf,1698,Document,Migrated,MIGRATED,,,SRC-26693811,96fc31a0-4c7d-ae57-bf8b-90faad489bce,6,0dd09e51-fa55-6835-c021-fa1bc31e4b97,1,d23f0824-128b-2f33-0c5c-7fd0a6a3a450,DEMO-SRV01
\\DEMO-SRV01\FileServer\02_RH_Collaborateurs\01_Dossiers_Individuels\ROUX_Camille\Bulletins_de_paie\2026\Bulletin_2026-04.pdf,https://m365x71797824.sharepoint.com/sites/MigrationFileServer/RH/01_Dossiers_Individuels/ROUX_Camille/Bulletins_de_paie/2026/Bulletin_2026-04.pdf,Bulletin_2026-04.pdf,pdf,1695,Document,Migrated,MIGRATED,,,SRC-72858221,a70b407e-c205-9717-70f7-bc6f976a45a2,6,0dd09e51-fa55-6835-c021-fa1bc31e4b97,1,d23f0824-128b-2f33-0c5c-7fd0a6a3a450,DEMO-SRV01
\\DEMO-SRV01\FileServer\02_RH_Collaborateurs\01_Dossiers_Individuels\ROUX_Camille\Bulletins_de_paie\2026\Bulletin_2026-05.pdf,https://m365x71797824.sharepoint.com/sites/MigrationFileServer/RH/01_Dossiers_Individuels/ROUX_Camille/Bulletins_de_paie/2026/Bulletin_2026-05.pdf,Bulletin_2026-05.pdf,pdf,1700,Document,Migrated,MIGRATED,,,SRC-79611694,5f26f21f-52ec-5127-7881-75481afccd07,6,0dd09e51-fa55-6835-c021-fa1bc31e4b97,1,d23f0824-128b-2f33-0c5c-7fd0a6a3a450,DEMO-SRV01
\\DEMO-SRV01\FileServer\02_RH_Collaborateurs\01_Dossiers_Individuels\ROUX_Camille\Bulletins_de_paie\2026\Bulletin_2026-06.pdf,https://m365x71797824.sharepoint.com/sites/MigrationFileServer/RH/01_Dossiers_Individuels/ROUX_Camille/Bulletins_de_paie/2026/Bulletin_2026-06.pdf,Bulletin_2026-06.pdf,pdf,1698,Document,Migrated,MIGRATED,,,SRC-4008678,5ffee55e-1fc7-df73-63da-317741cb712f,6,0dd09e51-fa55-6835-c021-fa1bc31e4b97,1,d23f0824-128b-2f33-0c5c-7fd0a6a3a450,DEMO-SRV01
\\DEMO-SRV01\FileServer\02_RH_Collaborateurs\01_Dossiers_Individuels\ROUX_Camille\Bulletins_de_paie\2026\Bulletin_2026-07.pdf,https://m365x71797824.sharepoint.com/sites/MigrationFileServer/RH/01_Dossiers_Individuels/ROUX_Camille/Bulletins_de_paie/2026/Bulletin_2026-07.pdf,Bulletin_2026-07.pdf,pdf,1698,Document,Migrated,MIGRATED,,,SRC-77072818,70fe98a0-2b27-df87-6130-7c057b375698,6,0dd09e51-fa55-6835-c021-fa1bc31e4b97,1,d23f0824-128b-2f33-0c5c-7fd0a6a3a450,DEMO-SRV01
\\DEMO-SRV01\FileServer\02_RH_Collaborateurs\01_Dossiers_Individuels\ROUX_Camille\Bulletins_de_paie\2026\Bulletin_2026-08.pdf,https://m365x71797824.sharepoint.com/sites/MigrationFileServer/RH/01_Dossiers_Individuels/ROUX_Camille/Bulletins_de_paie/2026/Bulletin_2026-08.pdf,Bulletin_2026-08.pdf,pdf,1699,Document,Migrated,MIGRATED,,,SRC-72494400,ea0f7718-24a5-6edd-cebb-dcb73d0b8c43,6,0dd09e51-fa55-6835-c021-fa1bc31e4b97,1,d23f0824-128b-2f33-0c5c-7fd0a6a3a450,DEMO-SRV01
\\DEMO-SRV01\FileServer\02_RH_Collaborateurs\01_Dossiers_Individuels\ROUX_Camille\Contrat_de_travail_ROUX.pdf,https://m365x71797824.sharepoint.com/sites/MigrationFileServer/RH/01_Dossiers_Individuels/ROUX_Camille/Contrat_de_travail_ROUX.pdf,Contrat_de_travail_ROUX.pdf,pdf,1734,Document,Migrated,MIGRATED,,,SRC-58153273,77c82d55-033a-acd6-e465-3d35ad79fddc,6,0dd09e51-fa55-6835-c021-fa1bc31e4b97,1,d23f0824-128b-2f33-0c5c-7fd0a6a3a450,DEMO-SRV01
\\DEMO-SRV01\FileServer\02_RH_Collaborateurs\01_Dossiers_Individuels\ROUX_Camille\Entretiens_annuels\Entretien_annuel_2024.docx,https://m365x71797824.sharepoint.com/sites/MigrationFileServer/RH/01_Dossiers_Individuels/ROUX_Camille/Entretiens_annuels/Entretien_annuel_2024.docx,Entretien_annuel_2024.docx,docx,36754,Document,Migrated,MIGRATED,,,SRC-55683931,cc816356-31f2-51c2-e99f-4a92b79c2b63,6,0dd09e51-fa55-6835-c021-fa1bc31e4b97,1,d23f0824-128b-2f33-0c5c-7fd0a6a3a450,DEMO-SRV01
\\DEMO-SRV01\FileServer\02_RH_Collaborateurs\01_Dossiers_Individuels\ROUX_Camille\Entretiens_annuels\Entretien_annuel_2025.docx,https://m365x71797824.sharepoint.com/sites/MigrationFileServer/RH/01_Dossiers_Individuels/ROUX_Camille/Entretiens_annuels/Entretien_annuel_2025.docx,Entretien_annuel_2025.docx,docx,36753,Document,Migrated,MIGRATED,,,SRC-84446332,d534c087-ed7c-5da0-282e-478c09381efa,6,0dd09e51-fa55-6835-c021-fa1bc31e4b97,1,d23f0824-128b-2f33-0c5c-7fd0a6a3a450,DEMO-SRV01
\\DEMO-SRV01\FileServer\02_RH_Collaborateurs\01_Dossiers_Individuels\ROUX_Emma\Bulletins_de_paie\2026\Bulletin_2026-01.pdf,https://m365x71797824.sharepoint.com/sites/MigrationFileServer/RH/01_Dossiers_Individuels/ROUX_Emma/Bulletins_de_paie/2026/Bulletin_2026-01.pdf,Bulletin_2026-01.pdf,pdf,1694,Document,Migrated,MIGRATED,,,SRC-796410,9e6014ef-ef19-19e4-13e9-d0bc38761dc7,6,0dd09e51-fa55-6835-c021-fa1bc31e4b97,1,d23f0824-128b-2f33-0c5c-7fd0a6a3a450,DEMO-SRV01
\\DEMO-SRV01\FileServer\02_RH_Collaborateurs\01_Dossiers_Individuels\ROUX_Emma\Bulletins_de_paie\2026\Bulletin_2026-02.pdf,https://m365x71797824.sharepoint.com/sites/MigrationFileServer/RH/01_Dossiers_Individuels/ROUX_Emma/Bulletins_de_paie/2026/Bulletin_2026-02.pdf,Bulletin_2026-02.pdf,pdf,1693,Document,Migrated,MIGRATED,,,SRC-15357624,bfc43ff7-e382-5693-5f83-2eb6dde374d1,6,0dd09e51-fa55-6835-c021-fa1bc31e4b97,1,d23f0824-128b-2f33-0c5c-7fd0a6a3a450,DEMO-SRV01
\\DEMO-SRV01\FileServer\02_RH_Collaborateurs\01_Dossiers_Individuels\ROUX_Emma\Bulletins_de_paie\2026\Bulletin_2026-03.pdf,https://m365x71797824.sharepoint.com/sites/MigrationFileServer/RH/01_Dossiers_Individuels/ROUX_Emma/Bulletins_de_paie/2026/Bulletin_2026-03.pdf,Bulletin_2026-03.pdf,pdf,1695,Document,Migrated,MIGRATED,,,SRC-17519690,f53c77bf-727e-a8e2-c73f-a90823c77e7a,6,0dd09e51-fa55-6835-c021-fa1bc31e4b97,1,d23f0824-128b-2f33-0c5c-7fd0a6a3a450,DEMO-SRV01
\\DEMO-SRV01\FileServer\02_RH_Collaborateurs\01_Dossiers_Individuels\ROUX_Emma\Bulletins_de_paie\2026\Bulletin_2026-04.pdf,https://m365x71797824.sharepoint.com/sites/MigrationFileServer/RH/01_Dossiers_Individuels/ROUX_Emma/Bulletins_de_paie/2026/Bulletin_2026-04.pdf,Bulletin_2026-04.pdf,pdf,1694,Document,Migrated,MIGRATED,,,SRC-66552102,62948bfe-edc4-6fb9-ed0a-656a18d42af1,6,0dd09e51-fa55-6835-c021-fa1bc31e4b97,1,d23f0824-128b-2f33-0c5c-7fd0a6a3a450,DEMO-SRV01
\\DEMO-SRV01\FileServer\02_RH_Collaborateurs\01_Dossiers_Individuels\ROUX_Emma\Bulletins_de_paie\2026\Bulletin_2026-05.pdf,https://m365x71797824.sharepoint.com/sites/MigrationFileServer/RH/01_Dossiers_Individuels/ROUX_Emma/Bulletins_de_paie/2026/Bulletin_2026-05.pdf,Bulletin_2026-05.pdf,pdf,1694,Document,Migrated,MIGRATED,,,SRC-25575659,133d4b63-a0dc-e604-0590-7fd1d79da6a3,6,0dd09e51-fa55-6835-c021-fa1bc31e4b97,1,d23f0824-128b-2f33-0c5c-7fd0a6a3a450,DEMO-SRV01
\\DEMO-SRV01\FileServer\02_RH_Collaborateurs\01_Dossiers_Individuels\ROUX_Emma\Bulletins_de_paie\2026\Bulletin_2026-06.pdf,https://m365x71797824.sharepoint.com/sites/MigrationFileServer/RH/01_Dossiers_Individuels/ROUX_Emma/Bulletins_de_paie/2026/Bulletin_2026-06.pdf,Bulletin_2026-06.pdf,pdf,1694,Document,Migrated,MIGRATED,,,SRC-50069459,5293a807-56fb-c2f1-f8e9-643173cc2690,6,0dd09e51-fa55-6835-c021-fa1bc31e4b97,1,d23f0824-128b-2f33-0c5c-7fd0a6a3a450,DEMO-SRV01
\\DEMO-SRV01\FileServer\02_RH_Collaborateurs\01_Dossiers_Individuels\ROUX_Emma\Bulletins_de_paie\2026\Bulletin_2026-07.pdf,https://m365x71797824.sharepoint.com/sites/MigrationFileServer/RH/01_Dossiers_Individuels/ROUX_Emma/Bulletins_de_paie/2026/Bulletin_2026-07.pdf,Bulletin_2026-07.pdf,pdf,1695,Document,Migrated,MIGRATED,,,SRC-57250946,1d98a474-7a3f-f311-3bdf-ae68d2b41d4f,6,0dd09e51-fa55-6835-c021-fa1bc31e4b97,1,d23f0824-128b-2f33-0c5c-7fd0a6a3a450,DEMO-SRV01
\\DEMO-SRV01\FileServer\02_RH_Collaborateurs\01_Dossiers_Individuels\ROUX_Emma\Bulletins_de_paie\2026\Bulletin_2026-08.pdf,https://m365x71797824.sharepoint.com/sites/MigrationFileServer/RH/01_Dossiers_Individuels/ROUX_Emma/Bulletins_de_paie/2026/Bulletin_2026-08.pdf,Bulletin_2026-08.pdf,pdf,1693,Document,Migrated,MIGRATED,,,SRC-43318137,54fc94a4-248c-6fa6-5db4-4741a0d09c62,6,0dd09e51-fa55-6835-c021-fa1bc31e4b97,1,d23f0824-128b-2f33-0c5c-7fd0a6a3a450,DEMO-SRV01
\\DEMO-SRV01\FileServer\02_RH_Collaborateurs\01_Dossiers_Individuels\ROUX_Emma\Contrat_de_travail_ROUX.pdf,https://m365x71797824.sharepoint.com/sites/MigrationFileServer/RH/01_Dossiers_Individuels/ROUX_Emma/Contrat_de_travail_ROUX.pdf,Contrat_de_travail_ROUX.pdf,pdf,1720,Document,Migrated,MIGRATED,,,SRC-89704060,2e242fc8-0e85-9f16-bc6e-9d5f38be1ce3,6,0dd09e51-fa55-6835-c021-fa1bc31e4b97,1,d23f0824-128b-2f33-0c5c-7fd0a6a3a450,DEMO-SRV01
\\DEMO-SRV01\FileServer\02_RH_Collaborateurs\01_Dossiers_Individuels\ROUX_Emma\Entretiens_annuels\Entretien_annuel_2024.docx,https://m365x71797824.sharepoint.com/sites/MigrationFileServer/RH/01_Dossiers_Individuels/ROUX_Emma/Entretiens_annuels/Entretien_annuel_2024.docx,Entretien_annuel_2024.docx,docx,36752,Document,Migrated,MIGRATED,,,SRC-74302129,e3aa471c-8da9-ec93-738d-7cccb6b6a4d2,6,0dd09e51-fa55-6835-c021-fa1bc31e4b97,1,d23f0824-128b-2f33-0c5c-7fd0a6a3a450,DEMO-SRV01
\\DEMO-SRV01\FileServer\02_RH_Collaborateurs\01_Dossiers_Individuels\ROUX_Emma\Entretiens_annuels\Entretien_annuel_2025.docx,https://m365x71797824.sharepoint.com/sites/MigrationFileServer/RH/01_Dossiers_Individuels/ROUX_Emma/Entretiens_annuels/Entretien_annuel_2025.docx,Entretien_annuel_2025.docx,docx,36752,Document,Migrated,MIGRATED,,,SRC-52750109,263e8db3-dee7-b644-7060-67ab250bc6e7,6,0dd09e51-fa55-6835-c021-fa1bc31e4b97,1,d23f0824-128b-2f33-0c5c-7fd0a6a3a450,DEMO-SRV01
\\DEMO-SRV01\FileServer\02_RH_Collaborateurs\01_Dossiers_Individuels\SIMON_Bastien\Bulletins_de_paie\2026\Bulletin_2026-01.pdf,https://m365x71797824.sharepoint.com/sites/MigrationFileServer/RH/01_Dossiers_Individuels/SIMON_Bastien/Bulletins_de_paie/2026/Bulletin_2026-01.pdf,Bulletin_2026-01.pdf,pdf,1694,Document,Migrated,MIGRATED,,,SRC-14188378,3f2b7713-696a-8617-6b13-490744329463,6,0dd09e51-fa55-6835-c021-fa1bc31e4b97,1,d23f0824-128b-2f33-0c5c-7fd0a6a3a450,DEMO-SRV01
\\DEMO-SRV01\FileServer\02_RH_Collaborateurs\01_Dossiers_Individuels\SIMON_Bastien\Bulletins_de_paie\2026\Bulletin_2026-02.pdf,https://m365x71797824.sharepoint.com/sites/MigrationFileServer/RH/01_Dossiers_Individuels/SIMON_Bastien/Bulletins_de_paie/2026/Bulletin_2026-02.pdf,Bulletin_2026-02.pdf,pdf,1694,Document,Migrated,MIGRATED,,,SRC-55194929,922c6c73-4567-46fe-0681-edaf27db1173,6,0dd09e51-fa55-6835-c021-fa1bc31e4b97,1,d23f0824-128b-2f33-0c5c-7fd0a6a3a450,DEMO-SRV01
\\DEMO-SRV01\FileServer\02_RH_Collaborateurs\01_Dossiers_Individuels\SIMON_Bastien\Bulletins_de_paie\2026\Bulletin_2026-03.pdf,https://m365x71797824.sharepoint.com/sites/MigrationFileServer/RH/01_Dossiers_Individuels/SIMON_Bastien/Bulletins_de_paie/2026/Bulletin_2026-03.pdf,Bulletin_2026-03.pdf,pdf,1697,Document,Migrated,MIGRATED,,,SRC-31810870,cddc68d6-55a2-5f59-4bea-c505d6ed9fdf,6,0dd09e51-fa55-6835-c021-fa1bc31e4b97,1,d23f0824-128b-2f33-0c5c-7fd0a6a3a450,DEMO-SRV01
\\DEMO-SRV01\FileServer\02_RH_Collaborateurs\01_Dossiers_Individuels\SIMON_Bastien\Bulletins_de_paie\2026\Bulletin_2026-04.pdf,https://m365x71797824.sharepoint.com/sites/MigrationFileServer/RH/01_Dossiers_Individuels/SIMON_Bastien/Bulletins_de_paie/2026/Bulletin_2026-04.pdf,Bulletin_2026-04.pdf,pdf,1695,Document,Migrated,MIGRATED,,,SRC-21474392,1bf702d8-7db2-a17e-42bb-68de2af4cce5,6,0dd09e51-fa55-6835-c021-fa1bc31e4b97,1,d23f0824-128b-2f33-0c5c-7fd0a6a3a450,DEMO-SRV01
\\DEMO-SRV01\FileServer\02_RH_Collaborateurs\01_Dossiers_Individuels\SIMON_Bastien\Bulletins_de_paie\2026\Bulletin_2026-05.pdf,https://m365x71797824.sharepoint.com/sites/MigrationFileServer/RH/01_Dossiers_Individuels/SIMON_Bastien/Bulletins_de_paie/2026/Bulletin_2026-05.pdf,Bulletin_2026-05.pdf,pdf,1695,Document,Migrated,MIGRATED,,,SRC-54079804,7b80f213-e736-0861-74c8-847b516cd45d,6,0dd09e51-fa55-6835-c021-fa1bc31e4b97,1,d23f0824-128b-2f33-0c5c-7fd0a6a3a450,DEMO-SRV01
\\DEMO-SRV01\FileServer\02_RH_Collaborateurs\01_Dossiers_Individuels\SIMON_Bastien\Bulletins_de_paie\2026\Bulletin_2026-06.pdf,https://m365x71797824.sharepoint.com/sites/MigrationFileServer/RH/01_Dossiers_Individuels/SIMON_Bastien/Bulletins_de_paie/2026/Bulletin_2026-06.pdf,Bulletin_2026-06.pdf,pdf,1695,Document,Migrated,MIGRATED,,,SRC-84035207,8371f5f2-fa86-f4df-2743-314b1d3a2005,6,0dd09e51-fa55-6835-c021-fa1bc31e4b97,1,d23f0824-128b-2f33-0c5c-7fd0a6a3a450,DEMO-SRV01
\\DEMO-SRV01\FileServer\02_RH_Collaborateurs\01_Dossiers_Individuels\SIMON_Bastien\Bulletins_de_paie\2026\Bulletin_2026-07.pdf,https://m365x71797824.sharepoint.com/sites/MigrationFileServer/RH/01_Dossiers_Individuels/SIMON_Bastien/Bulletins_de_paie/2026/Bulletin_2026-07.pdf,Bulletin_2026-07.pdf,pdf,1695,Document,Migrated,MIGRATED,,,SRC-66850170,c9a07431-e521-2f05-a189-43f60e8de9c3,6,0dd09e51-fa55-6835-c021-fa1bc31e4b97,1,d23f0824-128b-2f33-0c5c-7fd0a6a3a450,DEMO-SRV01
\\DEMO-SRV01\FileServer\02_RH_Collaborateurs\01_Dossiers_Individuels\SIMON_Bastien\Bulletins_de_paie\2026\Bulletin_2026-08.pdf,https://m365x71797824.sharepoint.com/sites/MigrationFileServer/RH/01_Dossiers_Individuels/SIMON_Bastien/Bulletins_de_paie/2026/Bulletin_2026-08.pdf,Bulletin_2026-08.pdf,pdf,1695,Document,Migrated,MIGRATED,,,SRC-20716923,8f58640b-360e-7c81-ecdb-c47bab14660f,7,0dd09e51-fa55-6835-c021-fa1bc31e4b97,1,d23f0824-128b-2f33-0c5c-7fd0a6a3a450,DEMO-SRV01
\\DEMO-SRV01\FileServer\02_RH_Collaborateurs\01_Dossiers_Individuels\SIMON_Bastien\Contrat_de_travail_SIMON.pdf,https://m365x71797824.sharepoint.com/sites/MigrationFileServer/RH/01_Dossiers_Individuels/SIMON_Bastien/Contrat_de_travail_SIMON.pdf,Contrat_de_travail_SIMON.pdf,pdf,1720,Document,Migrated,MIGRATED,,,SRC-17367279,1e832d72-4946-9368-d5d5-0f767a3a8394,7,0dd09e51-fa55-6835-c021-fa1bc31e4b97,1,d23f0824-128b-2f33-0c5c-7fd0a6a3a450,DEMO-SRV01
\\DEMO-SRV01\FileServer\02_RH_Collaborateurs\01_Dossiers_Individuels\SIMON_Bastien\Entretiens_annuels\Entretien_annuel_2024.docx,https://m365x71797824.sharepoint.com/sites/MigrationFileServer/RH/01_Dossiers_Individuels/SIMON_Bastien/Entretiens_annuels/Entretien_annuel_2024.docx,Entretien_annuel_2024.docx,docx,36752,Document,Migrated,MIGRATED,,,SRC-11994790,f87fcf8e-339d-7cf8-c13d-e7cf41febb34,7,0dd09e51-fa55-6835-c021-fa1bc31e4b97,1,d23f0824-128b-2f33-0c5c-7fd0a6a3a450,DEMO-SRV01
\\DEMO-SRV01\FileServer\02_RH_Collaborateurs\01_Dossiers_Individuels\SIMON_Bastien\Entretiens_annuels\Entretien_annuel_2025.docx,https://m365x71797824.sharepoint.com/sites/MigrationFileServer/RH/01_Dossiers_Individuels/SIMON_Bastien/Entretiens_annuels/Entretien_annuel_2025.docx,Entretien_annuel_2025.docx,docx,36752,Document,Migrated,MIGRATED,,,SRC-80771162,42f32846-fdb3-8c62-6e9b-73435d417373,7,0dd09e51-fa55-6835-c021-fa1bc31e4b97,1,d23f0824-128b-2f33-0c5c-7fd0a6a3a450,DEMO-SRV01
\\DEMO-SRV01\FileServer\02_RH_Collaborateurs\01_Dossiers_Individuels\SIMON_Thomas\Bulletins_de_paie\2026\Bulletin_2026-01.pdf,https://m365x71797824.sharepoint.com/sites/MigrationFileServer/RH/01_Dossiers_Individuels/SIMON_Thomas/Bulletins_de_paie/2026/Bulletin_2026-01.pdf,Bulletin_2026-01.pdf,pdf,1697,Document,Migrated,MIGRATED,,,SRC-71597582,3cf74354-ecd2-073d-3d19-ce0eff828a31,7,0dd09e51-fa55-6835-c021-fa1bc31e4b97,1,d23f0824-128b-2f33-0c5c-7fd0a6a3a450,DEMO-SRV01
\\DEMO-SRV01\FileServer\02_RH_Collaborateurs\01_Dossiers_Individuels\SIMON_Thomas\Bulletins_de_paie\2026\Bulletin_2026-02.pdf,https://m365x71797824.sharepoint.com/sites/MigrationFileServer/RH/01_Dossiers_Individuels/SIMON_Thomas/Bulletins_de_paie/2026/Bulletin_2026-02.pdf,Bulletin_2026-02.pdf,pdf,1697,Document,Migrated,MIGRATED,,,SRC-66347430,6a671ecc-4a17-fe93-63e0-8fb218fa029e,7,0dd09e51-fa55-6835-c021-fa1bc31e4b97,1,d23f0824-128b-2f33-0c5c-7fd0a6a3a450,DEMO-SRV01
\\DEMO-SRV01\FileServer\02_RH_Collaborateurs\01_Dossiers_Individuels\SIMON_Thomas\Bulletins_de_paie\2026\Bulletin_2026-03.pdf,https://m365x71797824.sharepoint.com/sites/MigrationFileServer/RH/01_Dossiers_Individuels/SIMON_Thomas/Bulletins_de_paie/2026/Bulletin_2026-03.pdf,Bulletin_2026-03.pdf,pdf,1698,Document,Migrated,MIGRATED,,,SRC-76613521,d51321ff-0eb7-2a15-2985-8691e56d5404,7,0dd09e51-fa55-6835-c021-fa1bc31e4b97,1,d23f0824-128b-2f33-0c5c-7fd0a6a3a450,DEMO-SRV01
\\DEMO-SRV01\FileServer\02_RH_Collaborateurs\01_Dossiers_Individuels\SIMON_Thomas\Bulletins_de_paie\2026\Bulletin_2026-04.pdf,https://m365x71797824.sharepoint.com/sites/MigrationFileServer/RH/01_Dossiers_Individuels/SIMON_Thomas/Bulletins_de_paie/2026/Bulletin_2026-04.pdf,Bulletin_2026-04.pdf,pdf,1698,Document,Migrated,MIGRATED,,,SRC-28006410,24f432ad-4b24-6aa0-fa81-1b6db9fa20fb,7,0dd09e51-fa55-6835-c021-fa1bc31e4b97,1,d23f0824-128b-2f33-0c5c-7fd0a6a3a450,DEMO-SRV01
\\DEMO-SRV01\FileServer\02_RH_Collaborateurs\01_Dossiers_Individuels\SIMON_Thomas\Bulletins_de_paie\2026\Bulletin_2026-05.pdf,https://m365x71797824.sharepoint.com/sites/MigrationFileServer/RH/01_Dossiers_Individuels/SIMON_Thomas/Bulletins_de_paie/2026/Bulletin_2026-05.pdf,Bulletin_2026-05.pdf,pdf,1697,Document,Migrated,MIGRATED,,,SRC-9859288,712e17f6-041a-7212-a3ca-8d60fa8792bf,7,0dd09e51-fa55-6835-c021-fa1bc31e4b97,1,d23f0824-128b-2f33-0c5c-7fd0a6a3a450,DEMO-SRV01
\\DEMO-SRV01\FileServer\02_RH_Collaborateurs\01_Dossiers_Individuels\SIMON_Thomas\Bulletins_de_paie\2026\Bulletin_2026-06.pdf,https://m365x71797824.sharepoint.com/sites/MigrationFileServer/RH/01_Dossiers_Individuels/SIMON_Thomas/Bulletins_de_paie/2026/Bulletin_2026-06.pdf,Bulletin_2026-06.pdf,pdf,1698,Document,Migrated,MIGRATED,,,SRC-18921843,82c2c4ba-5745-9cec-81fe-af2bce99106f,7,0dd09e51-fa55-6835-c021-fa1bc31e4b97,1,d23f0824-128b-2f33-0c5c-7fd0a6a3a450,DEMO-SRV01
\\DEMO-SRV01\FileServer\02_RH_Collaborateurs\01_Dossiers_Individuels\SIMON_Thomas\Bulletins_de_paie\2026\Bulletin_2026-07.pdf,https://m365x71797824.sharepoint.com/sites/MigrationFileServer/RH/01_Dossiers_Individuels/SIMON_Thomas/Bulletins_de_paie/2026/Bulletin_2026-07.pdf,Bulletin_2026-07.pdf,pdf,1698,Document,Migrated,MIGRATED,,,SRC-45319042,ca20ed96-007e-0712-7168-fcfb23e0709e,7,0dd09e51-fa55-6835-c021-fa1bc31e4b97,1,d23f0824-128b-2f33-0c5c-7fd0a6a3a450,DEMO-SRV01
\\DEMO-SRV01\FileServer\02_RH_Collaborateurs\01_Dossiers_Individuels\SIMON_Thomas\Bulletins_de_paie\2026\Bulletin_2026-08.pdf,https://m365x71797824.sharepoint.com/sites/MigrationFileServer/RH/01_Dossiers_Individuels/SIMON_Thomas/Bulletins_de_paie/2026/Bulletin_2026-08.pdf,Bulletin_2026-08.pdf,pdf,1697,Document,Migrated,MIGRATED,,,SRC-98678453,495125cc-86ce-625e-f192-ccb5d50dfdea,7,0dd09e51-fa55-6835-c021-fa1bc31e4b97,1,d23f0824-128b-2f33-0c5c-7fd0a6a3a450,DEMO-SRV01
\\DEMO-SRV01\FileServer\02_RH_Collaborateurs\01_Dossiers_Individuels\SIMON_Thomas\Contrat_de_travail_SIMON.pdf,https://m365x71797824.sharepoint.com/sites/MigrationFileServer/RH/01_Dossiers_Individuels/SIMON_Thomas/Contrat_de_travail_SIMON.pdf,Contrat_de_travail_SIMON.pdf,pdf,1735,Document,Migrated,MIGRATED,,,SRC-90761657,0a6158eb-6f6c-80fa-5c2f-76262f91f0c5,7,0dd09e51-fa55-6835-c021-fa1bc31e4b97,1,d23f0824-128b-2f33-0c5c-7fd0a6a3a450,DEMO-SRV01
\\DEMO-SRV01\FileServer\02_RH_Collaborateurs\01_Dossiers_Individuels\SIMON_Thomas\Entretiens_annuels\Entretien_annuel_2024.docx,https://m365x71797824.sharepoint.com/sites/MigrationFileServer/RH/01_Dossiers_Individuels/SIMON_Thomas/Entretiens_annuels/Entretien_annuel_2024.docx,Entretien_annuel_2024.docx,docx,36753,Document,Migrated,MIGRATED,,,SRC-57040959,46df761b-37e0-35bc-68b0-53ede9779c99,7,0dd09e51-fa55-6835-c021-fa1bc31e4b97,1,d23f0824-128b-2f33-0c5c-7fd0a6a3a450,DEMO-SRV01
\\DEMO-SRV01\FileServer\02_RH_Collaborateurs\01_Dossiers_Individuels\SIMON_Thomas\Entretiens_annuels\Entretien_annuel_2025.docx,https://m365x71797824.sharepoint.com/sites/MigrationFileServer/RH/01_Dossiers_Individuels/SIMON_Thomas/Entretiens_annuels/Entretien_annuel_2025.docx,Entretien_annuel_2025.docx,docx,36753,Document,Migrated,MIGRATED,,,SRC-75618277,d7e730ed-2358-d99f-2e41-77ed92435409,7,0dd09e51-fa55-6835-c021-fa1bc31e4b97,1,d23f0824-128b-2f33-0c5c-7fd0a6a3a450,DEMO-SRV01
\\DEMO-SRV01\FileServer\02_RH_Collaborateurs\01_Dossiers_Individuels\VINCENT_Florian\Bulletins_de_paie\2026\Bulletin_2026-01.pdf,https://m365x71797824.sharepoint.com/sites/MigrationFileServer/RH/01_Dossiers_Individuels/VINCENT_Florian/Bulletins_de_paie/2026/Bulletin_2026-01.pdf,Bulletin_2026-01.pdf,pdf,1698,Document,Migrated,MIGRATED,,,SRC-15400074,3afcd2ae-c53b-eebd-858b-089a2e1cfdd8,7,0dd09e51-fa55-6835-c021-fa1bc31e4b97,1,d23f0824-128b-2f33-0c5c-7fd0a6a3a450,DEMO-SRV01
\\DEMO-SRV01\FileServer\02_RH_Collaborateurs\01_Dossiers_Individuels\VINCENT_Florian\Bulletins_de_paie\2026\Bulletin_2026-02.pdf,https://m365x71797824.sharepoint.com/sites/MigrationFileServer/RH/01_Dossiers_Individuels/VINCENT_Florian/Bulletins_de_paie/2026/Bulletin_2026-02.pdf,Bulletin_2026-02.pdf,pdf,1697,Document,Migrated,MIGRATED,,,SRC-94685355,99c453ef-325b-af8e-2cf5-ec78b62c9dcb,7,0dd09e51-fa55-6835-c021-fa1bc31e4b97,1,d23f0824-128b-2f33-0c5c-7fd0a6a3a450,DEMO-SRV01
\\DEMO-SRV01\FileServer\02_RH_Collaborateurs\01_Dossiers_Individuels\VINCENT_Florian\Bulletins_de_paie\2026\Bulletin_2026-03.pdf,https://m365x71797824.sharepoint.com/sites/MigrationFileServer/RH/01_Dossiers_Individuels/VINCENT_Florian/Bulletins_de_paie/2026/Bulletin_2026-03.pdf,Bulletin_2026-03.pdf,pdf,1698,Document,Migrated,MIGRATED,,,SRC-1224135,e3aad2d2-1661-392b-d437-6fb5144ad2a4,7,0dd09e51-fa55-6835-c021-fa1bc31e4b97,1,d23f0824-128b-2f33-0c5c-7fd0a6a3a450,DEMO-SRV01
\\DEMO-SRV01\FileServer\02_RH_Collaborateurs\01_Dossiers_Individuels\VINCENT_Florian\Bulletins_de_paie\2026\Bulletin_2026-04.pdf,https://m365x71797824.sharepoint.com/sites/MigrationFileServer/RH/01_Dossiers_Individuels/VINCENT_Florian/Bulletins_de_paie/2026/Bulletin_2026-04.pdf,Bulletin_2026-04.pdf,pdf,1699,Document,Migrated,MIGRATED,,,SRC-64398253,c2e33943-7ed7-cc99-bb18-f1be9bca4f90,7,0dd09e51-fa55-6835-c021-fa1bc31e4b97,1,d23f0824-128b-2f33-0c5c-7fd0a6a3a450,DEMO-SRV01
\\DEMO-SRV01\FileServer\02_RH_Collaborateurs\01_Dossiers_Individuels\VINCENT_Florian\Bulletins_de_paie\2026\Bulletin_2026-05.pdf,https://m365x71797824.sharepoint.com/sites/MigrationFileServer/RH/01_Dossiers_Individuels/VINCENT_Florian/Bulletins_de_paie/2026/Bulletin_2026-05.pdf,Bulletin_2026-05.pdf,pdf,1698,Document,Migrated,MIGRATED,,,SRC-50599255,23151b8d-34be-81ec-2ce1-a325461d8db6,7,0dd09e51-fa55-6835-c021-fa1bc31e4b97,1,d23f0824-128b-2f33-0c5c-7fd0a6a3a450,DEMO-SRV01
\\DEMO-SRV01\FileServer\02_RH_Collaborateurs\01_Dossiers_Individuels\VINCENT_Florian\Bulletins_de_paie\2026\Bulletin_2026-06.pdf,https://m365x71797824.sharepoint.com/sites/MigrationFileServer/RH/01_Dossiers_Individuels/VINCENT_Florian/Bulletins_de_paie/2026/Bulletin_2026-06.pdf,Bulletin_2026-06.pdf,pdf,1699,Document,Migrated,MIGRATED,,,SRC-81534188,a0e1bfbd-b52f-9a2a-ab7e-892d9cc86e0c,7,0dd09e51-fa55-6835-c021-fa1bc31e4b97,1,d23f0824-128b-2f33-0c5c-7fd0a6a3a450,DEMO-SRV01
\\DEMO-SRV01\FileServer\02_RH_Collaborateurs\01_Dossiers_Individuels\VINCENT_Florian\Bulletins_de_paie\2026\Bulletin_2026-07.pdf,https://m365x71797824.sharepoint.com/sites/MigrationFileServer/RH/01_Dossiers_Individuels/VINCENT_Florian/Bulletins_de_paie/2026/Bulletin_2026-07.pdf,Bulletin_2026-07.pdf,pdf,1697,Document,Migrated,MIGRATED,,,SRC-42038271,4edbfef8-953b-1a8b-3132-b388cfc3f35a,7,0dd09e51-fa55-6835-c021-fa1bc31e4b97,1,d23f0824-128b-2f33-0c5c-7fd0a6a3a450,DEMO-SRV01
\\DEMO-SRV01\FileServer\02_RH_Collaborateurs\01_Dossiers_Individuels\VINCENT_Florian\Bulletins_de_paie\2026\Bulletin_2026-08.pdf,https://m365x71797824.sharepoint.com/sites/MigrationFileServer/RH/01_Dossiers_Individuels/VINCENT_Florian/Bulletins_de_paie/2026/Bulletin_2026-08.pdf,Bulletin_2026-08.pdf,pdf,1698,Document,Migrated,MIGRATED,,,SRC-54507776,b136d5fb-10d1-6824-0291-be0233c95532,7,0dd09e51-fa55-6835-c021-fa1bc31e4b97,1,d23f0824-128b-2f33-0c5c-7fd0a6a3a450,DEMO-SRV01
\\DEMO-SRV01\FileServer\02_RH_Collaborateurs\01_Dossiers_Individuels\VINCENT_Florian\Contrat_de_travail_VINCENT.pdf,https://m365x71797824.sharepoint.com/sites/MigrationFileServer/RH/01_Dossiers_Individuels/VINCENT_Florian/Contrat_de_travail_VINCENT.pdf,Contrat_de_travail_VINCENT.pdf,pdf,1722,Document,Migrated,MIGRATED,,,SRC-48647395,d75037b1-687a-bf5b-8502-03abbb933a15,7,0dd09e51-fa55-6835-c021-fa1bc31e4b97,1,d23f0824-128b-2f33-0c5c-7fd0a6a3a450,DEMO-SRV01
\\DEMO-SRV01\FileServer\02_RH_Collaborateurs\01_Dossiers_Individuels\VINCENT_Florian\Entretiens_annuels\Entretien_annuel_2024.docx,https://m365x71797824.sharepoint.com/sites/MigrationFileServer/RH/01_Dossiers_Individuels/VINCENT_Florian/Entretiens_annuels/Entretien_annuel_2024.docx,Entretien_annuel_2024.docx,docx,36756,Document,Migrated,MIGRATED,,,SRC-5758813,84b9bda5-0e2c-d8ad-ea8f-3be0b8be7212,7,0dd09e51-fa55-6835-c021-fa1bc31e4b97,1,d23f0824-128b-2f33-0c5c-7fd0a6a3a450,DEMO-SRV01
\\DEMO-SRV01\FileServer\02_RH_Collaborateurs\01_Dossiers_Individuels\VINCENT_Florian\Entretiens_annuels\Entretien_annuel_2025.docx,https://m365x71797824.sharepoint.com/sites/MigrationFileServer/RH/01_Dossiers_Individuels/VINCENT_Florian/Entretiens_annuels/Entretien_annuel_2025.docx,Entretien_annuel_2025.docx,docx,36756,Document,Migrated,MIGRATED,,,SRC-16125559,482146d2-55d0-f051-58ff-0624cf869269,7,0dd09e51-fa55-6835-c021-fa1bc31e4b97,1,d23f0824-128b-2f33-0c5c-7fd0a6a3a450,DEMO-SRV01
\\DEMO-SRV01\FileServer\02_RH_Collaborateurs\02_Recrutement\Assistante_de_direction\CV_Blanc_Hugo.pdf,https://m365x71797824.sharepoint.com/sites/MigrationFileServer/RH/02_Recrutement/Assistante_de_direction/CV_Blanc_Hugo.pdf,CV_Blanc_Hugo.pdf,pdf,1664,Document,Migrated,MIGRATED,,,SRC-7768301,f2159ff5-dd50-38a4-a3a1-5d24d7874650,7,0dd09e51-fa55-6835-c021-fa1bc31e4b97,1,d23f0824-128b-2f33-0c5c-7fd0a6a3a450,DEMO-SRV01
\\DEMO-SRV01\FileServer\02_RH_Collaborateurs\02_Recrutement\Assistante_de_direction\CV_Guérin_Thomas.pdf,https://m365x71797824.sharepoint.com/sites/MigrationFileServer/RH/02_Recrutement/Assistante_de_direction/CV_Guérin_Thomas.pdf,CV_Guérin_Thomas.pdf,pdf,1673,Document,Migrated,MIGRATED,,,SRC-23401157,68d61743-03f4-3676-171f-ddd27e365e8a,7,0dd09e51-fa55-6835-c021-fa1bc31e4b97,1,d23f0824-128b-2f33-0c5c-7fd0a6a3a450,DEMO-SRV01
\\DEMO-SRV01\FileServer\02_RH_Collaborateurs\02_Recrutement\Assistante_de_direction\CV_Laurent_Quentin.pdf,https://m365x71797824.sharepoint.com/sites/MigrationFileServer/RH/02_Recrutement/Assistante_de_direction/CV_Laurent_Quentin.pdf,CV_Laurent_Quentin.pdf,pdf,1669,Document,Migrated,MIGRATED,,,SRC-99908689,221ec3e3-7a03-65db-c352-b37ee903e9cd,7,0dd09e51-fa55-6835-c021-fa1bc31e4b97,1,d23f0824-128b-2f33-0c5c-7fd0a6a3a450,DEMO-SRV01
\\DEMO-SRV01\FileServer\02_RH_Collaborateurs\02_Recrutement\Assistante_de_direction\CV_Moreau_Thomas.pdf,https://m365x71797824.sharepoint.com/sites/MigrationFileServer/RH/02_Recrutement/Assistante_de_direction/CV_Moreau_Thomas.pdf,CV_Moreau_Thomas.pdf,pdf,1668,Document,Migrated,MIGRATED,,,SRC-87512752,3f933587-4429-95fa-aa5d-0b4bdf3c49ba,7,0dd09e51-fa55-6835-c021-fa1bc31e4b97,1,d23f0824-128b-2f33-0c5c-7fd0a6a3a450,DEMO-SRV01
\\DEMO-SRV01\FileServer\02_RH_Collaborateurs\02_Recrutement\Chargé_de_communication\CV_Girard_Kevin.pdf,https://m365x71797824.sharepoint.com/sites/MigrationFileServer/RH/02_Recrutement/Chargé_de_communication/CV_Girard_Kevin.pdf,CV_Girard_Kevin.pdf,pdf,1667,Document,Migrated,MIGRATED,,,SRC-34855229,fc57b67c-d4e5-3bb1-9029-21652fa11d65,7,0dd09e51-fa55-6835-c021-fa1bc31e4b97,1,d23f0824-128b-2f33-0c5c-7fd0a6a3a450,DEMO-SRV01
\\DEMO-SRV01\FileServer\02_RH_Collaborateurs\02_Recrutement\Chargé_de_communication\CV_Guérin_Camille.pdf,https://m365x71797824.sharepoint.com/sites/MigrationFileServer/RH/02_Recrutement/Chargé_de_communication/CV_Guérin_Camille.pdf,CV_Guérin_Camille.pdf,pdf,1673,Document,Migrated,MIGRATED,,,SRC-85000672,b3c721a8-29da-5ad2-0963-423a5dfa535e,7,0dd09e51-fa55-6835-c021-fa1bc31e4b97,1,d23f0824-128b-2f33-0c5c-7fd0a6a3a450,DEMO-SRV01
\\DEMO-SRV01\FileServer\02_RH_Collaborateurs\02_Recrutement\Chargé_de_communication\CV_Lefèvre_Elodie.pdf,https://m365x71797824.sharepoint.com/sites/MigrationFileServer/RH/02_Recrutement/Chargé_de_communication/CV_Lefèvre_Elodie.pdf,CV_Lefèvre_Elodie.pdf,pdf,1670,Document,Migrated,MIGRATED,,,SRC-20685797,dbaaae92-984b-0aa9-932d-f0745f04b0c2,7,0dd09e51-fa55-6835-c021-fa1bc31e4b97,1,d23f0824-128b-2f33-0c5c-7fd0a6a3a450,DEMO-SRV01
\\DEMO-SRV01\FileServer\02_RH_Collaborateurs\02_Recrutement\Chargé_de_communication\CV_Moreau_Inès.pdf,https://m365x71797824.sharepoint.com/sites/MigrationFileServer/RH/02_Recrutement/Chargé_de_communication/CV_Moreau_Inès.pdf,CV_Moreau_Inès.pdf,pdf,1672,Document,Migrated,MIGRATED,,,SRC-87029768,ee9f585d-8513-1e93-5b2d-18e201300da2,7,0dd09e51-fa55-6835-c021-fa1bc31e4b97,1,d23f0824-128b-2f33-0c5c-7fd0a6a3a450,DEMO-SRV01
\\DEMO-SRV01\FileServer\02_RH_Collaborateurs\02_Recrutement\Chargé_de_communication\CV_Morel_Thomas.pdf,https://m365x71797824.sharepoint.com/sites/MigrationFileServer/RH/02_Recrutement/Chargé_de_communication/CV_Morel_Thomas.pdf,CV_Morel_Thomas.pdf,pdf,1664,Document,Migrated,MIGRATED,,,SRC-72426799,1243749c-8400-0732-f7ff-0426721dcfa1,7,0dd09e51-fa55-6835-c021-fa1bc31e4b97,1,d23f0824-128b-2f33-0c5c-7fd0a6a3a450,DEMO-SRV01
\\DEMO-SRV01\FileServer\02_RH_Collaborateurs\02_Recrutement\Chargé_de_communication\CV_Rousseau_Pierre.pdf,https://m365x71797824.sharepoint.com/sites/MigrationFileServer/RH/02_Recrutement/Chargé_de_communication/CV_Rousseau_Pierre.pdf,CV_Rousseau_Pierre.pdf,pdf,1668,Document,Migrated,MIGRATED,,,SRC-54400535,3ea65dd8-b6ef-5dfc-5b51-e2c01eeae938,7,0dd09e51-fa55-6835-c021-fa1bc31e4b97,1,d23f0824-128b-2f33-0c5c-7fd0a6a3a450,DEMO-SRV01
\\DEMO-SRV01\FileServer\02_RH_Collaborateurs\02_Recrutement\Chargé_de_communication\CV_Roux_Anaïs.pdf,https://m365x71797824.sharepoint.com/sites/MigrationFileServer/RH/02_Recrutement/Chargé_de_communication/CV_Roux_Anaïs.pdf,CV_Roux_Anaïs.pdf,pdf,1669,Document,Migrated,MIGRATED,,,SRC-53773260,e99c7e50-dd8f-90d5-d47d-d7c2d10878d0,7,0dd09e51-fa55-6835-c021-fa1bc31e4b97,1,d23f0824-128b-2f33-0c5c-7fd0a6a3a450,DEMO-SRV01
\\DEMO-SRV01\FileServer\02_RH_Collaborateurs\02_Recrutement\Commercial\CV_Bonnet_Maxime.pdf,https://m365x71797824.sharepoint.com/sites/MigrationFileServer/RH/02_Recrutement/Commercial/CV_Bonnet_Maxime.pdf,CV_Bonnet_Maxime.pdf,pdf,1667,Document,Migrated,MIGRATED,,,SRC-3348916,de3b3ddd-b610-5065-c774-b19e522baa45,7,0dd09e51-fa55-6835-c021-fa1bc31e4b97,1,d23f0824-128b-2f33-0c5c-7fd0a6a3a450,DEMO-SRV01
\\DEMO-SRV01\FileServer\02_RH_Collaborateurs\02_Recrutement\Commercial\CV_David_Anaïs.pdf,https://m365x71797824.sharepoint.com/sites/MigrationFileServer/RH/02_Recrutement/Commercial/CV_David_Anaïs.pdf,CV_David_Anaïs.pdf,pdf,1672,Document,Migrated,MIGRATED,,,SRC-86919023,e5e61cd7-c056-3eed-9389-2b3961a2b7ab,7,0dd09e51-fa55-6835-c021-fa1bc31e4b97,1,d23f0824-128b-2f33-0c5c-7fd0a6a3a450,DEMO-SRV01
\\DEMO-SRV01\FileServer\02_RH_Collaborateurs\02_Recrutement\Commercial\CV_Fournier_Pauline.pdf,https://m365x71797824.sharepoint.com/sites/MigrationFileServer/RH/02_Recrutement/Commercial/CV_Fournier_Pauline.pdf,CV_Fournier_Pauline.pdf,pdf,1672,Document,Migrated,MIGRATED,,,SRC-81443920,1b917a1d-df70-0a5f-4aa2-79760fab53e5,7,0dd09e51-fa55-6835-c021-fa1bc31e4b97,1,d23f0824-128b-2f33-0c5c-7fd0a6a3a450,DEMO-SRV01
\\DEMO-SRV01\FileServer\02_RH_Collaborateurs\02_Recrutement\Commercial\CV_Laurent_Pauline.pdf,https://m365x71797824.sharepoint.com/sites/MigrationFileServer/RH/02_Recrutement/Commercial/CV_Laurent_Pauline.pdf,CV_Laurent_Pauline.pdf,pdf,1669,Document,Migrated,MIGRATED,,,SRC-61491006,7249d149-7eab-71d1-bb1f-453df43cc03a,7,0dd09e51-fa55-6835-c021-fa1bc31e4b97,1,d23f0824-128b-2f33-0c5c-7fd0a6a3a450,DEMO-SRV01
\\DEMO-SRV01\FileServer\02_RH_Collaborateurs\02_Recrutement\Commercial\CV_Martin_Pierre.pdf,https://m365x71797824.sharepoint.com/sites/MigrationFileServer/RH/02_Recrutement/Commercial/CV_Martin_Pierre.pdf,CV_Martin_Pierre.pdf,pdf,1665,Document,Migrated,MIGRATED,,,SRC-39621826,cdf3da53-87cf-894b-0690-76ac83688d07,7,0dd09e51-fa55-6835-c021-fa1bc31e4b97,1,d23f0824-128b-2f33-0c5c-7fd0a6a3a450,DEMO-SRV01
\\DEMO-SRV01\FileServer\02_RH_Collaborateurs\02_Recrutement\Commercial\CV_Mercier_Clara.pdf,https://m365x71797824.sharepoint.com/sites/MigrationFileServer/RH/02_Recrutement/Commercial/CV_Mercier_Clara.pdf,CV_Mercier_Clara.pdf,pdf,1665,Document,Migrated,MIGRATED,,,SRC-68015001,3e587e62-054b-cbcb-2266-2de7898e8dda,7,0dd09e51-fa55-6835-c021-fa1bc31e4b97,1,d23f0824-128b-2f33-0c5c-7fd0a6a3a450,DEMO-SRV01
\\DEMO-SRV01\FileServer\02_RH_Collaborateurs\02_Recrutement\Commercial\CV_Muller_Maxime.pdf,https://m365x71797824.sharepoint.com/sites/MigrationFileServer/RH/02_Recrutement/Commercial/CV_Muller_Maxime.pdf,CV_Muller_Maxime.pdf,pdf,1667,Document,Migrated,MIGRATED,,,SRC-79670046,9e7bf788-3944-5629-16ad-95c8f7a93fdb,7,0dd09e51-fa55-6835-c021-fa1bc31e4b97,1,d23f0824-128b-2f33-0c5c-7fd0a6a3a450,DEMO-SRV01
\\DEMO-SRV01\FileServer\02_RH_Collaborateurs\02_Recrutement\Commercial\CV_Rousseau_Laura.pdf,https://m365x71797824.sharepoint.com/sites/MigrationFileServer/RH/02_Recrutement/Commercial/CV_Rousseau_Laura.pdf,CV_Rousseau_Laura.pdf,pdf,1667,Document,Migrated,MIGRATED,,,SRC-91285260,4fd98632-1a48-ef9f-2afa-36452eb15ca2,7,0dd09e51-fa55-6835-c021-fa1bc31e4b97,1,d23f0824-128b-2f33-0c5c-7fd0a6a3a450,DEMO-SRV01
\\DEMO-SRV01\FileServer\02_RH_Collaborateurs\02_Recrutement\Commercial\CV_Simon_Emma.pdf,https://m365x71797824.sharepoint.com/sites/MigrationFileServer/RH/02_Recrutement/Commercial/CV_Simon_Emma.pdf,CV_Simon_Emma.pdf,pdf,1663,Document,Migrated,MIGRATED,,,SRC-36154689,f4921539-d130-fbbe-8e2c-1685401e0548,7,0dd09e51-fa55-6835-c021-fa1bc31e4b97,1,d23f0824-128b-2f33-0c5c-7fd0a6a3a450,DEMO-SRV01
\\DEMO-SRV01\FileServer\02_RH_Collaborateurs\02_Recrutement\Comptable\CV_Bonnet_Marion.pdf,https://m365x71797824.sharepoint.com/sites/MigrationFileServer/RH/02_Recrutement/Comptable/CV_Bonnet_Marion.pdf,CV_Bonnet_Marion.pdf,pdf,1667,Document,Migrated,MIGRATED,,,SRC-82851142,ed22c330-18b2-594d-04fa-c06e07b2e68a,7,0dd09e51-fa55-6835-c021-fa1bc31e4b97,1,d23f0824-128b-2f33-0c5c-7fd0a6a3a450,DEMO-SRV01
\\DEMO-SRV01\FileServer\02_RH_Collaborateurs\02_Recrutement\Comptable\CV_Bonnet_Quentin.pdf,https://m365x71797824.sharepoint.com/sites/MigrationFileServer/RH/02_Recrutement/Comptable/CV_Bonnet_Quentin.pdf,CV_Bonnet_Quentin.pdf,pdf,1667,Document,Migrated,MIGRATED,,,SRC-4811023,42ec600e-31f1-160f-bd1e-a0e8b2ef84f4,7,0dd09e51-fa55-6835-c021-fa1bc31e4b97,1,d23f0824-128b-2f33-0c5c-7fd0a6a3a450,DEMO-SRV01
\\DEMO-SRV01\FileServer\02_RH_Collaborateurs\02_Recrutement\Comptable\CV_Dupont_Julien.pdf,https://m365x71797824.sharepoint.com/sites/MigrationFileServer/RH/02_Recrutement/Comptable/CV_Dupont_Julien.pdf,CV_Dupont_Julien.pdf,pdf,1668,Document,Migrated,MIGRATED,,,SRC-56015663,a307c31e-9972-2a0e-d65b-617104872863,7,0dd09e51-fa55-6835-c021-fa1bc31e4b97,1,d23f0824-128b-2f33-0c5c-7fd0a6a3a450,DEMO-SRV01
\\DEMO-SRV01\FileServer\02_RH_Collaborateurs\02_Recrutement\Comptable\CV_Fontaine_Bastien.pdf,https://m365x71797824.sharepoint.com/sites/MigrationFileServer/RH/02_Recrutement/Comptable/CV_Fontaine_Bastien.pdf,CV_Fontaine_Bastien.pdf,pdf,1667,Document,Migrated,MIGRATED,,,SRC-86329547,3d05a4cb-85dd-8358-76c4-c74f93945bed,7,0dd09e51-fa55-6835-c021-fa1bc31e4b97,1,d23f0824-128b-2f33-0c5c-7fd0a6a3a450,DEMO-SRV01
\\DEMO-SRV01\FileServer\02_RH_Collaborateurs\02_Recrutement\Comptable\CV_Guérin_Léa.pdf,https://m365x71797824.sharepoint.com/sites/MigrationFileServer/RH/02_Recrutement/Comptable/CV_Guérin_Léa.pdf,CV_Guérin_Léa.pdf,pdf,1670,Document,Migrated,MIGRATED,,,SRC-47279803,59c775be-1a55-5522-71b7-e67cb3e090aa,8,0dd09e51-fa55-6835-c021-fa1bc31e4b97,1,d23f0824-128b-2f33-0c5c-7fd0a6a3a450,DEMO-SRV01
\\DEMO-SRV01\FileServer\02_RH_Collaborateurs\02_Recrutement\Comptable\CV_Guérin_Sarah.pdf,https://m365x71797824.sharepoint.com/sites/MigrationFileServer/RH/02_Recrutement/Comptable/CV_Guérin_Sarah.pdf,CV_Guérin_Sarah.pdf,pdf,1670,Document,Migrated,MIGRATED,,,SRC-14126484,2dd11155-b793-be67-180a-3de7de9943a6,8,0dd09e51-fa55-6835-c021-fa1bc31e4b97,1,d23f0824-128b-2f33-0c5c-7fd0a6a3a450,DEMO-SRV01
\\DEMO-SRV01\FileServer\02_RH_Collaborateurs\02_Recrutement\Comptable\CV_Martin_Julien.pdf,https://m365x71797824.sharepoint.com/sites/MigrationFileServer/RH/02_Recrutement/Comptable/CV_Martin_Julien.pdf,CV_Martin_Julien.pdf,pdf,1669,Document,Migrated,MIGRATED,,,SRC-12190288,77001ae3-1f80-2666-45e4-2f4d0b904d54,8,0dd09e51-fa55-6835-c021-fa1bc31e4b97,1,d23f0824-128b-2f33-0c5c-7fd0a6a3a450,DEMO-SRV01
\\DEMO-SRV01\FileServer\02_RH_Collaborateurs\02_Recrutement\Responsable_RH\CV_Bertrand_Sophie.pdf,https://m365x71797824.sharepoint.com/sites/MigrationFileServer/RH/02_Recrutement/Responsable_RH/CV_Bertrand_Sophie.pdf,CV_Bertrand_Sophie.pdf,pdf,1665,Document,Migrated,MIGRATED,,,SRC-97330057,c2f268b9-8031-83c3-95fd-adc97e5c0a1d,8,0dd09e51-fa55-6835-c021-fa1bc31e4b97,1,d23f0824-128b-2f33-0c5c-7fd0a6a3a450,DEMO-SRV01
\\DEMO-SRV01\FileServer\02_RH_Collaborateurs\02_Recrutement\Responsable_RH\CV_Bonnet_Quentin.pdf,https://m365x71797824.sharepoint.com/sites/MigrationFileServer/RH/02_Recrutement/Responsable_RH/CV_Bonnet_Quentin.pdf,CV_Bonnet_Quentin.pdf,pdf,1667,Document,Migrated,MIGRATED,,,SRC-73607006,1f1d7202-1f3d-d788-1c2b-94eb47955cd6,8,0dd09e51-fa55-6835-c021-fa1bc31e4b97,1,d23f0824-128b-2f33-0c5c-7fd0a6a3a450,DEMO-SRV01
\\DEMO-SRV01\FileServer\02_RH_Collaborateurs\02_Recrutement\Responsable_RH\CV_Fournier_Thomas.pdf,https://m365x71797824.sharepoint.com/sites/MigrationFileServer/RH/02_Recrutement/Responsable_RH/CV_Fournier_Thomas.pdf,CV_Fournier_Thomas.pdf,pdf,1667,Document,Migrated,MIGRATED,,,SRC-62075349,8aa62560-230f-757d-e26a-86b867d8b64c,8,0dd09e51-fa55-6835-c021-fa1bc31e4b97,1,d23f0824-128b-2f33-0c5c-7fd0a6a3a450,DEMO-SRV01
\\DEMO-SRV01\FileServer\02_RH_Collaborateurs\02_Recrutement\Responsable_RH\CV_Girard_Pauline.pdf,https://m365x71797824.sharepoint.com/sites/MigrationFileServer/RH/02_Recrutement/Responsable_RH/CV_Girard_Pauline.pdf,CV_Girard_Pauline.pdf,pdf,1669,Document,Migrated,MIGRATED,,,SRC-51219188,3a1ed8f1-dc70-6911-3a39-0eea9780ff20,8,0dd09e51-fa55-6835-c021-fa1bc31e4b97,1,d23f0824-128b-2f33-0c5c-7fd0a6a3a450,DEMO-SRV01
\\DEMO-SRV01\FileServer\02_RH_Collaborateurs\02_Recrutement\Responsable_RH\CV_Girard_Sarah.pdf,https://m365x71797824.sharepoint.com/sites/MigrationFileServer/RH/02_Recrutement/Responsable_RH/CV_Girard_Sarah.pdf,CV_Girard_Sarah.pdf,pdf,1667,Document,Migrated,MIGRATED,,,SRC-41569902,764937d8-92a5-bc52-ab34-e0fd25b03ea7,8,0dd09e51-fa55-6835-c021-fa1bc31e4b97,1,d23f0824-128b-2f33-0c5c-7fd0a6a3a450,DEMO-SRV01
\\DEMO-SRV01\FileServer\02_RH_Collaborateurs\02_Recrutement\Responsable_RH\CV_Laurent_Thomas.pdf,https://m365x71797824.sharepoint.com/sites/MigrationFileServer/RH/02_Recrutement/Responsable_RH/CV_Laurent_Thomas.pdf,CV_Laurent_Thomas.pdf,pdf,1665,Document,Migrated,MIGRATED,,,SRC-49284596,f2bcde3d-2a11-131c-6588-6209bf1fc521,8,0dd09e51-fa55-6835-c021-fa1bc31e4b97,1,d23f0824-128b-2f33-0c5c-7fd0a6a3a450,DEMO-SRV01
\\DEMO-SRV01\FileServer\02_RH_Collaborateurs\03_Formation\Plan_de_formation_2025.xlsx,https://m365x71797824.sharepoint.com/sites/MigrationFileServer/RH/03_Formation/Plan_de_formation_2025.xlsx,Plan_de_formation_2025.xlsx,xlsx,5538,Document,Migrated,MIGRATED,,,SRC-55271681,a28ecd3f-f005-4e42-04bc-fe34d375a49f,8,0dd09e51-fa55-6835-c021-fa1bc31e4b97,1,d23f0824-128b-2f33-0c5c-7fd0a6a3a450,DEMO-SRV01
\\DEMO-SRV01\FileServer\02_RH_Collaborateurs\03_Formation\Plan_de_formation_2026.xlsx,https://m365x71797824.sharepoint.com/sites/MigrationFileServer/RH/03_Formation/Plan_de_formation_2026.xlsx,Plan_de_formation_2026.xlsx,xlsx,5544,Document,Migrated,MIGRATED,,,SRC-13871132,98d7a0c1-6ba4-d827-b1a1-6a1b6384c698,8,0dd09e51-fa55-6835-c021-fa1bc31e4b97,1,d23f0824-128b-2f33-0c5c-7fd0a6a3a450,DEMO-SRV01
\\DEMO-SRV01\FileServer\02_RH_Collaborateurs\04_Politiques_RH\Charte_informatique.docx,https://m365x71797824.sharepoint.com/sites/MigrationFileServer/RH/04_Politiques_RH/Charte_informatique.docx,Charte_informatique.docx,docx,36722,Document,Migrated,MIGRATED,,,SRC-59743417,0944e14c-868e-bb8e-9a50-75c3d6f81129,8,0dd09e51-fa55-6835-c021-fa1bc31e4b97,1,d23f0824-128b-2f33-0c5c-7fd0a6a3a450,DEMO-SRV01
\\DEMO-SRV01\FileServer\02_RH_Collaborateurs\04_Politiques_RH\Charte_teletravail.docx,https://m365x71797824.sharepoint.com/sites/MigrationFileServer/RH/04_Politiques_RH/Charte_teletravail.docx,Charte_teletravail.docx,docx,36724,Document,Migrated,MIGRATED,,,SRC-70218672,0d4da084-f0f8-8227-f872-266665483c3c,8,0dd09e51-fa55-6835-c021-fa1bc31e4b97,1,d23f0824-128b-2f33-0c5c-7fd0a6a3a450,DEMO-SRV01
\\DEMO-SRV01\FileServer\02_RH_Collaborateurs\04_Politiques_RH\Politique_conges.docx,https://m365x71797824.sharepoint.com/sites/MigrationFileServer/RH/04_Politiques_RH/Politique_conges.docx,Politique_conges.docx,docx,36723,Document,Migrated,MIGRATED,,,SRC-58761921,6694b89e-56ab-1e51-5cfe-42a6c6e362db,8,0dd09e51-fa55-6835-c021-fa1bc31e4b97,1,d23f0824-128b-2f33-0c5c-7fd0a6a3a450,DEMO-SRV01
\\DEMO-SRV01\FileServer\02_RH_Collaborateurs\04_Politiques_RH\Reglement_interieur.docx,https://m365x71797824.sharepoint.com/sites/MigrationFileServer/RH/04_Politiques_RH/Reglement_interieur.docx,Reglement_interieur.docx,docx,36722,Document,Migrated,MIGRATED,,,SRC-18373408,b72ce129-55c7-f81d-d6ac-6c773d895a43,8,0dd09e51-fa55-6835-c021-fa1bc31e4b97,1,d23f0824-128b-2f33-0c5c-7fd0a6a3a450,DEMO-SRV01
\\DEMO-SRV01\FileServer\02_RH_Collaborateurs\05_Registre_du_personnel.xlsx,https://m365x71797824.sharepoint.com/sites/MigrationFileServer/RH/05_Registre_du_personnel.xlsx,05_Registre_du_personnel.xlsx,xlsx,6370,Document,Migrated,MIGRATED,,,SRC-78374405,907e2098-fb31-4b37-d7d0-912a6f824b44,8,0dd09e51-fa55-6835-c021-fa1bc31e4b97,1,d23f0824-128b-2f33-0c5c-7fd0a6a3a450,DEMO-SRV01
